objid,specObjID,distance_arcmin,IAUName,ra,dec,band,fuv_mag,nuv_mag,fuv_flux,nuv_flux,e_bv,isThereSpectrum,fuv_fwhm_world,nuv_fwhm_world
6379395279355908549,0,0.288109666961444,GALEX J195734.3-004147,299.393247408179,-0.696465777031327,1,-999,23.08949,-999,2.109617,0.2380981,False,-99,0.002577333
6379395273987195373,0,0.32059579379176,GALEX J195734.9-004150,299.395570692152,-0.697351532312982,1,-999,22.30172,-999,4.358233,0.2380981,False,-99,0.003017005
6379395279355908551,0,0.624522933775416,GALEX J195731.5-004209,299.381393414798,-0.702678538330726,1,-999,23.10967,-999,2.070771,0.2380981,False,-99,0.001511537
6379395273987195400,0,0.64921257901091,GALEX J195732.5-004131,299.385729930295,-0.691953602603568,1,-999,21.86043,-999,6.543759,0.2380981,False,-99,0.003639945
6379395279355908623,0,0.660964921564159,GALEX J195733.6-004124,299.390373688456,-0.690060049501758,1,-999,22.02007,-999,5.649016,0.2380981,False,-99,0.003076285
6379395273987195409,0,0.678916866721334,GALEX J195733.6-004123,299.390143636626,-0.689787671614766,1,-999,22.43742,-999,3.846207,0.2380981,False,-99,0.001725594
6379395279355908515,0,0.749542445256266,GALEX J195736.8-004215,299.403710080436,-0.704322259562263,1,-999,21.61155,-999,8.229613,0.2380981,False,-99,0.004406503
6379395273987195347,0,0.760718774652686,GALEX J195736.9-004212,299.404090412223,-0.7035341278316,1,-999,22.0689,-999,5.400589,0.2380981,False,-99,0.002010012
6379395273987195413,0,0.813505579403216,GALEX J195730.8-004152,299.378444732765,-0.697993765892155,1,-999,20.7086,-999,18.90428,0.2380981,False,-99,0.006050937
6379395279356958542,0,0.822547656350439,GALEX J195734.2-004114,299.392588080209,-0.687321867765829,2,21.32447,-999,10.72051,-999,0.2380981,False,0.003208671,-99
6379395279355908466,0,0.842020706569859,GALEX J195736.6-004234,299.402866767547,-0.709457001523758,1,-999,19.05778,-999,86.47448,0.2380981,False,-99,0.001807704
6379395273987195339,0,0.8661633067979,GALEX J195736.7-004234,299.403182682883,-0.709706385926587,1,-999,19.14931,-999,79.48312,0.2380981,False,-99,0.001588582
6379395273987195372,0,0.885688868426536,GALEX J195737.5-004155,299.406238828564,-0.698636718234305,1,-999,22.31931,-999,4.288226,0.2380981,False,-99,0.003056558
6379395273987195316,0,0.905029005878665,GALEX J195731.6-004244,299.381812746703,-0.712420882700772,1,-999,21.57061,-999,8.545892,0.2361347,False,-99,0.00228993
6379395279355908487,0,0.912209603438144,GALEX J195731.5-004244,299.38155372475,-0.712352980864848,1,-999,21.69581,-999,7.615128,0.2361347,False,-99,0.003317778
6379395279355908559,0,0.946016630880309,GALEX J195736.0-004116,299.400337105289,-0.687830677507877,1,-999,20.43006,-999,24.43297,0.2380981,False,-99,0.008446799
6379395279355908542,0,0.957159948635328,GALEX J195737.3-004135,299.405653687247,-0.693326684832454,1,-999,21.2104,-999,11.90806,0.2380981,False,-99,0.005145504
6379395273987195385,0,1.07211444890533,GALEX J195738.1-004145,299.408782275148,-0.695863326336755,1,-999,22.42065,-999,3.906059,0.2380981,False,-99,0.002612843
6379395273987195275,0,1.1606384488906,GALEX J195734.8-004311,299.395314342541,-0.719996995620887,1,-999,22.77273,-999,2.82427,0.2305965,False,-99,0.002324244
6379395273987195455,0,1.17535135544519,GALEX J195731.9-004100,299.382915613162,-0.683473831653787,1,-999,21.93269,-999,6.122435,0.2380981,False,-99,0.003148112
6379395273988249261,0,1.23739806833278,GALEX J195732.3-004053,299.384738405829,-0.681575100019976,2,21.68587,-999,7.685148,-999,0.2380981,False,0.002341169,-99
6379395273987195440,0,1.26532685589448,GALEX J195730.1-004115,299.375399090667,-0.687578319417698,1,-999,22.08776,-999,5.307562,0.2380981,False,-99,0.003560871
6379395279355908503,0,1.37272749489223,GALEX J195739.4-004218,299.414183579125,-0.705062522443397,1,-999,20.29111,-999,27.7686,0.2380981,False,-99,0.002247692
6379395273988249264,0,1.37272928401842,GALEX J195734.1-004041,299.392151436737,-0.678126314230385,2,21.7566,-999,7.200484,-999,0.2380981,False,0.002517195,-99
6379395273987195349,0,1.37841582108491,GALEX J195739.4-004219,299.414229478445,-0.705333861644437,1,-999,20.22561,-999,29.49545,0.2380981,False,-99,0.00299529
6379395279355908588,0,1.42002138154291,GALEX J195739.5-004145,299.41477030652,-0.695859074318224,1,-999,22.55431,-999,3.45363,0.2380981,False,-99,0.00165543
6379395273987195565,0,1.48178415612374,GALEX J195733.1-004035,299.38794538381,-0.676585529765828,1,-999,19.71092,-999,47.38411,0.2476979,False,-99,0.003633474
6379395273988249240,0,1.57686924542927,GALEX J195739.1-004258,299.412980094389,-0.716378763161803,2,21.7629,-999,7.158864,-999,0.2305965,False,0.001275614,-99
6379395279355908780,0,1.65469131165936,GALEX J195738.4-004050,299.410235695308,-0.680608879807078,1,-999,22.01399,-999,5.680733,0.2380981,False,-99,0.003103202
6379395273987195487,0,1.7159483048851,GALEX J195730.4-004035,299.376903102489,-0.676505523291128,1,-999,22.33153,-999,4.240197,0.2476979,False,-99,0.003412282
6379395279355908422,0,1.72113940922832,GALEX J195737.5-004331,299.406616883737,-0.725482494848003,1,-999,22.63057,-999,3.21939,0.2305965,False,-99,0.002425774
6379395273987195255,0,1.72190523373218,GALEX J195737.6-004331,299.406963283769,-0.725282691339349,1,-999,22.76245,-999,2.851147,0.2305965,False,-99,0.002542885
6379395273987195499,0,1.72999847370911,GALEX J195733.4-004020,299.389177236746,-0.672274344690273,1,-999,20.31939,-999,27.05479,0.2476979,False,-99,0.00195711
6379395273987195297,0,1.73189141032588,GALEX J195728.2-004301,299.367646792729,-0.71700980834278,1,-999,22.13905,-999,5.062675,0.2268672,False,-99,0.003296908
6379395273987195245,0,1.80730332869918,GALEX J195730.6-004339,299.377791735493,-0.727736386417527,1,-999,22.69292,-999,3.039711,0.2268672,False,-99,0.00232564
6379395279355908436,0,2.01177825645234,GALEX J195727.8-004321,299.36600154647,-0.722578690056652,1,-999,22.52269,-999,3.555703,0.2268672,False,-99,0.003178266
6379395279355908518,0,2.03915342932012,GALEX J195742.1-004216,299.425472418811,-0.704519061687809,1,-999,21.81768,-999,6.806534,0.2363771,False,-99,0.00415572
6379395279355908729,0,2.05224772075652,GALEX J195737.6-004013,299.406866516346,-0.67035819716934,1,-999,21.55544,-999,8.666135,0.2440206,False,-99,0.002854584
6379395279355908283,0,2.06178187158866,GALEX J195734.3-004407,299.39294782667,-0.735339143841131,1,-999,19.02434,-999,89.17947,0.2268672,False,-99,0.002670198
6379395273987195257,0,2.07325489137893,GALEX J195734.2-004407,299.392887940064,-0.735532662707519,1,-999,18.99274,-999,91.81287,0.2268672,False,-99,0.001702458
6379395279355908413,0,2.12025130329427,GALEX J195739.6-004337,299.415359785874,-0.72721952996341,1,-999,22.59541,-999,3.325344,0.2305965,False,-99,0.002632797
6379395273987195569,0,2.23391147720943,GALEX J195737.7-004001,299.4071961192,-0.667160943657728,1,-999,21.12231,-999,12.91448,0.2440206,False,-99,0.002156472
6379395279355908373,0,2.23800316971885,GALEX J195738.1-004402,299.408869404926,-0.734096920665925,1,-999,22.32438,-999,4.26822,0.2305965,False,-99,0.00280276
6379395279355908328,0,2.27766629683477,GALEX J195735.9-004417,299.399796024729,-0.738080580506561,1,-999,21.11155,-999,13.04307,0.2305965,False,-99,0.004093611
6379395279355908411,0,2.29532182949751,GALEX J195727.3-004338,299.364047460077,-0.727472076514945,1,-999,22.31491,-999,4.305613,0.2268672,False,-99,0.001061601
6379395279355908738,0,2.29773011465547,GALEX J195738.4-004003,299.410364664303,-0.667578745881275,1,-999,22.2874,-999,4.416093,0.2440206,False,-99,0.004905324
6379395273987195416,0,2.29853680138093,GALEX J195742.6-004118,299.427876539472,-0.688485477180195,1,-999,22.77787,-999,2.810935,0.2363771,False,-99,0.002127145
6379395273987195215,0,2.30925873646575,GALEX J195736.1-004418,299.400412312921,-0.738480989950294,1,-999,22.35116,-999,4.16423,0.2305965,False,-99,0.002945445
6379395273987195452,0,2.34176359344806,GALEX J195725.3-004108,299.355735866353,-0.685753354647376,1,-999,21.82835,-999,6.739999,0.2361347,False,-99,0.002955387
6379395279355908355,0,2.36833080574871,GALEX J195737.4-004416,299.405965558893,-0.737791669173271,1,-999,22.26998,-999,4.487544,0.2305965,False,-99,0.002875176
6379395273987195214,0,2.40229645409472,GALEX J195737.5-004417,299.406371348173,-0.738240701666717,1,-999,22.25489,-999,4.550326,0.2305965,False,-99,0.002581135
6379395273987195234,0,2.50830814316877,GALEX J195726.8-004348,299.361782391075,-0.730235915815151,1,-999,22.51701,-999,3.574341,0.2268672,False,-99,0.001069748
6379395273987195369,0,2.5378267625034,GALEX J195723.8-004206,299.349376054872,-0.701904404942877,1,-999,20.56098,-999,21.65739,0.2361347,False,-99,0.001890962
6379395279355908338,0,2.56165543743652,GALEX J195737.5-004427,299.406382561558,-0.741078377541663,1,-999,22.47037,-999,3.73123,0.2305965,False,-99,0.002618627
6379395273987195402,0,2.66640020427379,GALEX J195723.6-004127,299.348397130925,-0.690854193713429,1,-999,22.88488,-999,2.547114,0.2361347,False,-99,0.002056831
6379395273987195548,0,2.70011642140157,GALEX J195741.6-004009,299.42350191142,-0.669190618552114,1,-999,21.38791,-999,10.11192,0.2440206,False,-99,0.00432275
6379395279355908716,0,2.71385655890311,GALEX J195741.6-004008,299.423610993359,-0.668975883537585,1,-999,21.19451,-999,12.08355,0.2440206,False,-99,0.004807236
6379395273987195537,0,2.78997250287994,GALEX J195727.6-003945,299.365340083076,-0.662669639318393,1,-999,22.27675,-999,4.459653,0.2476979,False,-99,0.003565896
6379395279356958615,0,2.80975508099884,GALEX J195739.5-003937,299.41494265951,-0.660364013205408,2,21.77463,-999,7.081907,-999,0.2440206,False,0.0021629,-99
6379395273987195192,0,2.81826833433514,GALEX J195731.9-004449,299.382925760414,-0.747150803390182,1,-999,22.2143,-999,4.723658,0.2268672,False,-99,0.002799199
6379395273987195473,0,2.81875348644839,GALEX J195743.5-004033,299.431423890475,-0.67596724225491,1,-999,22.72745,-999,2.944556,0.2440206,False,-99,0.001217963
6379395273987195253,0,2.82190955997401,GALEX J195724.6-004338,299.352695532568,-0.727333995889952,1,-999,22.31305,-999,4.313012,0.2268672,False,-99,0.003070729
6379395273987195522,0,2.83112591494819,GALEX J195741.1-003951,299.421333553681,-0.664305780246232,1,-999,22.33545,-999,4.224948,0.2440206,False,-99,0.002086604
6379395279356958515,0,2.84079100915372,GALEX J195726.3-004409,299.359615154166,-0.7358504625549,2,21.63264,-999,8.071323,-999,0.2268672,False,0.001167638,-99
6379395273987195288,0,2.84359418319854,GALEX J195723.5-004312,299.348282349652,-0.720084270029388,1,-999,21.30049,-999,10.95978,0.2268672,False,-99,0.001946916
6379395279355908683,0,2.84467394608287,GALEX J195741.2-003952,299.42198162639,-0.664545114100729,1,-999,22.22764,-999,4.665977,0.2440206,False,-99,0.003429691
6379395279355908364,0,2.85865045425839,GALEX J195726.4-004412,299.360156510059,-0.736738406401987,1,-999,22.31004,-999,4.324982,0.2268672,False,-99,0.002078702
6379395279356958632,0,2.87052257566189,GALEX J195740.4-003940,299.418403917102,-0.661325303105387,2,21.85549,-999,6.573646,-999,0.2440206,False,0.00208844,-99
6379395279355908300,0,2.87496921540333,GALEX J195737.7-004446,299.407129966976,-0.746352864019689,1,-999,21.93129,-999,6.130324,0.2305965,False,-99,0.003350738
6379395273987195269,0,2.92094356337035,GALEX J195744.5-004320,299.435473038637,-0.722243191080209,1,-999,21.64859,-999,7.953592,0.2293398,False,-99,0.002406022
6379395273987195490,0,2.94899139519136,GALEX J195743.5-004018,299.431232364373,-0.671836861047318,1,-999,22.53772,-999,3.506802,0.2440206,False,-99,0.002239931
6379395279355908304,0,2.9526186617328,GALEX J195744.6-004320,299.435972474939,-0.722423187476166,1,-999,20.98251,-999,14.68912,0.2293398,False,-99,0.003792591
6379395279355908478,0,2.96883845584934,GALEX J195745.3-004253,299.439139428116,-0.714964771539466,1,-999,22.38177,-999,4.048491,0.2293398,False,-99,0.001321628
6379395273987195364,0,2.96963120614921,GALEX J195722.1-004200,299.342174494553,-0.700270145365796,1,-999,22.59923,-999,3.313649,0.2361347,False,-99,0.002840674
6379395273987195299,0,3.01656290306936,GALEX J195723.1-004321,299.346237370583,-0.722544804620796,1,-999,20.57089,-999,21.46077,0.2268672,False,-99,0.003938929
6379395273987195602,0,3.02557140842861,GALEX J195730.7-003908,299.378112062822,-0.652429443013639,1,-999,20.76736,-999,17.90831,0.2476979,False,-99,0.001900679
6379395273987195414,0,3.03327033229148,GALEX J195722.2-004119,299.342619186455,-0.688733927509333,1,-999,22.35949,-999,4.132427,0.2361347,False,-99,0.002469084
6379395279355908476,0,3.0504666987355,GALEX J195745.9-004240,299.441492138669,-0.71113005258662,1,-999,20.65136,-999,19.92769,0.2363771,False,-99,0.003578833
6379395279355908536,0,3.05474681136124,GALEX J195746.1-004217,299.442444343225,-0.704754039718192,1,-999,22.25916,-999,4.532494,0.2363771,False,-99,0.002112054
6379395273987195329,0,3.05898323949577,GALEX J195745.9-004241,299.441555481119,-0.711524074767933,1,-999,20.55724,-999,21.73217,0.2363771,False,-99,0.002533164
6379395279355908633,0,3.10567611892994,GALEX J195746.0-004120,299.44199819508,-0.688902940123102,1,-999,22.8341,-999,2.669075,0.2363771,False,-99,0.002392536
6379395273987195560,0,3.10777341161322,GALEX J195741.0-003929,299.420889790514,-0.658233447745501,1,-999,22.35629,-999,4.144604,0.2440206,False,-99,0.003135804
6379395273987195225,0,3.13514602098922,GALEX J195724.5-004406,299.352181451828,-0.735226883883771,1,-999,21.58963,-999,8.397451,0.2268672,False,-99,0.003960119
6379395279355908347,0,3.14999953420071,GALEX J195725.4-004422,299.356106017061,-0.739624982672752,1,-999,22.368,-999,4.100134,0.2268672,False,-99,0.00192895
6379395273989292765,0,3.19608187529041,GALEX J195726.9-003923,299.36239304327,-0.656495411187609,3,17.88264,17.34437,255.2395,419.0349,0.2476979,False,0.001342375,0.001381115
6379395273988249282,0,3.23637431714661,GALEX J195731.8-003852,299.382585947687,-0.647830183417309,2,21.57466,-999,8.514112,-999,0.2476979,False,0.001774768,-99
6379395273987195199,0,3.24820801788233,GALEX J195742.2-004433,299.426145242565,-0.742739785491224,1,-999,22.68619,-999,3.058604,0.2305965,False,-99,0.001662541
6379395273987195376,0,3.25620115023278,GALEX J195746.9-004149,299.445802566216,-0.697130165944011,1,-999,22.60146,-999,3.306847,0.2363771,False,-99,0.00215717
6379395279356958576,0,3.25851460516116,GALEX J195745.8-004042,299.441111137454,-0.678527346667119,2,21.48347,-999,9.260036,-999,0.2363771,False,0.00322294,-99
6379395273987195243,0,3.26106273744743,GALEX J195745.3-004341,299.438730700832,-0.728191127659205,1,-999,22.5908,-999,3.339479,0.2293398,False,-99,0.002461892
6379395273987195604,0,3.26490303230874,GALEX J195740.5-003913,299.4187332209,-0.653792989871413,1,-999,20.69284,-999,19.18061,0.2440206,False,-99,0.003164617
6379395273987195170,0,3.29024419759308,GALEX J195738.3-004509,299.409785128348,-0.752758236066934,1,-999,22.40497,-999,3.96288,0.2230067,False,-99,0.002672118
6379395279355908212,0,3.29574374432946,GALEX J195737.7-004513,299.407416463213,-0.753623053805817,1,-999,20.84406,-999,16.68698,0.2230067,False,-99,0.005822985
6379395279355908325,0,3.30271210842588,GALEX J195725.3-004433,299.355676128948,-0.742651663474073,1,-999,22.72528,-999,2.950451,0.2268672,False,-99,0.0030292
6379395273987195599,0,3.31900637696261,GALEX J195729.1-003858,299.371357383705,-0.649545790130286,1,-999,22.2922,-999,4.396635,0.2476979,False,-99,0.003389302
6379395279355908268,0,3.33306407548025,GALEX J195726.2-004446,299.359435461786,-0.746246395752797,1,-999,19.55836,-999,54.53253,0.2268672,False,-99,0.002875081
6379395273987195600,0,3.34264775098532,GALEX J195737.9-003851,299.407898877738,-0.647706054615922,1,-999,22.89361,-999,2.52672,0.2440206,False,-99,0.002063872
6379395279356958503,0,3.35235165402781,GALEX J195735.8-004522,299.399516914929,-0.756318377690913,2,21.99872,-999,5.761234,-999,0.2203297,False,0.001673343,-99
6379395273987195202,0,3.35787798448502,GALEX J195726.2-004448,299.359435738231,-0.746753396277325,1,-999,19.72756,-999,46.66343,0.2268672,False,-99,0.001718848
6379395273987195568,0,3.41141075388217,GALEX J195722.6-004009,299.344467942256,-0.669293534812634,1,-999,19.1927,-999,76.36917,0.2473378,False,-99,0.001386147
6379395273987195584,0,3.43772408283659,GALEX J195742.1-003917,299.425532964515,-0.65478314707523,1,-999,19.78253,-999,44.35964,0.2440206,False,-99,0.001865777
6379395279355909335,0,3.44522903277318,GALEX J195742.1-003916,299.425613967152,-0.654687430321229,1,-999,19.59467,-999,52.73885,0.2440206,False,-99,0.006411041
6379395273987195614,0,3.47034081933473,GALEX J195739.7-003853,299.415440943995,-0.648272268804463,1,-999,20.88638,-999,16.04893,0.2440206,False,-99,0.00266497
6379395279356958559,0,3.48166241644889,GALEX J195742.3-003916,299.426554467617,-0.654629464968933,2,21.79982,-999,6.919501,-999,0.2440206,False,0.00163727,-99
6379395273987195391,0,3.49099089050917,GALEX J195747.8-004137,299.449407742574,-0.693806620796975,1,-999,21.86349,-999,6.525362,0.2363771,False,-99,0.001380107
6379395279355908565,0,3.50671766761236,GALEX J195747.9-004137,299.449656879483,-0.693686602094714,1,-999,21.38603,-999,10.12953,0.2363771,False,-99,0.002624333
6379395273987195581,0,3.52730384288063,GALEX J195726.5-003903,299.360638550442,-0.651065385206202,1,-999,22.4062,-999,3.95839,0.2476979,False,-99,0.002992711
6379395279355908353,0,3.53306505490405,GALEX J195744.9-004417,299.43729906967,-0.73822078661855,1,-999,21.96555,-999,5.939895,0.2305965,False,-99,0.002867698
6379395279355908655,0,3.58539524519766,GALEX J195745.9-004005,299.441549264324,-0.668092076477479,1,-999,17.23857,-999,461.9272,0.2440206,False,-99,0.001723006
6379395273987195579,0,3.59377453862268,GALEX J195746.0-004005,299.441813264509,-0.66823969392481,1,-999,17.28062,-999,444.3761,0.2440206,False,-99,0.001491359
6379395273987195212,0,3.63256562528797,GALEX J195723.1-004428,299.346522426317,-0.741345338609614,1,-999,22.36197,-999,4.122985,0.2268153,False,-99,0.00295507
6379395279355908221,0,3.63390712682315,GALEX J195734.9-004541,299.395777269905,-0.761425485578099,1,-999,22.81388,-999,2.71924,0.2203297,False,-99,0.001454749
6379395273987195621,0,3.6380536559658,GALEX J195740.9-003852,299.420781034838,-0.64781183762345,1,-999,20.41247,-999,24.83194,0.2440206,False,-99,0.003089856
6379395279355908219,0,3.64639599348781,GALEX J195734.0-004542,299.391938374055,-0.761772659274355,1,-999,22.52778,-999,3.539057,0.2203297,False,-99,0.002380013
6379395279355908742,0,3.69195371093961,GALEX J195747.4-004030,299.447515704643,-0.675162217515092,1,-999,22.38947,-999,4.019848,0.2440206,False,-99,0.002783258
6379395279355908480,0,3.69791594627348,GALEX J195748.4-004251,299.451859869884,-0.714259941016512,1,-999,22.41732,-999,3.91806,0.2293398,False,-99,0.002116921
6379395273987195355,0,3.70992391793319,GALEX J195748.8-004204,299.453503152467,-0.701160624710054,1,-999,22.65699,-999,3.141976,0.2363771,False,-99,0.002141446
6379395273987195550,0,3.74035816580282,GALEX J195723.0-003930,299.346176410992,-0.658372349339417,1,-999,22.80368,-999,2.74491,0.2473378,False,-99,0.002316512
6379395273987195331,0,3.74832087432853,GALEX J195748.9-004225,299.453846671325,-0.707081396483889,1,-999,22.8731,-999,2.574897,0.2363771,False,-99,0.002043017
6379395279355908345,0,3.79688237302719,GALEX J195746.0-004423,299.441678195901,-0.73977853228137,1,-999,22.4921,-999,3.657282,0.2293398,False,-99,0.002856103
6379395279355908280,0,3.81977581568522,GALEX J195743.8-004458,299.43284096832,-0.749558390777277,1,-999,22.92382,-999,2.457367,0.2305965,False,-99,0.001415468
6379395279355908186,0,3.82429656334343,GALEX J195732.0-004551,299.383671027195,-0.764234864136006,1,-999,21.63269,-999,8.070924,0.2203297,False,-99,0.002894848
6379395279355908241,0,3.82943271515789,GALEX J195741.0-004527,299.421155604563,-0.757604160405085,1,-999,22.52829,-999,3.537398,0.2230067,False,-99,0.003120447
6379395273987195129,0,3.84501017607266,GALEX J195732.1-004552,299.383837214968,-0.764603498863309,1,-999,22.58199,-999,3.366699,0.2203297,False,-99,0.00138252
6379395273987195644,0,3.84614021085939,GALEX J195733.0-003813,299.387623092631,-0.637025307119354,1,-999,22.16176,-999,4.957886,0.257357,False,-99,0.002305606
6379395273987195150,0,3.89062543783898,GALEX J195741.2-004530,299.421760605937,-0.758438790451676,1,-999,22.44105,-999,3.833375,0.2230067,False,-99,0.002920092
6379395279355908667,0,3.90532608918203,GALEX J195742.9-003851,299.428815649801,-0.647551969064064,1,-999,22.18191,-999,4.866706,0.2440206,False,-99,0.00124645
6379395273987195640,0,3.92916202230584,GALEX J195740.5-003829,299.418886123816,-0.641438069989595,1,-999,21.58006,-999,8.471774,0.2440206,False,-99,0.002008334
6379395273987195278,0,3.96490269931173,GALEX J195718.7-004311,299.328291579189,-0.719735215360976,1,-999,21.98166,-999,5.852432,0.2268153,False,-99,0.003493783
6379395273987195145,0,3.99559815584146,GALEX J195741.2-004537,299.421746226966,-0.760414099625346,1,-999,22.64128,-999,3.187772,0.2230067,False,-99,0.002589725
6379395279355908204,0,4.00364341156764,GALEX J195739.6-004548,299.415058584744,-0.763493617210091,1,-999,22.59605,-999,3.323383,0.2230067,False,-99,0.002686746
6379395273987195252,0,4.00390797806159,GALEX J195719.1-004334,299.329850828126,-0.726150107690591,1,-999,22.90146,-999,2.508512,0.2268153,False,-99,0.001969324
6379395273987195430,0,4.02855365359642,GALEX J195749.7-004108,299.457072324021,-0.685806250768824,1,-999,22.85781,-999,2.61142,0.2312676,False,-99,0.001047529
6379395273987195632,0,4.05561064217186,GALEX J195726.5-003827,299.360759642911,-0.640885362482082,1,-999,21.94424,-999,6.057657,0.2476979,False,-99,0.002845176
6379395273987195664,0,4.06262302188563,GALEX J195732.9-003800,299.387285251101,-0.633431502432413,1,-999,21.47007,-999,9.374982,0.257357,False,-99,0.001848443
6379395279355908646,0,4.06807424550362,GALEX J195749.8-004109,299.457806295245,-0.686060179085533,1,-999,22.23835,-999,4.620189,0.2312676,False,-99,0.001986227
6379395279355908576,0,4.07646042167971,GALEX J195750.2-004151,299.459535969259,-0.697771300275136,1,-999,22.66685,-999,3.113586,0.2363771,False,-99,0.00252751
6379395273987195116,0,4.09493173987602,GALEX J195732.3-004608,299.384811550471,-0.768903772566129,1,-999,22.53211,-999,3.524974,0.2203297,False,-99,0.001727873
6379395273987195575,0,4.10049101829276,GALEX J195746.0-003916,299.441913297913,-0.654672983341337,1,-999,20.23139,-999,29.33894,0.238029,False,-99,0.004666371
6379395273987195318,0,4.101356414364,GALEX J195717.7-004237,299.323949195123,-0.71035810913446,1,-999,22.17093,-999,4.916165,0.2311347,False,-99,0.003262289
6379395279355908650,0,4.10659752870817,GALEX J195748.3-004003,299.451480674927,-0.667724195615012,1,-999,22.29719,-999,4.376462,0.238029,False,-99,0.004151478
6379395279355908774,0,4.11219336561095,GALEX J195746.0-003915,299.441814033459,-0.654278987494458,1,-999,20.48174,-999,23.2973,0.238029,False,-99,0.001748596
6379395273988249289,0,4.16558577013156,GALEX J195727.9-003810,299.366304084625,-0.636371397769083,2,22.1106,-999,5.197097,-999,0.257357,False,0.002066331,-99
6379395273987195566,0,4.17262586836972,GALEX J195721.2-003921,299.338686121907,-0.655946800573223,1,-999,21.66479,-999,7.835774,0.2473378,False,-99,0.002564599
6379395273987195136,0,4.23597893512892,GALEX J195725.7-004545,299.357386444362,-0.762720082816974,1,-999,22.402,-999,3.973732,0.2199262,False,-99,0.002601967
6379395273988249241,0,4.2728093148753,GALEX J195750.6-004258,299.461206557503,-0.716372194294364,2,21.84604,-999,6.631132,-999,0.2293398,False,0.002093162,-99
6379395273987195189,0,4.29518610983845,GALEX J195747.3-004446,299.447114013541,-0.746284654947508,1,-999,22.92558,-999,2.453387,0.2293398,False,-99,0.002302961
6379395273987195582,0,4.29691069237267,GALEX J195721.7-003902,299.340734808498,-0.650650812951439,1,-999,22.54211,-999,3.492659,0.2473378,False,-99,0.002274452
6379395273987195638,0,4.29795703288147,GALEX J195724.4-003829,299.35186996478,-0.641437664086513,1,-999,21.97208,-999,5.904279,0.2476979,False,-99,0.003830726
6379395279355908701,0,4.30561298202641,GALEX J195749.6-004015,299.45681695235,-0.670907187240466,1,-999,21.82447,-999,6.764139,0.238029,False,-99,0.002283663
6379395279355908482,0,4.31675592505362,GALEX J195750.9-004249,299.462472817275,-0.713785553597072,1,-999,22.89351,-999,2.526948,0.2293398,False,-99,0.002063061
6379395273987195649,0,4.33505885294258,GALEX J195726.5-003808,299.360736817533,-0.635703147537729,1,-999,22.49932,-999,3.633062,0.257357,False,-99,0.002516374
6379395273987195301,0,4.34916527407893,GALEX J195716.9-004252,299.320442516329,-0.714495457648852,1,-999,22.07911,-999,5.350002,0.2268153,False,-99,0.003236653
6379395273987195678,0,4.37162129038698,GALEX J195737.2-003745,299.405003688532,-0.629370542706254,1,-999,22.56926,-999,3.406399,0.2542833,False,-99,0.002426899
6379395279355908107,0,4.37237437391544,GALEX J195733.7-004625,299.390693568549,-0.77386640995492,1,-999,19.33687,-999,66.87285,0.2203297,False,-99,0.00182484
6379395273987195118,0,4.3847625553152,GALEX J195733.8-004626,299.39084134091,-0.774074716116362,1,-999,19.3067,-999,68.75733,0.2203297,False,-99,0.001555708
6379395279355908149,0,4.39531312902094,GALEX J195730.6-004622,299.377814006623,-0.772933738017386,1,-999,22.78365,-999,2.796007,0.2203297,False,-99,0.001428655
6379395279355908169,0,4.40267136261858,GALEX J195741.4-004602,299.42277568473,-0.767458240850682,1,-999,21.7416,-999,7.300632,0.2230067,False,-99,0.004542455
6379395279355908876,0,4.4356465219962,GALEX J195745.3-003839,299.439117790494,-0.644308130759018,1,-999,22.43617,-999,3.850643,0.238029,False,-99,0.003017327
6379395273987195328,0,4.44641958155319,GALEX J195751.6-004241,299.465018807876,-0.711589022160591,1,-999,22.68133,-999,3.072319,0.2363771,False,-99,0.001344472
6379395273987195682,0,4.45868655675074,GALEX J195736.4-003738,299.401695969342,-0.627368368746684,1,-999,22.77402,-999,2.820919,0.2542833,False,-99,0.002620619
6379395273987195194,0,4.49799773324032,GALEX J195748.5-004441,299.452450489322,-0.744885199302749,1,-999,22.17011,-999,4.919907,0.2293398,False,-99,0.002787235
6379395273987195235,0,4.51999659697116,GALEX J195717.3-004350,299.322372854552,-0.730567205222177,1,-999,22.56739,-999,3.412256,0.2268153,False,-99,0.002241176
6379395279355908168,0,4.54390739735439,GALEX J195742.7-004602,299.428128509819,-0.767378132225135,1,-999,21.27001,-999,11.27182,0.2230067,False,-99,0.005251966
6379395273987195193,0,4.57194907636066,GALEX J195719.5-004451,299.331365331137,-0.747590136750659,1,-999,21.42146,-999,9.804282,0.2268153,False,-99,0.002367666
6379395273987195386,0,4.58599940319148,GALEX J195752.2-004143,299.467895292059,-0.695333223603805,1,-999,22.90217,-999,2.506868,0.2312676,False,-99,0.001169454
6379395273987195486,0,4.59611073555639,GALEX J195716.2-004053,299.31754120517,-0.681659403726793,1,-999,19.0083,-999,90.50614,0.2311347,False,-99,0.001442131
6379395273987195103,0,4.60680157034787,GALEX J195739.1-004629,299.413044831164,-0.774744303906829,1,-999,22.44949,-999,3.803673,0.2230067,False,-99,0.002549343
6379395273987195404,0,4.63043173548666,GALEX J195752.3-004125,299.468101137359,-0.690302434620155,1,-999,22.35068,-999,4.166099,0.2312676,False,-99,0.002365588
6379395273987195332,0,4.63196392171447,GALEX J195715.5-004222,299.314631088796,-0.706114849151492,1,-999,22.79856,-999,2.757879,0.2311347,False,-99,0.00168567
6379395279355908860,0,4.6547995993763,GALEX J195745.7-003827,299.440727165244,-0.64089964131967,1,-999,21.66828,-999,7.810656,0.2456757,False,-99,0.003422535
6379395273987195631,0,4.67575972502806,GALEX J195746.0-003828,299.441806373351,-0.641339835097974,1,-999,21.76052,-999,7.174519,0.238029,False,-99,0.002061436
6379395273987195658,0,4.69399985624019,GALEX J195743.8-003804,299.4327885275,-0.634444185270141,1,-999,22.37201,-999,4.08503,0.2456757,False,-99,0.002933013
6379395273987195104,0,4.70374312848434,GALEX J195731.8-004644,299.382787001597,-0.778891292438566,1,-999,20.83671,-999,16.80026,0.2203297,False,-99,0.004918576
6379395273987195628,0,4.70693165862124,GALEX J195721.9-003827,299.341299771864,-0.640852283786906,1,-999,22.65105,-999,3.159205,0.2473378,False,-99,0.002593827
6379395273987195467,0,4.71840000042087,GALEX J195715.4-004108,299.314513868605,-0.685749849183574,1,-999,20.26157,-999,28.53468,0.2311347,False,-99,0.002815368
6379395273987195593,0,4.72827451887718,GALEX J195719.4-003903,299.330848991421,-0.650881276234043,1,-999,21.40118,-999,9.989084,0.2473378,False,-99,0.004574114
6379395279358005252,0,4.73670472789494,GALEX J195733.4-004647,299.389425922507,-0.779913277535442,3,21.94892,21.57138,6.031616,8.539805,0.2203297,False,0.001205049,0.00351677
6379395273987195095,0,4.73722969787051,GALEX J195733.5-004647,299.389804000554,-0.779931857052953,1,-999,21.73586,-999,7.339281,0.2203297,False,-99,0.003573073
6379395279355908076,0,4.73725964058801,GALEX J195731.7-004645,299.382255517329,-0.77939152294317,1,-999,20.78582,-999,17.60652,0.2203297,False,-99,0.003982325
6379395273987195175,0,4.75020911990558,GALEX J195748.8-004501,299.453535669992,-0.750403984344836,1,-999,22.90548,-999,2.499241,0.2234817,False,-99,0.002557381
6379395279355908145,0,4.79305984019697,GALEX J195724.7-004615,299.353006084203,-0.770907885262603,1,-999,21.39196,-999,10.07434,0.2199262,False,-99,0.003711733
6379395279355908707,0,4.793209535797,GALEX J195751.3-004001,299.463962090305,-0.666999681965115,1,-999,21.54363,-999,8.760887,0.238029,False,-99,0.003291806
6379395273987195511,0,4.80254621142684,GALEX J195751.4-004001,299.464209567086,-0.667161123197587,1,-999,22.34191,-999,4.199883,0.238029,False,-99,0.001722547
6379395273987195475,0,4.82866221390135,GALEX J195714.8-004129,299.311758693032,-0.691391709714273,1,-999,21.33359,-999,10.63072,0.2311347,False,-99,0.003292528
6379395273987195123,0,4.82970354194707,GALEX J195724.6-004617,299.352692157809,-0.771432188415513,1,-999,21.08444,-999,13.37284,0.2199262,False,-99,0.002412329
6379395273987195089,0,4.83046240404644,GALEX J195730.3-004648,299.376541937983,-0.780074469167459,1,-999,22.31322,-999,4.312335,0.2203297,False,-99,0.002552256
6379395279355908641,0,4.83670733656126,GALEX J195753.0-004112,299.471040921722,-0.686896371302968,1,-999,22.7167,-999,2.973853,0.2312676,False,-99,0.001649984
6379395279355908112,0,4.83927469295297,GALEX J195730.1-004648,299.375731388663,-0.780064975553305,1,-999,22.56513,-999,3.419392,0.2203297,False,-99,0.002743407
6379395279355908197,0,4.89275300607196,GALEX J195748.2-004524,299.451137990146,-0.756798435860677,1,-999,18.62258,-999,129.1121,0.2234817,False,-99,0.001738962
6379395279355908131,0,4.89811152185239,GALEX J195743.8-004617,299.432579526128,-0.771645022129744,1,-999,19.4527,-999,60.10624,0.2230067,False,-99,0.001969547
6379395273987195431,0,4.90310075234617,GALEX J195753.3-004115,299.472271961305,-0.687523039393057,1,-999,21.68196,-999,7.712861,0.2312676,False,-99,0.004265995
6379395273987195171,0,4.91382341932142,GALEX J195748.3-004525,299.451289993116,-0.757149467976521,1,-999,18.60374,-999,131.3717,0.2234817,False,-99,0.001465495
6379395279355908085,0,4.91485339099362,GALEX J195732.6-004657,299.386054870209,-0.782721802384078,1,-999,22.45462,-999,3.785731,0.2203297,False,-99,0.00290823
6379395273987195081,0,4.91790703451066,GALEX J195732.7-004658,299.386553211498,-0.782805485201004,1,-999,21.98276,-999,5.846488,0.2203297,False,-99,0.003106085
6379395279355908751,0,4.92153474564639,GALEX J195746.2-003812,299.442751764022,-0.636821620406714,1,-999,22.39109,-999,4.013879,0.2456757,False,-99,0.002624469
6379395273987195125,0,4.93619304374958,GALEX J195743.8-004619,299.432876457447,-0.772206515559322,1,-999,19.48157,-999,58.52921,0.2230067,False,-99,0.002381856
6379395279355908558,0,4.94278612255709,GALEX J195753.7-004152,299.473999448032,-0.698041997873244,1,-999,21.63551,-999,8.050009,0.2312676,False,-99,0.003352548
6379395273987195377,0,4.94435564093556,GALEX J195753.7-004155,299.474050436872,-0.698840359704665,1,-999,22.00797,-999,5.712333,0.2312676,False,-99,0.003299247
6379395273987195224,0,4.95952569551553,GALEX J195715.9-004407,299.316508412493,-0.735417951791775,1,-999,22.83067,-999,2.677512,0.2268153,False,-99,0.001820224
6379395273987195741,0,4.96235808628109,GALEX J195738.9-003715,299.412456678177,-0.620949327477538,1,-999,19.51938,-999,56.52613,0.2542833,False,-99,0.001766495
6379395273987195578,0,4.97932126337711,GALEX J195749.9-003905,299.458267214959,-0.651481241966689,1,-999,22.40619,-999,3.958443,0.238029,False,-99,0.002900687
6379395273987195716,0,4.98188923874917,GALEX J195729.1-003713,299.371423510585,-0.620473624950033,1,-999,22.49783,-999,3.638035,0.257357,False,-99,0.001720694
6379395273987195665,0,5.02780732016932,GALEX J195745.6-003757,299.440112050625,-0.632624092612314,1,-999,22.71238,-999,2.98572,0.2456757,False,-99,0.0008029605
6379395279355908800,0,5.03160870167917,GALEX J195745.7-003758,299.44077306452,-0.633019026985736,1,-999,23.00167,-999,2.287335,0.2456757,False,-99,0.002598509
6379395279355908130,0,5.03782948658466,GALEX J195742.5-004637,299.427341190609,-0.777009631688341,1,-999,22.73144,-999,2.933766,0.2230067,False,-99,0.002956298
6379395273987195279,0,5.07940492404929,GALEX J195753.6-004319,299.473645656916,-0.722148211764648,1,-999,22.19493,-999,4.808722,0.225061,False,-99,0.005012186
6379395273987195259,0,5.10982441190632,GALEX J195753.4-004337,299.472730125178,-0.727126596674251,1,-999,22.16761,-999,4.931251,0.2293398,False,-99,0.003546326
6379395279355908419,0,5.11360700103266,GALEX J195753.5-004335,299.473027885161,-0.726396533139024,1,-999,22.53177,-999,3.526088,0.2293398,False,-99,0.00182245
6379395273987195068,0,5.15097174454985,GALEX J195732.3-004711,299.384812991768,-0.786575561389342,1,-999,22.3187,-999,4.290638,0.2196031,False,-99,0.003160499
6379395279355908150,0,5.16324918499757,GALEX J195746.1-004613,299.442405102309,-0.770507936381493,1,-999,20.83894,-999,16.76571,0.2230067,False,-99,0.003969472
6379395273987195127,0,5.16964309430947,GALEX J195746.1-004614,299.442441871485,-0.770613026289847,1,-999,20.53681,-999,22.14495,0.2230067,False,-99,0.003898308
6379395279355908077,0,5.17536164890616,GALEX J195740.1-004700,299.417184907066,-0.783395576693353,1,-999,21.7021,-999,7.571112,0.2230067,False,-99,0.003627719
6379395273987195456,0,5.18742369242838,GALEX J195754.2-004057,299.476145640088,-0.682583513992345,1,-999,22.91488,-999,2.477692,0.2312676,False,-99,0.001731591
6379395273987195078,0,5.20112847816717,GALEX J195740.2-004701,299.417713601752,-0.783680364560779,1,-999,22.61715,-999,3.259408,0.2230067,False,-99,0.002410435
6379395273987195180,0,5.2143899553172,GALEX J195716.6-004457,299.319479714458,-0.749400605574918,1,-999,22.13758,-999,5.069549,0.2268153,False,-99,0.002087732
6379395273987195745,0,5.22831207434129,GALEX J195735.6-003650,299.398630556104,-0.614140142482204,1,-999,21.21605,-999,11.8462,0.2542833,False,-99,0.00422454
6379395279355908106,0,5.22962853205243,GALEX J195742.7-004648,299.428126392196,-0.780169812429168,1,-999,22.82352,-999,2.695201,0.2230067,False,-99,0.002383997
6379395279355908310,0,5.25683691075879,GALEX J195752.5-004432,299.468949305252,-0.742286140793964,1,-999,23.00732,-999,2.275479,0.2293398,False,-99,0.002428601
6379395273988249278,0,5.2610309619041,GALEX J195752.5-003933,299.468837713956,-0.659359557992559,2,21.67116,-999,7.790027,-999,0.238029,False,0.001811126,-99
6379395273988249295,0,5.26466711269069,GALEX J195721.8-003745,299.341161167759,-0.629246062977331,2,21.69781,-999,7.601094,-999,0.2550505,False,0.002496308,-99
6379395273987195732,0,5.26840595773115,GALEX J195748.0-003807,299.450104518214,-0.635459855685769,1,-999,17.84709,-999,263.733,0.2456757,False,-99,0.00173268
6379395279355908875,0,5.27569394744762,GALEX J195748.0-003806,299.450018540103,-0.635220852382625,1,-999,17.71335,-999,298.3049,0.2456757,False,-99,0.002288494
6379395279355908036,0,5.28463311719056,GALEX J195731.9-004719,299.382905606947,-0.788640477278208,1,-999,22.42077,-999,3.905636,0.2196031,False,-99,0.002878601
6379395273987195528,0,5.30823451902372,GALEX J195713.2-004053,299.305361670006,-0.681517329145366,1,-999,16.79246,-999,696.65,0.2311347,False,-99,0.00144532
6379395273987195363,0,5.3238720722172,GALEX J195755.3-004201,299.48040217931,-0.700357833836295,1,-999,22.23398,-999,4.638805,0.2312676,False,-99,0.001608192
6379395273987195641,0,5.32394096728998,GALEX J195718.6-003821,299.327853532852,-0.639340683787022,1,-999,22.04492,-999,5.521156,0.2550505,False,-99,0.003370371
6379395279355908029,0,5.33442586582773,GALEX J195735.8-004722,299.399484365027,-0.789562779865475,1,-999,22.35756,-999,4.13975,0.2196031,False,-99,0.003790012
6379395279355908562,0,5.34243315067432,GALEX J195755.3-004158,299.480700335209,-0.699447660087325,1,-999,22.8386,-999,2.658037,0.2312676,False,-99,0.00138445
6379395279355908069,0,5.36426821276311,GALEX J195741.0-004707,299.421166020035,-0.78539842421904,1,-999,22.56465,-999,3.420906,0.2230067,False,-99,0.001307812
6379395279355908410,0,5.36504667008762,GALEX J195754.5-004338,299.47707819369,-0.727485546159027,1,-999,22.6802,-999,3.075535,0.225061,False,-99,0.002360914
6379395273987195182,0,5.36678678171673,GALEX J195715.7-004451,299.315407702307,-0.747756464081364,1,-999,22.01471,-999,5.676959,0.2268153,False,-99,0.002057999
6379395273987195073,0,5.37151216326338,GALEX J195741.1-004707,299.421360632079,-0.785458148561755,1,-999,22.5717,-999,3.398738,0.2230067,False,-99,0.002840568
6379395273987195688,0,5.39662991799989,GALEX J195721.4-003740,299.339257949999,-0.627900143137216,1,-999,22.44347,-999,3.824811,0.2550505,False,-99,0.002612965
6379395273987195636,0,5.4145651977686,GALEX J195717.3-003835,299.322331360231,-0.643232953029093,1,-999,20.49836,-999,22.9433,0.2473378,False,-99,0.0022281
6379395273987195063,0,5.42252237654093,GALEX J195735.6-004728,299.398588762051,-0.79110993709579,1,-999,22.03377,-999,5.578183,0.2196031,False,-99,0.003125249
6379395279355908720,0,5.43064618450063,GALEX J195754.5-004018,299.47732442635,-0.671742510339615,1,-999,22.48882,-999,3.66836,0.238029,False,-99,0.002693226
6379395279355908439,0,5.46779797612094,GALEX J195755.4-004311,299.480814367752,-0.719936212231625,1,-999,21.57574,-999,8.505576,0.225061,False,-99,0.002587365
6379395273987195286,0,5.47073834178262,GALEX J195755.3-004313,299.480786249179,-0.720300954986531,1,-999,21.61075,-999,8.235665,0.225061,False,-99,0.002807565
6379395273987195675,0,5.49516332540255,GALEX J195752.9-003917,299.470705866558,-0.654721655720017,1,-999,18.16899,-999,196.0675,0.238029,False,-99,0.00144695
6379395279355908955,0,5.51076570277335,GALEX J195753.0-003916,299.470896105286,-0.654531947267526,1,-999,18.2574,-999,180.734,0.238029,False,-99,0.002205393
6379395273987195130,0,5.51258196101685,GALEX J195718.0-004552,299.325372526288,-0.764616608877733,1,-999,22.33952,-999,4.209123,0.2199262,False,-99,0.002789398
6379395273987195062,0,5.518271632702,GALEX J195736.9-004731,299.403850950519,-0.79216067664605,1,-999,22.37146,-999,4.087109,0.2196031,False,-99,0.001570476
6379395273987195825,0,5.54999263287756,GALEX J195730.4-003634,299.377038265639,-0.609663998299777,1,-999,18.03071,-999,222.6985,0.257357,False,-99,0.00139467
6379395279355908050,0,5.57561225686301,GALEX J195745.4-004651,299.439219368492,-0.780840606049328,1,-999,21.42254,-999,9.794529,0.2230067,False,-99,0.005414098
6379395273987195237,0,5.5768812184146,GALEX J195712.8-004351,299.3036809676,-0.730984333690255,1,-999,22.0855,-999,5.318641,0.2222509,False,-99,0.003477008
6379395273987195739,0,5.58248973048767,GALEX J195723.9-003704,299.349824843486,-0.617896366291179,1,-999,19.8077,-999,43.34316,0.257357,False,-99,0.001744593
6379395273987195097,0,5.58934088399038,GALEX J195745.3-004652,299.438832668163,-0.781335060111683,1,-999,21.88291,-999,6.409683,0.2230067,False,-99,0.003869238
6379395273987195436,0,5.59623103580238,GALEX J195756.0-004107,299.483617510352,-0.685326161752375,1,-999,22.42594,-999,3.887068,0.2312676,False,-99,0.002897614
6379395273987195187,0,5.60068022901644,GALEX J195753.4-004449,299.472858094253,-0.747067695460262,1,-999,22.57047,-999,3.402589,0.2293398,False,-99,0.001184332
6379395273987195384,0,5.60571611665361,GALEX J195756.3-004145,299.484968273445,-0.695999243031383,1,-999,22.70011,-999,3.019651,0.2312676,False,-99,0.002104496
6379395273987195325,0,5.63695431196014,GALEX J195711.5-004229,299.297994201094,-0.708297651821434,1,-999,22.81975,-999,2.704571,0.2311347,False,-99,0.00222313
6379395279355908187,0,5.67776677043998,GALEX J195750.5-004557,299.460439938247,-0.766005729254968,1,-999,22.66048,-999,3.131888,0.2234817,False,-99,0.002508653
6379395279355908075,0,5.69100406509104,GALEX J195744.5-004706,299.43563845554,-0.785043694773259,1,-999,22.16657,-999,4.935943,0.2230067,False,-99,0.003157876
6379395279355908753,0,5.69165607807761,GALEX J195749.8-003757,299.457559437388,-0.632755378452353,1,-999,21.49286,-999,9.180274,0.2456757,False,-99,0.004246505
6379395279355908015,0,5.7043128740931,GALEX J195727.5-004731,299.364787220688,-0.792193644566434,1,-999,22.73565,-999,2.922388,0.2159565,False,-99,0.002213074
6379395273987195061,0,5.70521216916639,GALEX J195727.7-004732,299.3655476928,-0.792429907374664,1,-999,22.54516,-999,3.482871,0.2159565,False,-99,0.001552356
6379395273987195124,0,5.70865669515421,GALEX J195750.5-004559,299.460705532652,-0.766474046865003,1,-999,22.85168,-999,2.626207,0.2234817,False,-99,0.002561883
6379395273987195746,0,5.71094608608118,GALEX J195743.1-003649,299.429608800207,-0.613705783954497,1,-999,21.30965,-999,10.86777,0.2456757,False,-99,0.002792704
6379395273987195671,0,5.722572402953,GALEX J195750.0-003758,299.458323197006,-0.632778814133121,1,-999,21.83827,-999,6.678717,0.2456757,False,-99,0.003682662
6379395273987195228,0,5.72670755019764,GALEX J195712.5-004403,299.302165481932,-0.734174789129147,1,-999,22.60953,-999,3.282386,0.2222509,False,-99,0.002042781
6379395273987195302,0,5.73692873748359,GALEX J195711.2-004252,299.296995957864,-0.714458980713694,1,-999,22.98871,-999,2.314811,0.2222509,False,-99,0.002409926
6379395273987195216,0,5.74374097259611,GALEX J195712.7-004414,299.303122177476,-0.737402657810047,1,-999,22.96919,-999,2.356806,0.2222509,False,-99,0.001747869
6379395273987195712,0,5.79854051220521,GALEX J195747.2-003717,299.446841419347,-0.621653324271288,1,-999,21.92834,-999,6.146994,0.2456757,False,-99,0.002277381
6379395279355907990,0,5.87452520040745,GALEX J195741.6-004736,299.423452576198,-0.793606436186644,1,-999,22.42552,-999,3.888598,0.2215864,False,-99,0.002894443
6379395273987195612,0,5.87660696114538,GALEX J195714.6-003843,299.311057519185,-0.645358450173124,1,-999,21.92638,-999,6.158101,0.2473378,False,-99,0.002823079
6379395279355908109,0,5.88227179776956,GALEX J195720.0-004647,299.333520047308,-0.779936420610254,1,-999,22.30622,-999,4.340236,0.2199262,False,-99,0.001316811
6379395273987195737,0,5.91937549715713,GALEX J195746.3-003700,299.443137516046,-0.616832549027817,1,-999,21.08289,-999,13.39189,0.2456757,False,-99,0.002806852
6379395279355908251,0,5.92823218101603,GALEX J195753.6-004522,299.473559525019,-0.756288782756752,1,-999,22.12328,-999,5.136757,0.2234817,False,-99,0.003341632
6379395273987195642,0,5.94511061954634,GALEX J195752.3-003816,299.468187359609,-0.638045604204795,1,-999,22.61297,-999,3.271973,0.2456757,False,-99,0.002409548
6379395279355907973,0,5.95928997643729,GALEX J195737.7-004756,299.407213354979,-0.799097412011727,1,-999,22.61978,-999,3.251521,0.2196031,False,-99,0.002418506
6379395273987195292,0,5.97200963280767,GALEX J195757.5-004302,299.489843925126,-0.717420083192231,1,-999,22.08072,-999,5.342093,0.225061,False,-99,0.00273689
6379395273987195113,0,5.97736439194116,GALEX J195716.9-004614,299.320473490566,-0.770692600418389,1,-999,22.19311,-999,4.816757,0.2156549,False,-99,0.00253544
6379395273987195267,0,5.9869102727927,GALEX J195710.5-004317,299.294016191548,-0.721549195493997,1,-999,22.69056,-999,3.04631,0.2222509,False,-99,0.001177647
6379395273987195794,0,6.02223100999036,GALEX J195728.7-003611,299.369589165442,-0.60308734591029,1,-999,21.6004,-999,8.31457,0.2608248,False,-99,0.00283561
6379395273987195626,0,6.02473551261605,GALEX J195754.8-003902,299.478622714424,-0.650777295220633,1,-999,17.91642,-999,247.4185,0.238029,False,-99,0.002115301
6379395279355908700,0,6.02522259935529,GALEX J195756.8-004006,299.486689823325,-0.668501667763753,1,-999,22.29957,-999,4.366874,0.238029,False,-99,0.00304475
6379395279355908745,0,6.03236820532362,GALEX J195754.8-003901,299.478591334285,-0.650469428821071,1,-999,17.94182,-999,241.6973,0.238029,False,-99,0.002530145
6379395279355907843,0,6.04364742068847,GALEX J195728.4-004756,299.368332178659,-0.798987834396212,1,-999,21.10575,-999,13.11287,0.2159565,False,-99,0.003312298
6379395273987195079,0,6.04378010151176,GALEX J195747.9-004659,299.449853267005,-0.783227453867282,1,-999,22.85904,-999,2.608454,0.2230067,False,-99,0.001888656
6379395273987195742,0,6.04818252064205,GALEX J195747.0-003658,299.446048794943,-0.616122272409401,1,-999,22.1011,-999,5.242774,0.2456757,False,-99,0.003595114
6379395273987195083,0,6.05130978977895,GALEX J195749.0-004647,299.454465605438,-0.779922217891183,1,-999,22.04721,-999,5.509533,0.2230067,False,-99,0.003371073
6379395273987195155,0,6.05795350899588,GALEX J195715.1-004552,299.313183165947,-0.76452526651139,1,-999,21.20136,-999,12.0076,0.2156549,False,-99,0.002582267
6379395273987195030,0,6.06707961198917,GALEX J195728.4-004758,299.368720332456,-0.799480479106264,1,-999,21.7301,-999,7.378381,0.2159565,False,-99,0.003859565
6379395273987195371,0,6.06871057222853,GALEX J195758.2-004156,299.492798592688,-0.698948992867193,1,-999,22.21759,-999,4.709389,0.2312676,False,-99,0.002596951
6379395279355908137,0,6.11186478582714,GALEX J195751.2-004622,299.463708119548,-0.773022545852622,1,-999,20.69486,-999,19.14501,0.2234817,False,-99,0.001828945
6379395273987195115,0,6.11898295940909,GALEX J195751.2-004623,299.46372596092,-0.773172435548868,1,-999,20.71567,-999,18.78157,0.2234817,False,-99,0.00272869
6379395273987195694,0,6.14532037112061,GALEX J195716.7-003741,299.319579613815,-0.628237206965437,1,-999,20.22555,-999,29.49718,0.2550505,False,-99,0.002050889
6379395273987195205,0,6.18022997311413,GALEX J195711.7-004443,299.298737884512,-0.745445554743649,1,-999,20.38906,-999,25.37335,0.2222509,False,-99,0.002069774
6379395273987195661,0,6.19036871392484,GALEX J195714.3-003817,299.309859469611,-0.638126108744822,1,-999,20.41189,-999,24.84525,0.2550505,False,-99,0.006765562
6379395273988249302,0,6.23727001307388,GALEX J195746.6-003641,299.444540284559,-0.611494212773211,2,21.67595,-999,7.755697,-999,0.2456757,False,0.00171242,-99
6379395273987195383,0,6.2399351018631,GALEX J195758.9-004145,299.495546196468,-0.695859795168272,1,-999,23.70432,-999,1.197492,0.2312676,False,-99,0.002076947
6379395273987194973,0,6.24360543471338,GALEX J195744.3-004744,299.434779661971,-0.795710556885541,1,-999,20.43361,-999,24.35318,0.2215864,False,-99,0.004991886
6379395279355907970,0,6.24495613571471,GALEX J195744.3-004744,299.434856316403,-0.795700374198647,1,-999,20.84114,-999,16.73189,0.2215864,False,-99,0.00262954
6379395279355908626,0,6.2536775276649,GALEX J195758.8-004124,299.495338328643,-0.690172353402748,1,-999,22.63621,-999,3.202702,0.2312676,False,-99,0.00290182
6379395273987195429,0,6.25678442455203,GALEX J195758.8-004120,299.49526603973,-0.689041178087854,1,-999,21.88972,-999,6.369597,0.2312676,False,-99,0.002550676
6379395273988249216,0,6.2669470654301,GALEX J195733.4-004819,299.389453175969,-0.805425664983373,2,22.03644,-999,5.56452,-999,0.2196031,False,0.00219337,-99
6379395273987195051,0,6.27333203256222,GALEX J195725.2-004756,299.355033464498,-0.798929047792394,1,-999,22.60583,-999,3.293583,0.2159565,False,-99,0.002312392
6379395273987195154,0,6.28219728549347,GALEX J195712.7-004525,299.303290064936,-0.757157101361455,1,-999,22.30594,-999,4.341344,0.2156549,False,-99,0.003201119
6379395279355907996,0,6.28235554584369,GALEX J195722.9-004741,299.345414876016,-0.79493863837126,1,-999,22.57957,-999,3.374223,0.2159565,False,-99,0.002521367
6379395273987195184,0,6.33063720051727,GALEX J195711.7-004505,299.299023628759,-0.751508790559758,1,-999,20.43579,-999,24.30444,0.2156549,False,-99,0.002308795
6379395279355907942,0,6.33365901574623,GALEX J195727.7-004811,299.365673345703,-0.803311217046775,1,-999,22.74554,-999,2.895888,0.2159565,False,-99,0.002790769
6379395279355907955,0,6.33911776766283,GALEX J195747.7-004723,299.449030992412,-0.789725581972518,1,-999,18.33977,-999,167.5296,0.2215864,False,-99,0.001683995
6379395273987195728,0,6.34876931279441,GALEX J195748.8-003654,299.4533568976,-0.615028078299771,1,-999,22.30457,-999,4.346836,0.2456757,False,-99,0.003539703
6379395273987195064,0,6.35032506275489,GALEX J195720.1-004723,299.3340526203,-0.7897864027751,1,-999,22.53051,-999,3.530178,0.2159565,False,-99,0.002085743
6379395273987195048,0,6.35673681786419,GALEX J195747.8-004723,299.449247921375,-0.789934999080952,1,-999,18.47613,-999,147.7567,0.2215864,False,-99,0.001663403
6379395273988249217,0,6.35747138079426,GALEX J195741.0-004810,299.420987149367,-0.80282104345732,2,21.78156,-999,7.036819,-999,0.2196031,False,0.001397068,-99
6379395273987195654,0,6.3882655399167,GALEX J195755.3-003832,299.480463497303,-0.642243720000857,1,-999,18.6377,-999,127.3261,0.2295005,False,-99,0.001415956
6379395279355908851,0,6.39036612762287,GALEX J195755.2-003831,299.480389252788,-0.642068391503918,1,-999,18.65193,-999,125.6691,0.2295005,False,-99,0.00204146
6379395279355907889,0,6.39431373049345,GALEX J195734.0-004827,299.391764738883,-0.807571850390832,1,-999,21.43706,-999,9.66444,0.2196031,False,-99,0.003885469
6379395273987195296,0,6.3965711272218,GALEX J195759.3-004259,299.49716616875,-0.716399590959459,1,-999,22.14784,-999,5.021835,0.225061,False,-99,0.003194879
6379395279355908496,0,6.40551363851806,GALEX J195759.5-004223,299.498290870188,-0.70651222285029,1,-999,20.54224,-999,22.03447,0.2312676,False,-99,0.002351648
6379395273987195341,0,6.40965169502306,GALEX J195759.6-004224,299.498342522017,-0.706839541586692,1,-999,20.57018,-999,21.47472,0.2312676,False,-99,0.002498703
6379395273987195015,0,6.41574701519742,GALEX J195734.2-004828,299.392590348952,-0.807925128031227,1,-999,21.80521,-999,6.885183,0.2196031,False,-99,0.00374346
6379395273987195833,0,6.43361636330882,GALEX J195734.4-003537,299.393700735086,-0.593792352764801,1,-999,22.34183,-999,4.200164,0.2591906,False,-99,0.002383656
6379395273987195680,0,6.43709664741705,GALEX J195753.0-003743,299.470989198754,-0.62875843836601,1,-999,22.66501,-999,3.118868,0.2456757,False,-99,0.002341977
6379395273987195027,0,6.4441575327095,GALEX J195726.3-004812,299.359792912947,-0.803564921870053,1,-999,22.88291,-999,2.551739,0.2159565,False,-99,0.00145284
6379395273987195223,0,6.50059234529246,GALEX J195758.4-004418,299.493324983004,-0.738489572211195,1,-999,22.01444,-999,5.678388,0.225061,False,-99,0.003474529
6379395279355908354,0,6.50448595286619,GALEX J195758.5-004413,299.493856971278,-0.73720915425088,1,-999,22.23655,-999,4.627848,0.225061,False,-99,0.002847804
6379395279355909241,0,6.52379806690083,GALEX J195750.1-003656,299.459018876787,-0.615639087587169,1,-999,22.25017,-999,4.570145,0.2456757,False,-99,0.002213466
6379395279355907883,0,6.5467408965821,GALEX J195738.5-004830,299.410720266541,-0.808436157656289,1,-999,20.30573,-999,27.39737,0.2196031,False,-99,0.00247981
6379395279355908216,0,6.55802024719393,GALEX J195755.7-004544,299.482173355986,-0.762289798410154,1,-999,22.52936,-999,3.53391,0.2234817,False,-99,0.002113071
6379395273987194994,0,6.56463281107123,GALEX J195738.5-004831,299.410695956506,-0.808743291436241,1,-999,20.16037,-999,31.32202,0.2196031,False,-99,0.004920842
6379395279355909204,0,6.60114110955514,GALEX J195751.2-003703,299.463579749535,-0.61773308749347,1,-999,22.99847,-999,2.294087,0.2456757,False,-99,0.002602251
6379395273987195770,0,6.64919464907048,GALEX J195720.1-003622,299.3340057378,-0.606360138341867,1,-999,22.32417,-999,4.269074,0.257357,False,-99,0.002919275
6379395273987195595,0,6.65189209493563,GALEX J195757.4-003855,299.489515906835,-0.648866762985629,1,-999,22.72744,-999,2.94459,0.2295005,False,-99,0.001341798
6379395273987195119,0,6.65758205771568,GALEX J195713.7-004623,299.307416427053,-0.773215843310575,1,-999,19.28765,-999,69.97471,0.2156549,False,-99,0.00213228
6379395273987195210,0,6.69111099157652,GALEX J195709.1-004431,299.288020118744,-0.742176169088885,1,-999,21.84362,-999,6.645879,0.2222509,False,-99,0.001750852
6379395279355907910,0,6.70709103808495,GALEX J195741.3-004830,299.422177495264,-0.808541173410482,1,-999,21.89578,-999,6.334128,0.2196031,False,-99,0.002916617
6379395273987195009,0,6.71119770378371,GALEX J195741.3-004830,299.4222336187,-0.808596391559202,1,-999,21.37584,-999,10.22501,0.2196031,False,-99,0.0032125
6379395273987195518,0,6.73586815055975,GALEX J195759.9-004015,299.499852667325,-0.670987031532208,1,-999,20.87524,-999,16.21447,0.2295005,False,-99,0.004610272
6379395279355908714,0,6.73949755723391,GALEX J195759.9-004014,299.499852689654,-0.670761641282236,1,-999,21.40202,-999,9.981406,0.2295005,False,-99,0.002529051
6379395273987195277,0,6.77461957556471,GALEX J195800.6-004317,299.502693071761,-0.721585892447773,1,-999,22.35906,-999,4.134066,0.225061,False,-99,0.003321292
6379395279355907878,0,6.79575585946335,GALEX J195735.4-004850,299.397647983798,-0.814104580539575,1,-999,22.16745,-999,4.931973,0.2196031,False,-99,0.002515334
6379395273987195165,0,6.80171181715923,GALEX J195710.2-004523,299.292771939337,-0.756428582345768,1,-999,21.69553,-999,7.617045,0.2156549,False,-99,0.00314486
6379395279355908484,0,6.8029210557969,GALEX J195801.0-004247,299.504393222878,-0.713253200694766,1,-999,22.5231,-999,3.554347,0.2312676,False,-99,0.002308229
6379395273987195666,0,6.82657243348858,GALEX J195755.9-003759,299.483008496215,-0.633155859577311,1,-999,22.76119,-999,2.854469,0.2377639,False,-99,0.002067983
6379395273987195351,0,6.83921746559797,GALEX J195706.6-004208,299.27767808754,-0.702256475956492,1,-999,22.47739,-999,3.707181,0.228301,False,-99,0.002241496
6379395279355908899,0,6.85221964818429,GALEX J195751.5-003647,299.464719919362,-0.613213888486357,1,-999,22.21622,-999,4.715312,0.2456757,False,-99,0.00253636
6379395273987195875,0,6.85884895501126,GALEX J195736.1-003513,299.400478729993,-0.587025958680842,1,-999,23.11556,-999,2.059556,0.2591906,False,-99,0.001744606
6379395273987195647,0,6.86809447685729,GALEX J195756.6-003809,299.485898660878,-0.636003698311718,1,-999,22.42061,-999,3.906217,0.2377639,False,-99,0.002621425
6379395273987195481,0,6.86925535348905,GALEX J195706.8-004103,299.278413521036,-0.684177180685268,1,-999,18.61726,-999,129.7464,0.228301,False,-99,0.001516113
6379395279355908960,0,6.88102078751036,GALEX J195752.1-003652,299.467097999114,-0.614610119073734,1,-999,22.26242,-999,4.518875,0.2377639,False,-99,0.002544974
6379395279358005730,0,6.90643895894159,GALEX J195801.5-004139,299.506591823624,-0.694377248267861,3,19.97509,20.64268,37.15067,20.08766,0.2210848,False,0.001788746,0.002059165
6379395273989292553,0,6.91448134727793,GALEX J195801.6-004141,299.506749471475,-0.694796531177057,3,19.67189,20.86219,49.1184,16.41058,0.2210848,False,0.002017527,0.004058985
6379395273987195141,0,6.92395157071801,GALEX J195710.7-004549,299.294843500086,-0.763799528701796,1,-999,21.89067,-999,6.364016,0.2156549,False,-99,0.003620328
6379395273987195860,0,6.96573612474012,GALEX J195741.3-003520,299.422449320013,-0.589059223395605,1,-999,22.83839,-999,2.658546,0.251793,False,-99,0.002432391
6379395279355908293,0,6.96613198757161,GALEX J195759.4-004453,299.497802376168,-0.748082203409557,1,-999,22.4754,-999,3.713969,0.225061,False,-99,0.002450978
6379395273987195185,0,6.9690914034505,GALEX J195759.4-004453,299.497806602453,-0.748194202555152,1,-999,22.14357,-999,5.041648,0.225061,False,-99,0.003243251
6379395273988249298,0,6.97580212812813,GALEX J195713.9-003713,299.307925110094,-0.620343591958591,2,22.35203,-999,4.16094,-999,0.2550505,False,0.0008618247,-99
6379395273987195161,0,7.00625640383073,GALEX J195758.8-004517,299.495260277942,-0.754903146064013,1,-999,22.29139,-999,4.399903,0.2207703,False,-99,0.002774468
6379395273987195532,0,7.02313539832057,GALEX J195800.4-003940,299.501774842564,-0.661261678749802,1,-999,22.44319,-999,3.825809,0.2295005,False,-99,0.002716766
6379395279355908255,0,7.0282481712054,GALEX J195759.0-004516,299.495872930883,-0.754516295545759,1,-999,22.28308,-999,4.433723,0.2207703,False,-99,0.001921767
6379395273988249210,0,7.0326790480832,GALEX J195739.0-004858,299.412541885889,-0.816337741926492,2,21.75812,-999,7.190411,-999,0.2196031,False,0.001072062,-99
6379395279355907811,0,7.03696092027624,GALEX J195735.2-004905,299.396766990382,-0.818171749056556,1,-999,20.71845,-999,18.73349,0.2196031,False,-99,0.002665892
6379395273987194988,0,7.03777207764905,GALEX J195731.7-004904,299.382085478719,-0.817904302037893,1,-999,22.36006,-999,4.130244,0.2159565,False,-99,0.003153169
6379395279355908389,0,7.06023814322375,GALEX J195802.0-004258,299.50836801051,-0.716141259874449,1,-999,17.42589,-999,388.7255,0.225061,False,-99,0.001592806
6379395273987194974,0,7.06426113873613,GALEX J195735.2-004907,299.39696845791,-0.818618274870843,1,-999,21.07488,-999,13.49112,0.2196031,False,-99,0.004753184
6379395273987195748,0,7.06914720097635,GALEX J195753.1-003651,299.471581374688,-0.614421554596733,1,-999,22.44764,-999,3.810171,0.2377639,False,-99,0.003306755
6379395273987195338,0,7.0694743099057,GALEX J195802.0-004259,299.50848381567,-0.716442517512601,1,-999,17.43154,-999,386.7072,0.225061,False,-99,0.001522646
6379395279355907815,0,7.08322302475943,GALEX J195731.3-004906,299.380670996436,-0.818540617037491,1,-999,21.55663,-999,8.656626,0.2159565,False,-99,0.004666617
6379395273987195218,0,7.0920861604201,GALEX J195707.3-004429,299.280611948441,-0.741501651705473,1,-999,21.29708,-999,10.99424,0.2222509,False,-99,0.003616471
6379395273987195754,0,7.10731837696822,GALEX J195714.3-003656,299.309585552521,-0.615587817830772,1,-999,20.893,-999,15.95149,0.2550505,False,-99,0.002479098
6379395279355908427,0,7.11157237540228,GALEX J195801.8-004328,299.507842274419,-0.724532499432087,1,-999,22.69222,-999,3.041669,0.225061,False,-99,0.001411056
6379395273987195135,0,7.12761369431681,GALEX J195710.1-004558,299.292363201739,-0.766210043104898,1,-999,21.3017,-999,10.94757,0.2156549,False,-99,0.003278657
6379395273987195396,0,7.12836466076009,GALEX J195802.4-004136,299.510241437624,-0.693450845845764,1,-999,21.72898,-999,7.385987,0.2210848,False,-99,0.003990946
6379395273987195815,0,7.14778063325126,GALEX J195748.7-003555,299.452905574987,-0.598813114383785,1,-999,22.71562,-999,2.976825,0.251793,False,-99,0.002535741
6379395279355908546,0,7.14977314882444,GALEX J195802.6-004202,299.510838071582,-0.700692705109502,1,-999,21.96563,-999,5.939466,0.2210848,False,-99,0.00394271
6379395273987195100,0,7.15773151984669,GALEX J195711.7-004633,299.298862483187,-0.775968245414576,1,-999,22.60358,-999,3.300399,0.2156549,False,-99,0.002811657
6379395279355908619,0,7.16435771779908,GALEX J195802.5-004125,299.510601016066,-0.690300026152479,1,-999,22.44668,-999,3.813533,0.2210848,False,-99,0.00144755
6379395273987195382,0,7.17618183564646,GALEX J195705.3-004156,299.272069871338,-0.699095630624671,1,-999,20.88574,-999,16.05838,0.228301,False,-99,0.001880486
6379395273987195524,0,7.20531362877922,GALEX J195706.6-003947,299.27763440921,-0.663320426698875,1,-999,22.91013,-999,2.488565,0.2418784,False,-99,0.00175053
6379395279355907994,0,7.20531472818507,GALEX J195753.5-004721,299.47303233859,-0.789329016991617,1,-999,19.17148,-999,77.87648,0.222057,False,-99,0.002271328
6379395273987195408,0,7.20772536633146,GALEX J195802.7-004125,299.511345153529,-0.690507632142657,1,-999,22.00324,-999,5.737239,0.2210848,False,-99,0.002410832
6379395273988249208,0,7.2077485740832,GALEX J195732.8-004915,299.386689479787,-0.821026009531439,2,21.86349,-999,6.525356,-999,0.2159565,False,0.00223226,-99
6379395273987195047,0,7.21379154651343,GALEX J195753.5-004722,299.472954788711,-0.789592209328572,1,-999,19.14579,-999,79.74112,0.222057,False,-99,0.001969529
6379395273987195760,0,7.21649349651125,GALEX J195752.8-003635,299.470181170507,-0.609882876352837,1,-999,22.10913,-999,5.204115,0.2377639,False,-99,0.002984064
6379395279355908910,0,7.22379477675996,GALEX J195752.8-003634,299.470059730771,-0.609618004774225,1,-999,23.04592,-999,2.195999,0.2377639,False,-99,0.00228516
6379395279355907966,0,7.2324831369394,GALEX J195750.2-004802,299.459558745273,-0.800607649885322,1,-999,22.19533,-999,4.806912,0.2215864,False,-99,0.002342715
6379395279355907960,0,7.23424151086971,GALEX J195717.9-004804,299.324708401901,-0.801272898446284,1,-999,22.13189,-999,5.096173,0.2127302,False,-99,0.003145425
6379395273987195031,0,7.25670143624607,GALEX J195750.3-004803,299.459912979789,-0.800854597935644,1,-999,22.42533,-999,3.889257,0.2215864,False,-99,0.002887871
6379395273987195706,0,7.28779292989558,GALEX J195800.3-003855,299.501263124063,-0.648620651545166,1,-999,17.10622,-999,521.8091,0.2295005,False,-99,0.001438906
6379395273987195676,0,7.28831059666229,GALEX J195710.1-003752,299.292306106552,-0.631112782871502,1,-999,21.24903,-999,11.49177,0.2499622,False,-99,0.002703871
6379395279358006551,0,7.29128410032145,GALEX J195800.3-003854,299.501246974814,-0.648452182460124,3,21.70168,17.13258,7.574054,509.2928,0.2295005,False,0.001961756,0.001866745
6379395273987195055,0,7.29741040937291,GALEX J195714.6-004731,299.310973259268,-0.792005263888023,1,-999,21.31926,-999,10.77201,0.2127302,False,-99,0.005950479
6379395273987194996,0,7.29817628317267,GALEX J195724.3-004856,299.351515332416,-0.815819579608453,1,-999,22.43782,-999,3.844789,0.2159565,False,-99,0.001981263
6379395273987195856,0,7.30134420188065,GALEX J195745.9-003523,299.441490967064,-0.589977098336187,1,-999,22.45643,-999,3.779429,0.251793,False,-99,0.002611419
6379395273987195698,0,7.31594996954826,GALEX J195757.3-003738,299.488773345876,-0.627249776536325,1,-999,20.44309,-999,24.14139,0.2377639,False,-99,0.001837155
6379395279355908114,0,7.31940313671755,GALEX J195757.2-004630,299.488594678741,-0.775081667360834,1,-999,20.775,-999,17.7828,0.2234817,False,-99,0.003501641
6379395273987195311,0,7.32152101396815,GALEX J195803.1-004249,299.513020703106,-0.713869692696194,1,-999,21.75611,-999,7.203671,0.2179613,False,-99,0.003832327
6379395273989293044,0,7.32444274361793,GALEX J195744.3-003512,299.434826649034,-0.586809262916136,3,21.08358,21.21069,13.38351,11.90487,0.251793,False,0.001500464,0.004841559
6379395279355908872,0,7.32596889718855,GALEX J195757.3-003737,299.488814098836,-0.62702751417993,1,-999,20.34126,-999,26.51534,0.2377639,False,-99,0.003567658
6379395273987195906,0,7.35390874240887,GALEX J195738.9-003448,299.412113942974,-0.580152260069433,1,-999,22.66283,-999,3.125117,0.251793,False,-99,0.002266128
6379395273987195112,0,7.35936563084802,GALEX J195757.3-004632,299.488934779378,-0.775732884944693,1,-999,20.79259,-999,17.49702,0.2234817,False,-99,0.004951896
6379395273987195421,0,7.36543981291474,GALEX J195803.3-004117,299.513766669177,-0.688227270582203,1,-999,22.54332,-999,3.488777,0.2210848,False,-99,0.001606662
6379395273987195572,0,7.41292259087941,GALEX J195801.6-003921,299.506686618113,-0.655871849526,1,-999,21.37054,-999,10.27499,0.2295005,False,-99,0.004340624
6379395279355908828,0,7.42459956999926,GALEX J195801.6-003921,299.50689357684,-0.655866507977067,1,-999,21.95412,-999,6.002748,0.2295005,False,-99,0.002768334
6379395273987195915,0,7.44093698027501,GALEX J195738.4-003442,299.410083068381,-0.578359257801936,1,-999,22.29701,-999,4.377201,0.251793,False,-99,0.003006862
6379395273987195734,0,7.44345210548408,GALEX J195712.7-003651,299.302897039096,-0.614332445956401,1,-999,21.95776,-999,5.982668,0.2550505,False,-99,0.003106137
6379395279355908034,0,7.44468219489821,GALEX J195755.7-004708,299.482439481976,-0.785599310400524,1,-999,21.27138,-999,11.25764,0.2234817,False,-99,0.004702517
6379395273987195248,0,7.4471497350367,GALEX J195704.8-004338,299.270368730541,-0.72735646531204,1,-999,22.92091,-999,2.463962,0.2222509,False,-99,0.002119521
6379395273987195804,0,7.48571251534197,GALEX J195716.2-003601,299.317702658951,-0.600523345081465,1,-999,22.88782,-999,2.540222,0.2568016,False,-99,0.001178715
6379395273987194969,0,7.51994129954128,GALEX J195728.8-004928,299.370291333156,-0.824496459345668,1,-999,22.59399,-999,3.329685,0.2213887,False,-99,0.002362628
6379395279355908687,0,7.53287872117804,GALEX J195802.8-003950,299.511668274629,-0.664068266279765,1,-999,22.70188,-999,3.014725,0.2295005,False,-99,0.001258634
6379395279355908734,0,7.53647223151888,GALEX J195803.8-004057,299.515943027508,-0.682697671643021,1,-999,22.80375,-999,2.744743,0.2210848,False,-99,0.002079125
6379395273987195795,0,7.54456830287477,GALEX J195713.1-003636,299.304818281364,-0.610062659655566,1,-999,20.66934,-999,19.60033,0.2550505,False,-99,0.004846752
6379395279355908870,0,7.54816074336126,GALEX J195800.7-003832,299.50291015446,-0.642238602078219,1,-999,20.81247,-999,17.17955,0.2295005,False,-99,0.007108107
6379395273987195914,0,7.57921985683763,GALEX J195741.6-003443,299.423326039475,-0.578710852880658,1,-999,22.26229,-999,4.519427,0.251793,False,-99,0.003377192
6379395273987195862,0,7.5803608255268,GALEX J195720.1-003518,299.333967309042,-0.588604103940858,1,-999,22.67358,-999,3.094349,0.2608248,False,-99,0.002276809
6379395279355907752,0,7.58619131833182,GALEX J195728.7-004931,299.36975083104,-0.825522992480034,1,-999,21.25614,-999,11.41677,0.2213887,False,-99,0.005838337
6379395273987194983,0,7.58931081789196,GALEX J195723.9-004913,299.349936297624,-0.820407822017171,1,-999,22.08629,-999,5.314755,0.2159565,False,-99,0.002951258
6379395273987195207,0,7.59238370576621,GALEX J195802.8-004425,299.511962615822,-0.740287112507818,1,-999,22.24072,-999,4.610136,0.225061,False,-99,0.001590171
6379395279355907907,0,7.59841526204008,GALEX J195749.4-004836,299.456044574624,-0.810059437305079,1,-999,22.68654,-999,3.057628,0.2215864,False,-99,0.00226854
6379395279355907870,0,7.60331817968671,GALEX J195720.6-004853,299.335842407223,-0.814765794096514,1,-999,22.41782,-999,3.916276,0.2127302,False,-99,0.001648491
6379395279355908346,0,7.60685129650604,GALEX J195803.0-004422,299.512482442298,-0.739460894700205,1,-999,22.40137,-999,3.97606,0.225061,False,-99,0.002152376
6379395279356958547,0,7.60727669752431,GALEX J195804.1-004105,299.517448110436,-0.684983576825072,2,22.08482,-999,5.321973,-999,0.2210848,False,0.001252777,-99
6379395273987195014,0,7.6084160851768,GALEX J195749.2-004838,299.45518013839,-0.810757646162954,1,-999,22.2585,-999,4.535218,0.2215864,False,-99,0.002917279
6379395279355907986,0,7.61175756211986,GALEX J195755.9-004720,299.483017302538,-0.789037490456521,1,-999,20.60786,-999,20.74225,0.222057,False,-99,0.002989332
6379395273987195939,0,7.61872516229049,GALEX J195735.0-003426,299.395959405572,-0.574093820795619,1,-999,22.59998,-999,3.311376,0.2591906,False,-99,0.002528217
6379395279358005267,0,7.62109486712366,GALEX J195759.2-004620,299.496681984354,-0.77246497773195,3,20.04887,19.94586,34.70986,38.16426,0.2234817,False,0.006479751,0.006474437
6379395273987195024,0,7.62443308707232,GALEX J195756.0-004720,299.4833681042,-0.788977507447459,1,-999,19.96372,-999,37.54153,0.222057,False,-99,0.008228181
6379395273987194995,0,7.62698396149474,GALEX J195720.4-004853,299.335364039785,-0.814969947798556,1,-999,22.09654,-999,5.264835,0.2127302,False,-99,0.003660202
6379395279355907902,0,7.64086121921384,GALEX J195717.0-004825,299.321028125685,-0.806964594911489,1,-999,21.3287,-999,10.67869,0.2127302,False,-99,0.00418044
6379395273987195019,0,7.64208822907154,GALEX J195717.3-004827,299.322156641468,-0.807732552036566,1,-999,22.3255,-999,4.263841,0.2127302,False,-99,0.002974587
6379395273987195426,0,7.65272939771506,GALEX J195703.5-004114,299.26484052061,-0.687385968746715,1,-999,22.27025,-999,4.486407,0.228301,False,-99,0.003153651
6379395273989292280,0,7.65758016973239,GALEX J195759.2-004623,299.496966122654,-0.773127266233083,3,20.34312,20.05257,26.46987,34.59159,0.2234817,False,0.00492394,0.00474873
6379395273987195108,0,7.66264528420343,GALEX J195708.3-004615,299.284876324025,-0.771055284291851,1,-999,22.62116,-999,3.247394,0.2156549,False,-99,0.002078483
6379395273987195263,0,7.66413720798806,GALEX J195703.8-004323,299.265864448006,-0.723195385081727,1,-999,22.36836,-999,4.098798,0.2222509,False,-99,0.002914282
6379395273987195797,0,7.70700646783052,GALEX J195714.4-003605,299.310232300183,-0.601658504366403,1,-999,22.53142,-999,3.527226,0.2568016,False,-99,0.001576027
6379395273987195538,0,7.72559827447308,GALEX J195704.5-003942,299.268991705141,-0.661857782876701,1,-999,22.07553,-999,5.367717,0.2376381,False,-99,0.003136239
6379395273987195865,0,7.73412743089245,GALEX J195748.9-003517,299.453898969536,-0.588113378242308,1,-999,22.69365,-999,3.037663,0.2429901,False,-99,0.001712516
6379465565421965746,0,7.74717156974317,GALEX J195713.5-004753,299.306621353146,-0.798161650189999,1,-999,22.6288,-999,3.224642,0.2127302,False,-99,0.001865805
6379395273987195929,0,7.7818129886715,GALEX J195725.2-003435,299.35527952445,-0.576511356135022,1,-999,22.28134,-999,4.440835,0.2608248,False,-99,0.002695429
6379395279355907773,0,7.79368628121838,GALEX J195735.1-004950,299.39630308187,-0.830812014579834,1,-999,22.22125,-999,4.693522,0.2244009,False,-99,0.002496688
6379395273987195013,0,7.81598499595273,GALEX J195715.5-004821,299.314584736515,-0.806017829782901,1,-999,21.29028,-999,11.0634,0.2127302,False,-99,0.005420589
6379395273987195474,0,7.82703928447272,GALEX J195703.2-004033,299.263631058699,-0.675967549217407,1,-999,22.67132,-999,3.100795,0.2376381,False,-99,0.002215877
6379395273987195950,0,7.83992875101151,GALEX J195741.0-003425,299.421116800506,-0.573696171541944,1,-999,22.16199,-999,4.956841,0.251793,False,-99,0.003433952
6379395279355907607,0,7.84322887877041,GALEX J195752.4-004824,299.468585271536,-0.8066995661527,1,-999,20.0531,-999,34.57467,0.2215864,False,-99,0.002432745
6379465565421965787,0,7.86050473394192,GALEX J195710.3-004713,299.292975250228,-0.787167585769796,1,-999,22.12785,-999,5.115177,0.2127302,False,-99,0.003293221
6379395273987195183,0,7.86306735213736,GALEX J195705.1-004510,299.271337713432,-0.75293911357935,1,-999,21.34687,-999,10.50154,0.2158594,False,-99,0.004379174
6379395273987195006,0,7.86982709554396,GALEX J195752.4-004825,299.468627947726,-0.807216417643854,1,-999,20.02757,-999,35.39732,0.2215864,False,-99,0.003301816
6379395273987195432,0,7.87500080475519,GALEX J195702.6-004111,299.261201541658,-0.686580815174525,1,-999,21.64349,-999,7.991065,0.228301,False,-99,0.003432564
6379395273987195935,0,7.87574775845806,GALEX J195722.7-003442,299.344649659837,-0.578445883057811,1,-999,21.0975,-999,13.21296,0.2608248,False,-99,0.002249552
6379395273987194967,0,7.88757176470086,GALEX J195722.8-004926,299.345191477531,-0.823971736592409,1,-999,22.50375,-999,3.618244,0.2159201,False,-99,0.002650512
6379465565421965956,0,7.8926466374038,GALEX J195705.0-004510,299.270835052481,-0.753018512311331,1,-999,21.3572,-999,10.40202,0.2158594,False,-99,0.0039449
6379395273988249225,0,7.9281278098957,GALEX J195756.4-004739,299.485303359896,-0.794238645785215,2,21.62276,-999,8.145104,-999,0.222057,False,0.002506187,-99
6379395279355908240,0,7.94255302466771,GALEX J195803.8-004448,299.515904741242,-0.74672460766068,1,-999,18.07682,-999,213.4384,0.225061,False,-99,0.001540013
6379395273987194939,0,7.94523220599912,GALEX J195736.1-004959,299.40048033561,-0.833126953169556,1,-999,21.99357,-999,5.788555,0.2244009,False,-99,0.003606619
6379395273987194970,0,7.95237904933559,GALEX J195722.1-004926,299.342437044596,-0.824059471469621,1,-999,22.37647,-999,4.068299,0.2159201,False,-99,0.002225495
6379395273987195227,0,7.95272142208762,GALEX J195803.8-004449,299.516000191191,-0.746955579174862,1,-999,18.00071,-999,228.9372,0.225061,False,-99,0.001515603
6379395273987195834,0,7.95586480072664,GALEX J195714.9-003541,299.312337361832,-0.594746387217136,1,-999,21.33412,-999,10.62551,0.2568016,False,-99,0.003133615
6379395273987194945,0,7.96348525062149,GALEX J195730.1-004957,299.375718284436,-0.832763254177299,1,-999,21.94812,-999,6.036013,0.2213887,False,-99,0.002764114
6379395273987195327,0,7.97486527503307,GALEX J195702.1-004232,299.258979560272,-0.708939799255699,1,-999,22.24769,-999,4.580621,0.228301,False,-99,0.003391586
6379395279355907749,0,8.01003258203447,GALEX J195730.1-005000,299.375432338349,-0.833509957928085,1,-999,21.849,-999,6.613021,0.2213887,False,-99,0.003110646
6379395279356958475,0,8.01553140625356,GALEX J195751.2-004849,299.463546902344,-0.813609987251999,2,22.3395,-999,4.209221,-999,0.2215864,False,0.002068322,-99
6379395273987195029,0,8.01688287144443,GALEX J195713.4-004813,299.30622371471,-0.803730981725909,1,-999,22.50982,-999,3.598097,0.2127302,False,-99,0.001287092
6379395279355907771,0,8.0302016407379,GALEX J195745.7-004931,299.440663116383,-0.825547322468521,1,-999,19.62736,-999,51.17459,0.2255409,False,-99,0.00141673
6379395273987195800,0,8.03038458954734,GALEX J195712.5-003605,299.3022451088,-0.601411362354736,1,-999,22.82042,-999,2.70292,0.2568016,False,-99,0.001893891
6379395279355907746,0,8.04272773176993,GALEX J195733.5-005006,299.389789113747,-0.83503231463117,1,-999,22.30225,-999,4.356099,0.2213887,False,-99,0.001041155
6379395273987195884,0,8.04637810648559,GALEX J195718.1-003503,299.325558754398,-0.584317544500365,1,-999,22.65764,-999,3.140096,0.2608248,False,-99,0.002535697
6379395273987194999,0,8.05065787136138,GALEX J195717.1-004855,299.321600672334,-0.815434498519365,1,-999,22.50459,-999,3.615469,0.2127302,False,-99,0.003027684
6379395273987194925,0,8.05640669549793,GALEX J195745.7-004933,299.440604903126,-0.826039326799666,1,-999,19.54507,-999,55.20419,0.2255409,False,-99,0.004876955
6379395273987195880,0,8.06492668275436,GALEX J195717.4-003508,299.322494319106,-0.585746787393104,1,-999,22.58481,-999,3.357951,0.2568016,False,-99,0.002708036
6379395273987195427,0,8.06657992038698,GALEX J195701.9-004111,299.25800713591,-0.686416840633736,1,-999,22.19676,-999,4.800595,0.228301,False,-99,0.002973464
6379395273988249213,0,8.0668207436928,GALEX J195752.0-004845,299.466678194406,-0.812580702776352,2,21.8685,-999,6.495353,-999,0.2215864,False,0.002188438,-99
6379395273987195971,0,8.08720851407522,GALEX J195736.1-003359,299.400549202792,-0.566506156256462,1,-999,22.73194,-999,2.932399,0.2512636,False,-99,0.001586142
6379395273987195920,0,8.10092043315727,GALEX J195720.6-003440,299.335872675606,-0.578050572355933,1,-999,22.21988,-999,4.699435,0.2608248,False,-99,0.001681892
6379395273987195577,0,8.11554470365427,GALEX J195804.4-003916,299.518712928134,-0.654561597714031,1,-999,21.615,-999,8.203545,0.2295005,False,-99,0.003538592
6379395273987195264,0,8.11678913088826,GALEX J195702.1-004338,299.25899320894,-0.727478642510158,1,-999,21.94331,-999,6.062856,0.2229303,False,-99,0.003590382
6379395273987195749,0,8.1204155528343,GALEX J195709.4-003643,299.289547567437,-0.612174064380916,1,-999,22.00137,-999,5.747145,0.2499622,False,-99,0.001904838
6379465565421965790,0,8.12253592969427,GALEX J195709.2-004718,299.288408936281,-0.788556824007771,1,-999,22.24764,-999,4.580836,0.2124728,False,-99,0.001855656
6379395279355907885,0,8.12653461679754,GALEX J195716.0-004849,299.316656059035,-0.813778522112851,1,-999,22.68425,-999,3.064079,0.2127302,False,-99,0.002393401
6379395279355908584,0,8.14071568365225,GALEX J195806.4-004130,299.527040532594,-0.691763951421806,1,-999,21.80558,-999,6.882854,0.2210848,False,-99,0.004234084
6379395273988249212,0,8.14202153537424,GALEX J195716.6-004856,299.319322011104,-0.815811832689225,2,21.90977,-999,6.253058,-999,0.2127302,False,0.001092148,-99
6379395273987195420,0,8.16160369328388,GALEX J195806.5-004130,299.527399134871,-0.691906602108891,1,-999,21.59066,-999,8.389459,0.2210848,False,-99,0.003753414
6379395273987195085,0,8.20540047430432,GALEX J195707.6-004657,299.282000345193,-0.782717220631723,1,-999,19.68483,-999,48.53663,0.2158594,False,-99,0.002321718
6379465565421965788,0,8.21405605773922,GALEX J195707.6-004657,299.281750149797,-0.782622621005813,1,-999,19.6377,-999,50.68948,0.2158594,False,-99,0.002977728
6379395279355907816,0,8.21511701874676,GALEX J195718.8-004921,299.328560469571,-0.822511402536823,1,-999,23.03293,-999,2.222434,0.2159201,False,-99,0.002155851
6379395279355908932,0,8.23127742416295,GALEX J195804.5-003858,299.518890341174,-0.649649033036561,1,-999,22.90375,-999,2.50322,0.2295005,False,-99,0.002125
6379395273987194931,0,8.24052914582935,GALEX J195734.0-005018,299.391923942224,-0.838341911503747,1,-999,22.54768,-999,3.47479,0.2213887,False,-99,0.001670856
6379395273987195101,0,8.26184544829233,GALEX J195706.5-004639,299.277171768084,-0.777509365078374,1,-999,22.07067,-999,5.391788,0.2158594,False,-99,0.002908398
6379395279355907730,0,8.27290610421986,GALEX J195739.5-005012,299.414946092016,-0.836902716207127,1,-999,21.78063,-999,7.042807,0.2244009,False,-99,0.001702653
6379395279355907956,0,8.29154679296074,GALEX J195756.7-004805,299.486644830274,-0.8013885131193,1,-999,22.43106,-999,3.868788,0.222057,False,-99,0.002467226
6379395273987195974,0,8.29532036645353,GALEX J195743.0-003404,299.429466395341,-0.568011672472662,1,-999,21.84113,-999,6.661123,0.2512636,False,-99,0.003517316
6379395273987195994,0,8.2957767464377,GALEX J195732.1-003346,299.384019094964,-0.562948690826303,1,-999,22.56558,-999,3.417962,0.2564977,False,-99,0.0025001
6379395279355907761,0,8.30212797716862,GALEX J195744.5-004955,299.435675637758,-0.832184917987009,1,-999,22.52286,-999,3.555132,0.2244009,False,-99,0.002745416
6379465565421965990,0,8.30582360920739,GALEX J195702.3-004434,299.259725113193,-0.742918551658726,1,-999,22.8895,-999,2.536305,0.2229303,False,-99,0.002125396
6379395273987195172,0,8.30600101023911,GALEX J195703.0-004505,299.262802001169,-0.75159999787922,1,-999,22.4674,-999,3.741454,0.2158594,False,-99,0.002134143
6379395273987194947,0,8.31021132003627,GALEX J195723.0-004954,299.345927470326,-0.831734565812588,1,-999,22.63154,-999,3.216493,0.2159201,False,-99,0.002574836
6379395273987194933,0,8.31759803051895,GALEX J195739.5-005015,299.414641830672,-0.837709841890331,1,-999,22.04535,-999,5.519011,0.2244009,False,-99,0.003719802
6379395273987195576,0,8.33084635614568,GALEX J195702.3-003928,299.259649063286,-0.657960301383772,1,-999,18.64963,-999,125.9352,0.2376381,False,-99,0.00153378
6379395273987194930,0,8.33518075888093,GALEX J195729.8-005019,299.374189568512,-0.838816122562745,1,-999,21.68579,-999,7.685731,0.2213887,False,-99,0.002532891
6379395279355907783,0,8.34224675910106,GALEX J195720.3-004940,299.334821709576,-0.827888292373302,1,-999,21.98726,-999,5.822288,0.2159201,False,-99,0.002803665
6379395273987194944,0,8.35093497201414,GALEX J195724.2-005002,299.350953429882,-0.834095563897762,1,-999,22.96294,-999,2.370403,0.2159201,False,-99,0.001254011
6379395279355907780,0,8.35461657490119,GALEX J195748.1-004938,299.450408794227,-0.827248803385571,1,-999,21.20106,-999,12.01088,0.2255409,False,-99,0.002676584
6379395273987194914,0,8.35946837252274,GALEX J195744.8-004958,299.436742763554,-0.832832542042974,1,-999,19.86806,-999,40.99912,0.2244009,False,-99,0.008958933
6379395279355908062,0,8.36267633938009,GALEX J195801.2-004654,299.505204511584,-0.781854982993425,1,-999,20.60824,-999,20.73498,0.2207703,False,-99,0.002000425
6379395273987195244,0,8.3697441711715,GALEX J195701.7-004417,299.257234216419,-0.738280399690372,1,-999,20.32402,-999,26.9396,0.2229303,False,-99,0.002141734
6379465565421965957,0,8.37066114093387,GALEX J195701.7-004417,299.257181359502,-0.738146732811811,1,-999,20.43933,-999,24.22519,0.2229303,False,-99,0.002478004
6379395273987194951,0,8.37153376200883,GALEX J195748.0-004939,299.45036938378,-0.827577992533574,1,-999,21.03791,-999,13.95837,0.2255409,False,-99,0.003635415
6379395273987195096,0,8.38448304104465,GALEX J195801.2-004656,299.505309375894,-0.78233360367927,1,-999,20.81444,-999,17.14848,0.2207703,False,-99,0.002365269
6379465565421965998,0,8.38836235817722,GALEX J195702.8-004509,299.261771924782,-0.752728146338864,1,-999,22.03174,-999,5.588593,0.2158594,False,-99,0.003463257
6379395279355907834,0,8.40940520822553,GALEX J195715.5-004905,299.314976715756,-0.818318382386154,1,-999,22.2966,-999,4.378834,0.2127302,False,-99,0.002876991
6379395273987195381,0,8.41954559421856,GALEX J195807.6-004209,299.531993411478,-0.702636442664367,1,-999,21.57211,-999,8.534092,0.2210848,False,-99,0.004496015
6379395273988249203,0,8.42048399949296,GALEX J195722.9-005000,299.345480793986,-0.8335253076623,2,21.72298,-999,7.426934,-999,0.2159201,False,0.002091208,-99
6379395279356958492,0,8.43532532098846,GALEX J195801.1-004703,299.504904138159,-0.784334444909733,2,21.91454,-999,6.225684,-999,0.2207703,False,0.002303937,-99
6379395279355907795,0,8.44584803301134,GALEX J195716.4-004916,299.318385117612,-0.821188624509177,1,-999,21.28656,-999,11.10137,0.2127302,False,-99,0.004947986
6379395279355908540,0,8.45255084752141,GALEX J195807.8-004209,299.532542648674,-0.702714629943661,1,-999,22.01539,-999,5.673396,0.2210848,False,-99,0.001680567
6379465565421965730,0,8.46294712254267,GALEX J195709.3-004750,299.288768408723,-0.797481165844287,1,-999,21.68792,-999,7.670611,0.2124728,False,-99,0.004002803
6379395273987195646,0,8.47254851103214,GALEX J195703.1-003832,299.263146141892,-0.642478481046634,1,-999,20.59426,-999,21.00372,0.2376381,False,-99,0.00367029
6379395273987195053,0,8.4832929455066,GALEX J195709.1-004750,299.288159702071,-0.797326371902283,1,-999,22.46302,-999,3.756582,0.2124728,False,-99,0.001846996
6379395273987195166,0,8.51334743226059,GALEX J195702.4-004514,299.260026493832,-0.75397341944308,1,-999,22.28098,-999,4.442306,0.2158594,False,-99,0.002620017
6379395273987196047,0,8.51455604282197,GALEX J195735.4-003333,299.397485859441,-0.559210080483456,1,-999,20.06694,-999,34.13692,0.2512636,False,-99,0.001724353
6379465565421965951,0,8.52467534829595,GALEX J195702.3-004515,299.259921488264,-0.754217893911785,1,-999,22.44115,-999,3.832988,0.2158594,False,-99,0.002993227
6379465565421965832,0,8.53002113897216,GALEX J195703.8-004603,299.26607448943,-0.767638268547689,1,-999,19.64772,-999,50.22401,0.2158594,False,-99,0.004878707
6379395273987195153,0,8.53286357466049,GALEX J195703.8-004604,299.266209868587,-0.767993384607965,1,-999,19.74661,-999,45.85169,0.2158594,False,-99,0.004652775
6379395279355907704,0,8.55688385000226,GALEX J195735.4-005036,299.397878721244,-0.843479398013419,1,-999,22.10023,-999,5.246956,0.2213887,False,-99,0.003019188
6379395273987194968,0,8.5673027402071,GALEX J195757.2-004821,299.488457622577,-0.805984069315146,1,-999,21.36383,-999,10.33872,0.222057,False,-99,0.005195239
6379395273987194923,0,8.56774437828182,GALEX J195728.3-005030,299.367932443681,-0.841809844491778,1,-999,22.36125,-999,4.125721,0.2213887,False,-99,0.002651796
6379395273989293192,0,8.59400231145283,GALEX J195736.2-003329,299.400899424037,-0.558064471387503,3,18.95744,19.25104,94.84732,72.37408,0.2512636,False,0.001219643,0.001485229
6379395279355907918,0,8.59649910059997,GALEX J195757.3-004822,299.48878562203,-0.806343554286711,1,-999,21.31022,-999,10.86202,0.222057,False,-99,0.004472358
6379395279355907751,0,8.62605731159051,GALEX J195720.7-005001,299.336564595662,-0.833790951716309,1,-999,22.42382,-999,3.894688,0.2159201,False,-99,0.001622806
6379395273987194922,0,8.65152346528236,GALEX J195745.3-005013,299.439025866141,-0.837194202928557,1,-999,21.36904,-999,10.28922,0.2244009,False,-99,0.003784578
6379465565421965917,0,8.65492629742072,GALEX J195702.4-004536,299.260045581449,-0.760045877819028,1,-999,22.66645,-999,3.114712,0.2158594,False,-99,0.002087512
6379395273987195727,0,8.66134113559339,GALEX J195802.8-003716,299.511968242336,-0.621200100950939,1,-999,21.18417,-999,12.19918,0.2377639,False,-99,0.003385536
6379395273987194924,0,8.70337956311384,GALEX J195742.3-005030,299.426474573014,-0.841818917779608,1,-999,22.2634,-999,4.514826,0.2244009,False,-99,0.002125374
6379395273987195925,0,8.70834849405319,GALEX J195715.7-003438,299.315704022819,-0.577323941474467,1,-999,22.73787,-999,2.916441,0.2568016,False,-99,0.0008915438
6379465565421965578,0,8.71192204512942,GALEX J195719.3-004957,299.330564211459,-0.832718727156787,1,-999,21.84981,-999,6.608087,0.2159201,False,-99,0.003150836
6379395279355908786,0,8.71294629583557,GALEX J195807.4-003934,299.53082578417,-0.659465789740269,1,-999,22.37868,-999,4.059994,0.2181209,False,-99,0.0016898
6379395279355907698,0,8.71327429278575,GALEX J195740.7-005036,299.41967792573,-0.843494632630528,1,-999,22.39646,-999,3.994057,0.2244009,False,-99,0.00311313
6379395273987195653,0,8.72116107316663,GALEX J195805.1-003808,299.521539930602,-0.635711141187073,1,-999,22.02463,-999,5.625342,0.2292811,False,-99,0.001419656
6379395279355908912,0,8.72213823978281,GALEX J195803.2-003717,299.513359292174,-0.621470023135701,1,-999,21.72982,-999,7.380258,0.2292811,False,-99,0.004619649
6379395279358005803,0,8.72613950960592,GALEX J195808.4-004036,299.535081931541,-0.676780873765341,3,18.38557,18.58414,160.6099,133.7647,0.2295005,False,0.001517157,0.001778458
6379395279355909415,0,8.72704518639635,GALEX J195805.1-003807,299.52148033574,-0.63537510743966,1,-999,21.5772,-999,8.494172,0.2292811,False,-99,0.004001451
6379395273987195543,0,8.72708463282406,GALEX J195807.4-003935,299.531159113423,-0.659760277832822,1,-999,22.24701,-999,4.583479,0.2181209,False,-99,0.002085273
6379395273989292650,0,8.7314770731326,GALEX J195808.4-004037,299.535207048261,-0.676988484875808,3,18.45047,18.69176,151.291,121.1418,0.2295005,False,0.001286976,0.001610395
6379395273987195008,0,8.7334969141231,GALEX J195710.5-004832,299.294026718056,-0.808959769852247,1,-999,22.25938,-999,4.531559,0.2124728,False,-99,0.003107867
6379395273987195966,0,8.73613089250915,GALEX J195719.9-003403,299.333058794381,-0.567712584399113,1,-999,22.87981,-999,2.559031,0.2572126,False,-99,0.002361536
6379395273988249252,0,8.73630474115664,GALEX J195808.8-004132,299.537021912877,-0.692292829392107,2,22.2316,-999,4.649028,-999,0.2210848,False,0.0009199025,-99
6379395273987195530,0,8.7630284007165,GALEX J195700.2-003943,299.250906764533,-0.662010327914703,1,-999,22.42542,-999,3.88896,0.2376381,False,-99,0.003305063
6379395273987195240,0,8.76476563716139,GALEX J195808.4-004345,299.535006578974,-0.729214703035587,1,-999,22.32913,-999,4.249605,0.2179613,False,-99,0.001619251
6379395279355908399,0,8.77268653173242,GALEX J195808.4-004344,299.535182639741,-0.729002840288976,1,-999,21.84405,-999,6.643217,0.2179613,False,-99,0.002088137
6379395273987194952,0,8.82066556226868,GALEX J195751.9-004939,299.466292174112,-0.827666050206237,1,-999,21.85126,-999,6.599237,0.2255409,False,-99,0.004498591
6379395279356958444,0,8.82103205163832,GALEX J195737.2-005050,299.405184911212,-0.847394494009603,2,21.86774,-999,6.49989,-999,0.2244009,False,0.002646669,-99
6379395279355907798,0,8.83800405661207,GALEX J195715.1-004932,299.313220973724,-0.825678297254926,1,-999,22.29772,-999,4.374349,0.2159201,False,-99,0.002275351
6379395279355907674,0,8.83924401967141,GALEX J195733.1-005053,299.387921432059,-0.848273128423747,1,-999,22.07007,-999,5.394772,0.2213887,False,-99,0.001707426
6379395273987194927,0,8.84091650845224,GALEX J195745.7-005024,299.440529899762,-0.840012336881512,1,-999,21.8658,-999,6.511465,0.2244009,False,-99,0.003474698
6379395273987196023,0,8.84131806721649,GALEX J195725.8-003327,299.357796366422,-0.557589656886449,1,-999,22.35542,-999,4.147953,0.2564977,False,-99,0.002700256
6379395273987195900,0,8.84907290111872,GALEX J195711.6-003511,299.298553772223,-0.586620026176928,1,-999,19.91373,-999,39.31023,0.2568016,False,-99,0.001705209
6379395273987195620,0,8.86070551988084,GALEX J195659.5-003956,299.248262621554,-0.665685373263304,1,-999,22.18308,-999,4.861462,0.2376381,False,-99,0.0028593
6379395279355907852,0,8.86221001899328,GALEX J195756.2-004857,299.484403650426,-0.815968194680365,1,-999,22.49663,-999,3.642077,0.222057,False,-99,0.002974989
6379395273987195695,0,8.8648958918079,GALEX J195703.1-003742,299.263013132072,-0.628336065510401,1,-999,20.34653,-999,26.38684,0.2499622,False,-99,0.003052439
6379395273989292542,0,8.86914310663069,GALEX J195658.5-004202,299.243836898916,-0.700681497509195,3,21.72369,21.55261,7.42206,8.6887,0.228789,False,0.001568476,0.00529482
6379395279355908185,0,8.87810788475034,GALEX J195806.2-004547,299.525941234845,-0.763192862229592,1,-999,21.92846,-999,6.146336,0.2207703,False,-99,0.00346357
6379395273988249246,0,8.88161716724512,GALEX J195809.5-004155,299.539689351391,-0.69887085792554,2,21.12071,-999,12.93356,-999,0.2210848,False,0.001679659,-99
6379395279355908535,0,8.89040556964202,GALEX J195809.5-004149,299.539799587383,-0.697092536427259,1,-999,18.62521,-999,128.8004,0.2210848,False,-99,0.00153306
6379395273987196016,0,8.89503164152552,GALEX J195724.6-003328,299.35278746736,-0.557937741003993,1,-999,22.4061,-999,3.958754,0.2572126,False,-99,0.00261412
6379395273987195418,0,8.89885001820955,GALEX J195809.5-004149,299.539943571892,-0.697215204305303,1,-999,18.68112,-999,122.3351,0.2210848,False,-99,0.001276935
6379395273987195697,0,8.90061544159553,GALEX J195805.1-003746,299.521639437623,-0.629479519858638,1,-999,21.10311,-999,13.14481,0.2292811,False,-99,0.004189644
6379395279355909328,0,8.90151654615967,GALEX J195805.1-003743,299.52128164472,-0.628802361991756,1,-999,20.91902,-999,15.57374,0.2292811,False,-99,0.004419811
6379395273987195023,0,8.90231250891489,GALEX J195758.9-004825,299.495524813135,-0.806969663810097,1,-999,21.96463,-999,5.944927,0.222057,False,-99,0.003965744
6379395279355908834,0,8.91280572649433,GALEX J195807.7-003911,299.532291633035,-0.653109272537397,1,-999,21.91894,-999,6.200481,0.2181209,False,-99,0.003927795
6379395279356958535,0,8.91432129457144,GALEX J195809.6-004155,299.540233993124,-0.698834653106383,2,21.86192,-999,6.534818,-999,0.2210848,False,0.001107949,-99
6379395273987195617,0,8.91565707540968,GALEX J195700.9-003843,299.253872021738,-0.645362605071707,1,-999,21.50933,-999,9.042072,0.2376381,False,-99,0.002277866
6379395279355908018,0,8.92890732342724,GALEX J195802.5-004726,299.510516149004,-0.790571965691021,1,-999,22.18257,-999,4.863745,0.2184184,False,-99,0.003654236
6379465565421966110,0,8.93944726458749,GALEX J195658.6-004323,299.244316855262,-0.723127843558252,1,-999,22.50041,-999,3.6294,0.2229303,False,-99,0.002484971
6379395279355909013,0,8.94790652878108,GALEX J195758.1-003527,299.492300776402,-0.590934779623059,1,-999,22.43308,-999,3.861589,0.2429901,False,-99,0.0008048028
6379395279355907900,0,8.95462265072192,GALEX J195758.9-004828,299.495668091418,-0.808047969086312,1,-999,22.42821,-999,3.878966,0.222057,False,-99,0.004247739
6379395273987194912,0,8.97104704688445,GALEX J195742.6-005046,299.427590098096,-0.846138592652976,1,-999,22.21713,-999,4.711358,0.2244009,False,-99,0.002990373
6379465565421965576,0,8.97278600248335,GALEX J195717.1-004958,299.321337330452,-0.832980334489439,1,-999,22.2558,-999,4.546535,0.2159201,False,-99,0.002544874
6379395273987194905,0,8.97579692097512,GALEX J195745.2-005035,299.438421086358,-0.843104080066194,1,-999,20.55964,-999,21.68422,0.2244009,False,-99,0.008221721
6379395273987194943,0,8.97794678070369,GALEX J195717.0-004958,299.321073377134,-0.832936922774425,1,-999,21.81895,-999,6.798597,0.2159201,False,-99,0.002042117
6379465565421965560,0,8.97901417762568,GALEX J195719.3-005015,299.330504098545,-0.837583343057085,1,-999,21.87839,-999,6.436395,0.2159201,False,-99,0.003009876
6379395279355907683,0,8.99440771314796,GALEX J195722.0-005032,299.342011421217,-0.842445581008446,1,-999,20.55404,-999,21.79635,0.2159201,False,-99,0.002714622
6379465565421966033,0,8.99848430437683,GALEX J195659.8-004454,299.24935158622,-0.748350617821284,1,-999,22.31293,-999,4.313487,0.2229303,False,-99,0.002522881
6379395273987195251,0,9.00191035148655,GALEX J195809.4-004336,299.539461518649,-0.726877137045877,1,-999,22.2007,-999,4.783221,0.2179613,False,-99,0.002837096
6379395279355908418,0,9.00268887584498,GALEX J195809.4-004336,299.539502465506,-0.726718005575167,1,-999,22.01511,-999,5.674866,0.2179613,False,-99,0.002341424
6379395273987194911,0,9.0032854090269,GALEX J195722.0-005033,299.341920422128,-0.842570446961069,1,-999,20.40826,-999,24.92837,0.2159201,False,-99,0.003470004
6379395279355908239,0,9.01092235291591,GALEX J195807.6-004515,299.532035349194,-0.754427124034305,1,-999,21.42642,-999,9.759629,0.2147644,False,-99,0.002794503
6379395273987195181,0,9.01822011111678,GALEX J195659.7-004455,299.249120296087,-0.748696730368979,1,-999,22.33994,-999,4.207474,0.2229303,False,-99,0.002773358
6379395273987195122,0,9.02194596112075,GALEX J195702.3-004624,299.259900460009,-0.773459692744532,1,-999,21.59343,-999,8.368123,0.2158594,False,-99,0.005614193
6379465565421965830,0,9.03189678563526,GALEX J195702.3-004623,299.259587638443,-0.773234246178625,1,-999,21.11253,-999,13.03131,0.2158594,False,-99,0.00554391
6379395279355908726,0,9.03592418381167,GALEX J195809.4-004019,299.53945263524,-0.671975483273333,1,-999,22.24508,-999,4.591645,0.2181209,False,-99,0.00288866
6379395273987195174,0,9.03677588873305,GALEX J195807.7-004518,299.532255578891,-0.755057426721633,1,-999,20.98657,-999,14.63423,0.2147644,False,-99,0.00334492
6379395273987195057,0,9.06551484575419,GALEX J195803.0-004729,299.512703993467,-0.791450096562999,1,-999,20.96139,-999,14.97767,0.2184184,False,-99,0.006881473
6379395273987195970,0,9.07250341966818,GALEX J195750.6-003359,299.460984931437,-0.566614191089296,1,-999,22.66031,-999,3.132381,0.2423637,False,-99,0.002340037
6379395273987195523,0,9.09196385066739,GALEX J195809.2-003951,299.538713319795,-0.664359576461972,1,-999,22.11085,-999,5.19587,0.2181209,False,-99,0.003204402
6379395279355908706,0,9.10318821900258,GALEX J195809.3-003949,299.538740013027,-0.663698551030009,1,-999,21.96815,-999,5.925675,0.2181209,False,-99,0.004150963
6379395273987195811,0,9.11837781969575,GALEX J195706.9-003556,299.278870593017,-0.599144864856879,1,-999,21.8467,-999,6.627035,0.249867,False,-99,0.002549137
6379395273987196002,0,9.12460691722932,GALEX J195719.6-003340,299.331734168559,-0.561229184545235,1,-999,22.55302,-999,3.457744,0.2572126,False,-99,0.002841607
6379395279355908021,0,9.129648148457,GALEX J195803.3-004729,299.513900785902,-0.791632598563734,1,-999,21.90083,-999,6.304756,0.2184184,False,-99,0.003134335
6379395279355908086,0,9.13087633360777,GALEX J195804.8-004657,299.520050707152,-0.782727863611362,1,-999,21.86438,-999,6.520021,0.2207703,False,-99,0.003168057
6379395279355907965,0,9.13454011594538,GALEX J195802.3-004750,299.509641460397,-0.797239591937936,1,-999,22.20515,-999,4.763624,0.2184184,False,-99,0.003413039
6379395279355908426,0,9.13666610593527,GALEX J195810.1-004321,299.542420613681,-0.722570205049077,1,-999,21.5663,-999,8.579843,0.2179613,False,-99,0.004213948
6379395273987195268,0,9.13737203708455,GALEX J195810.1-004324,299.542287720384,-0.723558957518093,1,-999,21.78547,-999,7.011515,0.2179613,False,-99,0.003985343
6379395279355907696,0,9.1388982503569,GALEX J195745.9-005041,299.441344677029,-0.844987485898871,1,-999,22.51656,-999,3.575823,0.2244009,False,-99,0.002548206
6379395279355908901,0,9.1429583987104,GALEX J195806.0-003740,299.525333316726,-0.627814615620735,1,-999,22.28255,-999,4.435874,0.2292811,False,-99,0.002232967
6379395279355908167,0,9.1531333747042,GALEX J195806.7-004610,299.527948814649,-0.769574176452983,1,-999,22.47635,-999,3.71075,0.2207703,False,-99,0.001538045
6379395273987195080,0,9.15358294243257,GALEX J195804.8-004658,299.520310234636,-0.783024859201913,1,-999,22.29935,-999,4.367764,0.2207703,False,-99,0.002996796
6379395279355907669,0,9.17295882159463,GALEX J195743.1-005056,299.429929826633,-0.849017914534259,1,-999,22.89301,-999,2.528118,0.2244009,False,-99,0.002544062
6379395273987195982,0,9.17400724442044,GALEX J195717.1-003354,299.321633592742,-0.565079374360063,1,-999,22.54912,-999,3.470169,0.2572126,False,-99,0.002509003
6379465565421965989,0,9.18133763682993,GALEX J195659.4-004509,299.247573546104,-0.752539663904095,1,-999,21.58255,-999,8.452419,0.2158594,False,-99,0.003665056
6379395273987195178,0,9.18665110527413,GALEX J195659.4-004510,299.247596309673,-0.752865282444478,1,-999,21.31053,-999,10.85891,0.2158594,False,-99,0.002867872
6379395273987195639,0,9.18825173952829,GALEX J195700.3-003822,299.251321599595,-0.639705115111756,1,-999,22.76384,-999,2.847498,0.2453221,False,-99,0.002469686
6379395273987195580,0,9.19383144682408,GALEX J195808.8-003908,299.536966103409,-0.652311059972635,1,-999,21.88031,-999,6.425027,0.2181209,False,-99,0.003158007
6379395279356958459,0,9.22053208893274,GALEX J195752.7-005000,299.469753941726,-0.833361789616782,2,21.80549,-999,6.883461,-999,0.2255409,False,0.003111978,-99
6379395279356958584,0,9.22278104009575,GALEX J195758.9-003515,299.495583768485,-0.587729099392926,2,21.82315,-999,6.772369,-999,0.2429901,False,0.002356734,-99
6379395279355908270,0,9.2271419226538,GALEX J195808.7-004510,299.53647645111,-0.752802933543339,1,-999,22.16245,-999,4.954716,0.2147644,False,-99,0.003047796
6379465565424062806,0,9.23236877964366,GALEX J195705.5-004757,299.273306042845,-0.79933620966847,3,21.83671,17.76501,6.688356,284.4427,0.2124728,False,0.002147553,0.001717042
6379395273988249233,0,9.23404831261003,GALEX J195700.1-004543,299.250407985486,-0.762112171653658,2,21.76843,-999,7.122439,-999,0.2158594,False,0.00211213,-99
6379395273987194993,0,9.23995368121952,GALEX J195705.5-004758,299.273243876593,-0.799459193457585,1,-999,17.78344,-999,279.6568,0.2124728,False,-99,0.00173537
6379465565421965518,0,9.24543676630534,GALEX J195721.3-005044,299.338771867099,-0.845729293237646,1,-999,22.40446,-999,3.964754,0.2159201,False,-99,0.002481351
6379395273989293057,0,9.26317230919844,GALEX J195804.9-003658,299.520775057708,-0.616334011870657,3,20.77405,15.65871,17.7984,1979.311,0.2292811,False,0.001675,0.001669784
6379395279355908792,0,9.26707282756246,GALEX J195809.1-003908,299.538292289396,-0.652429387331544,1,-999,22.56324,-999,3.425353,0.2181209,False,-99,0.002739605
6379395273987196057,0,9.26712542056833,GALEX J195720.6-003325,299.335842517467,-0.556987883238236,1,-999,21.25617,-999,11.41649,0.2572126,False,-99,0.00401551
6379395273987195337,0,9.26740596407785,GALEX J195811.0-004235,299.54587388894,-0.709979442419269,1,-999,19.94108,-999,38.33268,0.2210848,False,-99,0.001924525
6379395279358006095,0,9.2691712650213,GALEX J195804.9-003658,299.520787310173,-0.616170480661442,3,20.85018,15.72469,16.59313,1862.624,0.2292811,False,0.002662067,0.002275822
6379395273987195616,0,9.27059288470516,GALEX J195808.8-003853,299.53684732184,-0.648096279623408,1,-999,20.62506,-999,20.41625,0.2181209,False,-99,0.002373932
6379395279355908483,0,9.27203375144864,GALEX J195811.0-004234,299.545975943787,-0.70954281579528,1,-999,20.02759,-999,35.39678,0.2210848,False,-99,0.00210184
6379395273987195438,0,9.27229071100487,GALEX J195810.9-004113,299.545600004802,-0.687214009909006,1,-999,22.47452,-999,3.716989,0.2125131,False,-99,0.00321499
6379395279355908906,0,9.27607076044886,GALEX J195808.8-003852,299.536832743494,-0.647790454699875,1,-999,20.3098,-999,27.29468,0.2181209,False,-99,0.003492554
6379395273987195838,0,9.28192327868203,GALEX J195707.4-003534,299.280995508096,-0.592902108289449,1,-999,22.61024,-999,3.280233,0.249867,False,-99,0.0009482978
6379395273987195254,0,9.2858336237419,GALEX J195657.3-004333,299.238929499817,-0.726036747678162,1,-999,22.58857,-999,3.34636,0.2229303,False,-99,0.001774657
6379395279355908993,0,9.29495089518844,GALEX J195800.6-003533,299.502506806963,-0.592764363750122,1,-999,22.47521,-999,3.714628,0.2347145,False,-99,0.001821145
6379395279355907822,0,9.31407742839512,GALEX J195757.9-004912,299.491254426634,-0.820087436171913,1,-999,21.92627,-999,6.158739,0.222057,False,-99,0.003378071
6379395273987195054,0,9.32151274908866,GALEX J195803.1-004751,299.513306278321,-0.79765721262976,1,-999,22.14278,-999,5.045296,0.2184184,False,-99,0.001863841
6379395273987194997,0,9.32281575807806,GALEX J195759.1-004856,299.496356826274,-0.815825608616799,1,-999,22.72012,-999,2.964501,0.222057,False,-99,0.002066759
6379395279355909406,0,9.34191039663907,GALEX J195759.6-003515,299.498314079743,-0.587554876518437,1,-999,21.62621,-999,8.119213,0.2347145,False,-99,0.003881084
6379395273987195725,0,9.34224413106999,GALEX J195702.8-003653,299.261973417359,-0.614827852281153,1,-999,22.09651,-999,5.264957,0.2499622,False,-99,0.002800111
6379395273987194962,0,9.34353195214272,GALEX J195758.0-004913,299.49168908636,-0.820363830276682,1,-999,20.97818,-999,14.74781,0.222057,False,-99,0.005008285
6379395279355907721,0,9.35034449410051,GALEX J195752.5-005010,299.469044786476,-0.836275733603208,1,-999,19.93004,-999,38.72437,0.2255409,False,-99,0.001591955
6379395273987196072,0,9.36019816499471,GALEX J195730.6-003244,299.377736206593,-0.545619834484877,1,-999,22.53723,-999,3.508382,0.2564977,False,-99,0.00107244
6379395273987195989,0,9.36603368493728,GALEX J195716.0-003350,299.316728284144,-0.56406092168103,1,-999,22.60826,-999,3.286198,0.2572126,False,-99,0.001312476
6379395273987194921,0,9.36817613276787,GALEX J195752.6-005011,299.46915154953,-0.836557039796124,1,-999,19.96727,-999,37.41904,0.2255409,False,-99,0.00382805
6379465565421965902,0,9.36898814583927,GALEX J195659.6-004548,299.248489166014,-0.763340304042177,1,-999,22.59476,-999,3.327327,0.2158594,False,-99,0.0022546
6379465565423015617,0,9.3961108836113,GALEX J195658.4-004506,299.243484564987,-0.751692540446643,2,21.66939,-999,7.802711,-999,0.2158594,False,0.002188108,-99
6379395273987196094,0,9.39916513941469,GALEX J195732.2-003240,299.384494464837,-0.544511500613339,1,-999,22.1179,-999,5.162245,0.2564977,False,-99,0.004010823
6379395273987195853,0,9.40017365125791,GALEX J195800.5-003524,299.502469220694,-0.590231286358336,1,-999,22.71684,-999,2.973483,0.2347145,False,-99,0.001270502
6379395273987195020,0,9.40118415314338,GALEX J195706.3-004826,299.276556171171,-0.807313225439422,1,-999,22.23041,-999,4.654105,0.2124728,False,-99,0.00264905
6379395273987195792,0,9.41417832207111,GALEX J195803.3-003608,299.513769781149,-0.602454047804781,1,-999,22.16828,-999,4.92818,0.2347145,False,-99,0.001842403
6379395279355908852,0,9.4417535095724,GALEX J195807.3-003737,299.530646089626,-0.627173905845304,1,-999,22.2866,-999,4.419345,0.2292811,False,-99,0.003269334
6379395273988249206,0,9.44850361528789,GALEX J195710.9-004932,299.295449374253,-0.825668656848474,2,21.25772,-999,11.40022,-999,0.213397,False,0.002618657,-99
6379395273987196074,0,9.45028751333042,GALEX J195741.9-003249,299.424838914662,-0.547027623864142,1,-999,21.52403,-999,8.920443,0.2512636,False,-99,0.004248113
6379395279355907573,0,9.4517025177527,GALEX J195739.5-005124,299.414745822552,-0.856828881629669,1,-999,20.58966,-999,21.09288,0.2244009,False,-99,0.006234046
6379395273987195807,0,9.46405662187694,GALEX J195704.8-003600,299.27037710255,-0.600149396662589,1,-999,22.78926,-999,2.7816,0.249867,False,-99,0.002129252
6379395279355907606,0,9.46445903375396,GALEX J195727.8-005123,299.365942843766,-0.85662977092466,1,-999,22.11044,-999,5.197845,0.2213887,False,-99,0.003950621
6379395273987195918,0,9.46693315625763,GALEX J195758.0-003444,299.491696283023,-0.578973131233323,1,-999,21.68915,-999,7.661942,0.2429901,False,-99,0.003470625
6379395273987194982,0,9.46741814803842,GALEX J195709.2-004913,299.28865714167,-0.820535316094829,1,-999,22.48974,-999,3.665248,0.2124728,False,-99,0.002211357
6379395273987194886,0,9.46869969467389,GALEX J195739.7-005125,299.415449688909,-0.857009593573712,1,-999,20.61452,-999,20.61537,0.2244009,False,-99,0.003670281
6379395273987196042,0,9.47165239893608,GALEX J195746.1-003305,299.442424097766,-0.551520744722982,1,-999,22.58839,-999,3.346909,0.2423637,False,-99,0.002372703
6379395279355909314,0,9.47840878332089,GALEX J195803.5-003607,299.514880226042,-0.602126312611632,1,-999,21.14174,-999,12.68544,0.2347145,False,-99,0.004141428
6379395273987194897,0,9.49272951007386,GALEX J195741.9-005120,299.424691471054,-0.855727668254441,1,-999,21.27227,-999,11.24842,0.2244009,False,-99,0.005441599
6379395273987196028,0,9.50586976130452,GALEX J195749.0-003319,299.454383664958,-0.555509497006764,1,-999,22.2465,-999,4.58562,0.2423637,False,-99,0.002700267
6379395273987195121,0,9.50902381519783,GALEX J195808.5-004603,299.535516144829,-0.767541874066061,1,-999,22.59491,-999,3.326867,0.2207703,False,-99,0.002685684
6379395279355907581,0,9.52456234305591,GALEX J195741.8-005122,299.424299468501,-0.856352966471377,1,-999,20.9639,-999,14.94307,0.2244009,False,-99,0.003164439
6379395273987195032,0,9.55006659171457,GALEX J195704.6-004810,299.269347345335,-0.802857475978441,1,-999,22.37387,-999,4.078046,0.2124728,False,-99,0.001394687
6379395273987195294,0,9.57024175352641,GALEX J195811.9-004315,299.549934046982,-0.720920555568857,1,-999,20.61028,-999,20.69614,0.2179613,False,-99,0.002757807
6379395273987196116,0,9.58303269640475,GALEX J195737.4-003230,299.406061085113,-0.541932678057086,1,-999,22.00688,-999,5.718067,0.2512636,False,-99,0.003204413
6379395279355908336,0,9.59471485275296,GALEX J195812.0-004314,299.550365945731,-0.720754396145204,1,-999,20.79148,-999,17.51494,0.2179613,False,-99,0.005438878
6379395279355907713,0,9.59508557933546,GALEX J195753.1-005022,299.471473772349,-0.839584907477737,1,-999,22.21671,-999,4.713218,0.2255409,False,-99,0.003285705
6379395279355907938,0,9.61574431969355,GALEX J195803.5-004812,299.514853262562,-0.803526684119115,1,-999,23.05186,-999,2.184011,0.2184184,False,-99,0.002343695
6379395273987194896,0,9.62534340691334,GALEX J195745.9-005112,299.441612172083,-0.853450812440018,1,-999,20.03791,-999,35.062,0.2244009,False,-99,0.005237026
6379395273987194938,0,9.63138892853228,GALEX J195754.8-005010,299.478342106381,-0.836116263336781,1,-999,22.5203,-999,3.563518,0.2255409,False,-99,0.002253896
6379395279355907622,0,9.63288246222901,GALEX J195745.9-005112,299.441636625251,-0.853575023255563,1,-999,21.40604,-999,9.944535,0.2244009,False,-99,0.002404476
6379395279355907844,0,9.64972249830402,GALEX J195801.2-004854,299.505013084774,-0.815108351746882,1,-999,21.46971,-999,9.378127,0.222057,False,-99,0.003599644
6379395273987194984,0,9.65659416154087,GALEX J195801.2-004854,299.505178621391,-0.815105306425162,1,-999,21.16098,-999,12.46256,0.222057,False,-99,0.004624858
6379395273987194934,0,9.65934598876818,GALEX J195713.0-005010,299.304317576988,-0.836236841591064,1,-999,22.54179,-999,3.493694,0.213397,False,-99,0.00309185
6379395273987195942,0,9.6778162955175,GALEX J195710.5-003421,299.293962927863,-0.572657236456279,1,-999,22.23422,-999,4.637812,0.2568016,False,-99,0.00211744
6379395273987194986,0,9.68227317750928,GALEX J195800.3-004909,299.501419307369,-0.81930956342641,1,-999,22.46783,-999,3.739954,0.222057,False,-99,0.002100011
6379395279355907833,0,9.68417888613959,GALEX J195800.2-004911,299.500997140695,-0.819742912209366,1,-999,22.42237,-999,3.899863,0.222057,False,-99,0.002544859
6379395273987196077,0,9.68432997662911,GALEX J195724.5-003240,299.352198710766,-0.544493767715407,1,-999,22.32404,-999,4.269555,0.2564977,False,-99,0.002627568
6379395273987194954,0,9.69068450557493,GALEX J195757.7-004943,299.490651295514,-0.82863121910696,1,-999,22.56865,-999,3.408302,0.2256743,False,-99,0.002513796
6379395273987195758,0,9.69529284354472,GALEX J195701.6-003642,299.25687947649,-0.611862171162288,1,-999,20.02439,-999,35.50142,0.2499622,False,-99,0.001939888
6379465565421965962,0,9.69618468941844,GALEX J195656.4-004429,299.235179742195,-0.741389082781743,1,-999,22.39377,-999,4.003971,0.2229303,False,-99,0.002341366
6379395273987195922,0,9.70441994570246,GALEX J195759.8-003449,299.499508308823,-0.580453021829548,1,-999,21.20337,-999,11.98539,0.2347145,False,-99,0.002413645
6379465565421965919,0,9.70531030828245,GALEX J195657.8-004535,299.241012306862,-0.759921051465015,1,-999,22.56286,-999,3.426533,0.2158594,False,-99,0.002678163
6379395279358006367,0,9.71443379817727,GALEX J195803.3-003541,299.51382843342,-0.594734454586453,3,19.33304,19.70569,67.10966,47.61268,0.2347145,False,0.00288402,0.002619527
6379395273989292998,0,9.71985659161985,GALEX J195803.3-003541,299.514110589605,-0.59492157146659,3,19.51872,19.68714,56.56033,48.43324,0.2347145,False,0.00192822,0.001816625
6379395273987195851,0,9.72502175320562,GALEX J195705.5-003526,299.272966006425,-0.590623045456066,1,-999,22.22078,-999,4.695554,0.249867,False,-99,0.002679417
6379395279356958428,0,9.73539853738232,GALEX J195740.3-005139,299.418029195783,-0.861101107485071,2,22.2929,-999,4.393834,-999,0.2371444,False,0.00103648,-99
6379395279356958450,0,9.74020992811978,GALEX J195753.1-005032,299.471602128157,-0.84229660719437,2,21.0982,-999,13.20454,-999,0.2255409,False,0.001744383,-99
6379395279355908541,0,9.74761867011017,GALEX J195812.9-004202,299.554138633442,-0.700597971842989,1,-999,20.41449,-999,24.78589,0.2125131,False,-99,0.00272059
6379395279355907575,0,9.75274216308778,GALEX J195730.6-005146,299.377658891958,-0.862941113980018,1,-999,22.02092,-999,5.644598,0.2341105,False,-99,0.003106681
6379395273987195370,0,9.75383689761966,GALEX J195813.0-004203,299.554242781104,-0.701026262944983,1,-999,20.55649,-999,21.74722,0.2125131,False,-99,0.002279857
6379395279355908681,0,9.76149719122485,GALEX J195811.9-003943,299.549676414275,-0.662205451946493,1,-999,22.03102,-999,5.592309,0.2181209,False,-99,0.002921094
6379395273987196046,0,9.76396169174381,GALEX J195749.2-003304,299.455219803525,-0.551188740926357,1,-999,22.19394,-999,4.813088,0.2423637,False,-99,0.002624701
6379395273987196024,0,9.76637143364597,GALEX J195751.5-003319,299.464633783006,-0.55549589024965,1,-999,22.48197,-999,3.691577,0.2423637,False,-99,0.001313339
6379465565421965665,0,9.77338934629291,GALEX J195705.7-004849,299.274135306351,-0.81379136383597,1,-999,22.47652,-999,3.710158,0.2124728,False,-99,0.001050028
6379395273988249318,0,9.78254847434815,GALEX J195706.3-003507,299.276535664649,-0.585547082628775,2,21.69638,-999,7.611158,-999,0.249867,False,0.001685175,-99
6379395273987195983,0,9.78267787756833,GALEX J195712.4-003353,299.301891357821,-0.564893670128553,1,-999,22.06347,-999,5.427645,0.2528415,False,-99,0.003400681
6379395273988249215,0,9.79085682291787,GALEX J195703.9-004819,299.266349832663,-0.805529570773542,2,21.85714,-999,6.563636,-999,0.2124728,False,0.002294099,-99
6379465565421965588,0,9.80488894621779,GALEX J195710.0-004949,299.291713292695,-0.83028848833641,1,-999,22.16553,-999,4.940671,0.213397,False,-99,0.001687954
6379395273987196061,0,9.82912301716607,GALEX J195753.7-003333,299.473937335899,-0.559335144849593,1,-999,18.56222,-999,136.4936,0.2423637,False,-99,0.001323752
6379395273987195624,0,9.85643170696218,GALEX J195657.2-003829,299.238501543072,-0.641589825177238,1,-999,22.47686,-999,3.708987,0.2376381,False,-99,0.001918929
6379395273988249323,0,9.86355681681141,GALEX J195758.5-003420,299.494112733885,-0.572426926772673,2,22.19873,-999,4.791927,-999,0.2347145,False,0.001125598,-99
6379395273988249218,0,9.89577876070566,GALEX J195702.5-004804,299.260716102074,-0.801283045432349,2,21.87576,-999,6.452066,-999,0.2124728,False,0.002095783,-99
6379395279356958424,0,9.89735355245178,GALEX J195738.0-005154,299.408692030463,-0.865075098066903,2,21.89575,-999,6.334339,-999,0.2341105,False,0.00273515,-99
6379395273987195004,0,9.90662687718421,GALEX J195704.2-004836,299.267686938952,-0.810055785585046,1,-999,21.5364,-999,8.81945,0.2124728,False,-99,0.003602269
6379395273987196087,0,9.90921169865204,GALEX J195719.0-003252,299.329367383008,-0.548045920027217,1,-999,21.9075,-999,6.26614,0.2572126,False,-99,0.003394487
6379465565421965655,0,9.90960603581231,GALEX J195704.1-004834,299.267265488187,-0.809650354840084,1,-999,21.10361,-999,13.13877,0.2124728,False,-99,0.004983937
6379465565421965927,0,9.91404102598204,GALEX J195656.3-004508,299.234649667328,-0.752496702374019,1,-999,21.18165,-999,12.22757,0.2158594,False,-99,0.004582833
6379395273987195827,0,9.9274089202967,GALEX J195804.7-003545,299.519565670287,-0.59602427525894,1,-999,21.62048,-999,8.16223,0.2347145,False,-99,0.002642097
6379465565421965800,0,9.93064864864386,GALEX J195659.8-004708,299.249490949425,-0.785754351645112,1,-999,22.55806,-999,3.441711,0.2124728,False,-99,0.003011485
6379395279356958544,0,9.94458460352785,GALEX J195813.5-004105,299.55663057422,-0.684824193064709,2,20.9646,-999,14.93355,-999,0.2125131,False,0.004114992,-99
6379395273987196003,0,9.94894858401279,GALEX J195709.9-003407,299.291462256684,-0.568881884404965,1,-999,22.71816,-999,2.969849,0.2568016,False,-99,0.0030216
6379395279356958427,0,9.95705381332015,GALEX J195723.6-005140,299.348601512034,-0.861266773024093,2,22.10105,-999,5.243033,-999,0.2291863,False,0.001689389,-99
6379465565421965628,0,9.9605574635784,GALEX J195706.8-004920,299.278417056005,-0.822391440203551,1,-999,22.7148,-999,2.97906,0.213397,False,-99,0.000951794
6379395279355908966,0,9.96107409966969,GALEX J195804.7-003543,299.519796070639,-0.595421094197713,1,-999,22.10484,-999,5.224746,0.2347145,False,-99,0.002990837
6379395273988249335,0,10.0056654686855,GALEX J195719.8-003242,299.332603773936,-0.545047280142911,2,22.13686,-999,5.072937,-999,0.2572126,False,0.00242933,-99
6379395279355907744,0,10.0069043693011,GALEX J195758.6-004956,299.49431039144,-0.832462183214705,1,-999,22.03796,-999,5.556691,0.2256743,False,-99,0.003773265
6379395279355909006,0,10.0074090686425,GALEX J195801.2-003444,299.505391152871,-0.578986417789597,1,-999,22.77675,-999,2.813846,0.2347145,False,-99,0.001385729
6379395273987195046,0,10.0351760982128,GALEX J195701.5-004758,299.256459653723,-0.799466982130457,1,-999,22.24381,-999,4.596991,0.2124728,False,-99,0.001259227
6379465565421965737,0,10.046927649421,GALEX J195701.5-004758,299.256285705668,-0.799560850287911,1,-999,22.51726,-999,3.573513,0.2124728,False,-99,0.002685805
6379395273988249280,0,10.0516110633575,GALEX J195655.5-003906,299.23153868385,-0.651726787241281,2,21.47728,-999,9.312997,-999,0.2376381,False,0.003110311,-99
6379395273987196022,0,10.0603463526202,GALEX J195712.2-003335,299.301137625415,-0.559863414087575,1,-999,22.1691,-999,4.924453,0.2528415,False,-99,0.003495318
6379395273987195340,0,10.0859976442334,GALEX J195653.6-004228,299.223692042174,-0.707810788320634,1,-999,21.24036,-999,11.5839,0.228789,False,-99,0.004186148
6379395273987195190,0,10.088038352117,GALEX J195812.8-004445,299.553665657623,-0.746050479447465,1,-999,23.11877,-999,2.053487,0.2179613,False,-99,0.002070394
6379465565421966078,0,10.0895274778354,GALEX J195653.6-004227,299.223629482557,-0.707719447962792,1,-999,21.75777,-999,7.192693,0.228789,False,-99,0.002276557
6379395273987195211,0,10.1019928032426,GALEX J195654.7-004424,299.227916471042,-0.74020981699234,1,-999,22.59076,-999,3.33961,0.2229303,False,-99,0.001824519
6379395279355908349,0,10.1122349912783,GALEX J195813.4-004420,299.555856766411,-0.739087716172753,1,-999,22.13722,-999,5.07119,0.2179613,False,-99,0.002577056
6379395279355907632,0,10.1148074572551,GALEX J195717.8-005119,299.324330626497,-0.855550817841135,1,-999,22.28657,-999,4.419502,0.2159201,False,-99,0.002810573
6379395273987195258,0,10.135947423556,GALEX J195653.8-004328,299.22436990028,-0.724543546957004,1,-999,22.51404,-999,3.584114,0.2229303,False,-99,0.002444874
6379395273987194891,0,10.1372959352915,GALEX J195728.2-005205,299.367565170381,-0.868227379180249,1,-999,23.05121,-999,2.185332,0.2291863,False,-99,0.00267484
6379395273987194916,0,10.1464187124417,GALEX J195758.7-005006,299.494743430999,-0.835068134616143,1,-999,21.82327,-999,6.771626,0.2256743,False,-99,0.004421575
6379395279358005633,0,10.1505851972314,GALEX J195814.4-004111,299.560241160204,-0.686596251670636,3,20.51991,19.50937,22.49255,57.04942,0.2125131,False,0.005211843,0.01369746
6379465565421965642,0,10.1805593313773,GALEX J195704.3-004902,299.26812491671,-0.817318793690197,1,-999,21.34367,-999,10.53247,0.2124728,False,-99,0.002621322
6379395279355908868,0,10.1823899581735,GALEX J195814.3-004042,299.559895421575,-0.678561552603765,1,-999,21.88381,-999,6.404367,0.2125131,False,-99,0.002202574
6379395273987196124,0,10.1941607379577,GALEX J195745.2-003215,299.438434286276,-0.537659964780169,1,-999,21.37151,-999,10.2659,0.2423637,False,-99,0.001130346
6379465565421966061,0,10.1963108770461,GALEX J195655.1-004511,299.229969121576,-0.753318405926595,1,-999,21.75731,-999,7.195718,0.2158594,False,-99,0.002766573
6379395279355909378,0,10.2016455295708,GALEX J195808.9-003648,299.537401576737,-0.613401713733884,1,-999,22.55258,-999,3.459134,0.2292811,False,-99,0.002713362
6379395273987194972,0,10.2079371380547,GALEX J195704.2-004903,299.267802716584,-0.817642257508467,1,-999,21.36269,-999,10.34963,0.2124728,False,-99,0.004388293
6379395273987195735,0,10.2112479569556,GALEX J195809.0-003648,299.537653132912,-0.613509807923116,1,-999,22.23933,-999,4.616036,0.2292811,False,-99,0.001243879
6379395279358004701,0,10.2148754906906,GALEX J195719.7-005137,299.332133174502,-0.860501660146754,3,21.66848,21.1117,7.809276,13.0413,0.2291863,False,0.00241353,0.005330817
6379395273987196045,0,10.2168042844297,GALEX J195714.1-003308,299.308819355354,-0.552230209737592,1,-999,21.74963,-999,7.246812,0.2572126,False,-99,0.002610859
6379465565424062577,0,10.2171626399394,GALEX J195719.7-005137,299.332080927008,-0.860522844612132,3,21.57032,21.02874,8.548182,14.07685,0.2291863,False,0.002288865,0.005140558
6379395273987195362,0,10.2173844216687,GALEX J195814.8-004220,299.561907964317,-0.705567567167551,1,-999,21.55114,-999,8.700488,0.2125131,False,-99,0.004062015
6379395273987194882,0,10.2175366613401,GALEX J195719.6-005137,299.331723223531,-0.860395460608253,1,-999,20.8343,-999,16.83758,0.2291863,False,-99,0.005649584
6379395273987195422,0,10.2181450422879,GALEX J195653.2-004122,299.221735915155,-0.689567361091229,1,-999,21.69901,-999,7.592701,0.228789,False,-99,0.003548283
6379465565421965756,0,10.2181922322116,GALEX J195700.2-004748,299.250897504834,-0.796867692800982,1,-999,22.49644,-999,3.642706,0.2124728,False,-99,0.0023585
6379395279355907565,0,10.2202973781204,GALEX J195750.0-005127,299.458577041783,-0.85764918014137,1,-999,20.24231,-999,29.0454,0.2255409,False,-99,0.003330606
6379465565421966025,0,10.2231444747128,GALEX J195654.4-004440,299.226903482376,-0.744459342285836,1,-999,21.92091,-999,6.189209,0.2229303,False,-99,0.003620245
6379465565421965892,0,10.224162375928,GALEX J195656.2-004558,299.234184263911,-0.766118682763144,1,-999,22.29113,-999,4.400948,0.2192073,False,-99,0.002573383
6379395279355908532,0,10.2247341940674,GALEX J195814.8-004218,299.562043496465,-0.705054185901248,1,-999,22.23933,-999,4.616006,0.2125131,False,-99,0.001695414
6379395273987195204,0,10.2258886204471,GALEX J195654.4-004442,299.227045290392,-0.745170218350273,1,-999,21.46859,-999,9.387765,0.2229303,False,-99,0.003093142
6379395273987194892,0,10.2262713918103,GALEX J195750.0-005127,299.458533962507,-0.857775820125447,1,-999,20.21337,-999,29.8299,0.2255409,False,-99,0.005115619
6379395273988249222,0,10.2280893597285,GALEX J195807.7-004750,299.532273987767,-0.797396879132988,2,21.73034,-999,7.376786,-999,0.2184184,False,0.001224205,-99
6379395279355907765,0,10.2285125425833,GALEX J195800.2-004954,299.501069072314,-0.831748066783077,1,-999,22.05967,-999,5.446655,0.2256743,False,-99,0.003045138
6379465565421966207,0,10.2302328575609,GALEX J195653.0-004220,299.221212349691,-0.70561268738353,1,-999,22.03852,-999,5.553821,0.228789,False,-99,0.003362252
6379395279355907528,0,10.2464531113026,GALEX J195728.4-005212,299.368626680377,-0.870213158244007,1,-999,22.76008,-999,2.857384,0.2291863,False,-99,0.002340256
6379395273987196135,0,10.2465538979724,GALEX J195746.5-003218,299.443797447676,-0.538374329141352,1,-999,21.47628,-999,9.321513,0.2423637,False,-99,0.002105782
6379395273987195052,0,10.2502262982416,GALEX J195807.7-004752,299.53243492168,-0.797814303393244,1,-999,22.95602,-999,2.385569,0.2184184,False,-99,0.001219316
6379395279358005121,0,10.2537726350847,GALEX J195807.8-004751,299.532597960656,-0.797681368137176,3,21.4654,21.88683,9.415455,6.38657,0.2184184,False,0.002685296,0.002264673
6379395273987194941,0,10.2559790712117,GALEX J195800.2-004956,299.501190188173,-0.832243422868491,1,-999,21.67262,-999,7.779519,0.2256743,False,-99,0.003999919
6379395279355907570,0,10.2606999118481,GALEX J195721.5-005150,299.339679647617,-0.863919751161678,1,-999,22.12531,-999,5.127159,0.2291863,False,-99,0.001945786
6379395273987195711,0,10.2668278249799,GALEX J195810.3-003717,299.543242283023,-0.621578163264145,1,-999,22.59736,-999,3.319374,0.2292811,False,-99,0.001075852
6379395279355908098,0,10.2859295693446,GALEX J195810.3-004654,299.54289907953,-0.7817562723496,1,-999,22.41952,-999,3.910143,0.2207703,False,-99,0.003024275
6379395273989292851,0,10.289870356375,GALEX J195811.1-003737,299.546490399058,-0.627214199826569,3,20.82275,21.17275,17.0177,12.32818,0.2292811,False,0.004018735,0.003494327
6379465565424062963,0,10.2986892850359,GALEX J195657.0-004636,299.237653612562,-0.776801530882584,3,21.14514,19.8961,12.64574,39.95389,0.2192073,False,0.001867653,0.004451419
6379395279356958541,0,10.3011333809027,GALEX J195815.1-004123,299.562998571413,-0.689791402655881,2,22.31987,-999,4.286005,-999,0.2125131,False,0.002151264,-99
6379395273989292263,0,10.3050711473793,GALEX J195657.0-004636,299.237595774288,-0.776924842951356,3,20.67179,19.96005,19.55626,37.66843,0.2192073,False,0.003494024,0.003534473
6379395279358006077,0,10.3063005450087,GALEX J195811.2-003736,299.546656366557,-0.626926181393326,3,20.22284,21.22916,29.571,11.70403,0.2292811,False,0.003186231,0.004914226
6379395273987194946,0,10.3160730445477,GALEX J195706.5-004946,299.277452116194,-0.829525712035617,1,-999,22.10875,-999,5.205931,0.213397,False,-99,0.003160925
6379395273988249250,0,10.3328391698774,GALEX J195815.3-004139,299.563765447573,-0.694362374183969,2,20.87766,-999,16.17845,-999,0.2125131,False,0.003248533,-99
6379395279355907507,0,10.3394612304378,GALEX J195730.6-005221,299.377850814862,-0.872769733389561,1,-999,22.33098,-999,4.242374,0.2341105,False,-99,0.002339857
6379395273988249196,0,10.3457317212833,GALEX J195744.8-005202,299.436750031985,-0.867431922424977,2,21.6862,-999,7.682858,-999,0.2371444,False,0.002580726,-99
6379395279356958563,0,10.3503099876742,GALEX J195815.0-004040,299.562641775002,-0.677983087277907,2,20.36647,-999,25.90679,-999,0.2125131,False,0.004233914,-99
6379395273987194887,0,10.3580020263706,GALEX J195728.6-005219,299.369538192895,-0.872209528762436,1,-999,22.36754,-999,4.101897,0.2291863,False,-99,0.002151662
6379395273987194991,0,10.3818651861333,GALEX J195703.3-004904,299.264113034499,-0.817930286471246,1,-999,22.77443,-999,2.819872,0.2124728,False,-99,0.002390642
6379395279355907681,0,10.3892105776653,GALEX J195756.3-005049,299.484724590555,-0.847027208632874,1,-999,22.78585,-999,2.790356,0.2255409,False,-99,0.0008978862
6379395273987195497,0,10.3960049199772,GALEX J195815.3-004059,299.564020570091,-0.683116148811064,1,-999,19.90125,-999,39.76473,0.2125131,False,-99,0.01592353
6379395273987195701,0,10.3991206547732,GALEX J195656.6-003728,299.236044791761,-0.624681976217205,1,-999,21.71168,-999,7.504594,0.2453221,False,-99,0.002615757
6379465565421966114,0,10.4006469929018,GALEX J195652.3-004206,299.218310923921,-0.701686936674353,1,-999,22.27035,-999,4.486016,0.228789,False,-99,0.003155644
6379395279355907523,0,10.4033059340852,GALEX J195747.4-005154,299.447778064909,-0.86505989633315,1,-999,19.35834,-999,65.5638,0.2371444,False,-99,0.001632829
6379465565421965575,0,10.4054829035863,GALEX J195706.8-004957,299.278599102478,-0.832507234439641,1,-999,22.11379,-999,5.18182,0.213397,False,-99,0.003142932
6379395279358005685,0,10.4114847572725,GALEX J195815.6-004143,299.5651120378,-0.695342493838021,3,20.33942,20.38498,26.56033,25.46872,0.2125131,False,0.005408497,0.01084684
6379465565421966111,0,10.4277021720276,GALEX J195652.5-004308,299.218783519213,-0.718908684383382,1,-999,21.93839,-999,6.090346,0.2229303,False,-99,0.002810456
6379395273987194883,0,10.4291547133933,GALEX J195747.5-005155,299.448051015032,-0.865421809604583,1,-999,19.0605,-999,86.2577,0.2371444,False,-99,0.007405941
6379395279355907964,0,10.4374620246444,GALEX J195808.2-004800,299.534552092974,-0.800239837980837,1,-999,22.48411,-999,3.684314,0.2184184,False,-99,0.003242364
6379395273987195289,0,10.4401564113695,GALEX J195652.4-004308,299.21858740777,-0.719029907940461,1,-999,22.04573,-999,5.517036,0.2229303,False,-99,0.00209928
6379395273987195034,0,10.4517184207668,GALEX J195659.9-004807,299.249837269608,-0.802152822003793,1,-999,22.21661,-999,4.713649,0.2139253,False,-99,0.002805388
6379395279355907525,0,10.4576767838517,GALEX J195721.2-005201,299.338471932849,-0.866980312644043,1,-999,21.14511,-999,12.64603,0.2291863,False,-99,0.00523726
6379395273987194917,0,10.4614837146794,GALEX J195758.4-005033,299.493319813651,-0.842665986727586,1,-999,22.34982,-999,4.16939,0.2256743,False,-99,0.002808619
6379395273987195433,0,10.4666708041825,GALEX J195815.8-004132,299.565903558013,-0.692231792064427,1,-999,19.18473,-999,76.93199,0.2125131,False,-99,0.02446492
6379465565421965805,0,10.4701552377262,GALEX J195654.4-004532,299.227049808882,-0.758938275425341,1,-999,19.46762,-999,59.28592,0.2192073,False,-99,0.007160057
6379395279355908225,0,10.4746134737737,GALEX J195813.5-004532,299.556329284533,-0.759032033413392,1,-999,22.19858,-999,4.792576,0.2147644,False,-99,0.00301901
6379395279355908969,0,10.4757555466691,GALEX J195808.4-003606,299.535357754046,-0.60180684226665,1,-999,22.29287,-999,4.393934,0.2347145,False,-99,0.002025219
6379465565421965928,0,10.4769376067805,GALEX J195654.0-004515,299.225351960253,-0.75424000590789,1,-999,21.39453,-999,10.05049,0.2192073,False,-99,0.004409616
6379395273987195163,0,10.4803293301255,GALEX J195654.4-004531,299.2268342898,-0.758836502359675,1,-999,20.05197,-999,34.61076,0.2192073,False,-99,0.002464836
6379465565421965421,0,10.4839978835993,GALEX J195721.3-005203,299.338980639176,-0.867602611059186,1,-999,21.71274,-999,7.497269,0.2291863,False,-99,0.002760731
6379395273987195319,0,10.4882126117676,GALEX J195815.7-004306,299.565607219495,-0.718481574766138,1,-999,21.64181,-999,8.003397,0.2089544,False,-99,0.007039529
6379395273987195826,0,10.4912533298186,GALEX J195808.5-003605,299.53556367507,-0.601650461203091,1,-999,21.39746,-999,10.02344,0.2347145,False,-99,0.004402119
6379395273987194901,0,10.5083549378378,GALEX J195715.4-005129,299.314218535,-0.858088056402251,1,-999,22.55285,-999,3.458264,0.2234415,False,-99,0.001247382
6379395279355908464,0,10.5269696791416,GALEX J195815.9-004302,299.566372766895,-0.717278183194407,1,-999,22.30334,-999,4.351725,0.2089544,False,-99,0.003121593
6379395273987194950,0,10.5290437579829,GALEX J195704.8-004939,299.270111645541,-0.827576728041488,1,-999,21.67931,-999,7.731737,0.213397,False,-99,0.004174967
6379395279355908947,0,10.5300110482271,GALEX J195813.8-003836,299.557482948459,-0.643475549821366,1,-999,22.51319,-999,3.586946,0.2181209,False,-99,0.00218229
6379395273988249286,0,10.5370190817331,GALEX J195813.4-003820,299.556017319763,-0.639081629287321,2,21.55004,-999,8.70939,-999,0.2292811,False,0.003042671,-99
6379395273987194888,0,10.545267746707,GALEX J195721.2-005206,299.338477384839,-0.868514369773996,1,-999,21.89299,-999,6.350425,0.2291863,False,-99,0.004082498
6379395279355908905,0,10.5466730515789,GALEX J195812.9-003759,299.553804264758,-0.633082182955942,1,-999,22.45995,-999,3.767205,0.2292811,False,-99,0.002231704
6379395279355907482,0,10.5510456753298,GALEX J195737.0-005235,299.404309979088,-0.876395744811645,1,-999,22.30011,-999,4.364729,0.2341105,False,-99,0.00267584
6379395273987195871,0,10.5543247119263,GALEX J195806.4-003518,299.526990717817,-0.588605871192043,1,-999,21.86389,-999,6.522952,0.2347145,False,-99,0.001964327
6379395279358005681,0,10.558320702139,GALEX J195815.9-004047,299.566387765853,-0.679949584879739,3,20.60955,20.04743,20.71005,34.75587,0.2125131,False,0.0022136,0.00954067
6379395279355909197,0,10.5608535067088,GALEX J195806.5-003519,299.527150391014,-0.588627856955467,1,-999,22.33657,-999,4.220581,0.2347145,False,-99,0.001688595
6379395273987195872,0,10.5653609056189,GALEX J195701.4-003518,299.256162738468,-0.588534560445451,1,-999,22.0832,-999,5.329922,0.249867,False,-99,0.002194471
6379395273987196199,0,10.5709451658741,GALEX J195739.2-003134,299.413641828128,-0.526193269717565,1,-999,21.38555,-999,10.13401,0.2426967,False,-99,0.003642298
6379395279356958571,0,10.5862252113515,GALEX J195816.1-004056,299.567135654275,-0.682421314336696,2,21.03185,-999,14.03656,-999,0.2125131,False,0.002376156,-99
6379395279355908051,0,10.5874165951992,GALEX J195810.8-004716,299.545287815676,-0.787842290770761,1,-999,22.58224,-999,3.365904,0.2184184,False,-99,0.002348734
6379395273987195102,0,10.58876627239,GALEX J195655.7-004637,299.23236381728,-0.776972489971695,1,-999,21.39419,-999,10.05362,0.2192073,False,-99,0.003098127
6379395273987196193,0,10.5939678304125,GALEX J195733.3-003128,299.388923670533,-0.524455174868313,1,-999,22.21766,-999,4.709056,0.2426967,False,-99,0.003675384
6379395273987195557,0,10.5954351575502,GALEX J195653.0-003918,299.221088691667,-0.655267442390903,1,-999,22.57426,-999,3.390738,0.2389785,False,-99,0.00130903
6379395279355908072,0,10.6056034525691,GALEX J195812.2-004639,299.550952050085,-0.777658415678369,1,-999,20.28074,-999,28.03509,0.2147644,False,-99,0.003798382
6379395273987194884,0,10.6072314205924,GALEX J195722.2-005215,299.342773459681,-0.870892956072315,1,-999,20.14771,-999,31.68961,0.2291863,False,-99,0.005261439
6379395273987195801,0,10.612436008071,GALEX J195658.9-003603,299.245781932189,-0.600976076525405,1,-999,22.58269,-999,3.364523,0.249867,False,-99,0.00283886
6379395279355907469,0,10.6197267074835,GALEX J195734.6-005240,299.394155255523,-0.877977952584805,1,-999,22.06266,-999,5.431697,0.2341105,False,-99,0.002730208
6379395273987195039,0,10.619991105558,GALEX J195812.2-004640,299.551119589413,-0.777863197727967,1,-999,20.52944,-999,22.29587,0.2147644,False,-99,0.005012309
6379395279355907527,0,10.6219953050299,GALEX J195748.4-005202,299.451836047463,-0.867496545948287,1,-999,21.89891,-999,6.315885,0.2371444,False,-99,0.003851189
6379395279355907477,0,10.6302691221805,GALEX J195722.3-005217,299.343296222813,-0.871441660202299,1,-999,19.43317,-999,61.19735,0.2291863,False,-99,0.002649288
6379395279355907499,0,10.641601618597,GALEX J195743.5-005225,299.43151250032,-0.873827051587601,1,-999,22.78836,-999,2.783914,0.2371444,False,-99,0.001657787
6379395279356958409,0,10.6432957367753,GALEX J195735.8-005241,299.399303688505,-0.878223820676112,2,22.26449,-999,4.510305,-999,0.2341105,False,0.002824884,-99
6379465565421965363,0,10.6453994344057,GALEX J195722.3-005217,299.342964244633,-0.871609373721572,1,-999,19.63728,-999,50.70931,0.2291863,False,-99,0.002823299
6379465565421965820,0,10.6513504341092,GALEX J195655.5-004638,299.231380042119,-0.777332942396111,1,-999,20.75076,-999,18.1843,0.2192073,False,-99,0.005359902
6379395279355907520,0,10.6813996355628,GALEX J195745.8-005219,299.441160329128,-0.872006274163272,1,-999,22.36216,-999,4.122269,0.2371444,False,-99,0.002229558
6379395273988249294,0,10.6950099807844,GALEX J195813.4-003754,299.555962938638,-0.631837064025104,2,21.88369,-999,6.405086,-999,0.2292811,False,0.002160551,-99
6379395273989293428,0,10.7116733271784,GALEX J195746.1-003147,299.442151903764,-0.529758229947055,3,17.65051,16.99001,316.0802,580.7588,0.2351269,False,0.001297548,0.001541541
6379395273987194910,0,10.7159151767212,GALEX J195706.3-005015,299.276639185755,-0.837632811661956,1,-999,19.24607,-999,72.70651,0.213397,False,-99,0.002892766
6379465565421965438,0,10.7213665545544,GALEX J195706.4-005015,299.276666089729,-0.837774175528377,1,-999,19.21947,-999,74.50987,0.213397,False,-99,0.002552892
6379465565421966102,0,10.723687420303,GALEX J195651.4-004322,299.214280879274,-0.722974613754006,1,-999,22.52768,-999,3.539388,0.2256246,False,-99,0.002729354
6379465565421965521,0,10.7283923946081,GALEX J195707.9-005035,299.283081547766,-0.843067580193883,1,-999,22.26673,-999,4.501006,0.213397,False,-99,0.002786346
6379465565421966149,0,10.735438965279,GALEX J195651.1-004236,299.212967698446,-0.710236528419895,1,-999,22.16627,-999,4.937316,0.228789,False,-99,0.002742359
6379395279355908824,0,10.7386789324303,GALEX J195815.6-003925,299.565151209188,-0.656949353753347,1,-999,22.95236,-999,2.393631,0.2181209,False,-99,0.002194737
6379395279356958476,0,10.7438067773244,GALEX J195807.4-004848,299.531124499911,-0.813332688980382,2,21.67384,-999,7.77079,-999,0.2184184,False,0.002807371,-99
6379395273987195779,0,10.7532560153483,GALEX J195810.2-003615,299.542625029919,-0.60438386206665,1,-999,22.37417,-999,4.076897,0.2347145,False,-99,0.002441409
6379395273987194915,0,10.7538250419236,GALEX J195707.7-005034,299.282363668435,-0.843051301266456,1,-999,22.08871,-999,5.302933,0.213397,False,-99,0.003267305
6379395273987195368,0,10.7622112506134,GALEX J195650.9-004153,299.212305363777,-0.698174552879101,1,-999,23.15563,-999,1.984943,0.228789,False,-99,0.001509189
6379395279355907526,0,10.7640494811575,GALEX J195749.6-005205,299.456698331366,-0.868201478730789,1,-999,22.23655,-999,4.627842,0.2387851,False,-99,0.002946889
6379395273987196133,0,10.7684632383137,GALEX J195716.9-003210,299.320460791835,-0.536253608124543,1,-999,21.76856,-999,7.121596,0.2572126,False,-99,0.001733687
6379395273987195159,0,10.768868037578,GALEX J195652.9-004521,299.220788604976,-0.75594440454435,1,-999,22.41168,-999,3.93846,0.2192073,False,-99,0.00290088
6379395273987196214,0,10.7791291441934,GALEX J195732.1-003117,299.383879033381,-0.521516698317347,1,-999,21.98882,-999,5.813982,0.2426967,False,-99,0.003639216
6379465565421965926,0,10.7804009120336,GALEX J195653.0-004527,299.221145366391,-0.757654319503164,1,-999,21.38272,-999,10.16046,0.2192073,False,-99,0.004150781
6379395279355907890,0,10.7807055461841,GALEX J195808.5-004831,299.535449874105,-0.808769756885111,1,-999,20.43523,-999,24.3168,0.2184184,False,-99,0.005974771
6379465565421966159,0,10.7849679402222,GALEX J195650.8-004226,299.212014545824,-0.707313516586727,1,-999,20.9419,-999,15.24893,0.228789,False,-99,0.004405933
6379395279355908881,0,10.7854302580136,GALEX J195814.0-003802,299.558492170522,-0.634024838741003,1,-999,22.16275,-999,4.953335,0.2292811,False,-99,0.003031491
6379395279358005691,0,10.7873904279266,GALEX J195817.0-004120,299.571076564425,-0.689116731814475,3,20.38133,20.64487,25.55469,20.04707,0.2125131,False,0.00514905,0.009630076
6379395273987195336,0,10.7884688890485,GALEX J195650.8-004227,299.211964284233,-0.707540866033672,1,-999,21.01465,-999,14.26069,0.228789,False,-99,0.001345416
6379395279355907462,0,10.795520409005,GALEX J195740.5-005243,299.418826835859,-0.878863976222853,1,-999,22.63624,-999,3.202613,0.2371444,False,-99,0.002389558
6379395279355907460,0,10.8036635204972,GALEX J195724.6-005236,299.352810422382,-0.876819408879676,1,-999,21.34785,-999,10.49198,0.2291863,False,-99,0.002345813
6379395273987195293,0,10.8043719672908,GALEX J195651.1-004323,299.212945280902,-0.723132260493771,1,-999,21.60789,-999,8.257402,0.2256246,False,-99,0.004556874
6379395273987196070,0,10.8113634202016,GALEX J195712.0-003245,299.300002331679,-0.545865007256766,1,-999,22.3738,-999,4.078312,0.2528415,False,-99,0.002894944
6379395273987195907,0,10.8170687932069,GALEX J195806.0-003447,299.525170258079,-0.579832685762157,1,-999,22.64452,-999,3.178285,0.2347145,False,-99,0.002627784
6379395273987196213,0,10.8218936222246,GALEX J195753.0-003220,299.470826442135,-0.538932228227041,1,-999,18.29211,-999,175.047,0.2423637,False,-99,0.001442726
6379465565421965332,0,10.824237039667,GALEX J195724.8-005238,299.353682667603,-0.877360642074311,1,-999,20.64763,-999,19.99624,0.2291863,False,-99,0.006168703
6379395273987195164,0,10.8371854844798,GALEX J195653.1-004540,299.221377876285,-0.76124905906943,1,-999,21.82786,-999,6.743014,0.2192073,False,-99,0.004757869
6379395279355908277,0,10.8414381272543,GALEX J195815.6-004504,299.56525425565,-0.751212506168617,1,-999,21.82946,-999,6.733085,0.2147644,False,-99,0.002091973
6379395279355907697,0,10.844560947831,GALEX J195800.2-005041,299.501018131785,-0.8449178821029,1,-999,22.88923,-999,2.536936,0.2256743,False,-99,0.002422825
6379395273987195977,0,10.8511603420373,GALEX J195802.9-003357,299.512065453599,-0.566042228552065,1,-999,22.78011,-999,2.805154,0.2347488,False,-99,0.002197078
6379395273987195590,0,10.8520138492395,GALEX J195651.6-003942,299.215062375255,-0.661908161773872,1,-999,20.27496,-999,28.18484,0.2389785,False,-99,0.002272955
6379395273987194890,0,10.8525638027872,GALEX J195754.8-005135,299.478413483373,-0.859721582395353,1,-999,20.73548,-999,18.44197,0.2387851,False,-99,0.006357993
6379395279355907444,0,10.8914232166177,GALEX J195727.3-005249,299.363945697932,-0.880394971736075,1,-999,22.33601,-999,4.222742,0.2291863,False,-99,0.002104555
6379395273987196216,0,10.8945945058536,GALEX J195731.4-003111,299.38086516307,-0.519744949086119,1,-999,22.64755,-999,3.169423,0.2426967,False,-99,0.00135613
6379395279355907426,0,10.8961052248891,GALEX J195734.1-005257,299.392285059566,-0.882600701066859,1,-999,20.93912,-999,15.28805,0.2341105,False,-99,0.002267959
6379395279355907502,0,10.9059902600457,GALEX J195754.8-005138,299.478390034748,-0.860748306065219,1,-999,20.601,-999,20.87375,0.2387851,False,-99,0.006597152
6379465565421965815,0,10.9241190115111,GALEX J195655.0-004659,299.229241892927,-0.783289834171525,1,-999,22.63148,-999,3.216684,0.2192073,False,-99,0.002430078
6379395279355907869,0,10.9254011795928,GALEX J195808.2-004851,299.53432371854,-0.814178201289,1,-999,22.22442,-999,4.679838,0.2184184,False,-99,0.002712351
6379395279355907450,0,10.9261241811233,GALEX J195725.4-005246,299.356049095467,-0.879585539096433,1,-999,22.33789,-999,4.215461,0.2291863,False,-99,0.002152822
6379465565421965842,0,10.928290098565,GALEX J195654.1-004631,299.225431641107,-0.775463547254146,1,-999,22.39765,-999,3.989707,0.2192073,False,-99,0.002627434
6379395279355907618,0,10.9286151690139,GALEX J195756.1-005128,299.484140119099,-0.857928437378932,1,-999,23.15301,-999,1.989734,0.2255409,False,-99,0.001791253
6379395273987195881,0,10.946071788491,GALEX J195700.2-003504,299.251178198151,-0.584604816282109,1,-999,22.20518,-999,4.763499,0.249867,False,-99,0.002083137
6379395273987194889,0,10.9460929133497,GALEX J195716.9-005208,299.320738879146,-0.869085344623129,1,-999,22.1653,-999,4.94174,0.2234415,False,-99,0.002611232
6379395273987195003,0,10.9647101737243,GALEX J195808.4-004851,299.535155437253,-0.814182930945351,1,-999,22.17524,-999,4.896721,0.2184184,False,-99,0.002552383
6379395279355908152,0,10.9738671489363,GALEX J195815.7-004525,299.565801949927,-0.75697690654861,1,-999,16.89805,-999,632.093,0.2147644,False,-99,0.001346592
6379465565421965889,0,10.9755734483184,GALEX J195652.6-004545,299.219455227206,-0.762725724064948,1,-999,20.71642,-999,18.76862,0.2192073,False,-99,0.003824915
6379395279355907493,0,10.9890813609947,GALEX J195716.9-005211,299.32064985316,-0.869825302325942,1,-999,22.14455,-999,5.0371,0.2234415,False,-99,0.003995836
6379395273987195120,0,10.9902530514249,GALEX J195815.8-004526,299.56600281941,-0.757244134906382,1,-999,16.87576,-999,645.2037,0.2147644,False,-99,0.001758745
6379395273987196053,0,10.9981699628825,GALEX J195709.4-003255,299.289504513187,-0.548802527950032,1,-999,22.64663,-999,3.172119,0.2528415,False,-99,0.002297666
6379395273987195985,0,11.004536786338,GALEX J195704.5-003353,299.268908724578,-0.564723902115355,1,-999,22.66471,-999,3.119736,0.247838,False,-99,0.002109064
6379395273987195570,0,11.0197799321369,GALEX J195816.6-003916,299.569403716327,-0.654674399439159,1,-999,22.3856,-999,4.034208,0.2181209,False,-99,0.001207622
6379465565421965855,0,11.034358867624,GALEX J195653.4-004624,299.222675741381,-0.773582432603298,1,-999,22.54129,-999,3.495288,0.2192073,False,-99,0.002623185
6379395273988249347,0,11.0350907702003,GALEX J195725.3-003114,299.355786236512,-0.520615303161721,2,22.03261,-999,5.584161,-999,0.2470419,False,0.001761361,-99
6379395273987196231,0,11.0416188708564,GALEX J195733.7-003101,299.390669321963,-0.51697572111448,1,-999,22.44697,-999,3.81252,0.2426967,False,-99,0.002603312
6379395273987195516,0,11.0444808035576,GALEX J195817.4-004003,299.572699775896,-0.667605737630338,1,-999,21.88088,-999,6.42164,0.2181209,False,-99,0.00364713
6379395273988249202,0,11.0479048967276,GALEX J195703.4-005001,299.26419706641,-0.833886884216243,2,21.39361,-999,10.05909,-999,0.2137382,False,0.002664259,-99
6379395273987196172,0,11.0530222573184,GALEX J195716.8-003152,299.3201827959,-0.531216114581313,1,-999,22.07457,-999,5.37244,0.2474077,False,-99,0.003545462
6379395279355907787,0,11.0567938436784,GALEX J195806.1-004939,299.525625794804,-0.827559206383001,1,-999,22.60456,-999,3.297434,0.2223547,False,-99,0.002852201
6379395273987196120,0,11.0599115753157,GALEX J195712.8-003220,299.303579711067,-0.539074595790868,1,-999,21.80917,-999,6.860109,0.2572126,False,-99,0.003521877
6379395279355907635,0,11.0716172042025,GALEX J195758.4-005117,299.493427410786,-0.854937853538754,1,-999,22.39762,-999,3.98982,0.2256743,False,-99,0.002141227
6379395273987194936,0,11.0739189076189,GALEX J195803.9-005013,299.516345251319,-0.837097074871477,1,-999,22.82682,-999,2.687026,0.2256743,False,-99,0.001550395
6379395279356958430,0,11.0765216235427,GALEX J195711.6-005137,299.298451788382,-0.860351733247673,2,21.31852,-999,10.7794,-999,0.2234415,False,0.002909887,-99
6379395273987195813,0,11.0891102628739,GALEX J195812.4-003631,299.551758502544,-0.60863205836559,1,-999,18.34444,-999,166.8104,0.2170719,False,-99,0.00457879
6379465565421965577,0,11.0950291322785,GALEX J195702.8-004957,299.26180651115,-0.832657590374782,1,-999,22.79828,-999,2.758596,0.2137382,False,-99,0.002058947
6379395279355908891,0,11.0983374354156,GALEX J195812.4-003630,299.551804998997,-0.608405094018918,1,-999,18.32803,-999,169.3511,0.2170719,False,-99,0.004164922
6379395273987195221,0,11.1027685760222,GALEX J195650.4-004416,299.210300758439,-0.737792238967776,1,-999,21.72982,-999,7.380262,0.2256246,False,-99,0.002748211
6379465565421965371,0,11.1097570291348,GALEX J195719.8-005235,299.332700518431,-0.876524499092494,1,-999,22.60433,-999,3.298129,0.2291863,False,-99,0.001096278
6379395273987195226,0,11.1106625461313,GALEX J195817.6-004406,299.573677297464,-0.735177749317346,1,-999,22.95811,-999,2.38099,0.2089544,False,-99,0.002163248
6379465565421966013,0,11.1108884922638,GALEX J195650.4-004415,299.210116074748,-0.737561682117779,1,-999,21.07315,-999,13.51264,0.2256246,False,-99,0.004747935
6379395279355908823,0,11.1214940360064,GALEX J195816.3-003841,299.568311735191,-0.644799458859811,1,-999,22.60571,-999,3.293923,0.2069256,False,-99,0.001367744
6379395279355907416,0,11.1225133071578,GALEX J195739.3-005306,299.414074006056,-0.885016250914409,1,-999,20.16821,-999,31.09686,0.2341105,False,-99,0.002051948
6379395273987195968,0,11.1269649350354,GALEX J195703.2-003401,299.26343219393,-0.567024529512131,1,-999,22.58631,-999,3.353341,0.247838,False,-99,0.001966492
6379395273987195943,0,11.1423211923834,GALEX J195701.8-003421,299.257539565016,-0.572553013467078,1,-999,22.60623,-999,3.29236,0.249867,False,-99,0.002377565
6379465565421966019,0,11.1490101662898,GALEX J195649.7-004328,299.207355813108,-0.724720552297017,1,-999,22.11124,-999,5.194035,0.2256246,False,-99,0.00227207
6379395273987195265,0,11.1661326457992,GALEX J195649.6-004328,299.207058852785,-0.724648743961114,1,-999,21.97922,-999,5.865605,0.2256246,False,-99,0.004213371
6379395273988249199,0,11.1663601077014,GALEX J195759.4-005114,299.497513123999,-0.854081812031925,2,21.36889,-999,10.29067,-999,0.2256743,False,0.003130713,-99
6379395279355907799,0,11.1704761798924,GALEX J195807.9-004919,299.533055755209,-0.822134832082033,1,-999,21.55648,-999,8.657775,0.2184184,False,-99,0.004815564
6379395273987194894,0,11.1740271623259,GALEX J195756.7-005140,299.486463217013,-0.861306934458493,1,-999,22.5712,-999,3.400309,0.2387851,False,-99,0.002972849
6379395279355909053,0,11.1830701612568,GALEX J195805.4-003406,299.522656797825,-0.568399541777056,1,-999,22.07097,-999,5.39029,0.2347488,False,-99,0.002723318
6379395273987196076,0,11.1927898011076,GALEX J195758.8-003245,299.495366116295,-0.54592808317588,1,-999,22.27652,-999,4.460579,0.2347488,False,-99,0.003594827
6379395273987196147,0,11.1949401452094,GALEX J195753.7-003200,299.474066827817,-0.533596372816908,1,-999,22.24169,-999,4.605994,0.2347488,False,-99,0.002363642
6379395273987194885,0,11.2065093380168,GALEX J195713.4-005200,299.305826545481,-0.866884950682935,1,-999,20.97142,-999,14.83989,0.2234415,False,-99,0.005484832
6379395279355907670,0,11.2100826513034,GALEX J195801.3-005056,299.505630037501,-0.849060605130136,1,-999,22.50362,-999,3.618681,0.2256743,False,-99,0.001959797
6379395273987194942,0,11.2218607546281,GALEX J195806.0-004955,299.525137054887,-0.832032252025747,1,-999,21.99576,-999,5.776905,0.2223547,False,-99,0.003497571
6379395273987196102,0,11.2336947181507,GALEX J195710.6-003228,299.294165110923,-0.541159499375183,1,-999,22.83096,-999,2.676804,0.2528415,False,-99,0.002543658
6379395279355908762,0,11.2362809304284,GALEX J195817.8-003936,299.574454630097,-0.660209875412503,1,-999,22.67613,-999,3.087081,0.2069256,False,-99,0.002440768
6379465565421965326,0,11.237006052511,GALEX J195725.7-005306,299.357164234984,-0.885078505001883,1,-999,22.2501,-999,4.570435,0.2291863,False,-99,0.002154795
6379465565421966148,0,11.2374648403615,GALEX J195649.1-004247,299.204751372443,-0.71308063772082,1,-999,22.45732,-999,3.776359,0.2256246,False,-99,0.002743193
6379395273987196191,0,11.2395139502742,GALEX J195717.6-003135,299.323385463076,-0.526561017581717,1,-999,21.14112,-999,12.69264,0.2474077,False,-99,0.002291081
6379395279355907588,0,11.2416926851283,GALEX J195757.4-005139,299.489405763416,-0.860853677328769,1,-999,22.18791,-999,4.839873,0.2387851,False,-99,0.002997396
6379395273987195197,0,11.265402653459,GALEX J195650.3-004452,299.209841306855,-0.747876516957144,1,-999,21.74169,-999,7.300023,0.2256246,False,-99,0.003330959
6379395279355907382,0,11.2665896518564,GALEX J195732.1-005319,299.383839750473,-0.888613333744036,1,-999,21.83271,-999,6.712985,0.2341105,False,-99,0.002885909
6379465565421965944,0,11.2680921358944,GALEX J195650.3-004452,299.209805494723,-0.747917162348463,1,-999,21.85317,-999,6.587639,0.2256246,False,-99,0.003066478
6379395279355907519,0,11.2708662823174,GALEX J195713.2-005203,299.30506483827,-0.86769828800093,1,-999,20.97223,-999,14.82884,0.2234415,False,-99,0.003191772
6379395273987196048,0,11.2732321220375,GALEX J195800.9-003300,299.503774809805,-0.550219130675603,1,-999,22.57206,-999,3.397628,0.2347488,False,-99,0.001518339
6379465565421965375,0,11.2756346601139,GALEX J195713.2-005204,299.305077381735,-0.867794350511818,1,-999,20.55686,-999,21.73982,0.2234415,False,-99,0.002260437
6379395273987196122,0,11.2834114951147,GALEX J195756.5-003216,299.485460924954,-0.537999836170298,1,-999,22.13206,-999,5.095363,0.2347488,False,-99,0.003530972
6379395279355909424,0,11.2882825566685,GALEX J195808.8-003453,299.536902739527,-0.581396256332268,1,-999,21.22539,-999,11.74473,0.2257226,False,-99,0.002157356
6379395273987195927,0,11.2905180794546,GALEX J195808.8-003453,299.537048592733,-0.581514876735608,1,-999,21.09338,-999,13.26312,0.2257226,False,-99,0.00222491
6379395279355907413,0,11.2909250110867,GALEX J195745.3-005259,299.438785228841,-0.88318881365088,1,-999,22.77171,-999,2.826929,0.2371444,False,-99,0.00119572
6379395273987195618,0,11.2931895097336,GALEX J195817.0-003835,299.570842516508,-0.643318648935261,1,-999,22.55892,-999,3.438993,0.2069256,False,-99,0.00218565
6379465565421965661,0,11.2978714827336,GALEX J195658.0-004854,299.241861843052,-0.815098788898804,1,-999,22.49121,-999,3.660301,0.2139253,False,-99,0.002888886
6379395273987196141,0,11.31623941708,GALEX J195712.3-003207,299.301242060964,-0.535483192690086,1,-999,22.14472,-999,5.036319,0.2572126,False,-99,0.003097545
6379395279355907859,0,11.3180243568965,GALEX J195810.3-004847,299.543311649546,-0.813207438332733,1,-999,20.74558,-999,18.27129,0.2184184,False,-99,0.005414123
6379395273987196155,0,11.3181177618889,GALEX J195755.1-003202,299.479641858328,-0.534133151374395,1,-999,21.16747,-999,12.38832,0.2347488,False,-99,0.004320401
6379395279356958446,0,11.3296207316378,GALEX J195802.6-005049,299.511160005687,-0.847217633987691,2,22.00535,-999,5.726135,-999,0.2256743,False,0.001555224,-99
6379395273987194975,0,11.3373147258033,GALEX J195810.4-004848,299.543441862972,-0.813571781147035,1,-999,20.50913,-999,22.71678,0.2184184,False,-99,0.005811043
6379395273987196211,0,11.3433240770213,GALEX J195720.1-003115,299.33410967275,-0.520918028105329,1,-999,22.59213,-999,3.335396,0.2474077,False,-99,0.002483569
6379465565423015616,0,11.3472603689987,GALEX J195649.8-004441,299.207713265331,-0.744969199390254,2,21.6893,-999,7.660935,-999,0.2256246,False,0.000803454,-99
6379395279355907612,0,11.3507163660133,GALEX J195759.4-005127,299.497863613468,-0.85756579017002,1,-999,22.28109,-999,4.441833,0.2256743,False,-99,0.002870204
6379395273987195082,0,11.3833620218021,GALEX J195652.7-004654,299.21994739272,-0.781697802377507,1,-999,22.60028,-999,3.310471,0.2192073,False,-99,0.002265344
6379395273987194893,0,11.3866429829609,GALEX J195759.4-005130,299.497499014061,-0.858534284622402,1,-999,21.8529,-999,6.589283,0.2256743,False,-99,0.004073184
6379395273987196210,0,11.4031158582595,GALEX J195717.8-003123,299.324396429189,-0.523250255305573,1,-999,20.91475,-999,15.635,0.2474077,False,-99,0.003671711
6379395273987196263,0,11.421137556547,GALEX J195731.4-003039,299.380875671664,-0.510953787567198,1,-999,21.54268,-999,8.768522,0.2426967,False,-99,0.003819999
6379395279356958425,0,11.4221315563141,GALEX J195710.4-005151,299.293701816858,-0.864232924813452,2,21.78272,-999,7.029329,-999,0.2234415,False,0.002072508,-99
6379395279356958593,0,11.4305281552357,GALEX J195816.6-003757,299.569538198282,-0.632738652027404,2,21.46317,-999,9.434859,-999,0.2170719,False,0.001732147,-99
6379465565421965445,0,11.43903468622,GALEX J195710.2-005150,299.292737521115,-0.863980057037899,1,-999,22.22152,-999,4.692369,0.2234415,False,-99,0.00213296
6379465565421965423,0,11.4395451669119,GALEX J195711.5-005201,299.29814626507,-0.867151935045235,1,-999,22.74781,-999,2.88986,0.2234415,False,-99,0.001932995
6379395273987195990,0,11.4406227596165,GALEX J195806.6-003403,299.527845430949,-0.567525804487831,1,-999,21.2992,-999,10.97284,0.2347488,False,-99,0.002526332
6379395279355907399,0,11.4462493336366,GALEX J195727.8-005324,299.365923833277,-0.890026298397289,1,-999,20.83948,-999,16.75745,0.2291863,False,-99,0.005097537
6379395279355909046,0,11.4631596776026,GALEX J195806.5-003358,299.527177315722,-0.566314300127628,1,-999,22.02925,-999,5.601418,0.2347488,False,-99,0.003256037
6379395279355907430,0,11.4769041791787,GALEX J195719.2-005255,299.330086042314,-0.882100127649677,1,-999,22.61258,-999,3.273153,0.2234415,False,-99,0.002578963
6379395273988249342,0,11.4875187374659,GALEX J195756.0-003159,299.483645230135,-0.533079351900234,2,21.75339,-999,7.221788,-999,0.2347488,False,0.002169292,-99
6379395273987194899,0,11.5078949804593,GALEX J195800.6-005126,299.502609777564,-0.857462387945441,1,-999,22.67128,-999,3.100902,0.2256743,False,-99,0.00326432
6379395273987194929,0,11.5105779251123,GALEX J195805.5-005026,299.52318716858,-0.840675410245427,1,-999,22.93698,-999,2.427774,0.2256743,False,-99,0.001070715
6379395273987196302,0,11.5113679777029,GALEX J195733.7-003032,299.390528702305,-0.509147241516417,1,-999,21.93709,-999,6.09766,0.2426967,False,-99,0.004046096
6379395279355907446,0,11.5121292516329,GALEX J195752.4-005236,299.468490218924,-0.876820674890433,1,-999,21.64383,-999,7.988544,0.2387851,False,-99,0.002731435
6379395273987196278,0,11.5206479000279,GALEX J195730.1-003034,299.375741083008,-0.509650709419813,1,-999,22.52705,-999,3.541435,0.2426967,False,-99,0.002495705
6379395279355907378,0,11.5208237715202,GALEX J195746.3-005309,299.443202311718,-0.885969892893737,1,-999,22.49379,-999,3.651619,0.2371444,False,-99,0.001793036
6379395279355907644,0,11.5215691779915,GALEX J195802.3-005108,299.509690251887,-0.852482819974265,1,-999,22.98698,-999,2.31851,0.2256743,False,-99,0.001488259
6379395273987194949,0,11.5262057827946,GALEX J195659.8-004948,299.249384344626,-0.830085595466978,1,-999,22.45427,-999,3.786981,0.2137382,False,-99,0.002553508
6379395279355907574,0,11.5282215982463,GALEX J195759.6-005138,299.498393252983,-0.860775454449738,1,-999,21.6911,-999,7.648242,0.2373658,False,-99,0.004371625
6379465565423015605,0,11.5341680553161,GALEX J195650.3-004549,299.209977660924,-0.763842929714001,2,21.07958,-999,13.43295,-999,0.2192073,False,0.002196693,-99
6379395273987195160,0,11.5373120057618,GALEX J195649.7-004522,299.207453515535,-0.756189535155497,1,-999,21.80402,-999,6.892739,0.2192073,False,-99,0.004130264
6379465565421965334,0,11.5434306878348,GALEX J195719.2-005259,299.330227453956,-0.883318558410433,1,-999,22.56379,-999,3.423609,0.2234415,False,-99,0.002205385
6379395279355908505,0,11.5662247452802,GALEX J195820.2-004233,299.584275943696,-0.70922901556646,1,-999,22.67311,-999,3.09567,0.2125131,False,-99,0.002182045
6379465565421965510,0,11.5666002707886,GALEX J195703.9-005050,299.266249635742,-0.847411385034716,1,-999,22.27748,-999,4.456618,0.2137382,False,-99,0.002233014
6379395279355907652,0,11.5675260531696,GALEX J195803.4-005059,299.514298747016,-0.84977140026902,1,-999,22.37568,-999,4.071269,0.2256743,False,-99,0.002965832
6379395279355907557,0,11.5689308303455,GALEX J195758.2-005155,299.492625889672,-0.865277109739396,1,-999,21.97627,-999,5.881565,0.2387851,False,-99,0.003158757
6379465565421965921,0,11.5693726871742,GALEX J195649.6-004523,299.206991707412,-0.756509832616526,1,-999,21.90197,-999,6.298142,0.2192073,False,-99,0.003415292
6379395273987195010,0,11.5714109215711,GALEX J195655.7-004833,299.2321496804,-0.809409055385349,1,-999,21.98515,-999,5.833663,0.2139253,False,-99,0.003588591
6379395273987195623,0,11.5722392493299,GALEX J195649.8-003835,299.207672218009,-0.643122607354923,1,-999,22.01643,-999,5.667981,0.2389785,False,-99,0.00337941
6379395279356958422,0,11.5763875298688,GALEX J195710.5-005202,299.294070101698,-0.867440574765346,2,22.15779,-999,4.976074,-999,0.2234415,False,0.001212328,-99
6379395273987194909,0,11.6025687753447,GALEX J195803.3-005102,299.514116688629,-0.850676596966747,1,-999,22.74912,-999,2.886359,0.2256743,False,-99,0.003031654
6379465565421965683,0,11.6077242607122,GALEX J195655.3-004829,299.230513658866,-0.808059759731476,1,-999,21.90173,-999,6.299536,0.2139253,False,-99,0.003349568
6379465565421965331,0,11.6179590600283,GALEX J195658.5-004933,299.243775424718,-0.826002705413118,1,-999,17.78682,-999,278.7868,0.2137382,False,-99,0.001871058
6379465565421966195,0,11.6183786602366,GALEX J195647.6-004105,299.198683299012,-0.684900957384036,1,-999,22.16752,-999,4.931654,0.228789,False,-99,0.00278205
6379395273987194937,0,11.6195964412316,GALEX J195658.4-004933,299.243677574833,-0.825929173395096,1,-999,17.70877,-999,299.5664,0.2137382,False,-99,0.002125188
6379395273987195168,0,11.6213888167809,GALEX J195818.6-004519,299.577535543923,-0.755535201174482,1,-999,22.12369,-999,5.134817,0.204922,False,-99,0.003313099
6379465565421965459,0,11.6322577697549,GALEX J195707.1-005133,299.279670823446,-0.859256799307077,1,-999,21.7508,-999,7.239002,0.2234415,False,-99,0.003675167
6379395273987196121,0,11.635436001819,GALEX J195759.2-003216,299.496811392193,-0.538050993924708,1,-999,22.97985,-999,2.333787,0.2347488,False,-99,0.002291674
6379465565421965887,0,11.6483983333378,GALEX J195650.0-004555,299.208545110647,-0.765516044490652,1,-999,21.99428,-999,5.784768,0.2192073,False,-99,0.003839526
6379395279355907377,0,11.6485465744499,GALEX J195731.8-005341,299.382711796116,-0.894935850376291,1,-999,20.86493,-999,16.36913,0.2497636,False,-99,0.00724704
6379395273987194976,0,11.6542468165834,GALEX J195657.4-004917,299.239363170814,-0.821565062873519,1,-999,21.9201,-999,6.193812,0.2137382,False,-99,0.003180813
6379395273987195882,0,11.660199717974,GALEX J195811.4-003506,299.547746821484,-0.585203623919764,1,-999,22.09879,-999,5.253942,0.2257226,False,-99,0.003288602
6379395273988249198,0,11.6609874476123,GALEX J195803.1-005109,299.513276295163,-0.852610244754462,2,21.29789,-999,10.98618,-999,0.2256743,False,0.002877999,-99
6379395279355908940,0,11.6629906138099,GALEX J195816.1-003704,299.567430952784,-0.61795884635405,1,-999,22.26391,-999,4.512697,0.2170719,False,-99,0.002663104
6379465565421965335,0,11.6653028828729,GALEX J195717.8-005300,299.324285258345,-0.883374397014652,1,-999,22.61098,-999,3.278002,0.2234415,False,-99,0.001526267
6379395273987196219,0,11.6724676953171,GALEX J195750.2-003106,299.459328133555,-0.518602908719876,1,-999,22.14738,-999,5.023973,0.2351269,False,-99,0.001474627
6379465565421965659,0,11.6750626395591,GALEX J195656.2-004855,299.234298264321,-0.815466636592008,1,-999,22.684,-999,3.064779,0.2139253,False,-99,0.001997221
6379395273988249349,0,11.6852729446688,GALEX J195750.5-003107,299.460641310991,-0.518867147526379,2,21.80636,-999,6.877926,-999,0.2351269,False,0.002450369,-99
6379395279355907543,0,11.6900926343616,GALEX J195710.1-005207,299.292355025826,-0.868629605995741,1,-999,22.59963,-999,3.312429,0.2234415,False,-99,0.002313185
6379395273988249221,0,11.7034343822559,GALEX J195814.5-004753,299.560781378134,-0.798223675821458,2,21.58312,-999,8.447974,-999,0.2105082,False,0.001685497,-99
6379465565421966173,0,11.7042925567888,GALEX J195647.2-004119,299.196966321316,-0.688742031243341,1,-999,22.26999,-999,4.487472,0.2314504,False,-99,0.002641494
6379395279355907385,0,11.7096786667598,GALEX J195755.0-005231,299.479261833016,-0.875403216999583,1,-999,21.13733,-999,12.73696,0.2387851,False,-99,0.005518267
6379395279358004580,0,11.7124882742521,GALEX J195715.4-005249,299.314496145756,-0.880309973636071,3,19.54164,20.33932,55.37926,26.56277,0.2234415,False,0.002144795,0.004736461
6379395273987195038,0,11.7168302879591,GALEX J195814.2-004803,299.559396528347,-0.801030043252714,1,-999,22.53081,-999,3.529195,0.2105082,False,-99,0.002111326
6379465565424062449,0,11.7227036597568,GALEX J195715.5-005249,299.314581314106,-0.880531897019979,3,19.45051,20.13889,60.22792,31.94808,0.2234415,False,0.003107254,0.003539455
6379395273987194918,0,11.7241858433623,GALEX J195701.9-005037,299.258288558942,-0.843814190288317,1,-999,22.28169,-999,4.439408,0.2137382,False,-99,0.00285658
6379465565421966039,0,11.7257292502102,GALEX J195647.6-004349,299.198430465054,-0.730291984380828,1,-999,22.05226,-999,5.48399,0.2256246,False,-99,0.001953606
6379395273987195451,0,11.7258537398749,GALEX J195647.1-004117,299.196632601816,-0.688329566403244,1,-999,21.38581,-999,10.13159,0.2314504,False,-99,0.00508374
6379395279355907346,0,11.7461073421022,GALEX J195742.5-005336,299.427199642247,-0.893517379817229,1,-999,21.88345,-999,6.406511,0.2371444,False,-99,0.002243301
6379395273987194898,0,11.746426751222,GALEX J195705.2-005121,299.27206207318,-0.85599923674981,1,-999,20.73708,-999,18.41488,0.2137382,False,-99,0.003024388
6379465565421965474,0,11.7489312616683,GALEX J195705.3-005122,299.272274761641,-0.85621576012115,1,-999,21.06127,-999,13.6613,0.2137382,False,-99,0.004099281
6379395279355907556,0,11.7529057133747,GALEX J195759.6-005154,299.498685441628,-0.865069476964092,1,-999,22.81839,-999,2.70797,0.2373658,False,-99,0.003302817
6379395279355907858,0,11.7683986102455,GALEX J195812.8-004842,299.553581442814,-0.811720694993016,1,-999,21.7788,-999,7.054726,0.2184184,False,-99,0.004085554
