objid,specObjID,distance_arcmin,IAUName,ra,dec,band,fuv_mag,nuv_mag,fuv_flux,nuv_flux,e_bv,isThereSpectrum,fuv_fwhm_world,nuv_fwhm_world
6449403293527445796,0,0,GALEX J003749.9+410247,9.45814138050121,41.0465047190892,3,17.96554,17.40129,236.4753,397.6342,0.08384496,False,0.009224323,0.008434559
2495946508137928048,3138661632107877744,0.00211749048372432,GALEX J003749.9+410247,9.45810400250318,41.0464834861997,3,17.8347,17.53915,266.761,350.2175,0.08384496,True,0.009632242,0.006144139
6457249408503254235,0,0.00345136092755676,GALEX J003749.9+410247,9.45819877131986,41.0465426065148,3,17.89295,17.58792,252.8262,334.8353,0.08384496,False,0.01056864,0.006712479
6449508846641612009,0,0.00543192760551796,GALEX J003749.9+410247,9.45821172014531,41.046578080677,1,-999,17.5797,-999,337.3787,0.08384496,False,-99,0.007511078
2496509458091344372,0,0.0148453891279868,GALEX J003750.0+410246,9.45841851348796,41.0463723027542,3,17.86105,17.50291,260.3657,362.1056,0.08384496,False,0.009326879,0.005828804
6449438477897434264,0,0.0156559859695414,GALEX J003749.9+410248,9.45828061475425,41.0467435906033,1,-999,17.60107,-999,330.8045,0.08384496,False,-99,0.007283504
6449473662269522130,0,0.0156996148827124,GALEX J003749.9+410248,9.4579645790688,41.0467298561854,1,-999,17.53825,-999,350.5092,0.08384496,False,-99,0.007235316
2495981692510016002,0,0.0165912706271168,GALEX J003750.0+410248,9.45842749753316,41.0466776406055,3,17.90405,17.60487,250.2539,329.6487,0.08384496,False,0.009897393,0.007173341
6372252787399461681,0,0.0171945894562768,GALEX J003750.0+410246,9.45831709126696,41.0462506221295,3,18.05104,17.87134,218.5674,257.9081,0.08384496,False,0.005733056,0.01100303
2495876139392700942,0,0.0223342920696517,GALEX J003750.0+410247,9.45863167827789,41.0465475046982,2,17.8314,-999,267.5738,-999,0.08384496,False,0.008441281,-99
2591014681723274773,0,0.0268793720975782,GALEX J003750.0+410247,9.45872737009257,41.0464313457911,3,17.86353,17.65565,259.7693,314.5867,0.08384496,False,0.008137467,0.005045952
2590979497351197121,0,0.051953509742954,GALEX J003750.0+410250,9.45854869211811,41.047314291325,3,17.89465,18.27838,252.43,177.2754,0.08384496,False,0.008908296,0.004842992
2590979497349099747,0,0.100212883337226,GALEX J003750.1+410241,9.45879939477244,41.0449099344217,1,-999,18.88591,-999,101.306,0.08384496,False,-99,0.002880913
2590979497349100016,0,0.343131671039798,GALEX J003748.2+410255,9.45110739950098,41.0486412323096,1,-999,20.20155,-999,30.15654,0.08384496,False,-99,0.008100859
2590979497349100409,0,0.372129426769534,GALEX J003751.0+410306,9.46269233789173,41.0516707134764,1,-999,19.59704,-999,52.62381,0.08384496,False,-99,0.01447615
2591014681721177331,0,0.372571078344545,GALEX J003751.0+410306,9.46268656256584,41.0516824346387,1,-999,20.33775,-999,26.60112,0.08384496,False,-99,0.002334947
6372252787399461731,0,0.377662991221322,GALEX J003751.2+410304,9.4634453209594,41.051364715931,3,20.47067,19.94462,23.53602,38.20777,0.08384496,False,0.004387255,0.007657127
6372252787397364542,0,0.427022258073912,GALEX J003747.9+410234,9.44990337504318,41.0430334222048,1,-999,21.10441,-999,13.12906,0.08384496,False,-99,0.004431353
2590979497349099654,0,0.432398976749067,GALEX J003747.9+410235,9.44967723147798,41.0431603057192,1,-999,21.48504,-999,9.246627,0.08384496,False,-99,0.00644405
6449403293526402506,0,0.510303133801336,GALEX J003748.7+410220,9.45297506674718,41.0389447650274,2,21.34978,-999,10.47344,-999,0.08384496,False,0.00507535,-99
2590979497349099778,0,0.534280633886102,GALEX J003748.7+410218,9.45297730794784,41.0384970143235,1,-999,20.77806,-999,17.73268,0.08384496,False,-99,0.01216833
2591014681721177077,0,0.534835697347939,GALEX J003748.7+410218,9.4532812245816,41.0383793774455,1,-999,21.91389,-999,6.229389,0.08384496,False,-99,0.00375404
6372252787397364506,0,0.540812335713143,GALEX J003748.8+410217,9.45341229129637,41.0382269255582,1,-999,21.75376,-999,7.219287,0.08384496,False,-99,0.002084161
6372252787397364582,0,0.562027020093493,GALEX J003747.0+410242,9.44585595660423,41.0451285722233,1,-999,21.33884,-999,10.57944,0.08384496,False,-99,0.00405322
2591014681721177230,0,0.638967809746459,GALEX J003749.7+410325,9.45747269376737,41.057142236998,1,-999,23.73612,-999,1.16292,0.08384496,False,-99,0.002932002
6449473662269521944,0,0.756820899534502,GALEX J003752.5+410212,9.46882579388054,41.0368008517734,1,-999,23.41221,-999,1.567165,0.08384496,False,-99,0.002659325
2591014681721177124,0,0.786288028363762,GALEX J003745.8+410236,9.44121430276366,41.0435454188238,1,-999,23.08182,-999,2.124583,0.08384496,False,-99,0.006620074
2590979497349099885,0,0.794017281662332,GALEX J003745.8+410236,9.44104334139763,41.0435312338429,1,-999,21.34315,-999,10.53759,0.08384496,False,-99,0.01420922
6449403293525348299,0,0.812968015757412,GALEX J003753.4+410315,9.47284633692382,41.0542900551132,1,-999,22.94646,-999,2.406677,0.08384496,False,-99,0.002938749
6449438477897434037,0,0.8165494496318,GALEX J003745.6+410238,9.44038046753384,41.0441005364167,1,-999,23.62577,-999,1.287337,0.08384496,False,-99,0.003164911
2496509458091344136,0,0.820820753275245,GALEX J003747.3+410326,9.44720100585061,41.0574173049866,3,20.81898,20.25685,17.0769,28.65884,0.08384496,False,0.001538743,0.002395276
2591014681723274643,0,0.827822031519583,GALEX J003747.2+410326,9.44681473812186,41.0573398203337,3,20.83665,20.14856,16.80135,31.66468,0.08476537,False,0.001681439,0.00179672
2495946508137928069,3138661632107877765,0.828377829087204,GALEX J003747.1+410326,9.44660411130581,41.0572246219942,3,20.64808,20.18827,19.98799,30.52751,0.08476537,True,0.002133576,0.002365518
6457249408503254066,0,0.830426190455724,GALEX J003747.2+410326,9.44685547800296,41.057419064714,3,21.02052,20.43309,14.1839,24.3648,0.08476537,False,0.001668822,0.003302797
6449473662269521963,0,0.83253149116498,GALEX J003745.6+410237,9.44008997653109,41.0438246093468,1,-999,22.69584,-999,3.031557,0.08384496,False,-99,0.004857237
2495876139392701201,0,0.83477017774149,GALEX J003747.2+410326,9.44675727931051,41.0574530667108,2,20.92822,-999,15.44236,-999,0.08476537,False,0.002224815,-99
2590979497351197442,0,0.8356756923875,GALEX J003747.2+410327,9.44680417797206,41.0574998330592,3,20.85739,20.30074,16.48334,27.5235,0.08476537,False,0.001507885,0.001677211
6449403293527445556,0,0.835977289734514,GALEX J003747.1+410326,9.44660143518482,41.057385655266,3,20.68683,20.12175,19.28717,32.4564,0.08476537,False,0.002023671,0.002007939
6449438477897434164,0,0.838738959532497,GALEX J003747.2+410327,9.44673468941193,41.0575237278102,1,-999,20.38178,-999,25.54395,0.08476537,False,-99,0.001807047
2495981692510015824,0,0.839742265046642,GALEX J003747.2+410327,9.44702691821601,41.0577131650581,3,20.84604,20.45154,16.65655,23.95428,0.08476537,False,0.001702183,0.00161075
2590979497349099804,0,0.840048426478893,GALEX J003746.1+410314,9.44242727067985,41.0539603985139,1,-999,22.93378,-999,2.434935,0.08384496,False,-99,0.002575737
6449508846641611856,0,0.843134994903169,GALEX J003747.2+410327,9.44667314207959,41.0575804465736,1,-999,20.41195,-999,24.84398,0.08476537,False,-99,0.001778043
6372252787399461792,0,0.849977753082078,GALEX J003747.1+410327,9.4465865736197,41.0576741696683,3,21.41821,20.40083,9.833716,25.09963,0.08476537,False,0.001240088,0.003959354
6449403293525348378,0,0.852854781902208,GALEX J003752.4+410329,9.46872090294194,41.0582688357962,1,-999,22.16351,-999,4.949891,0.08384496,False,-99,0.004047066
6449473662269522056,0,0.857174971853276,GALEX J003747.1+410327,9.44640219069458,41.0577175309045,1,-999,20.22847,-999,29.41791,0.08476537,False,-99,0.002489595
6449403293525348335,0,0.857193646457539,GALEX J003745.9+410311,9.44140062872697,41.0531919526491,1,-999,22.39384,-999,4.003733,0.08384496,False,-99,0.004324701
6449403293525348180,0,0.895079574842122,GALEX J003753.7+410214,9.47377332788834,41.0373646571561,1,-999,22.63643,-999,3.202034,0.08384496,False,-99,0.003839389
6449403293525348323,0,0.908732243217018,GALEX J003754.6+410257,9.47787390107973,41.0493204808898,1,-999,21.29578,-999,11.00748,0.08384496,False,-99,0.006000029
2591014681721177243,0,0.908785043585769,GALEX J003753.0+410329,9.47100864682684,41.0581348188476,1,-999,24.4015,-999,0.6300842,0.08384496,False,-99,0.002405457
6449403293525348243,0,0.909767146761183,GALEX J003745.2+410237,9.43835956149598,41.0437983067797,1,-999,22.53123,-999,3.527843,0.08384496,False,-99,0.003744236
6449438477897434056,0,0.927755795737324,GALEX J003745.0+410255,9.43783793279349,41.0486565268915,1,-999,23.62402,-999,1.289408,0.08384496,False,-99,0.002820222
2591014681723274439,0,0.936683840587894,GALEX J003745.0+410255,9.43766934875369,41.0488166342977,3,23.73496,21.99956,1.16417,5.756737,0.08384496,False,0.002717944,0.007194994
2590979497349099898,0,0.937423562680234,GALEX J003745.0+410255,9.43764191919498,41.048760965009,1,-999,21.98479,-999,5.835599,0.08384496,False,-99,0.007322178
2495981692507918548,0,0.939200668713519,GALEX J003754.8+410259,9.47843798550263,41.0497800187886,1,-999,23.09547,-999,2.098037,0.08272516,False,-99,0.004247097
6457249408501156811,0,0.949826672013074,GALEX J003754.8+410259,9.47867617215735,41.0497867880044,1,-999,23.08565,-999,2.117096,0.08272516,False,-99,0.002810802
2590979497349099732,0,0.955309679899262,GALEX J003754.9+410259,9.47880677531607,41.0497624980486,1,-999,23.01024,-999,2.269363,0.08272516,False,-99,0.001623236
6449508846641611726,0,0.959597026672636,GALEX J003754.9+410259,9.47884345622879,41.0499733496387,1,-999,23.08246,-999,2.12332,0.08272516,False,-99,0.003375062
2591014681721177180,0,0.959731638327129,GALEX J003754.9+410259,9.47887236824895,41.0498842927657,1,-999,22.97206,-999,2.350588,0.08272516,False,-99,0.001696427
2496509458089246903,0,0.960626811239708,GALEX J003754.9+410259,9.47892762110487,41.0497595428252,1,-999,22.46288,-999,3.757071,0.08272516,False,-99,0.005529509
6449403293525348261,0,0.962443331073825,GALEX J003744.8+410254,9.43701219536414,41.0483440444962,1,-999,22.88934,-999,2.536679,0.08384496,False,-99,0.003357386
6449473662269521980,0,0.964667259501775,GALEX J003754.9+410259,9.4790117294165,41.0497852825034,1,-999,22.5318,-999,3.525983,0.08272516,False,-99,0.004424928
6449508846641611810,0,0.965906448556585,GALEX J003750.8+410344,9.46203392420558,41.0623332924042,1,-999,23.83311,-999,1.063543,0.08384496,False,-99,0.002920022
2495946508135830788,0,0.966774699108345,GALEX J003754.9+410258,9.47911593566001,41.0495726010968,1,-999,22.88577,-999,2.545012,0.08272516,False,-99,0.003278984
6449508846641611714,0,0.968395541656829,GALEX J003744.8+410256,9.43700519309597,41.0490364964522,1,-999,23.02546,-999,2.237777,0.08384496,False,-99,0.004023699
2591014681721177291,0,0.977479210398413,GALEX J003749.6+410345,9.45696308726199,41.0627717908777,1,-999,24.55053,-999,0.5492731,0.08384496,False,-99,0.002989303
6457249408501156815,0,0.98005005385043,GALEX J003744.8+410258,9.43686732176863,41.0495697113457,1,-999,23.38597,-999,1.605501,0.08384496,False,-99,0.003748096
6449403293525348156,0,0.982674154302137,GALEX J003747.2+410157,9.44685322522474,41.0325138434892,1,-999,22.21629,-999,4.715022,0.08384496,False,-99,0.00524475
2590979497349099979,0,0.983051971253037,GALEX J003749.7+410346,9.45737774914539,41.062878796181,1,-999,24.13751,-999,0.803515,0.08384496,False,-99,0.003209391
6457249408501156897,0,0.998634602359277,GALEX J003749.6+410347,9.45681175789984,41.0631184015978,1,-999,23.96414,-999,0.9426343,0.08384496,False,-99,0.003123704
6449403293525348406,0,1.01344006020779,GALEX J003751.0+410346,9.462796360106,41.0630266103464,1,-999,21.6341,-999,8.06044,0.08384496,False,-99,0.004001911
6449403293527445489,0,1.01369321092436,GALEX J003755.2+410237,9.48021646796126,41.0436321071758,3,22.13049,20.47789,5.102765,23.37999,0.08384496,False,0.001981362,0.009339943
6449438477897433986,0,1.03559537433646,GALEX J003745.3+410214,9.43879526635052,41.0372854131057,1,-999,23.35849,-999,1.646657,0.08384496,False,-99,0.002424184
2590979497349099496,0,1.0362635384456,GALEX J003745.3+410213,9.4389278687966,41.0371085374978,1,-999,24.01965,-999,0.8956567,0.08384496,False,-99,0.003599107
2496509458089246930,0,1.04653211493832,GALEX J003753.5+410335,9.47313012643943,41.0597889978276,1,-999,22.95583,-999,2.385981,0.08272516,False,-99,0.005589556
2591014681721177036,0,1.04797274143534,GALEX J003745.2+410213,9.4386341947364,41.0370920378369,1,-999,23.72757,-999,1.172117,0.08384496,False,-99,0.003794003
6457249408503253930,0,1.04966203636659,GALEX J003755.4+410238,9.48110702087352,41.0440442439115,3,22.33724,22.15331,4.217985,4.99663,0.08384496,False,0.003510176,0.005010122
6449438477897434069,0,1.05000501221808,GALEX J003755.4+410240,9.4812046728519,41.0445812391251,1,-999,22.04208,-999,5.535654,0.08272516,False,-99,0.00539715
2590979497351196984,0,1.05047206024704,GALEX J003755.4+410239,9.48119267838494,41.0444343998909,3,22.27596,21.76681,4.462927,7.133036,0.08272516,False,0.00444045,0.003627645
2495946508137927970,0,1.0534210678568,GALEX J003755.4+410239,9.48121439184365,41.0441725963889,3,22.00063,21.66019,5.751085,7.869045,0.08272516,False,0.004890234,0.004877767
2591014681723274405,0,1.0552792178699,GALEX J003755.5+410240,9.48131470529585,41.0445323784484,3,22.30264,21.765,4.354577,7.144981,0.08272516,False,0.005738982,0.003110539
2590979497349099385,0,1.05580099153088,GALEX J003747.3+410151,9.44717156491442,41.0309746969683,1,-999,24.4552,-999,0.599682,0.08384496,False,-99,0.002825089
6449508846641611724,0,1.05864886080804,GALEX J003755.5+410240,9.48137684352964,41.0444484807775,1,-999,21.90619,-999,6.27367,0.08272516,False,-99,0.004658634
6449473662269521969,0,1.05916396531547,GALEX J003755.5+410240,9.48140659083347,41.0445695435608,1,-999,21.91779,-999,6.207012,0.08272516,False,-99,0.005569767
2495981692507918600,0,1.06628561310509,GALEX J003753.5+410336,9.47316616677867,41.0601959913069,1,-999,24.45149,-999,0.6017311,0.08272516,False,-99,0.002078157
2495981692510015699,0,1.06698113220074,GALEX J003755.5+410240,9.48157153682752,41.0445096271684,3,22.04741,22.0853,5.508554,5.319602,0.08272516,False,0.002728801,0.005221479
2590979497349099976,0,1.06747294715046,GALEX J003753.5+410336,9.47330979387682,41.0601314760124,1,-999,23.54938,-999,1.38117,0.08272516,False,-99,0.001710652
6457249408501156870,0,1.07189044370043,GALEX J003753.6+410336,9.4734892452776,41.060113522358,1,-999,23.35084,-999,1.658304,0.08272516,False,-99,0.001967276
2495946508135830883,0,1.07278208539108,GALEX J003753.7+410335,9.4737585081106,41.0599579349201,1,-999,22.93391,-999,2.434653,0.08272516,False,-99,0.003845793
2496509458091344050,0,1.07349404436428,GALEX J003755.6+410239,9.48169676324377,41.0443821070638,3,22.30854,21.92831,4.330966,6.147192,0.08272516,False,0.002892156,0.004997704
2591014681721177304,0,1.07625392792518,GALEX J003753.6+410336,9.47338372261579,41.060275674058,1,-999,23.40675,-999,1.575072,0.08272516,False,-99,0.001931595
6449508846641611791,0,1.0763716609719,GALEX J003753.6+410336,9.47342057881375,41.0602549868468,1,-999,24.12671,-999,0.8115528,0.08272516,False,-99,0.001266731
2495876139392700894,0,1.07816573768835,GALEX J003755.6+410239,9.48177015190363,41.0441966580144,2,22.467,-999,3.742843,-999,0.08272516,False,0.003034248,-99
6449438477897434128,0,1.08496609630783,GALEX J003753.6+410337,9.4735793227071,41.0603415179105,1,-999,23.36841,-999,1.631689,0.08272516,False,-99,0.002359923
2590979497349099377,0,1.08509459631532,GALEX J003748.2+410145,9.45097232786293,41.0292471545021,1,-999,23.83959,-999,1.057219,0.08384496,False,-99,0.002448716
2495981692507918321,0,1.08716025839526,GALEX J003748.3+410144,9.45162417483426,41.0290649502975,1,-999,23.76513,-999,1.132268,0.08384496,False,-99,0.003238847
2496509458089246847,0,1.08758252740321,GALEX J003748.0+410145,9.45008011814426,41.0294285910206,1,-999,22.04063,-999,5.543041,0.08384496,False,-99,0.008145583
6449403293525348401,0,1.08897966420792,GALEX J003753.6+410337,9.4737096547457,41.0603460583816,1,-999,21.81399,-999,6.829739,0.08272516,False,-99,0.004511526
2591014681721176989,0,1.09151238393579,GALEX J003748.2+410144,9.45087544487464,41.0291580156838,1,-999,23.47087,-999,1.484737,0.08384496,False,-99,0.004369109
2495946508135830703,0,1.09573622541896,GALEX J003744.5+410222,9.43570778149826,41.0396322066129,1,-999,23.70597,-999,1.195669,0.08384496,False,-99,0.002788655
6372252787397364482,0,1.10067773706793,GALEX J003745.9+410159,9.44125302607891,41.0333037096152,1,-999,21.63758,-999,8.034666,0.08384496,False,-99,0.003515578
6372252787397364693,0,1.105395156409,GALEX J003747.1+410345,9.44624739422551,41.062597325664,1,-999,22.50534,-999,3.612968,0.08476537,False,-99,0.002107859
2495946508135830756,0,1.10820529102578,GALEX J003745.5+410203,9.43968870322045,41.0343623479622,1,-999,22.05145,-999,5.488089,0.08384496,False,-99,0.006787191
6449438477897433982,0,1.11014552623801,GALEX J003745.6+410202,9.44014056999965,41.0339348203448,1,-999,22.66312,-999,3.124299,0.08384496,False,-99,0.00491007
2495946508135830667,0,1.11198744432816,GALEX J003748.0+410144,9.45035777158964,41.0289260948635,1,-999,23.46777,-999,1.488993,0.08384496,False,-99,0.004777585
6449473662269521943,0,1.11237719255649,GALEX J003745.4+410204,9.43917513962344,41.0347115304078,1,-999,22.85553,-999,2.616911,0.08384496,False,-99,0.003735412
6449508846641611627,0,1.11676775741392,GALEX J003745.4+410203,9.43947575374335,41.0343296452894,1,-999,22.50857,-999,3.602222,0.08384496,False,-99,0.002415328
6449403293525348163,0,1.12058758094569,GALEX J003745.5+410202,9.43968715940331,41.0340520150386,1,-999,22.00186,-999,5.744545,0.08384496,False,-99,0.004527128
2495981692507918402,0,1.12173636480474,GALEX J003745.5+410202,9.43977250599078,41.0339519125165,1,-999,22.55713,-999,3.444688,0.08384496,False,-99,0.002870443
2591014681721177042,0,1.1219997046076,GALEX J003745.5+410202,9.43973705505912,41.0339749338669,1,-999,22.5851,-999,3.357049,0.08384496,False,-99,0.002171073
2590979497349099495,0,1.12479384878703,GALEX J003745.5+410202,9.43958890609101,41.0340297525374,1,-999,22.5652,-999,3.419163,0.08384496,False,-99,0.002202787
6457249408501156660,0,1.12891483350103,GALEX J003745.4+410202,9.43952273196069,41.0339825319048,1,-999,22.52186,-999,3.558397,0.08384496,False,-99,0.002894262
6457249408501156667,0,1.13825505371434,GALEX J003744.7+410213,9.43633332476533,41.03705227181,1,-999,22.99306,-999,2.305563,0.08384496,False,-99,0.003447332
6449403293525348228,0,1.15390077344246,GALEX J003744.8+410209,9.43673941442087,41.0360506038948,1,-999,21.44104,-999,9.629044,0.08384496,False,-99,0.006995862
2590979497349099883,0,1.19089695795016,GALEX J003745.3+410336,9.43893941329659,41.0600796434062,1,-999,24.14852,-999,0.7954085,0.08476537,False,-99,0.002334686
2590979497349099466,0,1.19589541899186,GALEX J003744.4+410211,9.43522851981035,41.0365743222643,1,-999,24.87157,-999,0.4086671,0.08384496,False,-99,0.002816538
2591014681721177006,0,1.21518837239733,GALEX J003744.3+410211,9.43484316193543,41.03643480367,1,-999,24.53923,-999,0.5550205,0.08384496,False,-99,0.002998088
6449403293525348270,0,1.22204574652252,GALEX J003743.6+410230,9.43182400752929,41.0419370514781,1,-999,21.43649,-999,9.669457,0.08384496,False,-99,0.004715942
2591014681721177319,0,1.22752114542514,GALEX J003745.8+410344,9.44122215950759,41.0624977689123,1,-999,23.4254,-999,1.548244,0.08476537,False,-99,0.003580051
2496509458089246884,0,1.23234060629683,GALEX J003755.9+410315,9.48329950973122,41.0543719622221,1,-999,24.25725,-999,0.7196124,0.08272516,False,-99,0.00294254
6449508846641611843,0,1.25194915974997,GALEX J003749.4+410402,9.45616299804826,41.0673171410204,1,-999,24.00513,-999,0.9077072,0.08476537,False,-99,0.002233034
2591014681721177191,0,1.26231917078042,GALEX J003756.1+410317,9.48378753554098,41.0547853738532,1,-999,25.01718,-999,0.3573783,0.08272516,False,-99,0.002552174
2495946508135830681,0,1.26324827870143,GALEX J003744.0+410211,9.4335504024052,41.036541158541,1,-999,23.68266,-999,1.221621,0.08531417,False,-99,0.003551645
6449403293525348309,0,1.26789940153859,GALEX J003756.0+410319,9.48362830878929,41.0552867670407,1,-999,23.61062,-999,1.305419,0.08272516,False,-99,0.003298123
6449473662269521945,0,1.27449434812994,GALEX J003744.0+410211,9.43337732839161,41.0363883914409,1,-999,22.7107,-999,2.990339,0.08531417,False,-99,0.002444589
2590979497349099784,0,1.28262809258095,GALEX J003756.1+410319,9.48394056830401,41.0553620426944,1,-999,24.69917,-999,0.4789933,0.08272516,False,-99,0.002340456
6449403293525348171,0,1.3019378157332,GALEX J003756.3+410217,9.48473688254246,41.0382292952318,1,-999,22.20329,-999,4.771816,0.08384496,False,-99,0.002755373
2495876139392700656,0,1.339338335933,GALEX J003749.1+410127,9.45485399667598,41.0243205697504,2,22.04149,-999,5.538687,-999,0.08384496,False,0.004831707,-99
6449403293527445271,0,1.33951805566937,GALEX J003749.2+410127,9.45501480931316,41.024304334394,3,22.36822,21.11936,4.099326,12.94963,0.08384496,False,0.001386165,0.006075068
2590979497350156335,0,1.34063541004174,GALEX J003757.0+410246,9.48776693493467,41.0462953233743,2,23.61164,-999,1.304211,-999,0.08272516,False,0.002771919,-99
2495946508135830878,3138661632107877726,1.34813826657727,GALEX J003742.8+410258,9.42860798715099,41.0494665767798,1,-999,19.23049,-999,73.75681,0.08476537,True,-99,0.02176678
6449508846641611855,0,1.35099678222762,GALEX J003749.8+410408,9.45780221367283,41.0690198796622,1,-999,23.71984,-999,1.180493,0.08476537,False,-99,0.002571606
2496509458091344023,0,1.35226699100098,GALEX J003749.1+410126,9.45494725972245,41.024096088116,3,22.40388,21.37166,3.966889,10.26448,0.08384496,False,0.002068477,0.006681496
2495981692510015466,0,1.35238627030195,GALEX J003749.1+410126,9.45490771349591,41.0240973157356,3,22.61608,21.64961,3.262647,7.946139,0.08384496,False,0.002965265,0.002670176
2495946508137927843,0,1.35445008344264,GALEX J003749.1+410126,9.45496216152828,41.0240582902069,3,22.19868,21.5701,4.792156,8.549892,0.08384496,False,0.005317566,0.002293097
2591014681723274138,0,1.36446275767495,GALEX J003749.1+410126,9.45472026574848,41.0239105641275,3,22.30895,21.56995,4.329348,8.551042,0.08384496,False,0.005206898,0.001960814
6449438477897433928,0,1.36715794897577,GALEX J003749.1+410125,9.45456363204069,41.0238791327954,1,-999,21.67341,-999,7.773864,0.08384496,False,-99,0.002906619
2590979497351196548,0,1.36728974297034,GALEX J003749.1+410125,9.45467973189394,41.0238666478157,3,22.67619,21.56226,3.086934,8.611818,0.08384496,False,0.001858659,0.001896926
6457249408503253773,0,1.36729233842879,GALEX J003749.0+410126,9.45434105355729,41.0238975330849,3,22.22615,21.60782,4.672437,8.257922,0.08384496,False,0.004393963,0.003340338
6449473662269521934,0,1.37171595331184,GALEX J003749.0+410125,9.45455152566861,41.0238037169882,1,-999,21.60773,-999,8.25865,0.08384496,False,-99,0.004793315
6449508846641611593,0,1.37324439679534,GALEX J003748.9+410125,9.45401294310568,41.0238301581923,1,-999,21.42926,-999,9.734083,0.08384496,False,-99,0.004973921
6372252787397364425,0,1.3758264923369,GALEX J003749.0+410125,9.45450026396257,41.0237393556279,1,-999,21.09308,-999,13.2668,0.08384496,False,-99,0.003879728
6372252787398416919,0,1.37933429446149,GALEX J003746.9+410402,9.44558362567447,41.0674528183971,2,21.53771,-999,8.808796,-999,0.08476537,False,0.0009097578,-99
2590979497349099360,0,1.38237695999898,GALEX J003752.3+410129,9.4681351679257,41.0247332355979,1,-999,23.68356,-999,1.220605,0.08384496,False,-99,0.004563157
2591014681721176921,0,1.38262579897028,GALEX J003752.4+410129,9.46848185867971,41.0248211395398,1,-999,24.09776,-999,0.8334782,0.08384496,False,-99,0.003883586
2591014681721177254,0,1.41087813364592,GALEX J003756.5+410328,9.48550404359408,41.0577810103559,1,-999,23.86141,-999,1.036177,0.08272516,False,-99,0.004251287
2496509458089246801,0,1.41463318785452,GALEX J003752.4+410127,9.46857459033581,41.0242797033039,1,-999,23.46967,-999,1.48639,0.08384496,False,-99,0.004165161
6449473662269521921,0,1.42193722060747,GALEX J003751.7+410124,9.46578903167137,41.0235185789473,1,-999,23.47651,-999,1.477048,0.08384496,False,-99,0.003006774
2495946508135830611,0,1.42973390138588,GALEX J003752.4+410126,9.46872348980642,41.0240525078044,1,-999,23.19553,-999,1.913315,0.08384496,False,-99,0.00544684
2591014681721177371,0,1.43173328034304,GALEX J003746.6+410404,9.4442994806093,41.0679631303362,1,-999,24.49381,-999,0.5787275,0.08476537,False,-99,0.003141891
2495946508135830957,0,1.43562622317294,GALEX J003746.5+410404,9.44386737695808,41.0678742315627,1,-999,23.45358,-999,1.508577,0.08476537,False,-99,0.00383185
6457249408501156953,0,1.43575768541268,GALEX J003746.3+410403,9.44309811671133,41.0675745307898,1,-999,23.186,-999,1.930195,0.08476537,False,-99,0.003790184
2495946508136885490,0,1.43641159532067,GALEX J003753.6+410131,9.47331985442558,41.0254797011426,2,23.93382,-999,0.9693348,-999,0.08384496,False,0.002633816,-99
6449403293525348242,0,1.45417674955895,GALEX J003757.6+410251,9.49024545475322,41.0475904182592,1,-999,22.9761,-999,2.341865,0.08272516,False,-99,0.003538652
6449403293525348471,0,1.46001351850594,GALEX J003754.6+410357,9.47766265133925,41.0658808433135,1,-999,21.2127,-999,11.88279,0.08272516,False,-99,0.005156419
6449403293525348341,0,1.46574747696908,GALEX J003756.7+410331,9.48624461148378,41.0586556572783,1,-999,23.06044,-999,2.166818,0.08272516,False,-99,0.002812326
6449508846641611556,0,1.4749904868713,GALEX J003752.8+410125,9.47007747327368,41.0236296306921,1,-999,23.48911,-999,1.460006,0.08384496,False,-99,0.003563205
2495876139392701367,0,1.49001540559448,GALEX J003749.0+410416,9.454377186838,41.0711755733376,2,23.55019,-999,1.38015,-999,0.08476537,False,0.002320307,-99
6457249408501156799,0,1.49092273319075,GALEX J003757.7+410302,9.49059983597576,41.0507773819121,1,-999,24.22055,-999,0.7443568,0.08272516,False,-99,0.002053496
2591014681721177158,0,1.49469784218828,GALEX J003757.7+410304,9.49058709319603,41.0511802453194,1,-999,23.85782,-999,1.039608,0.08272516,False,-99,0.002284155
6449508846641611715,0,1.50251593457862,GALEX J003757.8+410303,9.4908164062432,41.0509628035124,1,-999,23.81418,-999,1.082251,0.08272516,False,-99,0.002486631
6449473662269521927,0,1.50541390786208,GALEX J003752.5+410121,9.46879851893152,41.0227371543072,1,-999,23.02049,-999,2.248045,0.08384496,False,-99,0.003105287
2590979497349099712,0,1.50677036785085,GALEX J003757.8+410304,9.49081306984394,41.0513584292039,1,-999,24.16333,-999,0.7846344,0.08272516,False,-99,0.001932504
2495946508135830941,0,1.51030155970702,GALEX J003743.6+410342,9.43176109359643,41.0619280750304,1,-999,23.2504,-999,1.819036,0.08476537,False,-99,0.004927512
2591014681721177206,0,1.51046798993183,GALEX J003742.3+410218,9.4264791571539,41.0385371515302,1,-999,23.13523,-999,2.022584,0.08531417,False,-99,0.008186889
2590979497349099514,0,1.52456794164332,GALEX J003742.3+410217,9.42632190837588,41.0381568167503,1,-999,23.81475,-999,1.081684,0.08531417,False,-99,0.002016276
2591014681721176910,0,1.54688520905278,GALEX J003753.5+410124,9.47316886368016,41.0233489220225,1,-999,24.49395,-999,0.5786526,0.08384496,False,-99,0.003411321
2496509458089246814,0,1.55778506109831,GALEX J003744.1+410141,9.43375456674013,41.0281819732997,1,-999,23.78481,-999,1.111925,0.08531417,False,-99,0.00441158
2590979497349099262,0,1.5611724791797,GALEX J003753.5+410122,9.47290724376018,41.0229896149723,1,-999,24.38505,-999,0.639704,0.08384496,False,-99,0.001677958
6449403293525348318,0,1.59901003541398,GALEX J003758.0+410317,9.49167863065163,41.0549056942883,1,-999,22.89708,-999,2.518657,0.08272516,False,-99,0.003251157
6449473662269521947,0,1.61133875233791,GALEX J003755.4+410133,9.48087420937214,41.0258359739887,1,-999,20.26972,-999,28.32115,0.08384496,False,-99,0.005103086
6449508846641611594,0,1.61316535884581,GALEX J003755.4+410133,9.48096073542057,41.0258506482897,1,-999,20.41604,-999,24.75038,0.08384496,False,-99,0.001539734
6449438477897433947,0,1.61432572394767,GALEX J003755.4+410132,9.48085350796324,41.0257584345344,1,-999,20.3985,-999,25.15346,0.08384496,False,-99,0.001610234
2590979497349099433,0,1.61858503626573,GALEX J003755.4+410132,9.48093217075076,41.0257153807566,1,-999,20.34063,-999,26.53068,0.08384496,False,-99,0.001359806
2591014681721176974,0,1.61916708692224,GALEX J003755.4+410132,9.48101620811458,41.025755338596,1,-999,20.37624,-999,25.67452,0.08384496,False,-99,0.001480991
2495946508135830662,3138661632107877510,1.62018561627192,GALEX J003755.4+410132,9.48105738324221,41.0257591037549,1,-999,20.3446,-999,26.43377,0.08384496,True,-99,0.00150589
6372252787397364459,0,1.62063959968324,GALEX J003755.4+410132,9.48099687516031,41.025711335641,1,-999,20.25051,-999,28.82679,0.08384496,False,-99,0.004192906
6457249408501156629,0,1.62147718207952,GALEX J003755.4+410132,9.48109312708351,41.0257535569794,1,-999,20.28318,-999,27.97231,0.08384496,False,-99,0.001681018
2495981692507918357,0,1.62649067090419,GALEX J003755.5+410132,9.48124315137432,41.0257392945216,1,-999,20.30756,-999,27.35123,0.08384496,False,-99,0.001430353
6449403293525348107,0,1.62815737671992,GALEX J003755.4+410132,9.48109793092653,41.0256117858417,1,-999,20.28902,-999,27.82231,0.08384496,False,-99,0.001631583
2496509458091344176,0,1.63053124132492,GALEX J003750.6+410424,9.46092540279665,41.0735990400917,3,22.19128,21.90089,4.824896,6.304386,0.08476537,False,0.001646216,0.002541924
2496509458089246855,0,1.63295137144835,GALEX J003755.4+410131,9.48091744605641,41.0253966010156,1,-999,20.10026,-999,33.10504,0.08384496,False,-99,0.002474234
6449473662269521939,0,1.63754605855097,GALEX J003757.4+410156,9.48916451845648,41.0324568118807,1,-999,22.64776,-999,3.1688,0.08272516,False,-99,0.004416755
2495946508137928130,0,1.63824955785459,GALEX J003750.5+410425,9.46076962543544,41.0737368651159,3,22.27736,21.84658,4.457145,6.627766,0.08476537,False,0.005417453,0.004179282
6372252787397364765,0,1.6400090908133,GALEX J003750.6+410425,9.46094476843716,41.0737563464049,1,-999,21.59588,-999,8.349219,0.08476537,False,-99,0.003259752
6457249408503254168,0,1.64281058886467,GALEX J003750.5+410425,9.46051127296638,41.0738265214661,3,22.00253,21.96917,5.741044,5.920114,0.08476537,False,0.00307659,0.003077463
2495981692510015903,0,1.64502016579318,GALEX J003750.6+410425,9.46103112597292,41.0738350012018,3,22.03797,21.84733,5.556677,6.623186,0.08476537,False,0.001473962,0.002046744
6449473662269522090,0,1.64514333832093,GALEX J003750.4+410425,9.4603058086202,41.0738751614755,1,-999,21.7285,-999,7.389221,0.08476537,False,-99,0.006065977
2590979497351197346,0,1.64619211268936,GALEX J003750.5+410425,9.4605992441359,41.07387859029,3,22.46732,21.95345,3.741751,6.006472,0.08476537,False,0.002586196,0.001594295
6449403293527445742,0,1.64697575373686,GALEX J003750.5+410426,9.46045392802093,41.0738988754371,3,22.56437,21.29237,3.421786,11.04206,0.08476537,False,0.00219174,0.007062106
6449508846641611914,0,1.64877960918269,GALEX J003750.5+410426,9.46062337204822,41.0739205780103,1,-999,22.10318,-999,5.23272,0.08476537,False,-99,0.002668022
2591014681723274650,0,1.649245283455,GALEX J003750.5+410426,9.46062254900484,41.0739283996563,3,22.19058,21.94149,4.828013,6.073002,0.08476537,False,0.002517962,0.001608264
6449438477897434216,0,1.65259380081475,GALEX J003750.5+410426,9.46062090967663,41.0739844219117,1,-999,22.27403,-999,4.470829,0.08476537,False,-99,0.002852912
2495876139392701030,0,1.65857933353712,GALEX J003750.7+410426,9.46130785657305,41.074044404675,2,22.38313,-999,4.043424,-999,0.08476537,False,0.002458925,-99
2496509458089247032,0,1.66323039869224,GALEX J003753.0+410421,9.47081616460781,41.0725256260875,1,-999,23.05094,-999,2.185859,0.08272516,False,-99,0.005634591
2495876139392700668,0,1.67896595461126,GALEX J003757.7+410159,9.49069601942095,41.0330840710616,2,23.28786,-999,1.757354,-999,0.08272516,False,0.003714045,-99
6449438477897433956,0,1.68107035893039,GALEX J003757.6+410156,9.49017509403364,41.0323197922638,1,-999,22.89822,-999,2.516005,0.08272516,False,-99,0.002962561
6449508846641611624,0,1.68346778940096,GALEX J003757.6+410156,9.49020168033358,41.0322750687688,1,-999,22.56907,-999,3.407013,0.08272516,False,-99,0.003122825
6449403293525348047,0,1.68997338578392,GALEX J003754.2+410118,9.4760316641688,41.0217818173715,1,-999,22.62603,-999,3.232869,0.08384496,False,-99,0.001462396
6449438477897433949,0,1.69066448939095,GALEX J003742.9+410144,9.42877919820435,41.0290838614915,1,-999,23.46449,-999,1.493495,0.08531417,False,-99,0.003751938
2590979497349099464,0,1.6948168941292,GALEX J003757.6+410155,9.49037867422677,41.0321291331291,1,-999,22.6504,-999,3.161098,0.08272516,False,-99,0.002085149
2495946508135830632,0,1.69572197070651,GALEX J003742.9+410143,9.4290428827549,41.0286999146102,1,-999,23.75071,-999,1.147403,0.08531417,False,-99,0.003286359
6457249408501156648,0,1.69644785546719,GALEX J003757.7+410156,9.49050461075884,41.0322370471161,1,-999,22.95793,-999,2.381384,0.08272516,False,-99,0.002603932
2495981692507918403,0,1.69711994336324,GALEX J003757.7+410156,9.49067150886088,41.0324320429179,1,-999,22.79766,-999,2.760155,0.08272516,False,-99,0.004058078
2495946508137927870,0,1.69779077556847,GALEX J003757.7+410155,9.49043991482173,41.0321098791738,3,22.7488,22.24246,2.887245,4.602722,0.08272516,False,0.004680321,0.005531547
6449403293525348494,0,1.70121452154258,GALEX J003753.3+410422,9.47222724250774,41.0727938289397,1,-999,21.52222,-999,8.935307,0.08272516,False,-99,0.004613828
2591014681723274154,0,1.70183621729217,GALEX J003757.7+410155,9.49055830034369,41.0321285842648,3,23.99527,22.71561,0.9159965,2.976837,0.08272516,False,0.002742246,0.002241039
2495981692510016214,0,1.70409051877067,GALEX J003741.1+410308,9.42132027840273,41.0524682479125,3,22.83467,15.83612,2.667677,1680.931,0.0857944,False,0.001601205,0.001481783
2591014681721176945,0,1.70682283116727,GALEX J003742.8+410143,9.42853207207919,41.0288853302259,1,-999,24.7132,-999,0.4728478,0.08531417,False,-99,0.002850211
2496509458091344504,0,1.7076729186406,GALEX J003741.0+410306,9.42108848575006,41.0519096697367,3,22.45462,15.83053,3.785769,1689.614,0.0857944,False,0.002547419,0.001919168
2590979497349099342,0,1.71188196358618,GALEX J003742.8+410143,9.42848794540614,41.0287914838407,1,-999,24.46567,-999,0.5939277,0.08531417,False,-99,0.001887925
6449438477897434447,0,1.71201584385713,GALEX J003741.0+410308,9.42111417204252,41.0523721368578,1,-999,15.86385,-999,1638.547,0.0857944,False,-99,0.001626841
2495876139392700607,0,1.71299005443574,GALEX J003741.0+410308,9.42105066887005,41.052220905201,2,23.25872,-999,1.805145,-999,0.0857944,False,0.002091103,-99
6449403293525348149,0,1.71349596256361,GALEX J003757.7+410154,9.49061728616931,41.0318229457267,1,-999,21.32159,-999,10.74885,0.08272516,False,-99,0.00479938
6372252787397364509,0,1.71520388477828,GALEX J003741.0+410308,9.42100894990627,41.0522512165381,1,-999,15.90124,-999,1583.088,0.0857944,False,-99,0.001467924
2590979497351197907,0,1.71615671842838,GALEX J003741.0+410308,9.42099126455858,41.0522652266336,3,22.87641,15.83958,2.56707,1675.584,0.0857944,False,0.002032264,0.001428469
2495981692507918741,0,1.71626707294552,GALEX J003753.1+410424,9.47125176177069,41.0733466816253,1,-999,23.68357,-999,1.220594,0.08272516,False,-99,0.002955847
6449403293525348476,0,1.71707896960901,GALEX J003744.9+410413,9.43726555063228,41.070404579563,1,-999,21.92232,-999,6.181164,0.08476537,False,-99,0.005469127
2591014681721176900,0,1.7177240727685,GALEX J003754.3+410117,9.47642363513373,41.0214164435554,1,-999,23.22783,-999,1.857247,0.08384496,False,-99,0.001730891
2496509458089246841,0,1.71777903483282,GALEX J003757.8+410156,9.49120588258709,41.0324442804945,1,-999,22.2489,-999,4.57552,0.08272516,False,-99,0.006732575
2591014681721177466,0,1.71798182283396,GALEX J003753.0+410424,9.47083358251542,41.07349104293,1,-999,23.79445,-999,1.102091,0.08272516,False,-99,0.004161184
2591014681723275016,0,1.71945482882578,GALEX J003741.0+410308,9.4209201159956,41.0522772138029,3,22.85045,15.87759,2.629194,1617.938,0.0857944,False,0.001791278,0.001503551
2590979497349099268,0,1.72096675617627,GALEX J003754.3+410116,9.47643164018021,41.0213581049517,1,-999,22.89651,-999,2.519971,0.08384496,False,-99,0.00244284
6457249408503254521,0,1.72103607858541,GALEX J003741.0+410308,9.42087757513715,41.0522519322595,3,22.93652,15.84288,2.428815,1670.503,0.0857944,False,0.002980167,0.001707106
6449508846641612269,0,1.7231472695745,GALEX J003741.0+410308,9.42084665022012,41.0523133052876,1,-999,15.86147,-999,1642.146,0.0857944,False,-99,0.001532284
6449403293527446046,0,1.72349859214844,GALEX J003740.9+410307,9.42077098120393,41.052059872123,3,22.90723,15.77541,2.495218,1777.61,0.0857944,False,0.002226876,0.001760019
6449508846641611539,0,1.72382306733365,GALEX J003754.3+410117,9.47664041173132,41.0213906746921,1,-999,23.84756,-999,1.049483,0.08384496,False,-99,0.001544801
2495981692507918260,0,1.72675830447933,GALEX J003754.4+410117,9.47698474257225,41.0214804781578,1,-999,23.01799,-999,2.253228,0.08384496,False,-99,0.003965078
6457249408501156520,0,1.72961367051971,GALEX J003754.3+410116,9.47625957812752,41.0211235436605,1,-999,23.30413,-999,1.731197,0.08384496,False,-99,0.003506256
2590979497349100159,0,1.73095532113998,GALEX J003752.9+410425,9.47041884161775,41.0738283184738,1,-999,23.81557,-999,1.080863,0.08272516,False,-99,0.002284917
2495946508135830601,0,1.7376356408575,GALEX J003754.4+410116,9.47693478755031,41.0212510195602,1,-999,22.94725,-999,2.404919,0.08384496,False,-99,0.003515786
6449473662269522203,0,1.74122762917673,GALEX J003740.9+410309,9.42052978066567,41.0526401659034,1,-999,15.88718,-999,1603.721,0.0857944,False,-99,0.002036719
2495946508136885892,0,1.74347860196951,GALEX J003753.9+410421,9.47497861885354,41.0726425152273,2,22.81345,-999,2.720345,-999,0.08272516,False,0.003697872,-99
6449438477897433876,0,1.74545608784876,GALEX J003754.4+410115,9.4768812661491,41.02107917428,1,-999,23.34361,-999,1.66939,0.08384496,False,-99,0.003346777
6449508846641611898,0,1.7475252560378,GALEX J003752.8+410426,9.47036387002218,41.0741336135128,1,-999,23.9269,-999,0.9755247,0.08272516,False,-99,0.001685038
6449403293525348076,0,1.75012536649664,GALEX J003747.7+410105,9.44880061891549,41.0181997937478,1,-999,21.86325,-999,6.52679,0.08384496,False,-99,0.007795931
2590979497349100161,0,1.75156178783526,GALEX J003753.9+410422,9.47490081556339,41.072820465413,1,-999,23.91389,-999,0.9872837,0.08272516,False,-99,0.004288815
2495946508135830997,0,1.76170617837215,GALEX J003753.1+410426,9.47134412443672,41.0741273409628,1,-999,23.29972,-999,1.738248,0.08272516,False,-99,0.003824693
6449403293525348504,0,1.78040205729768,GALEX J003754.6+410420,9.47769600006241,41.0722554657855,1,-999,21.48777,-999,9.223376,0.08272516,False,-99,0.003966679
2591014681721177434,0,1.79765681327263,GALEX J003754.2+410423,9.4758498285437,41.0733257365872,1,-999,23.73149,-999,1.167899,0.08272516,False,-99,0.003234824
6449403293525348475,0,1.8126522690038,GALEX J003758.8+410205,9.49502797256977,41.0347292882185,1,-999,20.20992,-999,29.92467,0.08272516,False,-99,0.01076618
6449438477897434204,0,1.81345480844307,GALEX J003754.1+410425,9.47553301207144,41.0737359007615,1,-999,24.46613,-999,0.5936728,0.08272516,False,-99,0.002169594
6449403293525348260,0,1.82135741346589,GALEX J003759.5+410301,9.49804862115379,41.050467327726,1,-999,22.0119,-999,5.691646,0.08272516,False,-99,0.003408297
2590979497349099448,0,1.82464762810083,GALEX J003758.8+410204,9.49518296591423,41.0344939267091,1,-999,24.19038,-999,0.7653273,0.08272516,False,-99,0.002254511
2591014681721176996,0,1.84376139513251,GALEX J003758.9+410203,9.49554335976504,41.0343198371403,1,-999,24.34641,-999,0.6628796,0.08272516,False,-99,0.003017297
6449473662269521942,0,1.84565971813454,GALEX J003758.9+410203,9.49563969920839,41.0344087324799,1,-999,23.2909,-999,1.752425,0.08272516,False,-99,0.003611038
6457249408501156465,0,1.85978649332612,GALEX J003751.1+410056,9.46305463615814,41.0157306633172,1,-999,24.26457,-999,0.7147759,0.08384496,False,-99,0.0008855643
6449403293525348465,0,1.86971047959983,GALEX J003755.9+410417,9.4829676826558,41.0714170969258,1,-999,21.63176,-999,8.077825,0.08272516,False,-99,0.004136215
2590979497349099134,0,1.87289937362824,GALEX J003751.0+410055,9.46256933376651,41.0154689603104,1,-999,24.48838,-999,0.5816297,0.08384496,False,-99,0.00320265
6449403293525348540,0,1.87562945554686,GALEX J003751.4+410438,9.46445917312252,41.0774001277329,1,-999,22.49984,-999,3.63131,0.08368652,False,-99,0.004052992
2591014681721176842,0,1.87856862760808,GALEX J003751.0+410055,9.46278235349265,41.0153915905663,1,-999,24.16228,-999,0.7853903,0.08384496,False,-99,0.004240227
2495946508135830683,0,1.88565954795816,GALEX J003759.1+410202,9.49640713769162,41.0340672769627,1,-999,22.98681,-999,2.318858,0.08089752,False,-99,0.005285394
2495946508135831013,0,1.89314925240575,GALEX J003748.3+410439,9.4514854848291,41.07765554233,1,-999,24.00204,-999,0.910301,0.08476537,False,-99,0.004857746
2496509458090306181,0,1.91620046527408,GALEX J003741.1+410344,9.42134775891092,41.0623203753762,2,23.38581,-999,1.605742,-999,0.08476537,False,0.003692855,-99
2590979497351197277,0,1.92032896667277,GALEX J003741.0+410343,9.42113676444576,41.062178859121,3,22.81448,21.01685,2.717754,14.23175,0.08476537,False,0.002521135,0.006543432
2495981692508973232,0,1.92210831846733,GALEX J003741.1+410346,9.42160357796571,41.0628481448871,2,22.61073,-999,3.278752,-999,0.08476537,False,0.002590758,-99
2591014681723274583,0,1.92346998257676,GALEX J003741.0+410344,9.42111214023682,41.0622526273205,3,23.08667,20.95901,2.11512,15.01053,0.08476537,False,0.003198734,0.004799793
2495946508135831022,0,1.94710028069176,GALEX J003744.5+410427,9.43567020915377,41.0741818388896,1,-999,23.55086,-999,1.379295,0.08476537,False,-99,0.003229867
2495946508136885539,0,1.94726084746042,GALEX J003740.8+410152,9.42019444954477,41.031205552378,2,23.56819,-999,1.357462,-999,0.08531417,False,0.002328879,-99
2590979497349100122,0,1.95173063911524,GALEX J003744.5+410427,9.43544869332037,41.0741696721176,1,-999,24.60308,-999,0.5233222,0.08476537,False,-99,0.002241781
2590979497349099172,0,1.95363222151372,GALEX J003755.4+410108,9.48111900533257,41.0189409403573,1,-999,24.33547,-999,0.6695919,0.08201355,False,-99,0.001987406
2591014681721177420,0,1.96002609773602,GALEX J003744.4+410427,9.43527550489275,41.0742513928042,1,-999,24.97888,-999,0.3702101,0.08476537,False,-99,0.002821917
6449473662269521928,0,1.97731725200528,GALEX J003757.9+410130,9.49151010986943,41.025232140244,1,-999,22.89503,-999,2.523417,0.08201355,False,-99,0.004006809
2495946508136885559,0,1.98110160518815,GALEX J003759.9+410209,9.49960682993845,41.0359170282944,2,23.80673,-999,1.08971,-999,0.08089752,False,0.002079481,-99
2495946508135830645,0,1.98172243128972,GALEX J003758.5+410138,9.4938636095757,41.0274030449298,1,-999,23.67108,-999,1.234723,0.08089752,False,-99,0.003916381
6449473662269522073,0,2.0139787927855,GALEX J003746.7+410442,9.44471081293596,41.0785070656349,1,-999,23.77593,-999,1.121061,0.08476537,False,-99,0.002050086
2495981692507918780,0,2.03456990527889,GALEX J003749.9+410449,9.4582732062866,41.0804140718396,1,-999,24.11068,-999,0.8236205,0.08476537,False,-99,0.0009943792
2496509458089246813,0,2.03696891292486,GALEX J003758.6+410134,9.49425135921978,41.026239334512,1,-999,22.3367,-999,4.220075,0.08089752,False,-99,0.006056026
2590979497349099423,0,2.04041306651643,GALEX J003758.5+410132,9.49383678028092,41.0257316982133,1,-999,23.39546,-999,1.591536,0.08089752,False,-99,0.004946987
6457249408501156769,0,2.04077009831197,GALEX J003800.7+410247,9.50324057903558,41.0464466582681,1,-999,23.7789,-999,1.117995,0.08272516,False,-99,0.002896498
6449403293525348513,0,2.0410494544398,GALEX J003753.6+410442,9.47339772959082,41.0785182539854,1,-999,21.77705,-999,7.066117,0.08368652,False,-99,0.00315514
2495981692507918310,0,2.04117398628177,GALEX J003741.0+410137,9.42102989399381,41.0271724207837,1,-999,23.54365,-999,1.388481,0.08531417,False,-99,0.003088052
2496509458089246832,0,2.04805094011271,GALEX J003759.6+410152,9.49861480109966,41.0312336829293,1,-999,22.28012,-999,4.445804,0.08089752,False,-99,0.005496451
6449438477897433919,0,2.04833349400956,GALEX J003758.6+410134,9.49454408858915,41.0262191295782,1,-999,23.70388,-999,1.19797,0.08089752,False,-99,0.002095578
2496509458090306129,0,2.05652302860147,GALEX J003739.4+410212,9.41455467622171,41.0368058077442,2,23.60837,-999,1.30814,-999,0.0857944,False,0.002841781,-99
2495981692507918452,0,2.05729675719186,GALEX J003739.4+410212,9.41456110222669,41.0367440494929,1,-999,22.52067,-999,3.562317,0.0857944,False,-99,0.004360385
2495946508136885456,0,2.0594084711494,GALEX J003742.6+410115,9.42771903700114,41.020980660457,2,23.54287,-999,1.38948,-999,0.08531417,False,0.00246927,-99
2591014681721177018,0,2.06048136377686,GALEX J003758.8+410135,9.49506418115813,41.0264130682511,1,-999,22.60668,-999,3.290985,0.08089752,False,-99,0.007955926
6457249408501156675,0,2.06292240317772,GALEX J003739.4+410213,9.41431784481736,41.0370379829217,1,-999,22.86899,-999,2.584654,0.0857944,False,-99,0.001765441
6457249408501156458,0,2.06392478869387,GALEX J003754.0+410052,9.47511548494314,41.0145779831317,1,-999,23.69992,-999,1.202356,0.08201355,False,-99,0.002771063
2590979497349099133,0,2.06560368702448,GALEX J003753.8+410051,9.47446652249758,41.0143560155201,1,-999,23.19711,-999,1.910535,0.08201355,False,-99,0.002486778
2590979497349099372,0,2.07090022714057,GALEX J003759.6+410148,9.49844104972965,41.03015489086,1,-999,24.41889,-999,0.6200724,0.08089752,False,-99,0.00143219
2591014681721176831,0,2.07297984256414,GALEX J003753.9+410051,9.4746087616956,41.0142655458666,1,-999,23.41602,-999,1.561673,0.08201355,False,-99,0.002863799
2495946508135830838,0,2.07484662676396,GALEX J003800.7+410314,9.50289834723692,41.0540268760236,1,-999,23.84492,-999,1.052043,0.08272516,False,-99,0.003878213
2590979497349099588,0,2.07996240784969,GALEX J003739.3+410212,9.41397984222746,41.0368969716018,1,-999,22.51146,-999,3.592647,0.0857944,False,-99,0.00170377
6449438477897434087,0,2.08147827157195,GALEX J003800.7+410314,9.50305933021144,41.0539899432099,1,-999,23.62408,-999,1.289335,0.08272516,False,-99,0.003015018
6449508846641611514,0,2.08166618529997,GALEX J003754.1+410051,9.4755516229999,41.0143922237702,1,-999,22.82635,-999,2.688192,0.08201355,False,-99,0.0044524
2590979497349099847,0,2.08374749963995,GALEX J003800.7+410315,9.50302221974221,41.0542863958885,1,-999,23.40861,-999,1.572368,0.08272516,False,-99,0.003583531
2591014681721177238,0,2.08507587194863,GALEX J003800.7+410314,9.50314119261445,41.0539884389964,1,-999,23.75024,-999,1.147894,0.08272516,False,-99,0.003483835
6449403293525348358,0,2.08652449510015,GALEX J003800.1+410335,9.50071678663162,41.0598660737603,1,-999,23.53711,-999,1.396873,0.08272516,False,-99,0.002106077
6449473662269521948,0,2.08738050746994,GALEX J003739.2+410214,9.41367045969929,41.0372687423596,1,-999,22.82755,-999,2.685206,0.0857944,False,-99,0.003511303
2496509458091343934,0,2.0927725431028,GALEX J003754.2+410051,9.4759213274457,41.0143070914504,3,22.8381,22.46598,2.659264,3.746346,0.08201355,False,0.004320385,0.006710226
2496509458089246906,0,2.09427506037189,GALEX J003800.7+410315,9.50321897952374,41.0544235833207,1,-999,23.32341,-999,1.700728,0.08272516,False,-99,0.005147714
6449508846641611770,0,2.09432385246631,GALEX J003800.7+410314,9.50331187268428,41.0541199701701,1,-999,23.16784,-999,1.96275,0.08272516,False,-99,0.00338039
2495981692507918180,0,2.09649138490719,GALEX J003754.2+410051,9.47589258098679,41.0142309555593,1,-999,23.36846,-999,1.631601,0.08201355,False,-99,0.004161309
6449403293525348024,0,2.10010933854948,GALEX J003754.5+410052,9.47743282098083,41.0146716042313,1,-999,22.26867,-999,4.492945,0.08201355,False,-99,0.004345693
6449438477897433831,0,2.10108864041677,GALEX J003754.2+410051,9.4761952004707,41.0142434377967,1,-999,23.28518,-999,1.761687,0.08201355,False,-99,0.003720364
2495946508135830557,0,2.1027584853151,GALEX J003754.1+410050,9.47561830127603,41.0140331302924,1,-999,22.51063,-999,3.595419,0.08201355,False,-99,0.005679715
2496509458089247010,0,2.11202178149558,GALEX J003744.7+410439,9.4364578839514,41.0776778713938,1,-999,23.16749,-999,1.963375,0.08476537,False,-99,0.002787546
2495981692510015652,0,2.11690529587677,GALEX J003738.8+410228,9.41188194461256,41.0412562005508,3,21.64293,21.24406,7.995173,11.54452,0.0857944,False,0.00199927,0.00191793
2591014681721177462,0,2.11922880935301,GALEX J003744.6+410439,9.43581530269127,41.0775556169977,1,-999,25.214,-999,0.2981254,0.08476537,False,-99,0.001088319
2591014681723274286,0,2.12251407802262,GALEX J003739.1+410212,9.41304251613011,41.0367895231773,3,23.51783,21.97188,1.421906,5.905379,0.0857944,False,0.002645584,0.009413846
2495876139392700737,0,2.12428641189901,GALEX J003754.6+410051,9.47756958297721,41.0142758041236,2,23.60739,-999,1.309317,-999,0.08201355,False,0.001836239,-99
6449438477897434035,0,2.12709884252042,GALEX J003739.0+410213,9.41285773891785,41.0370020644741,1,-999,22.09109,-999,5.291334,0.0857944,False,-99,0.006473221
6449438477897434045,0,2.12799623766701,GALEX J003738.7+410228,9.41161384946105,41.0413591750901,1,-999,21.18312,-999,12.21099,0.0857944,False,-99,0.002366809
6449473662269522015,0,2.13045397092384,GALEX J003738.7+410229,9.41151755039926,41.0415767003185,1,-999,21.04226,-999,13.90256,0.0857944,False,-99,0.004207452
6449508846641611936,0,2.13047638295273,GALEX J003746.1+410447,9.44238397430395,41.0799660285405,1,-999,24.53186,-999,0.5588005,0.08476537,False,-99,0.002133508
2591014681723273971,0,2.13061990023983,GALEX J003754.5+410050,9.4773313120139,41.0140790461955,3,23.01233,23.27103,2.265019,1.784795,0.08201355,False,0.005212619,0.002042451
2590979497351196300,0,2.13090197009117,GALEX J003754.5+410050,9.47714360479574,41.0140110653677,3,23.22497,23.23808,1.86214,1.839788,0.08201355,False,0.002497862,0.001902474
2591014681723274438,0,2.13232778070202,GALEX J003738.7+410228,9.41154189429507,41.0412332283419,3,21.77568,20.65302,7.075045,19.89709,0.0857944,False,0.002736394,0.001913056
2590979497351197558,0,2.13335220823624,GALEX J003738.7+410228,9.41152488540455,41.0412037720413,3,21.83189,20.52624,6.718081,22.36169,0.0857944,False,0.00224524,0.001791965
2495876139392700659,0,2.13383427126712,GALEX J003738.7+410228,9.4115299731962,41.0411251488589,2,21.6298,-999,8.092481,-999,0.0857944,False,0.004424796,-99
2590979497349100192,0,2.13452194276719,GALEX J003744.5+410440,9.43580192724376,41.0778398458966,1,-999,24.56504,-999,0.5419786,0.08476537,False,-99,0.002683938
6449508846641611637,0,2.1347406029777,GALEX J003756.7+410104,9.48643825410131,41.0180400522415,1,-999,20.48398,-999,23.24909,0.08201355,False,-99,0.006300659
6449403293526402528,0,2.13662096993275,GALEX J003738.7+410227,9.41149833881496,41.0409761940634,2,22.34347,-999,4.193849,-999,0.0857944,False,0.002784876,-99
6372252787397364335,0,2.13692602220195,GALEX J003754.6+410050,9.47752521229441,41.0140294472837,1,-999,22.32816,-999,4.253383,0.08201355,False,-99,0.002069249
6449438477897433930,0,2.13813377684159,GALEX J003756.7+410105,9.48660430469929,41.0180635215209,1,-999,20.42025,-999,24.65479,0.08201355,False,-99,0.005196285
2496509458090306133,0,2.14054542155428,GALEX J003738.7+410228,9.41136950435824,41.0411769499552,2,21.73108,-999,7.371711,-999,0.0857944,False,0.002423502,-99
6372252787397364538,0,2.14078632553456,GALEX J003738.7+410227,9.41139321532832,41.0410338628315,1,-999,20.72028,-999,18.70203,0.0857944,False,-99,0.003001813
6457249408502212210,0,2.14345768468902,GALEX J003738.7+410228,9.4113024969012,41.0411865562556,2,21.93379,-999,6.116264,-999,0.0857944,False,0.001892007,-99
2495946508137927782,3138661632107877478,2.14623314496084,GALEX J003756.8+410104,9.48674467961133,41.0179743516675,3,20.78279,20.44389,17.65574,24.12366,0.08201355,True,0.004438873,0.004176454
2495876139392700707,0,2.14674184826049,GALEX J003756.8+410104,9.48666159806765,41.0179164584731,2,20.93282,-999,15.37713,-999,0.08201355,False,0.00537352,-99
2495981692510015471,0,2.14764620512693,GALEX J003756.8+410104,9.48679694368774,41.0179746573935,3,20.98014,20.52671,14.72129,22.35196,0.08201355,False,0.004781689,0.004834244
6449403293527445292,0,2.14812569333999,GALEX J003756.7+410104,9.48659491813696,41.0178498612151,3,20.97308,20.11962,14.81738,32.51997,0.08201355,False,0.004095337,0.007413242
6372252787397364384,0,2.14816623626637,GALEX J003756.6+410103,9.48604574005288,41.0175433830027,1,-999,20.72283,-999,18.65805,0.08201355,False,-99,0.005330051
6449403293525348293,0,2.14911337726637,GALEX J003801.0+410315,9.50450723133984,41.0542731681767,1,-999,22.68229,-999,3.069613,0.08272516,False,-99,0.003188764
2591014681723274103,0,2.1504485267435,GALEX J003756.8+410104,9.48670850383787,41.0178657751363,3,21.01445,20.42301,14.26333,24.5922,0.08201355,False,0.004525437,0.003757087
2590979497351196471,0,2.15384863536316,GALEX J003756.8+410104,9.48672290316106,41.0178030516909,3,20.91381,20.45037,15.64877,23.98013,0.08201355,False,0.005399161,0.003859244
2591014681721176847,0,2.15519709374477,GALEX J003750.8+410038,9.46188468060499,41.0106959403768,1,-999,20.87176,-999,16.26656,0.08384496,False,-99,0.001619129
6457249408501156452,0,2.15557232881899,GALEX J003754.6+410049,9.47772100444075,41.0137551502802,1,-999,23.84761,-999,1.049437,0.08201355,False,-99,0.002546584
6457249408501156545,0,2.15574840231148,GALEX J003750.8+410038,9.46184336490808,41.0106842797849,1,-999,20.84245,-999,16.7116,0.08384496,False,-99,0.001597148
2590979497349099174,0,2.15641154392347,GALEX J003750.8+410038,9.46191889143296,41.0106776801868,1,-999,20.83869,-999,16.76961,0.08384496,False,-99,0.001422854
6457249408503253835,0,2.15695869548218,GALEX J003756.8+410103,9.4867671730396,41.017763312449,3,20.92355,20.41788,15.50891,24.70866,0.08201355,False,0.005313569,0.005760059
2590979497349099988,0,2.16218455670783,GALEX J003759.6+410356,9.49853248021781,41.0657650168628,1,-999,24.26666,-999,0.7134042,0.08272516,False,-99,0.002650511
6449403293525348112,0,2.16381074920288,GALEX J003750.9+410038,9.46235364553345,41.0105814757379,1,-999,20.22935,-999,29.39416,0.08384496,False,-99,0.007591824
2496509458089246818,0,2.1667940536618,GALEX J003750.8+410037,9.4619522353354,41.0105060947166,1,-999,20.4987,-999,22.93608,0.08384496,False,-99,0.005670458
2496509458089246861,0,2.1692314279574,GALEX J003741.5+410118,9.42323593696533,41.0217288967999,1,-999,19.83064,-999,42.43695,0.08531417,False,-99,0.001980542
2495981692507918229,0,2.1697002587958,GALEX J003750.9+410037,9.46220823080735,41.0104734264833,1,-999,20.87859,-999,16.16457,0.08384496,False,-99,0.001685664
2495981692507918308,0,2.169867825342,GALEX J003741.5+410118,9.42328258216689,41.0216761170385,1,-999,19.88952,-999,40.19677,0.08531417,False,-99,0.001236169
6449438477897433988,0,2.1731225064061,GALEX J003741.5+410118,9.42313267683219,41.02171708272,1,-999,19.8915,-999,40.12371,0.08531417,False,-99,0.001464652
6372252787397364422,0,2.17430816819872,GALEX J003741.5+410117,9.42329534681166,41.02155832167,1,-999,19.94744,-999,38.10874,0.08531417,False,-99,0.00323519
6449508846641611546,0,2.17550742205121,GALEX J003750.8+410037,9.46192675733521,41.0103588880821,1,-999,20.67062,-999,19.57721,0.08384496,False,-99,0.002043295
2495946508135830663,3138661632107877511,2.17564408571468,GALEX J003741.5+410117,9.42318113106653,41.0216169516245,1,-999,19.86542,-999,41.09898,0.08531417,True,-99,0.001781141
6449473662269521949,0,2.17569074335889,GALEX J003741.4+410118,9.42279091980067,41.0219313652443,1,-999,19.86826,-999,40.99152,0.08531417,False,-99,0.00300094
2496509458091343977,0,2.17792969743667,GALEX J003757.1+410105,9.48826043498533,41.0181955766141,3,20.94543,20.09521,15.19957,33.2595,0.08201355,False,0.004941874,0.01179466
6449508846641611575,0,2.17877192157561,GALEX J003741.5+410118,9.42297665897899,41.0217049895695,1,-999,19.86364,-999,41.16642,0.08531417,False,-99,0.001324737
6449438477897433898,0,2.17973154004003,GALEX J003750.8+410037,9.46199293365967,41.0102922382445,1,-999,20.69625,-999,19.12058,0.08384496,False,-99,0.003427468
6457249408501156580,0,2.18030081748178,GALEX J003741.5+410118,9.42297660895234,41.0216677415487,1,-999,19.87313,-999,40.80811,0.08531417,False,-99,0.001423832
2591014681721176965,0,2.18044694138142,GALEX J003741.5+410117,9.42298390193111,41.0216583074683,1,-999,19.90248,-999,39.71981,0.08531417,False,-99,0.001504449
2590979497349099367,0,2.18110724006012,GALEX J003741.5+410117,9.42301647378345,41.0216160416537,1,-999,19.88743,-999,40.27428,0.08531417,False,-99,0.001367146
6449403293525348101,0,2.18637926482065,GALEX J003741.5+410117,9.42293332127994,41.0215544912042,1,-999,19.84004,-999,42.07121,0.08531417,False,-99,0.001368549
2495946508135830582,0,2.18715779465791,GALEX J003750.8+410036,9.46172184525368,41.0101522974254,1,-999,20.60398,-999,20.81639,0.08384496,False,-99,0.003875148
2496509458090306098,0,2.19153278272437,GALEX J003745.4+410046,9.4393837349262,41.0128314748586,2,23.66029,-999,1.247052,-999,0.08531417,False,0.000932263,-99
6372252787397364359,0,2.20546673165964,GALEX J003750.8+410035,9.46176299118947,41.0098486150706,1,-999,20.39786,-999,25.1684,0.08384496,False,-99,0.00589677
2496509458089246774,0,2.22909361273137,GALEX J003743.0+410059,9.42915435820175,41.0164697042378,1,-999,23.37427,-999,1.622897,0.08531417,False,-99,0.004637248
2591014681721177549,0,2.23612635625065,GALEX J003745.7+410452,9.4405025075043,41.0813197990425,1,-999,24.61902,-999,0.5156919,0.08476537,False,-99,0.003093696
2495946508135830822,0,2.24522392194884,GALEX J003801.7+410304,9.50737271149674,41.0511750374318,1,-999,23.80233,-999,1.094124,0.08272516,False,-99,0.004343696
2495981692507918419,0,2.25731035983754,GALEX J003738.3+410212,9.40995354864667,41.0367858631772,1,-999,23.63453,-999,1.276989,0.0857944,False,-99,0.003857055
2495946508135830682,0,2.26244830716836,GALEX J003801.1+410157,9.50460112820312,41.0325809406092,1,-999,23.39146,-999,1.597412,0.08089752,False,-99,0.004208039
6449473662269521922,0,2.26412566397635,GALEX J003759.0+410118,9.49596702563514,41.0218094852461,1,-999,22.17466,-999,4.899302,0.08089752,False,-99,0.003755084
2590979497349099521,0,2.26736246520592,GALEX J003738.3+410211,9.40985389612431,41.0364243515083,1,-999,23.41166,-999,1.567968,0.0857944,False,-99,0.002038409
2590979497349100153,0,2.26813947300518,GALEX J003757.6+410431,9.49028944020638,41.0755122921549,1,-999,24.83945,-999,0.4209417,0.08272516,False,-99,0.002809576
2496509458089246812,0,2.27675923570889,GALEX J003739.1+410146,9.41309413579795,41.0296110226475,1,-999,22.45299,-999,3.79143,0.08531417,False,-99,0.00390195
2495946508135831094,0,2.29073466568306,GALEX J003745.7+410456,9.44040097153162,41.0822638866264,1,-999,24.22957,-999,0.7381974,0.08476537,False,-99,0.002346533
6372252787398416828,0,2.29106000853764,GALEX J003743.0+410054,9.42925742670966,41.015147237792,2,21.53409,-999,8.838212,-999,0.08531417,False,0.0008747071,-99
2591014681721176839,0,2.29537179648376,GALEX J003743.0+410053,9.42955427882041,41.0149058034405,1,-999,24.61482,-999,0.5176926,0.08531417,False,-99,0.003542147
6449403293525347954,0,2.29646529180965,GALEX J003747.8+410031,9.44946433295044,41.0087942099151,1,-999,22.92156,-999,2.462489,0.08531417,False,-99,0.003128616
2495981692507918423,0,2.29830756789501,GALEX J003801.8+410215,9.50754413083251,41.0376218008506,1,-999,22.44251,-999,3.828206,0.08089752,False,-99,0.004080545
2495981692508973118,0,2.30054880969827,GALEX J003749.6+410029,9.45701031196401,41.0081717344892,2,23.43007,-999,1.541612,-999,0.08384496,False,0.00206394,-99
6449473662269522049,0,2.30084566170733,GALEX J003800.1+410404,9.50044888158236,41.0677832603797,1,-999,22.46979,-999,3.733212,0.08272516,False,-99,0.003695142
2591014681722244252,0,2.30601846637952,GALEX J003738.5+410157,9.41055549087042,41.0327600963316,2,24.34151,-999,0.6658819,-999,0.0857944,False,0.002522034,-99
6449403293525348460,0,2.30643419177809,GALEX J003800.2+410402,9.50100796239785,41.067309641136,1,-999,21.42444,-999,9.777369,0.08272516,False,-99,0.006431994
2495981692507918713,0,2.30722632868573,GALEX J003800.1+410403,9.50068170352871,41.067711091356,1,-999,22.80351,-999,2.745337,0.08272516,False,-99,0.004744741
2591014681721177422,0,2.31284720372891,GALEX J003800.1+410404,9.50074496815168,41.0678087683037,1,-999,22.6064,-999,3.291853,0.08272516,False,-99,0.002374009
6457249408501156956,0,2.31376397149695,GALEX J003800.2+410403,9.50095651183564,41.0675941206279,1,-999,22.29453,-999,4.387216,0.08272516,False,-99,0.003475791
6372252787397364727,0,2.316855533633,GALEX J003800.1+410404,9.50066779689785,41.068016484384,1,-999,22.13609,-999,5.076507,0.08272516,False,-99,0.002419867
2496509458089246999,0,2.31931586502674,GALEX J003800.3+410402,9.50135517401836,41.067299002046,1,-999,22.23187,-999,4.647831,0.08272516,False,-99,0.006535309
6449438477897434170,0,2.32215779697601,GALEX J003800.2+410404,9.50100813981148,41.0677899232696,1,-999,23.16552,-999,1.966949,0.08272516,False,-99,0.003897057
2591014681721177568,0,2.32776628783415,GALEX J003748.0+410505,9.45038831496193,41.0848579215303,1,-999,25.17702,-999,0.3084547,0.08476537,False,-99,0.00233052
2590979497349100109,0,2.32821299473078,GALEX J003800.2+410404,9.50112917674046,41.0678348367999,1,-999,22.59708,-999,3.320232,0.08272516,False,-99,0.0026754
2495876139392700710,0,2.32957367970895,GALEX J003751.4+410028,9.46446114075623,41.0079723189685,2,23.78203,-999,1.114781,-999,0.08201355,False,0.002158079,-99
2495946508135830940,0,2.33446626728952,GALEX J003800.4+410402,9.50168652279112,41.0673767762926,1,-999,22.22196,-999,4.690472,0.08272516,False,-99,0.007137436
6449508846641611878,0,2.34100992630872,GALEX J003800.3+410403,9.50155656744996,41.0677314201066,1,-999,22.38532,-999,4.035276,0.08272516,False,-99,0.004164911
6372252787397364295,0,2.34111537877093,GALEX J003749.5+410027,9.45646580889312,41.0075066100127,1,-999,21.80472,-999,6.888268,0.08384496,False,-99,0.002487518
2591014681721177328,0,2.34358002528612,GALEX J003800.8+410354,9.50366062327941,41.0651453448252,1,-999,25.18616,-999,0.3058701,0.08272516,False,-99,0.002485128
2495876139392700724,0,2.34668161513813,GALEX J003758.9+410110,9.49575348794706,41.0195839239532,2,23.25967,-999,1.803575,-999,0.08201355,False,0.003139055,-99
2495946508135830723,0,2.34939263256013,GALEX J003739.8+410124,9.41608590678968,41.0235504331256,1,-999,22.99815,-999,2.294769,0.08531417,False,-99,0.007687745
2495981692510015851,0,2.35428378260783,GALEX J003739.6+410407,9.41538041108659,41.0688644957096,3,22.98445,22.6384,2.32393,3.19625,0.08476537,False,0.00125478,0.003915098
2496509458089246773,0,2.35670864214398,GALEX J003744.3+410040,9.43493692134736,41.0113425820662,1,-999,21.72635,-999,7.403888,0.08531417,False,-99,0.004792593
2590979497349099981,0,2.36252494077962,GALEX J003800.9+410354,9.50409984758715,41.0651967723895,1,-999,24.39537,-999,0.6336536,0.08272516,False,-99,0.001994679
2495946508137927701,0,2.36389600898277,GALEX J003744.3+410040,9.43496063493582,41.011199962556,3,21.96305,21.74521,5.953637,7.276408,0.08531417,False,0.002690752,0.00387593
6449508846641611480,0,2.36459034845621,GALEX J003749.8+410025,9.4576735661923,41.007096460204,1,-999,23.17449,-999,1.950759,0.08384496,False,-99,0.00332924
6372252787397364802,0,2.36485349496372,GALEX J003756.3+410449,9.48476640840711,41.0804234962463,1,-999,21.06106,-999,13.66393,0.08272516,False,-99,0.003107457
2496509458089247018,0,2.36527304271068,GALEX J003742.6+410442,9.42766766101019,41.07853737256,1,-999,23.30618,-999,1.727939,0.08476537,False,-99,0.004358369
2496509458089247066,0,2.36611178425953,GALEX J003756.4+410449,9.48513895828852,41.0802801445084,1,-999,21.18287,-999,12.21378,0.08272516,False,-99,0.001762837
2495946508137927757,0,2.36762416152859,GALEX J003759.1+410110,9.49630841217491,41.0195190706171,3,23.0598,22.45676,2.168123,3.7783,0.08201355,False,0.002532021,0.005880957
2495981692510015337,0,2.36765630754312,GALEX J003744.3+410040,9.43476090833979,41.0112049194625,3,22.27031,22.13629,4.486192,5.075546,0.08531417,False,0.003433351,0.002036443
2590979497351196436,0,2.36849674198446,GALEX J003759.1+410110,9.49626060956338,41.0194594338742,3,22.82786,22.51001,2.68446,3.59746,0.08201355,False,0.003362575,0.002885222
6449403293525348573,0,2.36877398005762,GALEX J003756.3+410449,9.48495527271377,41.0804149067422,1,-999,21.09807,-999,13.20601,0.08272516,False,-99,0.002017382
6449508846641611555,0,2.36921230013562,GALEX J003759.1+410110,9.49626623522692,41.0194465424671,1,-999,22.50181,-999,3.624719,0.08201355,False,-99,0.004647389
2590979497349099137,0,2.37011135017439,GALEX J003749.8+410025,9.45754406851571,41.0070054335068,1,-999,23.04368,-999,2.200537,0.08384496,False,-99,0.004098858
2495981692507918240,0,2.3704549537528,GALEX J003759.1+410110,9.49638222415235,41.0195095036476,1,-999,22.70313,-999,3.011266,0.08201355,False,-99,0.004281531
2591014681723274134,0,2.37105232861693,GALEX J003759.1+410110,9.49642770605733,41.0195316174379,3,23.58537,21.57463,1.336141,8.514279,0.08089752,False,0.003863399,0.004589992
2591014681721176760,0,2.37122245603735,GALEX J003751.1+410025,9.46311623897873,41.0071629519461,1,-999,23.28885,-999,1.755736,0.08201355,False,-99,0.002210636
2495981692507918125,0,2.37130877885071,GALEX J003749.8+410025,9.45781696219114,41.0069836639092,1,-999,23.82232,-999,1.07417,0.08384496,False,-99,0.003225677
2496509458091344133,0,2.37145153109994,GALEX J003739.6+410408,9.41516665295707,41.0691338976135,3,22.90653,22.45882,2.496824,3.771137,0.08476537,False,0.002354471,0.003437751
2590979497349100338,0,2.37188410990279,GALEX J003752.0+410507,9.46694021419406,41.0854755153213,1,-999,24.33086,-999,0.6724413,0.08368652,False,-99,0.002381439
2590979497349099033,0,2.3719308102239,GALEX J003751.1+410025,9.46304392232626,41.0071459278244,1,-999,22.97997,-999,2.333515,0.08201355,False,-99,0.002361067
6457249408503254141,0,2.37281064041587,GALEX J003739.6+410408,9.4150773722584,41.0690768756549,3,22.78463,22.17908,2.793497,4.879426,0.08476537,False,0.002259669,0.005481579
2590979497349100326,0,2.37330793049421,GALEX J003756.4+410449,9.48498945165759,41.0804875225472,1,-999,21.38549,-999,10.1345,0.08272516,False,-99,0.001292202
6457249408503253606,0,2.37395497405506,GALEX J003744.2+410040,9.43418853022675,41.0113059353694,3,21.71714,21.93647,7.466983,6.101159,0.08531417,False,0.001868616,0.004328053
2591014681721176786,0,2.37491134911766,GALEX J003749.8+410024,9.45753630165061,41.0069254954754,1,-999,22.98834,-999,2.315606,0.08384496,False,-99,0.005105307
2495946508135831024,0,2.3755685920746,GALEX J003756.4+410449,9.48512234526642,41.0804715593483,1,-999,21.18321,-999,12.21001,0.08272516,False,-99,0.001818707
6449438477897433852,0,2.37558837197781,GALEX J003744.2+410040,9.43441950832442,41.011186516337,1,-999,21.97439,-999,5.891738,0.08531417,False,-99,0.003923455
2591014681721177674,0,2.37571300170504,GALEX J003756.4+410449,9.48500080948503,41.0805290797058,1,-999,21.33935,-999,10.57452,0.08272516,False,-99,0.001368104
6449508846641611902,0,2.37575330020977,GALEX J003739.6+410408,9.41501335519128,41.0690933597996,1,-999,22.19127,-999,4.824922,0.08476537,False,-99,0.005043369
6457249408501157078,0,2.37578439697266,GALEX J003756.4+410449,9.48520400217196,41.0804388036229,1,-999,21.44647,-999,9.580994,0.08272516,False,-99,0.002526668
6449438477897433869,0,2.37663522600004,GALEX J003759.1+410109,9.49646747701043,41.0194274986651,1,-999,22.85523,-999,2.617633,0.08201355,False,-99,0.002320891
6449438477897434281,0,2.37666972850684,GALEX J003752.1+410507,9.46713162017045,41.0855316317623,1,-999,24.11849,-999,0.8177145,0.08368652,False,-99,0.002091325
6449403293527445164,0,2.37670004153943,GALEX J003744.3+410039,9.43461107081546,41.011092945202,3,21.90515,21.91833,6.279722,6.203971,0.08531417,False,0.002203339,0.00407407
6449403293525348056,0,2.37741417584784,GALEX J003759.2+410110,9.49669577515552,41.0195933932436,1,-999,21.99142,-999,5.800024,0.08089752,False,-99,0.004793081
2591014681723273969,0,2.37847886558031,GALEX J003744.2+410040,9.43443128591269,41.011128029237,3,22.21694,21.92325,4.712206,6.175909,0.08531417,False,0.002326653,0.001650915
6449473662269522111,0,2.378679266276,GALEX J003756.3+410450,9.4849741396175,41.0805985461419,1,-999,21.30744,-999,10.88986,0.08272516,False,-99,0.002761511
6372252787397364735,0,2.37895367182706,GALEX J003739.5+410408,9.41478890684376,41.068942067773,1,-999,22.35006,-999,4.168479,0.08476537,False,-99,0.002335783
6449508846641611519,0,2.37940891441986,GALEX J003744.2+410040,9.43438145148765,41.0111296838316,1,-999,22.05031,-999,5.493828,0.08531417,False,-99,0.002556438
6449508846641611972,0,2.3803730653787,GALEX J003756.4+410449,9.48522218271817,41.0805197944508,1,-999,21.57442,-999,8.515957,0.08272516,False,-99,0.002015483
6449438477897434196,0,2.38085030138127,GALEX J003739.5+410408,9.41489018426865,41.0691085254145,1,-999,22.38479,-999,4.037216,0.08476537,False,-99,0.002701159
6457249408501156533,0,2.38109394360096,GALEX J003759.2+410110,9.49682202047212,41.0196061066575,1,-999,22.11915,-999,5.156295,0.08089752,False,-99,0.004162021
2590979497351197275,0,2.3818805811255,GALEX J003739.5+410408,9.414855110446,41.0691004973394,3,22.70756,22.39577,2.99902,3.996613,0.08476537,False,0.002487359,0.001623973
2495876139392700746,0,2.3827824212066,GALEX J003744.2+410039,9.43449037448971,41.0110252314,2,22.07611,-999,5.364867,-999,0.08531417,False,0.004188238,-99
6449403293527445601,0,2.38311661223472,GALEX J003739.4+410407,9.41445645199103,41.0686967133061,3,23.14452,22.33171,2.005365,4.239495,0.0857944,False,0.00130931,0.003699475
2590979497351196319,0,2.38363959484003,GALEX J003744.2+410039,9.43447316075067,41.0110157721114,3,22.3954,21.91748,3.998013,6.208811,0.08531417,False,0.00116398,0.001526145
2591014681723274570,0,2.38395468738092,GALEX J003739.5+410408,9.41483048837817,41.0691344162499,3,22.7167,22.48314,2.973875,3.687584,0.08476537,False,0.001969335,0.001591473
2496509458090306111,0,2.38421248590978,GALEX J003759.2+410110,9.49671682544535,41.0194439425048,2,23.62291,-999,1.290737,-999,0.08089752,False,0.002796866,-99
2496509458089246809,0,2.38490646550928,GALEX J003739.9+410120,9.41635476421498,41.0222888239983,1,-999,23.01436,-999,2.260763,0.08531417,False,-99,0.005559865
6449438477897434278,0,2.3868432274527,GALEX J003756.5+410449,9.4854636946929,41.0805359406902,1,-999,21.29701,-999,10.99505,0.08272516,False,-99,0.004156377
2495946508135831111,0,2.38859746644665,GALEX J003745.9+410503,9.44130745210037,41.08423723681,1,-999,24.14955,-999,0.7946546,0.08476537,False,-99,0.0006049354
2495981692507918855,0,2.389646909947,GALEX J003756.4+410450,9.48536171793046,41.08063691217,1,-999,21.38473,-999,10.14162,0.08272516,False,-99,0.004043873
6449438477897433776,0,2.39146241562086,GALEX J003749.7+410023,9.4573328103426,41.0066516801294,1,-999,23.38781,-999,1.602783,0.08384496,False,-99,0.003328636
6372252787397364325,0,2.39573812271577,GALEX J003744.2+410038,9.43441161730101,41.0108134542666,1,-999,21.88267,-999,6.411083,0.08531417,False,-99,0.003040476
6449403293525347940,0,2.39791950723575,GALEX J003749.7+410023,9.45740425414967,41.0065432629934,1,-999,22.95272,-999,2.392829,0.08201355,False,-99,0.004055789
6449438477897434013,0,2.40202931003055,GALEX J003737.3+410224,9.40576641584435,41.0400005737507,1,-999,22.62582,-999,3.233479,0.0857944,False,-99,0.003132331
6372252787397364527,0,2.40319384884151,GALEX J003737.4+410222,9.4058335474788,41.0395876329848,1,-999,22.05231,-999,5.483711,0.0857944,False,-99,0.001257517
2495981692507918453,0,2.40573435974984,GALEX J003737.3+410224,9.40565630255557,41.0401260936559,1,-999,22.48193,-999,3.691707,0.0857944,False,-99,0.002747707
2590979497349099584,0,2.41270954369472,GALEX J003737.3+410223,9.40553242197785,41.0399768165924,1,-999,22.3728,-999,4.082055,0.0857944,False,-99,0.001717747
2590979497349100220,0,2.4128458055673,GALEX J003742.3+410443,9.42624929116418,41.078737390223,1,-999,24.59138,-999,0.5289893,0.08476537,False,-99,0.002243029
2591014681721177622,0,2.41352937995359,GALEX J003752.3+410509,9.46793494705811,41.0860467045849,1,-999,24.38685,-999,0.6386459,0.08368652,False,-99,0.003579952
2591014681721177097,0,2.41414771393233,GALEX J003737.3+410223,9.40550563729319,41.0399520341127,1,-999,22.38119,-999,4.050646,0.0857944,False,-99,0.001831677
6449403293525348580,0,2.41486729713016,GALEX J003749.0+410511,9.45453075643328,41.0866603412606,1,-999,22.67923,-999,3.078274,0.08476537,False,-99,0.002639125
6457249408501156686,0,2.41673169898609,GALEX J003737.3+410223,9.40544948439485,41.0399441857999,1,-999,22.76156,-999,2.853482,0.0857944,False,-99,0.002858972
6457249408501156403,0,2.41866317843695,GALEX J003749.7+410022,9.45732777102117,41.006198339325,1,-999,23.30389,-999,1.73158,0.08201355,False,-99,0.002579337
2591014681721177483,0,2.42097974616674,GALEX J003742.2+410443,9.42604487774616,41.078791421393,1,-999,24.90225,-999,0.3972819,0.08476537,False,-99,0.001693144
6449473662269522048,0,2.42237064793654,GALEX J003739.3+410410,9.41413734187464,41.0695044173542,1,-999,22.65432,-999,3.149709,0.08476537,False,-99,0.003359985
6449508846641611653,0,2.42768836939617,GALEX J003737.2+410223,9.40520142126339,41.039956477016,1,-999,22.61668,-999,3.260822,0.0857944,False,-99,0.002228057
6449403293525348126,0,2.42831438196722,GALEX J003737.8+410158,9.40761217992861,41.0328863975009,1,-999,23.53472,-999,1.399948,0.0857944,False,-99,0.002068109
6449473662269521957,0,2.42844217424668,GALEX J003737.2+410224,9.40514226090329,41.0401536602936,1,-999,22.34577,-999,4.184979,0.0857944,False,-99,0.002200152
2496509458089246756,0,2.44866400021341,GALEX J003754.7+410030,9.47821473115195,41.0086071434151,1,-999,23.48919,-999,1.459907,0.08201355,False,-99,0.005195013
6449473662269521961,0,2.44876343183304,GALEX J003802.8+410230,9.51187889167433,41.0417012458653,1,-999,21.96886,-999,5.921799,0.08089752,False,-99,0.004425313
2591014681721176740,0,2.45254540470401,GALEX J003754.3+410028,9.47649982634099,41.0080467262996,1,-999,25.5813,-999,0.2125585,0.08201355,False,-99,0.001854067
2496509458090306235,0,2.46078666471508,GALEX J003746.0+410508,9.44188014840368,41.085642461428,2,24.24791,-999,0.7258361,-999,0.08476537,False,0.002195948,-99
6457249408501157098,0,2.46961189012327,GALEX J003751.0+410515,9.46259985368627,41.0875274287855,1,-999,23.00747,-999,2.275155,0.08368652,False,-99,0.002492701
6449508846641611995,0,2.47218557429808,GALEX J003750.9+410515,9.46247458709882,41.0875780885953,1,-999,23.64925,-999,1.259793,0.08368652,False,-99,0.00179932
2496509458091344244,0,2.47756873054691,GALEX J003751.0+410515,9.46271980302414,41.0876529997212,3,22.93746,23.02763,2.426715,2.233305,0.08368652,False,0.003958034,0.003040302
2591014681723274798,0,2.48455952979236,GALEX J003751.0+410516,9.46254701706198,41.0877806115831,3,24.24748,23.17288,0.7261243,1.953657,0.08368652,False,0.001587333,0.001861235
2590979497349100422,0,2.48531520390261,GALEX J003751.0+410516,9.46248252385911,41.0877971297857,1,-999,23.14832,-999,1.998349,0.08368652,False,-99,0.001617386
6449403293525348612,0,2.4876060664889,GALEX J003751.1+410516,9.46304239718807,41.0877998328407,1,-999,22.08978,-999,5.297711,0.08368652,False,-99,0.003813607
6449473662269522126,0,2.49093873770665,GALEX J003750.9+410516,9.46233637002421,41.087899715504,1,-999,22.65859,-999,3.137355,0.08368652,False,-99,0.004164999
6449438477897434331,0,2.49114837399706,GALEX J003751.1+410516,9.46300887598377,41.0878613573846,1,-999,22.87459,-999,2.571367,0.08368652,False,-99,0.003959556
2590979497349098997,0,2.49208317521454,GALEX J003747.8+410019,9.44941462131363,41.0054950916506,1,-999,24.41017,-999,0.6250726,0.08531417,False,-99,0.002849602
2591014681721176733,0,2.49555203428013,GALEX J003747.8+410019,9.44924682983847,41.0054570310748,1,-999,23.71263,-999,1.188356,0.08531417,False,-99,0.003386381
2496509458090306109,0,2.49827012248029,GALEX J003740.2+410104,9.4178789937336,41.0180217493284,2,24.05312,-999,0.8684654,-999,0.08531417,False,0.002129392,-99
2495981692510016019,0,2.50172119974175,GALEX J003751.1+410516,9.46303400711983,41.0880365825347,3,23.37776,23.43596,1.617694,1.533254,0.08368652,False,0.002066958,0.001895236
2495946508137928222,0,2.50908962509802,GALEX J003750.9+410517,9.46246815739611,41.0881954507817,3,23.00011,22.61352,2.290636,3.27033,0.08368652,False,0.001719625,0.005218248
6449508846641611854,0,2.51900069805121,GALEX J003737.8+410352,9.407881604784,41.0645664185104,1,-999,23.39854,-999,1.587026,0.0857944,False,-99,0.003731136
6449403293525347925,0,2.52491933180875,GALEX J003752.9+410019,9.47047746114737,41.0054647008014,1,-999,22.66303,-999,3.12454,0.08201355,False,-99,0.00299658
2496509458089246794,0,2.53060215098454,GALEX J003741.9+410045,9.42459714560544,41.012762417435,1,-999,20.7362,-999,18.42974,0.08531417,False,-99,0.005616468
2590979497349099758,0,2.53095966466268,GALEX J003803.1+410314,9.51316960446929,41.0540704980991,1,-999,24.79217,-999,0.4396743,0.08272516,False,-99,0.002033769
2496509458089247057,0,2.54611485256389,GALEX J003744.7+410508,9.43640559359451,41.0856479420779,1,-999,24.37636,-999,0.6448458,0.08476537,False,-99,0.001888659
2495981692507918197,0,2.54620545896369,GALEX J003741.9+410044,9.42470052714878,41.0123801788838,1,-999,20.84982,-999,16.59867,0.08531417,False,-99,0.001318442
6372252787397364339,0,2.54757990404027,GALEX J003741.8+410045,9.42442226248859,41.0125077310914,1,-999,20.58766,-999,21.13178,0.08531417,False,-99,0.002473121
6449403293525348074,0,2.54767701225124,GALEX J003801.3+410124,9.50547646310798,41.0235243924922,1,-999,22.60864,-999,3.285064,0.08089752,False,-99,0.002912365
2496509458089246808,0,2.54804483720621,GALEX J003737.6+410143,9.40701568528054,41.0287178031356,1,-999,22.96459,-999,2.366819,0.0857944,False,-99,0.004582287
6449438477897433856,0,2.54960173791233,GALEX J003741.8+410044,9.4244751327529,41.0124358974208,1,-999,21.0236,-999,14.14357,0.08531417,False,-99,0.001817613
6457249408501156521,0,2.54961864817502,GALEX J003741.9+410044,9.4245960053339,41.0123677727332,1,-999,20.83935,-999,16.75943,0.08531417,False,-99,0.001386983
6449403293525347909,0,2.54973759853697,GALEX J003753.9+410021,9.47486264810098,41.005924574365,1,-999,23.28976,-999,1.754263,0.08201355,False,-99,0.002949145
6449508846641611538,0,2.55077219943773,GALEX J003741.8+410044,9.42437150477066,41.0124699375179,1,-999,20.70972,-999,18.88472,0.08531417,False,-99,0.001566336
2591014681721176883,0,2.55301860655369,GALEX J003741.8+410044,9.42448014808567,41.0123620903328,1,-999,20.81323,-999,17.16748,0.08531417,False,-99,0.001487366
2590979497349099175,0,2.55588140193925,GALEX J003741.8+410044,9.42446742375602,41.0123097822247,1,-999,20.82878,-999,16.92347,0.08531417,False,-99,0.001395086
6449403293525348050,0,2.56393832002472,GALEX J003741.8+410044,9.42417859242193,41.0123047966952,1,-999,20.67316,-999,19.53152,0.08531417,False,-99,0.001227893
2495946508135830618,0,2.56534001065953,GALEX J003741.8+410043,9.42436502852134,41.0121708087352,1,-999,20.68123,-999,19.3869,0.08531417,False,-99,0.002153371
2591014681721176696,0,2.56995199484617,GALEX J003750.3+410013,9.45973791957161,41.0036891241491,1,-999,24.92747,-999,0.3881592,0.08201355,False,-99,0.002455633
6449403293525348421,0,2.57070315848273,GALEX J003801.6+410407,9.50670924437091,41.0687417631686,1,-999,23.33094,-999,1.688977,0.08272516,False,-99,0.002704324
6449508846641611736,0,2.58296334595521,GALEX J003803.4+410313,9.51439732407599,41.0538126284274,1,-999,23.84298,-999,1.053918,0.08272516,False,-99,0.002227289
6449473662269521992,0,2.58507266985342,GALEX J003803.6+410257,9.51515505984414,41.0492420306853,1,-999,21.7087,-999,7.525246,0.08272516,False,-99,0.004440124
6449403293525348229,0,2.58917842882126,GALEX J003736.2+410249,9.40092644090547,41.0470099947354,1,-999,22.72887,-999,2.940696,0.0857944,False,-99,0.003057199
6449438477897434067,0,2.59884101987827,GALEX J003803.7+410256,9.5154680899184,41.0491427367576,1,-999,22.5665,-999,3.415079,0.08272516,False,-99,0.002620462
6449508846641611732,0,2.60583015971709,GALEX J003803.7+410256,9.5156417651256,41.0488951148733,1,-999,22.33274,-999,4.235468,0.08272516,False,-99,0.003017581
2495876139392700851,0,2.60662765893425,GALEX J003803.7+410257,9.51562998951797,41.0492705028754,2,23.10635,-999,2.077121,-999,0.08272516,False,0.002426338,-99
2590979497351197001,0,2.61292580783966,GALEX J003803.7+410256,9.51579263056565,41.0489789617287,3,23.58294,22.03384,1.339134,5.577806,0.08272516,False,0.001964841,0.001627458
2495946508136885712,0,2.61469792888841,GALEX J003803.7+410257,9.51580870916147,41.0492704030599,2,23.44799,-999,1.516377,-999,0.08272516,False,0.002078134,-99
2591014681723274401,0,2.61564479977165,GALEX J003803.8+410256,9.51585914948958,41.048892942337,3,23.33372,22.21573,1.684667,4.717438,0.08272516,False,0.002489464,0.001679036
6449508846641611997,0,2.61694806838235,GALEX J003756.1+410507,9.48394090931747,41.0855428041437,1,-999,23.6786,-999,1.226191,0.08368652,False,-99,0.003172428
2591014681721176710,0,2.6184954312206,GALEX J003751.4+410011,9.464239762572,41.0031063170714,1,-999,25.01599,-999,0.3577714,0.08201355,False,-99,0.002759436
2495946508135830484,0,2.61872687808061,GALEX J003758.2+410041,9.4925941197609,41.011441556179,1,-999,24.38129,-999,0.6419245,0.08201355,False,-99,0.003126998
2496509458089247060,0,2.61901851124823,GALEX J003756.0+410508,9.48345032609571,41.0857633134878,1,-999,24.52917,-999,0.5601859,0.08368652,False,-99,0.002531768
2496509458089247025,0,2.62096470208783,GALEX J003740.3+410440,9.41804595712965,41.0780359888174,1,-999,24.03267,-999,0.884972,0.08476537,False,-99,0.003147731
6449473662269522079,0,2.62139875246753,GALEX J003740.7+410444,9.41962818660494,41.0791478930489,1,-999,23.13835,-999,2.016786,0.08476537,False,-99,0.002861997
2496509458089247068,0,2.62370671862557,GALEX J003754.7+410515,9.47804145592352,41.0875787038237,1,-999,24.28595,-999,0.7008409,0.08368652,False,-99,0.002868026
6449473662269522107,0,2.62531602279577,GALEX J003755.9+410509,9.48303419731288,41.08603050349,1,-999,23.80962,-999,1.086805,0.08368652,False,-99,0.00143201
6449403293525348322,0,2.62665755656814,GALEX J003803.8+410255,9.51611196817034,41.0487633282199,1,-999,21.51664,-999,8.981413,0.08089752,False,-99,0.005491116
2496509458090306155,0,2.62883743897177,GALEX J003803.8+410256,9.51614171948126,41.0490204132876,2,24.1985,-999,0.7596295,-999,0.08272516,False,0.002523687,-99
2495946508137928275,0,2.62926385231774,GALEX J003755.0+410514,9.47947577814716,41.0872669678742,3,22.61537,23.71454,3.264775,1.186266,0.08368652,False,0.002132683,0.003875826
2495981692510015714,0,2.63163822889602,GALEX J003803.8+410256,9.51620038366536,41.0490640550307,3,23.21699,22.6286,1.875884,3.225207,0.08272516,False,0.002154836,0.002872792
2590979497349099060,0,2.63388504649507,GALEX J003758.4+410041,9.49350206181667,41.011641101434,1,-999,24.69102,-999,0.4826053,0.08201355,False,-99,0.002494855
2590979497349100388,0,2.6359915045772,GALEX J003756.0+410509,9.48363111162405,41.0860116063271,1,-999,24.3926,-999,0.6352713,0.08368652,False,-99,0.003135606
2591014681721177619,0,2.63693606438995,GALEX J003754.5+410516,9.4774653733556,41.0879685557194,1,-999,24.65377,-999,0.4994515,0.08368652,False,-99,0.00197065
2590979497349100393,0,2.63817322075635,GALEX J003754.5+410516,9.47744082119526,41.0879969073295,1,-999,24.20158,-999,0.7574739,0.08368652,False,-99,0.00213895
6449508846641611833,0,2.64140642308504,GALEX J003802.5+410356,9.51064007908781,41.0657632916631,1,-999,24.15214,-999,0.7927656,0.08272516,False,-99,0.001770259
6449403293525347883,0,2.64161552126111,GALEX J003749.5+410009,9.45623876211756,41.002501198651,1,-999,22.36002,-999,4.130403,0.08201355,False,-99,0.003401294
2495981692507918077,0,2.64361709249324,GALEX J003745.7+410016,9.44059469670056,41.0044800049011,1,-999,24.16836,-999,0.7810095,0.08531417,False,-99,0.002190867
2591014681721177477,0,2.64433807682976,GALEX J003740.3+410442,9.41799565566265,41.0785378089098,1,-999,24.85184,-999,0.4161614,0.08476537,False,-99,0.00270381
2591014681721176816,0,2.64468578785058,GALEX J003758.4+410041,9.49368788337519,41.0115217370166,1,-999,23.85641,-999,1.040966,0.08201355,False,-99,0.003908809
2495876139392701316,0,2.64716790531401,GALEX J003754.7+410516,9.47797905435592,41.0880117485524,2,22.94268,-999,2.41507,-999,0.08368652,False,0.001680139,-99
2590979497349100203,0,2.64759749322139,GALEX J003740.2+410442,9.41781186362686,41.0784812844084,1,-999,24.7697,-999,0.4488669,0.08476537,False,-99,0.002110893
2495981692507918666,0,2.64950719180223,GALEX J003802.4+410359,9.51028210122388,41.0666073982038,1,-999,24.15318,-999,0.7920051,0.08272516,False,-99,0.001938564
2496509458089246944,0,2.64952828047579,GALEX J003802.5+410358,9.5105981573558,41.0661347992257,1,-999,24.19689,-999,0.7607517,0.08272516,False,-99,0.002684659
2591014681721177640,0,2.65309849574175,GALEX J003756.0+410510,9.48348682795374,41.0863807642309,1,-999,24.42743,-999,0.6152183,0.08368652,False,-99,0.003471427
2496509458090306244,0,2.65484937735316,GALEX J003754.6+410517,9.47783423723321,41.0881868648463,2,23.97945,-999,0.9294376,-999,0.08368652,False,0.001558515,-99
2590979497349100051,0,2.65657211314272,GALEX J003802.5+410358,9.51061145815015,41.0663776727765,1,-999,23.62523,-999,1.287982,0.08272516,False,-99,0.002857522
6449403293525348594,0,2.65720220834688,GALEX J003745.3+410517,9.43881603052913,41.0883260576256,1,-999,22.66505,-999,3.118736,0.08476537,False,-99,0.002781031
2495981692507918160,0,2.6596988268524,GALEX J003758.2+410038,9.49288680697992,41.0107560605532,1,-999,23.43686,-999,1.531985,0.08201355,False,-99,0.002970727
6449473662269522046,0,2.66098738390838,GALEX J003802.5+410400,9.51041445141029,41.0668320446441,1,-999,23.45069,-999,1.512598,0.08272516,False,-99,0.00354736
2495946508135830401,0,2.66300979274229,GALEX J003749.5+410007,9.45645572024008,41.0021394454124,1,-999,24.0037,-999,0.9089096,0.08201355,False,-99,0.003341157
6449508846641611441,0,2.66726711030522,GALEX J003749.6+410007,9.45694943787646,41.0020593632289,1,-999,23.48439,-999,1.466368,0.08201355,False,-99,0.003669824
2495981692508973263,0,2.66840426015472,GALEX J003740.2+410444,9.41782804590605,41.0789696872062,2,23.03131,-999,2.225761,-999,0.08476537,False,0.002458066,-99
6449508846641611478,0,2.66852206399015,GALEX J003757.0+410028,9.48756772640045,41.0079657072664,1,-999,23.11586,-999,2.058991,0.08201355,False,-99,0.003882223
2591014681721177346,0,2.66994311371436,GALEX J003802.6+410359,9.51087754697433,41.0664747561257,1,-999,24.03417,-999,0.8837507,0.08272516,False,-99,0.001807433
6449403293525348019,0,2.67052441307788,GALEX J003739.6+410057,9.41529569811279,41.0159040939817,1,-999,22.74689,-999,2.892303,0.08531417,False,-99,0.004088659
2591014681721176694,0,2.67365175998038,GALEX J003749.5+410007,9.45655644247588,41.0019599021485,1,-999,23.73433,-999,1.164846,0.08201355,False,-99,0.004341349
2590979497349098879,0,2.67515811566631,GALEX J003749.5+410006,9.45658420559904,41.0019342301875,1,-999,23.79694,-999,1.099576,0.08201355,False,-99,0.003390086
2495946508135830891,0,2.67582592788526,GALEX J003802.6+410358,9.51112731157572,41.0663168274355,1,-999,23.89618,-999,1.003524,0.08272516,False,-99,0.002253268
6457249408501156448,0,2.67798287386075,GALEX J003759.4+410048,9.49785597102243,41.0134207914463,1,-999,23.85679,-999,1.040599,0.08201355,False,-99,0.001805729
2590979497349098923,0,2.68255237524597,GALEX J003751.4+410007,9.46432435158087,41.0020395150902,1,-999,24.13159,-999,0.8079131,0.08201355,False,-99,0.00340047
2496509458089246778,0,2.68382005702061,GALEX J003739.5+410057,9.41475980885184,41.0160107825764,1,-999,22.71525,-999,2.97782,0.08531417,False,-99,0.005215849
2591014681721176843,0,2.69340545690321,GALEX J003739.4+410058,9.41432075413004,41.0161334686785,1,-999,23.36506,-999,1.636728,0.08531417,False,-99,0.002661448
2495981692507918127,0,2.69582335221086,GALEX J003742.8+410027,9.42848120633901,41.0075422911043,1,-999,23.04821,-999,2.191362,0.08531417,False,-99,0.003770029
2590979497349099151,0,2.69604320752309,GALEX J003739.4+410057,9.41439269454462,41.016009726794,1,-999,23.62831,-999,1.284332,0.08531417,False,-99,0.001745806
2495946508135830494,0,2.69790495043224,GALEX J003745.7+410012,9.44053572195811,41.0035460861144,1,-999,22.07334,-999,5.378534,0.08531417,False,-99,0.00781161
6457249408501156353,0,2.6992361761722,GALEX J003745.7+410012,9.44040974924469,41.0035523461935,1,-999,23.20521,-999,1.896343,0.08531417,False,-99,0.004133101
6449403293525347927,0,2.70113404590077,GALEX J003742.8+410026,9.42846387194864,41.0074477575968,1,-999,23.20388,-999,1.898664,0.08531417,False,-99,0.00284861
6449508846641611446,0,2.70686542310293,GALEX J003745.7+410012,9.44039683680417,41.0034222160948,1,-999,23.39001,-999,1.599548,0.08531417,False,-99,0.003520139
2591014681721176770,0,2.70693771800702,GALEX J003757.0+410026,9.48783553339414,41.0073434938543,1,-999,23.25916,-999,1.804407,0.08201355,False,-99,0.001799943
2495876139392700765,0,2.7070251710011,GALEX J003742.7+410026,9.42820075521723,41.0074487494029,2,23.29511,-999,1.745656,-999,0.08531417,False,0.002618111,-99
6457249408501156405,0,2.70949953050146,GALEX J003756.9+410025,9.48745997428299,41.0071338196433,1,-999,22.59399,-999,3.329682,0.08201355,False,-99,0.00288494
6449508846641611460,0,2.70966971943865,GALEX J003742.5+410027,9.42738313962701,41.0077606109684,1,-999,23.4919,-999,1.456269,0.08531417,False,-99,0.002122403
6449438477897433782,0,2.71059327078302,GALEX J003757.1+410026,9.48796012362863,41.0073271401676,1,-999,23.30581,-999,1.728528,0.08201355,False,-99,0.001748586
2590979497349099079,0,2.71217203768848,GALEX J003757.0+410026,9.48780498399019,41.0072298928596,1,-999,23.00105,-999,2.288663,0.08201355,False,-99,0.001680597
2495946508135830561,0,2.71359762769134,GALEX J003739.3+410057,9.41377440421888,41.0160856092186,1,-999,23.33325,-999,1.685383,0.08531417,False,-99,0.004164242
2591014681721176730,0,2.71425813450433,GALEX J003745.6+410012,9.44022266902515,41.0033341385808,1,-999,22.79603,-999,2.764304,0.08531417,False,-99,0.005223566
2590979497349099099,0,2.7142746180594,GALEX J003742.6+410026,9.42779855732763,41.0074856557085,1,-999,22.56309,-999,3.425829,0.08531417,False,-99,0.00440331
6449403293525347958,0,2.71539674758718,GALEX J003757.0+410025,9.48775625958499,41.0071471669736,1,-999,22.55256,-999,3.459198,0.08201355,False,-99,0.003540121
2590979497349098956,0,2.71587394942801,GALEX J003745.6+410011,9.44017614316179,41.0033169199248,1,-999,23.22948,-999,1.854409,0.08531417,False,-99,0.004000052
2495981692507918192,0,2.71661600701465,GALEX J003739.3+410057,9.41386956869421,41.0159323034219,1,-999,23.06777,-999,2.152242,0.08531417,False,-99,0.00411201
6449403293525348356,0,2.71706145593063,GALEX J003736.1+410334,9.400646063238,41.059574343412,1,-999,23.0292,-999,2.230073,0.0857944,False,-99,0.002837957
2591014681721176790,0,2.72120152562233,GALEX J003742.7+410026,9.4279303711825,41.0072939165211,1,-999,22.78574,-999,2.790643,0.08531417,False,-99,0.003001123
2495981692507918112,0,2.72371688888914,GALEX J003757.1+410025,9.48802816382356,41.0071044717453,1,-999,23.40137,-999,1.582891,0.08201355,False,-99,0.002193632
6457249408501156396,0,2.7245135860702,GALEX J003742.7+410026,9.4279393226332,41.0072261699094,1,-999,23.404,-999,1.579067,0.08531417,False,-99,0.003361198
6457249408501156475,0,2.73013505177025,GALEX J003739.3+410055,9.41394294822114,41.0155399922679,1,-999,23.70302,-999,1.198928,0.08531417,False,-99,0.002143309
2590979497349100467,0,2.7307946011379,GALEX J003748.9+410530,9.45396342290555,41.0919088365624,1,-999,24.84481,-999,0.4188657,0.08368652,False,-99,0.002455606
2591014681721177356,0,2.73097694864401,GALEX J003737.3+410408,9.40560710614971,41.0689214971426,1,-999,24.59443,-999,0.5275088,0.0857944,False,-99,0.002105551
2495946508137927635,0,2.73226211323955,GALEX J003742.6+410025,9.42781963975615,41.0071292683541,3,23.4611,22.47622,1.498167,3.711167,0.08531417,False,0.002676774,0.005671114
6449438477897433791,0,2.73302254580637,GALEX J003742.5+410026,9.42713548578794,41.0074188653421,1,-999,23.3513,-999,1.657602,0.08531417,False,-99,0.002078838
2590979497349100043,0,2.73306283204795,GALEX J003737.3+410408,9.4055837600497,41.0689609829618,1,-999,24.21419,-999,0.7487248,0.0857944,False,-99,0.002212123
6449438477897433760,0,2.7331375650597,GALEX J003745.3+410011,9.43888825317328,41.0033302468258,1,-999,22.95995,-999,2.376957,0.08531417,False,-99,0.002857411
6449508846641611543,0,2.73703889187422,GALEX J003739.5+410053,9.41473871996387,41.0147406726961,1,-999,22.60044,-999,3.309951,0.08531417,False,-99,0.005893627
6449403293525348417,0,2.73811544585143,GALEX J003737.2+410407,9.40519580531327,41.0686108614068,1,-999,23.25115,-999,1.817765,0.0857944,False,-99,0.002830274
2496509458089246791,0,2.74003499652091,GALEX J003738.2+410110,9.40932045927221,41.0194999421359,1,-999,23.71126,-999,1.189859,0.08531417,False,-99,0.004034682
2495946508136886056,0,2.74453466729467,GALEX J003749.0+410531,9.45442935210202,41.0921612741759,2,23.55122,-999,1.378844,-999,0.08368652,False,0.002404745,-99
2496509458089246753,0,2.74675117887475,GALEX J003754.8+410012,9.47855228887779,41.0033929935213,1,-999,21.26802,-999,11.29249,0.08201355,False,-99,0.004518116
2590979497349100202,0,2.74975455168562,GALEX J003739.0+410437,9.41282198385391,41.0770443446421,1,-999,24.78588,-999,0.4422296,0.08476537,False,-99,0.002711809
2495946508135831171,0,2.75377129280657,GALEX J003749.1+410532,9.45462276987477,41.0923241812695,1,-999,24.14969,-999,0.7945573,0.08368652,False,-99,0.002294732
6372252787397364273,0,2.76270193162194,GALEX J003754.6+410010,9.47765714966652,41.0028770690865,1,-999,21.42387,-999,9.782578,0.08201355,False,-99,0.001963656
2591014681721177682,0,2.76847052272107,GALEX J003749.2+410533,9.45503658249018,41.0925864830681,1,-999,24.97833,-999,0.3703954,0.08368652,False,-99,0.002253772
6449403293525347948,0,2.77228256951927,GALEX J003754.7+410010,9.47818912123155,41.0028455503712,1,-999,20.97135,-999,14.84085,0.08201355,False,-99,0.004178238
2591014681721177226,0,2.77279627345786,GALEX J003800.4+410051,9.5019516399284,41.0142023359521,1,-999,21.29342,-999,11.03145,0.08089752,False,-99,0.01318151
2495946508135830493,0,2.77471894577727,GALEX J003754.8+410010,9.47831972991082,41.0028368048154,1,-999,21.24071,-999,11.58015,0.08201355,False,-99,0.00169137
6449508846641611455,0,2.77501503394967,GALEX J003754.8+410010,9.47833694798384,41.0028361088059,1,-999,21.19496,-999,12.07862,0.08201355,False,-99,0.004428944
2591014681721176738,0,2.77626233540884,GALEX J003754.7+410010,9.47821377419634,41.0027817993537,1,-999,21.30144,-999,10.95024,0.08201355,False,-99,0.001645562
2495981692507918101,0,2.77963611587288,GALEX J003754.7+410009,9.4782194120144,41.0027237706621,1,-999,21.42306,-999,9.789863,0.08201355,False,-99,0.001431824
2590979497349099016,0,2.78024028433246,GALEX J003754.7+410009,9.47828114757851,41.0027292533998,1,-999,21.20746,-999,11.9403,0.08201355,False,-99,0.001527085
6457249408501156384,0,2.78419056077996,GALEX J003754.8+410009,9.47832828816721,41.0026719111624,1,-999,21.14832,-999,12.60872,0.08201355,False,-99,0.003694143
6449473662269522034,0,2.78447004056605,GALEX J003803.1+410402,9.51314305363021,41.0673268063483,1,-999,23.23761,-999,1.840582,0.08272516,False,-99,0.002213729
6449438477897433790,0,2.78524829577647,GALEX J003754.8+410009,9.47844340453081,41.0026835067411,1,-999,21.18575,-999,12.18141,0.08201355,False,-99,0.00414858
2495981692507918564,0,2.78686761934318,GALEX J003735.3+410313,9.39732694111372,41.0538565200277,1,-999,23.31486,-999,1.714177,0.0857944,False,-99,0.001726493
2496509458090306090,0,2.79581812190177,GALEX J003756.7+410018,9.48639621932302,41.0050690823804,2,23.19437,-999,1.915381,-999,0.08201355,False,0.002283089,-99
2496509458091344056,0,2.80293336305993,GALEX J003735.2+410311,9.39684879560556,41.053270142478,3,23.67768,22.20608,1.227235,4.759559,0.0857944,False,0.0023731,0.003834401
2495981692507918428,0,2.80344355608456,GALEX J003735.1+410229,9.39656203824376,41.0413922350416,1,-999,23.56556,-999,1.360741,0.0857944,False,-99,0.002929861
6449438477897434095,0,2.80419572715904,GALEX J003735.2+410314,9.39696515162856,41.0539789664404,1,-999,22.90216,-999,2.506899,0.0857944,False,-99,0.003840316
6457249408503253981,0,2.80661327707524,GALEX J003735.2+410312,9.39680580505675,41.0534698672224,3,22.90253,22.98436,2.50604,2.324101,0.0857944,False,0.002986122,0.001420604
6449508846641611764,0,2.80720967904567,GALEX J003735.2+410314,9.39688604341527,41.053924442415,1,-999,22.77968,-999,2.806269,0.0857944,False,-99,0.002281914
6449438477897434363,0,2.80823300181474,GALEX J003741.8+410508,9.42435636764023,41.0857700603311,1,-999,23.02424,-999,2.240284,0.08476537,False,-99,0.003665457
2590979497349099259,0,2.80899897026686,GALEX J003736.9+410126,9.40374008227018,41.0239678782879,1,-999,24.79132,-999,0.4400188,0.08531417,False,-99,0.001682889
2591014681723274403,0,2.8095225076498,GALEX J003735.2+410313,9.39678071878063,41.0536676593138,3,23.44516,22.73386,1.520328,2.92723,0.0857944,False,0.001819039,0.001792197
2590979497351196985,0,2.81008492791803,GALEX J003735.2+410313,9.3967746560622,41.0536994061638,3,23.03642,22.72192,2.215307,2.959596,0.0857944,False,0.002042245,0.002106457
2495981692507918841,0,2.81247130699049,GALEX J003741.8+410509,9.42454571570991,41.0859463020192,1,-999,23.52052,-999,1.418381,0.08476537,False,-99,0.001406851
6457249408501157087,0,2.8128742655793,GALEX J003742.0+410510,9.42500960928834,41.0861767003884,1,-999,23.26667,-999,1.791966,0.08476537,False,-99,0.003813308
2496509458089247074,0,2.81354535383708,GALEX J003741.7+410508,9.42405832120168,41.085729252642,1,-999,23.33643,-999,1.680463,0.08476537,False,-99,0.002446108
6449403293527445450,0,2.81379423126297,GALEX J003735.1+410312,9.39664512248466,41.0534688772237,3,23.09202,22.23526,2.104721,4.633349,0.0857944,False,0.002348104,0.003222892
6449473662269522122,0,2.8145505150611,GALEX J003800.6+410444,9.50284328982338,41.0791307560529,1,-999,21.96718,-999,5.931007,0.08272516,False,-99,0.006008973
2590979497349100365,0,2.81472792926633,GALEX J003741.8+410509,9.42430860439044,41.0858757343717,1,-999,23.34196,-999,1.671921,0.08476537,False,-99,0.001484368
6449403293525348645,0,2.81748009222007,GALEX J003741.7+410508,9.42402148157928,41.0857894616509,1,-999,21.86256,-999,6.530942,0.08476537,False,-99,0.005315609
6449438477897434339,0,2.82225034397291,GALEX J003747.8+410535,9.44931166692942,41.0930688023553,1,-999,23.51233,-999,1.429109,0.08476537,False,-99,0.003518928
2591014681721177616,0,2.82228133594001,GALEX J003741.8+410509,9.42419315622098,41.0859693488552,1,-999,23.32245,-999,1.70224,0.08476537,False,-99,0.00140241
6449403293525348545,0,2.82253533150973,GALEX J003759.8+410455,9.49916881760526,41.0819460196093,1,-999,22.66092,-999,3.130635,0.08272516,False,-99,0.003145563
2496509458089247062,0,2.8240159419251,GALEX J003759.3+410459,9.49739338744547,41.0831031992515,1,-999,23.98753,-999,0.9225487,0.08272516,False,-99,0.003654611
6449473662269522112,0,2.82641770004569,GALEX J003741.8+410510,9.42439003158193,41.0861471894493,1,-999,23.05846,-999,2.170788,0.08476537,False,-99,0.003212247
6449438477897433797,0,2.83153112964148,GALEX J003740.7+410032,9.41993590967036,41.0091362455349,1,-999,24.05411,-999,0.8676735,0.08531417,False,-99,0.002916407
6449473662269521984,0,2.83224744237462,GALEX J003735.1+410312,9.39624066658163,41.0535088365415,1,-999,22.80409,-999,2.743862,0.0857944,False,-99,0.002135366
6449403293525348188,0,2.83384574838352,GALEX J003735.0+410225,9.3960496536794,41.0403674866736,1,-999,22.21192,-999,4.734046,0.0857944,False,-99,0.003093457
2591014681721176791,0,2.8390670127521,GALEX J003740.8+410031,9.42031418673451,41.0087603590026,1,-999,23.02069,-999,2.24762,0.08531417,False,-99,0.003043296
6449438477897434010,0,2.83939073019826,GALEX J003735.0+410225,9.39590144800677,41.0405108045722,1,-999,23.52333,-999,1.414713,0.0857944,False,-99,0.00295397
6449403293525347991,0,2.83964404413239,GALEX J003800.9+410050,9.50376267609587,41.0140164191673,1,-999,21.81993,-999,6.792458,0.08089752,False,-99,0.003575151
6449473662269521923,0,2.84231990940941,GALEX J003736.6+410127,9.40260722826161,41.0243830800261,1,-999,23.19424,-999,1.915587,0.08531417,False,-99,0.003243988
2495946508135830573,0,2.84362240800854,GALEX J003757.5+410020,9.48983715221322,41.0055853271202,1,-999,21.96121,-999,5.963687,0.08201355,False,-99,0.006496765
2591014681721176893,0,2.84462797285686,GALEX J003736.8+410123,9.4034675405954,41.0231182573016,1,-999,24.69472,-999,0.4809634,0.08531417,False,-99,0.002820348
6449508846641611409,0,2.84569473045547,GALEX J003747.8+405958,9.44938197394014,40.999539133516,1,-999,23.67954,-999,1.225128,0.08395249,False,-99,0.003057009
6449403293525348589,0,2.8458313197994,GALEX J003740.2+410458,9.41770523282741,41.0828387485743,1,-999,22.18472,-999,4.854155,0.08476537,False,-99,0.004836957
2591014681723274237,0,2.84993958779946,GALEX J003734.9+410227,9.39560005528571,41.0409173200183,3,23.84375,23.2085,1.053183,1.890594,0.0857944,False,0.003034712,0.002372708
2590979497351196732,0,2.85293465928846,GALEX J003734.9+410226,9.395555841301,41.0407765540569,3,23.7472,23.38971,1.151125,1.599987,0.0857944,False,0.002962284,0.001847742
6449508846641611470,0,2.85487427872764,GALEX J003740.7+410031,9.41990859544053,41.0086618802313,1,-999,23.42699,-999,1.545978,0.08531417,False,-99,0.002213817
6457249408501156558,0,2.85523269452601,GALEX J003736.6+410124,9.40285886157739,41.0235777035629,1,-999,23.79347,-999,1.103094,0.08531417,False,-99,0.002889705
2591014681721176649,0,2.85950125848832,GALEX J003747.5+405958,9.44817132815359,40.9994436926702,1,-999,24.45055,-999,0.6022537,0.08395249,False,-99,0.002184569
6449508846641611698,0,2.86531402115772,GALEX J003734.8+410225,9.39533949033374,41.0404193265732,1,-999,23.60707,-999,1.309697,0.0857944,False,-99,0.002689257
2590979497349099150,0,2.86715369939824,GALEX J003740.7+410030,9.41974359823914,41.0084994535265,1,-999,22.64634,-999,3.172963,0.08531417,False,-99,0.0043921
2591014681721177700,0,2.86890865436635,GALEX J003748.4+410538,9.45174129331164,41.0940757911045,1,-999,25.02036,-999,0.3563341,0.08368652,False,-99,0.002292763
2590979497349098837,0,2.8709409102038,GALEX J003747.6+405957,9.44844382086413,40.9992183575507,1,-999,24.63369,-999,0.5087708,0.08395249,False,-99,0.002504554
6372252787397364265,0,2.87212439996627,GALEX J003743.7+410010,9.43232361189969,41.002777859787,1,-999,21.90628,-999,6.273196,0.08531417,False,-99,0.002412491
2496509458089246866,0,2.87486921456201,GALEX J003734.8+410226,9.39509622075698,41.0406005523053,1,-999,23.06248,-999,2.162755,0.0857944,False,-99,0.005156483
6449508846641611524,0,2.87847500147517,GALEX J003738.3+410055,9.40962390277655,41.0154878500168,1,-999,23.54641,-999,1.384958,0.08531417,False,-99,0.003085896
2590979497350156149,0,2.87892002827433,GALEX J003742.9+410014,9.42887037182812,41.003906261952,2,23.71224,-999,1.188796,-999,0.08531417,False,0.001521639,-99
2495981692507918030,0,2.88271534783376,GALEX J003746.5+405958,9.4439077144355,40.9996749122069,1,-999,23.68071,-999,1.223813,0.08531417,False,-99,0.00300149
2496509458089246775,0,2.88584223852853,GALEX J003757.7+410018,9.49050730306733,41.005066186656,1,-999,21.74003,-999,7.311192,0.08201355,False,-99,0.006938379
6449403293525348532,0,2.88718797796967,GALEX J003801.9+410435,9.50809641755749,41.0764506829237,1,-999,23.05559,-999,2.176534,0.08272516,False,-99,0.003198483
6449403293525347907,0,2.89040680336751,GALEX J003743.4+410010,9.43099834244908,41.0029001798857,1,-999,22.08264,-999,5.332644,0.08531417,False,-99,0.002841438
6457249408502212142,0,2.89128673988697,GALEX J003742.6+410014,9.42775270071691,41.0041195668608,2,23.53017,-999,1.40583,-999,0.08531417,False,0.00207423,-99
2591014681721176796,0,2.89170977902083,GALEX J003743.4+410010,9.43098949946532,41.0028793227912,1,-999,21.7226,-999,7.429502,0.08531417,False,-99,0.002279776
2495946508135830541,0,2.89209525411888,GALEX J003743.4+410010,9.43105672970852,41.0028484519266,1,-999,21.39093,-999,10.08385,0.08531417,False,-99,0.004226039
2495981692507918114,0,2.89236038276476,GALEX J003743.5+410009,9.43128275974141,41.0027641795728,1,-999,21.74408,-999,7.283963,0.08531417,False,-99,0.002307868
6449438477897433801,0,2.89332990436274,GALEX J003743.4+410010,9.430864133781,41.0028939970214,1,-999,21.84133,-999,6.659875,0.08531417,False,-99,0.005077283
2590979497349099119,0,2.89835536410479,GALEX J003743.4+410009,9.43099037069858,41.0027566930227,1,-999,21.68871,-999,7.665081,0.08531417,False,-99,0.001752502
6449508846641611459,0,2.8989285115711,GALEX J003743.4+410010,9.43090429638865,41.0027765999316,1,-999,21.84539,-999,6.635041,0.08531417,False,-99,0.003414613
6457249408501156329,0,2.89947620582693,GALEX J003753.0+405957,9.47107739895059,40.9991758860424,1,-999,22.67604,-999,3.087334,0.08201355,False,-99,0.004084507
2590979497349099108,0,2.90082678039891,GALEX J003738.8+410047,9.41167949679851,41.0132032605448,1,-999,24.12199,-999,0.8150829,0.08531417,False,-99,0.002892907
6457249408501156388,0,2.90097715659234,GALEX J003743.4+410009,9.43113176998434,41.0026587219127,1,-999,21.82207,-999,6.779083,0.08531417,False,-99,0.003755562
2496509458089247055,0,2.90158004233872,GALEX J003739.9+410500,9.4165851555173,41.0833417293334,1,-999,23.76402,-999,1.133421,0.08476537,False,-99,0.003411979
2495946508135830407,0,2.902007815967,GALEX J003752.9+405956,9.47080490366291,40.9990909171961,1,-999,23.03491,-999,2.218375,0.08201355,False,-99,0.002420475
2495981692507918028,0,2.90290659820551,GALEX J003752.9+405956,9.4707401318041,40.9990658194264,1,-999,23.1768,-999,1.946622,0.08201355,False,-99,0.003082376
6449438477897433728,0,2.9029797179096,GALEX J003752.9+405956,9.47068285777951,40.999055939531,1,-999,23.06854,-999,2.150725,0.08201355,False,-99,0.002710174
6449508846641611463,0,2.90524957141643,GALEX J003757.8+410017,9.49096020903287,41.0048926149906,1,-999,22.49908,-999,3.63384,0.08201355,False,-99,0.002336997
6449508846641611412,0,2.90589196518207,GALEX J003753.0+405956,9.47092305244657,40.9990429061482,1,-999,23.15304,-999,1.989673,0.08201355,False,-99,0.001613993
6449438477897433788,0,2.90683780361017,GALEX J003757.7+410016,9.49056426404326,41.0046856847161,1,-999,22.17889,-999,4.880254,0.08201355,False,-99,0.003276891
2591014681721176675,0,2.9072649681167,GALEX J003752.9+405956,9.47079628051602,40.999000233505,1,-999,23.10233,-999,2.084813,0.08201355,False,-99,0.00194102
2496509458089246951,0,2.90775226658449,GALEX J003804.6+410340,9.51940523902276,41.0611438129745,1,-999,22.42444,-999,3.892453,0.08272516,False,-99,0.003018963
2590979497349098908,0,2.90915522296476,GALEX J003752.9+405956,9.47081054851476,40.9989702633924,1,-999,22.90308,-999,2.504769,0.08201355,False,-99,0.001504137
2591014681721176754,0,2.90964041963801,GALEX J003757.8+410017,9.49082528055675,41.0047472244939,1,-999,22.27761,-999,4.456125,0.08201355,False,-99,0.001731533
6449403293525347922,0,2.91274772754918,GALEX J003757.8+410017,9.49110911305459,41.0048140838503,1,-999,21.98453,-999,5.836997,0.08201355,False,-99,0.003361632
6457249408501156425,0,2.91409585793671,GALEX J003757.8+410016,9.49082876440039,41.0046625688395,1,-999,22.17288,-999,4.907366,0.08201355,False,-99,0.002830832
6449473662269522024,0,2.91505515094526,GALEX J003804.6+410341,9.51938694145943,41.0615846429401,1,-999,22.96811,-999,2.359152,0.08272516,False,-99,0.004330898
2590979497349099014,0,2.91584884333282,GALEX J003757.8+410016,9.49090651867052,41.0046632577971,1,-999,22.24002,-999,4.613101,0.08201355,False,-99,0.001428363
2591014681721176809,0,2.91598916417651,GALEX J003738.3+410052,9.40967171439068,41.014488372811,1,-999,24.43867,-999,0.6088791,0.08531417,False,-99,0.002960155
2495981692507918104,0,2.91698511447285,GALEX J003757.8+410017,9.49114093373489,41.0047461795493,1,-999,22.56963,-999,3.405235,0.08201355,False,-99,0.002841686
6449438477897434138,0,2.91704823504199,GALEX J003804.6+410340,9.51951805420514,41.0613870612079,1,-999,22.7293,-999,2.939546,0.08272516,False,-99,0.001608327
6449403293525348392,0,2.91862988225763,GALEX J003804.7+410340,9.51965339811673,41.0611533490125,1,-999,22.15644,-999,4.98224,0.08272516,False,-99,0.002079664
2495981692507918645,0,2.92012241629999,GALEX J003804.7+410341,9.51958573845644,41.0613957140035,1,-999,22.6776,-999,3.082908,0.08272516,False,-99,0.002198065
2495946508135830875,0,2.92052758558006,GALEX J003804.7+410341,9.51959566282715,41.0613944959538,1,-999,22.7645,-999,2.845779,0.08272516,False,-99,0.002515141
6457249408501157027,0,2.92168516944522,GALEX J003802.0+410436,9.50856669463981,41.076928345208,1,-999,23.11419,-999,2.062174,0.08272516,False,-99,0.003202593
2590979497349099977,0,2.92181724593579,GALEX J003804.7+410340,9.51963050902191,41.0613829534417,1,-999,22.64092,-999,3.188817,0.08272516,False,-99,0.001633215
2591014681721177318,0,2.92183756866051,GALEX J003804.7+410340,9.5196292305359,41.0613870706134,1,-999,22.81681,-999,2.711911,0.08272516,False,-99,0.001523398
2590979497349100191,0,2.922484415509,GALEX J003801.9+410438,9.50813902016567,41.0773482038745,1,-999,24.16371,-999,0.7843631,0.08272516,False,-99,0.001879971
2591014681721176827,0,2.92491514964441,GALEX J003738.9+410043,9.41243088326513,41.0120466329091,1,-999,22.99856,-999,2.2939,0.08531417,False,-99,0.004480429
6449508846641611923,0,2.92544799590945,GALEX J003801.9+410438,9.50825396641565,41.0773201694274,1,-999,23.60502,-999,1.312171,0.08272516,False,-99,0.003048102
6449403293525348423,0,2.92750690637346,GALEX J003735.4+410350,9.39773430077467,41.0639887925301,1,-999,22.31003,-999,4.325002,0.0857944,False,-99,0.003996065
2495946508135831052,0,2.93077937724622,GALEX J003802.0+410437,9.50855281481573,41.0771834192421,1,-999,23.90976,-999,0.9910504,0.08272516,False,-99,0.0033217
2591014681721177473,0,2.93172987168814,GALEX J003801.9+410438,9.50829454948235,41.0774482481994,1,-999,24.34528,-999,0.6635727,0.08272516,False,-99,0.001879615
6449508846641611830,0,2.93359934109043,GALEX J003804.7+410341,9.51989037048965,41.0614149669496,1,-999,22.33938,-999,4.209678,0.08272516,False,-99,0.00239159
2496509458089247022,0,2.93603003475094,GALEX J003801.9+410439,9.50808368591246,41.0777539898939,1,-999,23.54147,-999,1.391273,0.08272516,False,-99,0.003328884
2495946508135830476,0,2.93636812440783,GALEX J003739.3+410038,9.41378198677462,41.0107942315071,1,-999,23.82741,-999,1.069145,0.08531417,False,-99,0.003885784
6449473662269522115,0,2.94047635150936,GALEX J003805.0+410203,9.52104976421981,41.0342400859253,1,-999,15.89927,-999,1585.964,0.08089752,False,-99,0.002045062
6457249408501156889,0,2.94094148757679,GALEX J003804.8+410340,9.52017059682583,41.0611527063623,1,-999,22.71386,-999,2.981633,0.08272516,False,-99,0.004400919
2590979497349098833,0,2.94501742250847,GALEX J003746.3+405955,9.44313790833631,40.9987441301467,1,-999,24.51066,-999,0.5698159,0.08531417,False,-99,0.002226442
6449403293525347944,0,2.95309675398721,GALEX J003753.0+405953,9.4710199448539,40.9982550244701,1,-999,21.40095,-999,9.991259,0.08201355,False,-99,0.006578203
6449508846641611984,0,2.9539851181448,GALEX J003805.1+410203,9.52133449551145,41.0341713712675,1,-999,15.90901,-999,1571.798,0.08089752,False,-99,0.00177417
6457249408503254442,0,2.95658934961452,GALEX J003805.1+410202,9.52133785818771,41.0340091285822,3,20.65984,15.90507,19.77264,1577.515,0.08089752,False,0.001224566,0.001999781
2495946508137927945,3138661632107877641,2.96132976177576,GALEX J003805.1+410202,9.52147143296471,41.0340821494211,3,20.44357,15.90743,24.13098,1574.081,0.08089752,True,0.001526859,0.001642551
2591014681723274962,0,2.96185317627688,GALEX J003805.1+410202,9.52145578575204,41.0340024794103,3,20.55904,15.90991,21.69637,1570.488,0.08089752,False,0.001432988,0.001636151
2496509458089246779,0,2.96306055016349,GALEX J003737.2+410102,9.40527115046533,41.0173806127044,1,-999,23.98375,-999,0.9257595,0.08531417,False,-99,0.003958262
6449403293527445708,0,2.96362999075789,GALEX J003805.1+410201,9.52144975565541,41.0338690422515,3,20.5752,15.86436,21.37568,1637.781,0.08089752,False,0.001268569,0.001608107
2590979497351197928,0,2.96573459470846,GALEX J003805.1+410202,9.52153138541539,41.0339649282436,3,20.50184,15.87321,22.87002,1624.483,0.08089752,False,0.001235316,0.001464952
6449438477897434342,0,2.96970659225713,GALEX J003805.1+410202,9.52164359929894,41.0340268666959,1,-999,15.92472,-999,1549.215,0.08089752,False,-99,0.001763553
2495876139392700629,0,2.97175201372158,GALEX J003805.2+410202,9.52166969901235,41.0339674001429,2,20.44678,-999,24.05956,-999,0.08089752,False,0.001170067,-99
6372252787399461637,0,2.97418565790205,GALEX J003805.2+410201,9.52167812374272,41.0338323006793,3,20.33505,15.94246,26.66753,1524.115,0.08089752,False,0.002586729,0.00141408
2591014681721176835,0,2.97485845641696,GALEX J003801.7+410048,9.50715661545303,41.0134730577168,1,-999,22.30831,-999,4.331892,0.08089752,False,-99,0.006475682
2591014681721177582,0,2.97954034992679,GALEX J003740.4+410509,9.41835010349233,41.0860771710163,1,-999,24.99924,-999,0.3633309,0.08476537,False,-99,0.002651131
2496509458091344421,0,2.98060697685724,GALEX J003805.2+410201,9.52181123450185,41.0337934019756,3,20.51472,15.88137,22.60035,1612.318,0.08089752,False,0.001271514,0.001919418
2495981692510015973,0,2.9829346495058,GALEX J003805.2+410202,9.52195940572545,41.0340670064852,3,20.56322,15.91025,21.61292,1570.005,0.08089752,False,0.001008434,0.001543547
6457249408502212263,0,2.99321945742153,GALEX J003735.2+410355,9.39686335475781,41.0653075196513,2,22.86526,-999,2.593574,-999,0.0857944,False,0.002519705,-99
2495876139392700678,0,2.9948786097811,GALEX J003735.1+410141,9.39652563733758,41.0282978268746,2,23.01043,-999,2.268981,-999,0.0857944,False,0.002276663,-99
2495946508135830505,0,2.99659476414132,GALEX J003801.7+410046,9.50707714465622,41.0128660110825,1,-999,24.07469,-999,0.8513799,0.08089752,False,-99,0.003159862
2495946508135831062,0,2.99727530121975,GALEX J003801.8+410447,9.50748675395901,41.079839329083,1,-999,24.0525,-999,0.8689604,0.08272516,False,-99,0.004641473
2496509458089246770,0,3.00579645641426,GALEX J003737.6+410052,9.40688607695155,41.0146504504634,1,-999,23.59569,-999,1.323497,0.08531417,False,-99,0.002392595
2591014681721177635,0,3.00635899956791,GALEX J003758.3+410520,9.4931495020785,41.0890955477304,1,-999,25.12015,-999,0.3250414,0.08272516,False,-99,0.002347282
6449403293525347840,0,3.01264355951318,GALEX J003744.6+405956,9.43605231260277,40.999140250125,1,-999,23.26047,-999,1.802233,0.08531417,False,-99,0.003253461
2496509458090306112,0,3.01641486147442,GALEX J003736.4+410109,9.4019799260078,41.0194364245481,2,24.08016,-999,0.8471094,-999,0.08531417,False,0.001051358,-99
2590979497349100421,0,3.02262058703507,GALEX J003758.5+410520,9.4938353949681,41.0890916589771,1,-999,24.79636,-999,0.4379807,0.08272516,False,-99,0.001613759
2496509458091343967,0,3.02480812079411,GALEX J003735.3+410132,9.39723469387952,41.0257470170445,3,22.69473,22.54983,3.034663,3.467897,0.0857944,False,0.003457002,0.005993291
2495981692507918288,0,3.03128740746747,GALEX J003735.1+410135,9.39657809510958,41.0266035203298,1,-999,23.08298,-999,2.122308,0.0857944,False,-99,0.002965522
6449438477897433920,0,3.03692439357047,GALEX J003735.1+410134,9.39657734345108,41.0263677104449,1,-999,23.53514,-999,1.39941,0.0857944,False,-99,0.001702394
6457249408501156440,0,3.03990240122433,GALEX J003801.6+410041,9.50674928590412,41.0115425482575,1,-999,23.62553,-999,1.287619,0.08089752,False,-99,0.002685582
6449473662269522092,0,3.04017921375487,GALEX J003738.8+410459,9.41166075501305,41.0831007795227,1,-999,23.98689,-999,0.9230874,0.08476537,False,-99,0.002293149
6372252787397364436,0,3.04819254927471,GALEX J003804.5+410129,9.5191068805967,41.0249124644153,1,-999,21.21966,-999,11.80689,0.08089752,False,-99,0.003378881
2591014681721177094,0,3.04942547673103,GALEX J003733.8+410237,9.39085064251963,41.0437707211349,1,-999,24.3584,-999,0.6556005,0.0857944,False,-99,0.002871833
2496509458089246910,0,3.05705545809365,GALEX J003734.1+410327,9.39224263707722,41.0577473992829,1,-999,24.29914,-999,0.6923816,0.0857944,False,-99,0.002236106
2590979497351196493,0,3.0580288080811,GALEX J003735.1+410133,9.39630467945441,41.0259603116507,3,23.79029,23.25924,1.10633,1.804273,0.0857944,False,0.002829551,0.002178793
2591014681723274090,0,3.0584921482273,GALEX J003735.1+410133,9.39627248388107,41.025996304746,3,23.535,23.23257,1.399595,1.849153,0.0857944,False,0.003449379,0.002015037
2495946508135831197,0,3.06276883100003,GALEX J003747.9+410549,9.44991003489756,41.0971722720749,1,-999,23.82065,-999,1.075821,0.08368652,False,-99,0.002860001
6449508846641611568,0,3.07137315372524,GALEX J003735.0+410134,9.39589399687224,41.0261134390541,1,-999,23.47514,-999,1.478916,0.0857944,False,-99,0.003950675
2591014681721176739,0,3.07180427148224,GALEX J003740.4+410017,9.41852202810399,41.0049387725875,1,-999,23.601,-999,1.317039,0.08531417,False,-99,0.003575865
2495981692507918159,0,3.07326190047697,GALEX J003737.5+410048,9.40626301477928,41.013458935722,1,-999,23.71647,-999,1.184163,0.08531417,False,-99,0.002635422
6449473662269521954,0,3.07431167847324,GALEX J003733.8+410217,9.39109252081127,41.0382539335685,1,-999,23.45221,-999,1.510486,0.0857944,False,-99,0.00307212
2590979497349100629,0,3.07707037126786,GALEX J003746.0+410546,9.44199971967822,41.0963245409858,1,-999,24.5187,-999,0.5656118,0.08476537,False,-99,0.003790317
2591014681721177268,0,3.0874932306073,GALEX J003734.0+410329,9.39168867924104,41.0581954142073,1,-999,24.0997,-999,0.8319901,0.0857944,False,-99,0.004058501
6457249408501156567,0,3.09100710450801,GALEX J003735.0+410131,9.39590836740112,41.0252820163715,1,-999,23.7276,-999,1.172085,0.0857944,False,-99,0.002988996
6449403293525348665,0,3.09433436858143,GALEX J003744.6+410543,9.43619069040594,41.0953497927963,1,-999,22.48601,-999,3.677871,0.08476537,False,-99,0.003192294
2591014681721177737,0,3.09537862300671,GALEX J003746.1+410548,9.44225089111519,41.0966841861388,1,-999,24.59951,-999,0.5250431,0.08476537,False,-99,0.00343409
6449438477897434109,0,3.09639279885567,GALEX J003733.9+410330,9.39160776140748,41.0585817540529,1,-999,23.38439,-999,1.607849,0.0857944,False,-99,0.002767766
2590979497349099888,0,3.0993019153467,GALEX J003733.9+410330,9.39149991008749,41.0584499437066,1,-999,24.0723,-999,0.8532589,0.0857944,False,-99,0.003464031
6457249408503254371,0,3.09946441683393,GALEX J003754.7+410545,9.47802301771829,41.0959401613624,3,21.91434,21.57791,6.22681,8.48856,0.08368652,False,0.002537984,0.003657988
6372252787397364901,0,3.09951806148691,GALEX J003754.7+410545,9.47825189675737,41.0958884490141,1,-999,21.2989,-999,10.9759,0.08368652,False,-99,0.003442738
2496509458089246823,0,3.10062229133411,GALEX J003734.4+410147,9.39333539152081,41.029737936571,1,-999,23.24749,-999,1.823919,0.0857944,False,-99,0.006419514
6449403293527445869,0,3.10123895287644,GALEX J003754.6+410545,9.47779603896955,41.096022595486,3,22.19553,21.35045,4.806063,10.46691,0.08368652,False,0.003398145,0.005753726
6449403293525348036,0,3.10141677656658,GALEX J003803.9+410109,9.51634233141183,41.0192206595178,1,-999,22.58307,-999,3.363343,0.08089752,False,-99,0.003373055
2496509458091344318,0,3.10346424912842,GALEX J003754.7+410545,9.4782129738382,41.0959662338724,3,22.06524,21.595,5.418814,8.356011,0.08368652,False,0.003635986,0.002692873
6449508846641611859,0,3.10425767687708,GALEX J003804.5+410413,9.51903676268765,41.0703450094815,1,-999,23.82517,-999,1.07135,0.08104549,False,-99,0.001268303
2590979497351197821,0,3.10668847376641,GALEX J003754.7+410545,9.47797170712884,41.0960776482389,3,21.93492,21.58483,6.109896,8.434636,0.08368652,False,0.002767585,0.001800911
6449403293525348445,0,3.10763231375621,GALEX J003804.6+410411,9.51939058717326,41.0699482042844,1,-999,22.2461,-999,4.58733,0.08104549,False,-99,0.004769976
6449508846641612081,0,3.10867817756701,GALEX J003754.7+410545,9.47809291895597,41.0960846536596,1,-999,21.54195,-999,8.774451,0.08368652,False,-99,0.005322306
6449403293525348497,0,3.10908390201554,GALEX J003803.2+410438,9.51339976639814,41.0773130522798,1,-999,22.94811,-999,2.403014,0.08104549,False,-99,0.002657568
6457249408501156954,0,3.10980472213737,GALEX J003804.5+410413,9.51913815427852,41.0703984239199,1,-999,24.11123,-999,0.8232077,0.08104549,False,-99,0.001898475
2591014681723274986,0,3.11006970337473,GALEX J003754.6+410546,9.47784274195585,41.0961656912658,3,22.0351,21.58659,5.57135,8.420972,0.08368652,False,0.003101139,0.002012741
6449473662269522182,0,3.11125208347494,GALEX J003754.6+410546,9.47759409326192,41.0962419184164,1,-999,21.50585,-999,9.071085,0.08368652,False,-99,0.003528723
6449403293525348585,0,3.11131190857478,GALEX J003739.6+410513,9.41534627739622,41.0870993484671,1,-999,23.05247,-999,2.182786,0.08476537,False,-99,0.003044149
6449508846641611402,0,3.11410597590026,GALEX J003745.4+405947,9.43941475679081,40.9965629767151,1,-999,23.30127,-999,1.735765,0.08531417,False,-99,0.002996217
6449403293525348110,0,3.11500845301082,GALEX J003734.2+410148,9.39280095106602,41.0301827097385,1,-999,22.83838,-999,2.658576,0.0857944,False,-99,0.003035796
2496509458089247047,0,3.11549595637741,GALEX J003738.3+410500,9.40971890151081,41.0834276338111,1,-999,24.51902,-999,0.565446,0.08476537,False,-99,0.002350654
2495946508135831215,0,3.11573302629431,GALEX J003751.0+410553,9.4624827300037,41.0983303632111,1,-999,23.68198,-999,1.222387,0.08368652,False,-99,0.003127742
2495946508137928195,0,3.11605927283283,GALEX J003754.6+410546,9.4777168718779,41.09629810472,3,21.71353,21.34858,7.491896,10.48499,0.08368652,False,0.002588203,0.003810452
6449508846641611778,0,3.11639942227887,GALEX J003733.8+410329,9.39101605903939,41.058140433974,1,-999,23.91554,-999,0.9857885,0.0857944,False,-99,0.003088798
6449438477897433707,0,3.11669144006949,GALEX J003745.3+405947,9.43896754763141,40.9966147922453,1,-999,23.77654,-999,1.120429,0.08531417,False,-99,0.001388848
2590979497349098932,0,3.11718877007849,GALEX J003759.7+410016,9.49884274601755,41.0045966838048,1,-999,24.8583,-999,0.4136939,0.08201355,False,-99,0.001919164
2591014681721177403,0,3.11729904196135,GALEX J003804.6+410413,9.51940380837472,41.0702829044956,1,-999,23.80688,-999,1.08955,0.08104549,False,-99,0.001665875
2495946508135830981,0,3.11840628017579,GALEX J003804.6+410413,9.51942796802141,41.0702878379765,1,-999,23.84149,-999,1.055371,0.08104549,False,-99,0.002522827
2590979497349100096,0,3.11901271321499,GALEX J003804.6+410412,9.51954844939669,41.0701326162078,1,-999,23.74874,-999,1.149486,0.08104549,False,-99,0.001769203
6449473662269522172,0,3.12012147628593,GALEX J003745.8+410548,9.44106381268606,41.0968878108943,1,-999,22.95955,-999,2.377818,0.08476537,False,-99,0.004693855
2495981692510016149,0,3.12073483006347,GALEX J003754.8+410546,9.47834084572911,41.0962377615113,3,21.80433,21.52507,6.890797,8.911916,0.08368652,False,0.002708427,0.003547368
2495981692507918704,0,3.12149788713254,GALEX J003804.6+410413,9.51938109506633,41.0704685823544,1,-999,23.63312,-999,1.278654,0.08104549,False,-99,0.002708823
2496509458089246969,0,3.12457218687975,GALEX J003804.7+410412,9.51970665619207,41.0701025318384,1,-999,23.47896,-999,1.473716,0.08104549,False,-99,0.002250855
2591014681721176672,0,3.12473395377784,GALEX J003745.4+405947,9.43936624120424,40.99638925375,1,-999,22.79463,-999,2.767883,0.08531417,False,-99,0.002680453
2591014681721176935,0,3.12559011193306,GALEX J003804.0+410109,9.51702776552353,41.0192913349141,1,-999,23.56238,-999,1.36473,0.08089752,False,-99,0.005120613
2495946508135830370,0,3.12647608157796,GALEX J003745.3+405947,9.43909893786022,40.9964164869805,1,-999,23.06915,-999,2.149518,0.08531417,False,-99,0.003916733
6457249408501156592,0,3.12783267199443,GALEX J003734.3+410144,9.39306317417713,41.0289531307889,1,-999,23.85305,-999,1.044187,0.0857944,False,-99,0.00170184
2495981692507917991,0,3.12808132111471,GALEX J003745.3+405947,9.43907071613684,40.996394764233,1,-999,23.34075,-999,1.673792,0.08531417,False,-99,0.00255191
6449403293525347824,0,3.12869246522274,GALEX J003745.4+405946,9.43941939097773,40.9963093982501,1,-999,22.63491,-999,3.206524,0.08531417,False,-99,0.003183494
6457249408501156283,0,3.12959465905167,GALEX J003745.6+405946,9.44020878104211,40.9961300402639,1,-999,23.18013,-999,1.940656,0.08531417,False,-99,0.004495248
2590979497349099247,0,3.12994103627233,GALEX J003804.1+410109,9.51711478282007,41.0192596838682,1,-999,23.27984,-999,1.770374,0.08089752,False,-99,0.004144978
6449438477897434525,0,3.13181681974689,GALEX J003754.7+410547,9.47809469862746,41.0964871269564,1,-999,21.74539,-999,7.275153,0.08368652,False,-99,0.00570352
2496509458090306185,0,3.13205175492044,GALEX J003739.2+410511,9.41360697631861,41.0864739729278,2,23.10159,-999,2.08625,-999,0.08476537,False,0.002167911,-99
2590979497349098823,0,3.13220217340004,GALEX J003745.3+405946,9.43903363423878,40.9963313441788,1,-999,23.19624,-999,1.912062,0.08531417,False,-99,0.00176132
2591014681721176641,0,3.13582642883551,GALEX J003747.7+405941,9.44875186894027,40.9947232836208,1,-999,23.09807,-999,2.093005,0.08395249,False,-99,0.003498044
2591014681721176956,0,3.13623430592024,GALEX J003734.2+410145,9.39275098084333,41.0291982809479,1,-999,23.87235,-999,1.025791,0.0857944,False,-99,0.003141863
6449438477897434179,0,3.13638419814753,GALEX J003804.7+410412,9.5199553677191,41.0701680774526,1,-999,23.70815,-999,1.193271,0.08104549,False,-99,0.001910201
2495981692507918255,0,3.13692520040694,GALEX J003804.0+410107,9.51688888192446,41.018763644789,1,-999,23.19197,-999,1.919613,0.08089752,False,-99,0.004703392
2495946508135830602,0,3.1387082876618,GALEX J003804.1+410109,9.51728178862718,41.0191856457021,1,-999,23.52825,-999,1.40831,0.08089752,False,-99,0.00257128
6449403293525348390,0,3.14264393018902,GALEX J003805.7+410348,9.5238094287261,41.0635713780144,1,-999,23.01816,-999,2.252869,0.08104549,False,-99,0.003172655
6449403293525348514,0,3.14428086151745,GALEX J003736.7+410442,9.40303804348606,41.0784429396944,1,-999,23.23058,-999,1.852533,0.0857944,False,-99,0.003077887
2590979497349099382,0,3.14546765910551,GALEX J003734.1+410145,9.3924617205395,41.0293565412626,1,-999,23.65187,-999,1.256754,0.0857944,False,-99,0.003148325
2496509458089246786,0,3.14583205353714,GALEX J003736.0+410102,9.40033224707327,41.01739616803,1,-999,23.02737,-999,2.233829,0.08531417,False,-99,0.005135321
6372252787397364911,0,3.14588683714694,GALEX J003745.9+410550,9.44144398532969,41.0974026663878,1,-999,22.29203,-999,4.397314,0.08476537,False,-99,0.002210067
2495981692507918311,0,3.15169288595013,GALEX J003734.1+410145,9.39239825617916,41.0291785155284,1,-999,23.93784,-999,0.965749,0.0857944,False,-99,0.00264079
6372252787397364649,0,3.15606440919808,GALEX J003733.5+410323,9.38964634805096,41.0564441669927,1,-999,21.70403,-999,7.557636,0.0857944,False,-99,0.003280579
6449403293525348709,0,3.15797338389934,GALEX J003752.4+410554,9.4683386762438,41.0985731655755,1,-999,22.51761,-999,3.572366,0.08368652,False,-99,0.003527463
2590979497349098787,0,3.16273117015033,GALEX J003747.7+405939,9.44874150363045,40.9942717948936,1,-999,23.94697,-999,0.9576569,0.08395249,False,-99,0.002384741
6449438477897433945,0,3.16756372191781,GALEX J003734.1+410144,9.39214845783551,41.0289171030914,1,-999,23.18762,-999,1.927307,0.0857944,False,-99,0.003744461
6372252787397364259,0,3.1762968020038,GALEX J003758.8+410005,9.4952086518311,41.0015555221622,1,-999,22.14606,-999,5.030114,0.08201355,False,-99,0.002165907
6449508846641611449,0,3.17659283903007,GALEX J003739.4+410018,9.41426592414603,41.0051845277484,1,-999,23.68043,-999,1.224131,0.08531417,False,-99,0.003406786
6372252787398416962,0,3.17664079874623,GALEX J003739.9+410520,9.41635943613791,41.0890578545541,2,21.91167,-999,6.242154,-999,0.08476537,False,0.002066633,-99
2591014681721176600,0,3.17666340950291,GALEX J003749.9+405936,9.45803561288162,40.9935603890691,1,-999,24.97504,-999,0.3715219,0.08395249,False,-99,0.001911988
6449438477897433878,0,3.18022419839829,GALEX J003736.1+410058,9.40051343593357,41.0161796488284,1,-999,23.56212,-999,1.365055,0.08531417,False,-99,0.004438089
2495946508135830381,0,3.18119352765506,GALEX J003747.7+405938,9.44909261182261,40.9939262090995,1,-999,23.76091,-999,1.136671,0.08395249,False,-99,0.004383099
2591014681721176777,0,3.18482332000245,GALEX J003759.0+410006,9.49621615949502,41.0018682921064,1,-999,23.65996,-999,1.247424,0.08201355,False,-99,0.00621192
2590979497349098890,0,3.18695489671729,GALEX J003759.2+410007,9.49669538582175,41.0020605458128,1,-999,24.40713,-999,0.6268277,0.08201355,False,-99,0.002028624
2495981692507918441,0,3.19897717160336,GALEX J003733.0+410234,9.3876123237306,41.0428787519169,1,-999,23.71958,-999,1.180776,0.0857944,False,-99,0.002608555
6449508846641611419,0,3.2004313232,GALEX J003741.1+410003,9.4215011221742,41.0008857924226,1,-999,23.72317,-999,1.176877,0.08531417,False,-99,0.001626562
6457249408501156319,0,3.20472340870445,GALEX J003741.1+410003,9.42131614240254,41.0008868706174,1,-999,23.53965,-999,1.393602,0.08531417,False,-99,0.002969028
6457249408501157158,0,3.20823249563902,GALEX J003743.6+410546,9.43190673627645,41.096182944068,1,-999,23.70222,-999,1.199814,0.08476537,False,-99,0.00142293
6449438477897434207,0,3.20956061957705,GALEX J003735.5+410429,9.39802037124086,41.0749031097466,1,-999,23.54702,-999,1.384172,0.0857944,False,-99,0.001735455
2496509458089247142,0,3.2102832927809,GALEX J003743.6+410546,9.43185906449119,41.0962054199366,1,-999,23.44422,-999,1.521645,0.08476537,False,-99,0.002327047
6449438477897434364,0,3.21115923976351,GALEX J003743.6+410546,9.43199389832181,41.0962615308488,1,-999,23.012,-999,2.265679,0.08476537,False,-99,0.003129498
2591014681722244196,0,3.21543442814302,GALEX J003804.3+410103,9.51792158958167,41.0175493769965,2,24.06392,-999,0.8598748,-999,0.08089752,False,0.002230342,-99
6449508846641611683,0,3.22064415656755,GALEX J003732.9+410235,9.38711331958341,41.0430966887489,1,-999,23.30315,-999,1.732767,0.0857944,False,-99,0.003222272
2590979497349100601,0,3.22404817814025,GALEX J003743.6+410547,9.43170846819578,41.0964071345249,1,-999,23.46658,-999,1.490619,0.08476537,False,-99,0.001805742
6449403293525348664,0,3.2241682787226,GALEX J003743.4+410546,9.4310333809875,41.0962030284953,1,-999,22.69076,-999,3.045766,0.08476537,False,-99,0.003547185
2495946508135830417,0,3.22633736412822,GALEX J003739.7+410012,9.41560475133961,41.0033578869819,1,-999,24.26488,-999,0.7145738,0.08531417,False,-99,0.002369322
6449403293525347808,0,3.22829785706853,GALEX J003747.8+405935,9.44954201679041,40.9930923693053,1,-999,22.70322,-999,3.011017,0.08395249,False,-99,0.004399088
6449508846641612059,0,3.22891915543556,GALEX J003743.6+410547,9.4316863951847,41.0964879087378,1,-999,23.27978,-999,1.770466,0.08476537,False,-99,0.001396006
2591014681721177764,0,3.22910872563767,GALEX J003743.5+410547,9.43159105488585,41.0964625711151,1,-999,23.26451,-999,1.795545,0.08476537,False,-99,0.001431721
2496509458090306113,0,3.23110373248839,GALEX J003735.1+410109,9.39647922753406,41.0193665637579,2,23.67612,-999,1.229009,-999,0.08531417,False,0.002502283,-99
2590979497349099632,0,3.23163564157918,GALEX J003732.8+410234,9.38688790456971,41.0428905116559,1,-999,23.38083,-999,1.613124,0.0857944,False,-99,0.002917686
2496509458089246796,0,3.23311032125763,GALEX J003734.6+410119,9.3944653876222,41.0220803165635,1,-999,23.10406,-999,2.081486,0.0857944,False,-99,0.003693247
2495946508135830412,0,3.23318885119317,GALEX J003740.9+410002,9.42043062265851,41.0007409356252,1,-999,22.97159,-999,2.351602,0.08531417,False,-99,0.004462773
2591014681721177107,0,3.23368278123895,GALEX J003732.8+410234,9.38684861298474,41.0428236581245,1,-999,23.33891,-999,1.676618,0.0857944,False,-99,0.002214283
2590979497349098864,0,3.23412620827445,GALEX J003740.9+410002,9.42048870719081,41.0006953444256,1,-999,24.05378,-999,0.8679391,0.08531417,False,-99,0.003409366
6449473662269522161,0,3.23498319823283,GALEX J003743.4+410547,9.43108658816118,41.0964142915775,1,-999,23.57229,-999,1.352328,0.08476537,False,-99,0.002136016
2495981692507918944,0,3.23637369069886,GALEX J003743.5+410547,9.43142628476281,41.0965431738815,1,-999,23.05469,-999,2.178327,0.08476537,False,-99,0.001936502
6457249408501156741,0,3.2376153557187,GALEX J003732.8+410235,9.38672950131258,41.0431930680197,1,-999,23.09528,-999,2.098391,0.0857944,False,-99,0.003585968
6449403293525347920,0,3.23783293648557,GALEX J003800.4+410013,9.50201789319265,41.0038854683423,1,-999,21.97605,-999,5.882729,0.08201355,False,-99,0.004678306
6449438477897433761,0,3.23920002375537,GALEX J003800.3+410012,9.50158862884369,41.0036072804837,1,-999,23.35987,-999,1.644571,0.08201355,False,-99,0.003819571
2496509458090306198,0,3.24230665118111,GALEX J003734.4+410411,9.39353561215354,41.0698917309976,2,23.75734,-999,1.140419,-999,0.0857944,False,0.003036267,-99
2591014681721176680,0,3.24715094994113,GALEX J003740.8+410002,9.41998556336099,41.0006763677093,1,-999,23.40008,-999,1.584782,0.08531417,False,-99,0.004580925
6449508846641611458,0,3.24830738090324,GALEX J003800.3+410012,9.50144779119018,41.003335840303,1,-999,22.40137,-999,3.976037,0.08201355,False,-99,0.00422298
2591014681722244397,0,3.25091173376545,GALEX J003734.3+410410,9.39304717829733,41.0694489418312,2,23.69332,-999,1.209695,-999,0.0857944,False,0.002355983,-99
6449473662269521962,0,3.25334127790923,GALEX J003732.7+410236,9.38636088014747,41.0434536255349,1,-999,22.81563,-999,2.714854,0.0857944,False,-99,0.00336684
2590979497349099114,0,3.25475546518833,GALEX J003735.9+410053,9.39973213934827,41.0148628796226,1,-999,24.38004,-999,0.6426659,0.08531417,False,-99,0.002096677
6449438477897434049,0,3.2592095136565,GALEX J003732.6+410237,9.38621697985778,41.0436461942192,1,-999,22.81065,-999,2.727352,0.0857944,False,-99,0.003806475
2591014681721176823,0,3.26137044098265,GALEX J003735.9+410052,9.39981927072446,41.01458358216,1,-999,24.57691,-999,0.5360852,0.08531417,False,-99,0.003388269
6449403293525348676,0,3.26424004771881,GALEX J003741.1+410536,9.42147732017336,41.0933635701364,1,-999,22.23347,-999,4.641013,0.08476537,False,-99,0.00460583
2590979497350156540,0,3.26548531928508,GALEX J003800.8+410519,9.50371720356196,41.088710901345,2,23.68989,-999,1.213521,-999,0.08272516,False,0.003212234,-99
6449403293525347885,0,3.26557590434736,GALEX J003759.3+410003,9.49740956695418,41.0008478193293,1,-999,22.61246,-999,3.273531,0.08201355,False,-99,0.002378691
2495946508137927662,0,3.26725532770796,GALEX J003800.5+410011,9.5021234278063,41.0033274180975,3,23.34855,22.60512,1.661808,3.295737,0.08201355,False,0.001755417,0.007301352
2496509458089246752,0,3.27225472504931,GALEX J003800.6+410012,9.50264227515,41.0035252494374,1,-999,22.85887,-999,2.608861,0.08201355,False,-99,0.006339937
2590979497349098987,0,3.27253528752961,GALEX J003802.2+410029,9.50952430259001,41.0081344254713,1,-999,24.51799,-999,0.5659838,0.08089752,False,-99,0.002325105
2496509458089247197,0,3.27476722722136,GALEX J003745.3+410556,9.43887282914781,41.099115646668,1,-999,21.76533,-999,7.142795,0.08476537,False,-99,0.007232998
6457249408501157033,0,3.27612335629999,GALEX J003803.7+410446,9.51579765374687,41.0795434932565,1,-999,23.59933,-999,1.319069,0.08104549,False,-99,0.002764198
6457249408503253502,0,3.276502137849,GALEX J003800.6+410012,9.50287004543394,41.0035699470322,3,22.76923,23.09328,2.833423,2.102274,0.08201355,False,0.002851641,0.003334554
6449438477897433687,0,3.27709469238025,GALEX J003753.9+405936,9.47475018246214,40.9933433990816,1,-999,23.68821,-999,1.215389,0.08201355,False,-99,0.001909342
2591014681721176626,0,3.28313739958067,GALEX J003753.9+405935,9.47495391492207,40.9932763305098,1,-999,23.37775,-999,1.617708,0.08201355,False,-99,0.001977275
2590979497351196129,0,3.28375410790684,GALEX J003800.6+410011,9.50249344252713,41.0031953955414,3,23.5453,23.21331,1.386378,1.882245,0.08201355,False,0.002736984,0.003209215
6449403293525347972,0,3.28387035985789,GALEX J003801.7+410022,9.50728784965288,41.006245096128,1,-999,22.18781,-999,4.840361,0.08089752,False,-99,0.003923538
2590979497349098719,0,3.28400707845192,GALEX J003749.1+405930,9.45463125408157,40.9918353775214,1,-999,24.97798,-999,0.3705182,0.08395249,False,-99,0.001616889
6457249408501156243,0,3.28436550993192,GALEX J003754.0+405935,9.47530693839817,40.9933194409738,1,-999,23.13248,-999,2.02772,0.08201355,False,-99,0.002275966
2590979497349100620,0,3.28490229068361,GALEX J003747.5+410602,9.44816886731072,41.1007344599899,1,-999,24.73925,-999,0.4616344,0.08368652,False,-99,0.001764828
2591014681721177787,0,3.28504192815569,GALEX J003747.5+410602,9.44828288376311,41.1007486555122,1,-999,24.80031,-999,0.4363922,0.08368652,False,-99,0.002741388
2495876139392700794,0,3.28679959952131,GALEX J003800.6+410011,9.50260878712504,41.0031985402506,2,23.31978,-999,1.706435,-999,0.08201355,False,0.001492113,-99
2591014681721177794,0,3.28797680701927,GALEX J003748.9+410604,9.45396924637152,41.1012139983493,1,-999,25.36562,-999,0.2592697,0.08368652,False,-99,0.00216465
6449403293525347790,0,3.28872048894977,GALEX J003754.2+405936,9.4759408708832,40.9933633230727,1,-999,22.72697,-999,2.945842,0.08201355,False,-99,0.003263175
2590979497351195937,0,3.28911630252716,GALEX J003754.0+405935,9.4750621824534,40.9931933939852,3,23.71182,23.09622,1.189253,2.096575,0.08201355,False,0.001794575,0.001803152
2591014681723273973,0,3.28955686202083,GALEX J003800.6+410011,9.50263447390838,41.0031554321824,3,23.15773,21.57058,1.981117,8.54609,0.08201355,False,0.003161001,0.006574031
2496509458090306089,0,3.29067166490648,GALEX J003800.7+410011,9.50291024613655,41.003293720551,2,24.22246,-999,0.7430529,-999,0.08201355,False,0.001252417,-99
2590979497349100633,0,3.29182130738625,GALEX J003748.9+410604,9.4537690552544,41.1012693045006,1,-999,24.60145,-999,0.5241048,0.08368652,False,-99,0.002533711
2495946508136886129,0,3.29273003034091,GALEX J003751.8+410603,9.4659730250167,41.1010650457803,2,23.05461,-999,2.178499,-999,0.08368652,False,0.003923531,-99
6449403293525347784,0,3.29343529689251,GALEX J003750.4+405929,9.46022020955534,40.9916365441471,1,-999,22.58495,-999,3.357543,0.08395249,False,-99,0.003269099
6449508846641611369,0,3.29696072467798,GALEX J003753.9+405934,9.4748890381772,40.9930279344954,1,-999,23.0844,-999,2.119529,0.08201355,False,-99,0.003761773
2591014681721176598,0,3.29951354092796,GALEX J003748.9+405929,9.45401658804209,40.9916009584391,1,-999,23.71862,-999,1.181822,0.08395249,False,-99,0.004213374
2495946508137927512,0,3.29985138676124,GALEX J003753.9+405934,9.47492637029896,40.9929850893494,3,23.77264,23.25309,1.124469,1.814529,0.08201355,False,0.0024691,0.004515392
2495981692510015234,0,3.30056027266147,GALEX J003800.6+410010,9.50282410904932,41.003034311286,3,22.8964,23.02243,2.520231,2.244016,0.08201355,False,0.001594436,0.0035566
2590979497349100242,0,3.30174094211624,GALEX J003803.7+410448,9.51579771902994,41.0802446736215,1,-999,24.0223,-999,0.8934705,0.08104549,False,-99,0.001752124
2591014681721176726,0,3.3031411626739,GALEX J003738.0+410022,9.40831256254364,41.0062845531059,1,-999,24.19264,-999,0.7637362,0.08531417,False,-99,0.002288992
6457249408501157222,0,3.30391126326997,GALEX J003745.2+410558,9.43836287864545,41.0995127617631,1,-999,21.8733,-999,6.466672,0.08476537,False,-99,0.002832712
2495981692507918804,0,3.30628354894932,GALEX J003803.8+410449,9.51582592938651,41.0803407320615,1,-999,23.55608,-999,1.37268,0.08104549,False,-99,0.00181328
6449403293525348259,0,3.30771851927005,GALEX J003732.4+410302,9.38524415630332,41.0506085686207,1,-999,23.3293,-999,1.691533,0.0857944,False,-99,0.001801666
2495946508135830456,0,3.30877782695293,GALEX J003802.5+410029,9.51056746956999,41.0080741964092,1,-999,24.4621,-999,0.5958829,0.08089752,False,-99,0.002347128
2495981692507917964,0,3.30932665560848,GALEX J003754.1+405934,9.47554417334794,40.9929349243101,1,-999,23.24725,-999,1.824307,0.08201355,False,-99,0.003811023
6449438477897434380,0,3.30940411829543,GALEX J003747.4+410604,9.44785302283955,41.1011134144605,1,-999,23.97957,-999,0.9293347,0.08368652,False,-99,0.002331577
2591014681721177510,0,3.31210140560806,GALEX J003803.8+410449,9.51603521899945,41.0802955290188,1,-999,24.08971,-999,0.8396844,0.08104549,False,-99,0.002452295
6449438477897434400,0,3.31325314288976,GALEX J003745.2+410558,9.43835295584471,41.0996723908141,1,-999,21.89346,-999,6.347689,0.08476537,False,-99,0.003021066
2495981692507919010,0,3.31561117351858,GALEX J003745.2+410559,9.43845214656651,41.0997341182512,1,-999,21.94925,-999,6.029779,0.08476537,False,-99,0.001867728
2590979497349100699,0,3.31683369765986,GALEX J003745.1+410558,9.43813213239765,41.0996874331409,1,-999,21.9385,-999,6.089733,0.08476537,False,-99,0.001398733
2590979497349099674,0,3.31694420068438,GALEX J003807.5+410246,9.53144152153878,41.0461726799667,1,-999,23.70473,-999,1.197033,0.07986537,False,-99,0.004160049
6449508846641612112,0,3.31754387432059,GALEX J003745.1+410558,9.43806817876803,41.0996860409253,1,-999,22.07761,-999,5.35743,0.08476537,False,-99,0.002495936
6457249408501156797,0,3.32014673207428,GALEX J003732.3+410247,9.38476905414946,41.0464359358704,1,-999,23.1989,-999,1.907395,0.0857944,False,-99,0.004701425
2591014681721177835,0,3.32029726533945,GALEX J003745.1+410559,9.43811267131893,41.0997432769088,1,-999,21.95473,-999,5.999373,0.08476537,False,-99,0.001338885
2496509458089246911,0,3.32191942943095,GALEX J003732.3+410241,9.38476366452666,41.044845946427,1,-999,21.74489,-999,7.278499,0.0857944,False,-99,0.009787085
2591014681721177344,0,3.32250869613107,GALEX J003802.2+410024,9.50919726995885,41.0067195146854,1,-999,21.09023,-999,13.3017,0.08089752,False,-99,0.01408258
6449403293526402637,0,3.32376593420063,GALEX J003733.9+410410,9.39136760569744,41.0696037625642,2,23.28041,-999,1.769455,-999,0.0857944,False,0.002341584,-99
2591014681721177111,0,3.33017919430827,GALEX J003807.6+410246,9.53173468854896,41.0462647181223,1,-999,24.33216,-999,0.6716351,0.07986537,False,-99,0.003745771
6449403293525348739,0,3.33037525221908,GALEX J003745.1+410559,9.43810823701549,41.0999169072583,1,-999,21.86251,-999,6.531211,0.08476537,False,-99,0.002558402
6372252787397364919,0,3.33110746926085,GALEX J003745.0+410559,9.4377357520384,41.099849409376,1,-999,21.68326,-999,7.703626,0.08476537,False,-99,0.002686297
2590979497349100607,0,3.33131566038837,GALEX J003754.3+410601,9.47633751839128,41.1003054147387,1,-999,24.77042,-999,0.4485696,0.08368652,False,-99,0.001212627
6449473662269522188,0,3.33200437805795,GALEX J003745.1+410559,9.43798729517492,41.0999192732226,1,-999,22.24335,-999,4.598978,0.08476537,False,-99,0.002483195
2591014681721177807,0,3.33351151669493,GALEX J003754.2+410601,9.4761359008901,41.100381682346,1,-999,24.44006,-999,0.6081016,0.08368652,False,-99,0.002126459
6449403293525348606,0,3.33699154536852,GALEX J003738.4+410519,9.41007639128115,41.0886949353859,1,-999,22.94901,-999,2.401022,0.08476537,False,-99,0.003418781
6449403293525348700,0,3.34097932233846,GALEX J003754.1+410602,9.47553846628522,41.1006211665397,1,-999,22.80264,-999,2.74753,0.08368652,False,-99,0.002369901
2495981692507917936,0,3.35060159347894,GALEX J003749.1+405926,9.45484017497206,40.9907169335007,1,-999,23.36734,-999,1.633289,0.08395249,False,-99,0.0025745
2590979497349098854,0,3.35577784362374,GALEX J003759.3+405956,9.49733959022579,40.999033054669,1,-999,24.0952,-999,0.8354473,0.08201355,False,-99,0.002923195
6449473662269522093,0,3.36139834588102,GALEX J003735.2+410440,9.39667632075201,41.0779817641638,1,-999,23.29085,-999,1.752511,0.0857944,False,-99,0.004574536
6449403293525347796,0,3.3698539671675,GALEX J003745.8+405930,9.44106420848432,40.9918383737918,1,-999,22.8173,-999,2.710696,0.08395249,False,-99,0.002663857
6449473662269521931,0,3.37135519996907,GALEX J003732.9+410146,9.38713848725386,41.0295040032127,1,-999,23.7626,-999,1.134904,0.0866624,False,-99,0.002749789
2591014681721177145,0,3.37219748378059,GALEX J003732.0+410247,9.38361887035315,41.0463999896491,1,-999,22.82215,-999,2.698595,0.0857944,False,-99,0.002828431
6372252787397364548,0,3.37351513606475,GALEX J003732.0+410243,9.38360791438532,41.0452810302752,1,-999,22.16543,-999,4.941156,0.0857944,False,-99,0.002117078
2590979497349099657,0,3.37363006665344,GALEX J003732.0+410247,9.38358718438669,41.046409237682,1,-999,22.99602,-999,2.299289,0.0857944,False,-99,0.001774445
2495981692507918745,0,3.3752479909499,GALEX J003733.4+410405,9.38929834398308,41.0681783801585,1,-999,20.27231,-999,28.25369,0.0857944,False,-99,0.001285256
6449473662269521964,0,3.37557548996243,GALEX J003732.0+410248,9.38354440961206,41.0467097143043,1,-999,22.85387,-999,2.620913,0.0857944,False,-99,0.003894676
2496509458089247017,0,3.37574324604262,GALEX J003733.4+410405,9.38922370362665,41.0680645210872,1,-999,20.18824,-999,30.52828,0.0857944,False,-99,0.0016519
6449438477897434059,0,3.37626801259968,GALEX J003732.0+410247,9.38352876556278,41.0465912284213,1,-999,22.36313,-999,4.118568,0.0857944,False,-99,0.005810568
2495981692507918489,0,3.378450263409,GALEX J003732.0+410248,9.38348201750713,41.0468885552232,1,-999,22.96445,-999,2.367108,0.0857944,False,-99,0.004337199
6449403293525348627,0,3.37944389617201,GALEX J003739.6+410533,9.41527774649318,41.0926362023721,1,-999,23.15204,-999,1.991514,0.08476537,False,-99,0.001489098
6449508846641611691,0,3.38165832075618,GALEX J003732.0+410247,9.38340959835922,41.0465277472901,1,-999,22.92617,-999,2.452061,0.0857944,False,-99,0.003042751
6457249408501156975,0,3.38260274030931,GALEX J003733.3+410405,9.38905936905599,41.0680641208932,1,-999,20.26161,-999,28.53362,0.0857944,False,-99,0.001356437
6449403293525347855,0,3.38264471587982,GALEX J003739.9+405958,9.4166279119052,40.9996272983713,1,-999,22.44796,-999,3.809031,0.08531417,False,-99,0.004471881
2591014681721177489,0,3.38356187612841,GALEX J003733.3+410405,9.38910017332192,41.0681800481108,1,-999,20.26713,-999,28.38883,0.0857944,False,-99,0.001424552
6372252787397364703,0,3.38395927721448,GALEX J003733.3+410404,9.38898275631298,41.0679833646321,1,-999,20.64305,-999,20.08077,0.0857944,False,-99,0.002706938
2590979497349100178,0,3.38406636630112,GALEX J003733.3+410405,9.38906410041256,41.0681364908188,1,-999,20.24726,-999,28.91331,0.0857944,False,-99,0.001363628
6449438477897434208,0,3.38513645771503,GALEX J003733.3+410405,9.38908819870834,41.068226645424,1,-999,20.29153,-999,27.75784,0.0857944,False,-99,0.001366634
2496509458089246777,0,3.38679727851277,GALEX J003734.2+410109,9.39256049388021,41.0193208967567,1,-999,23.90891,-999,0.9918215,0.0866624,False,-99,0.002262457
6449403293526402724,0,3.38752450574207,GALEX J003758.8+410544,9.49513060506437,41.0955960650762,2,22.41664,-999,3.920539,-999,0.08368652,False,0.003412742,-99
6449508846641611903,0,3.39332553637578,GALEX J003733.3+410405,9.38889999277704,41.0682409247288,1,-999,20.31442,-999,27.17881,0.0857944,False,-99,0.001355364
2590979497349099388,0,3.39543899147579,GALEX J003732.5+410156,9.38551632758867,41.0322967058603,1,-999,24.57649,-999,0.5362949,0.0866624,False,-99,0.002120981
2591014681722244418,0,3.39801193647194,GALEX J003734.9+410440,9.39555514325573,41.0778172491409,2,24.64138,-999,0.5051823,-999,0.0857944,False,0.002143053,-99
6449473662269522070,0,3.3982055216225,GALEX J003733.3+410406,9.38887551793793,41.0684078770231,1,-999,20.22797,-999,29.43137,0.0857944,False,-99,0.002081796
6449403293525348257,0,3.40102775938811,GALEX J003731.9+410247,9.38298163773194,41.0466157091447,1,-999,21.57136,-999,8.539984,0.0857944,False,-99,0.00334053
2591014681721177457,0,3.40225895824094,GALEX J003805.1+410437,9.52144949760895,41.0771120035588,1,-999,24.86114,-999,0.4126132,0.08104549,False,-99,0.00245465
6449403293525348510,0,3.40641868984064,GALEX J003733.2+410405,9.38854485359789,41.068164692495,1,-999,20.24898,-999,28.8674,0.0857944,False,-99,0.003445553
2591014681721177075,0,3.41469070560009,GALEX J003731.9+410229,9.38298423589635,41.0414206009378,1,-999,24.05479,-999,0.8671282,0.0857944,False,-99,0.00221184
6449508846641611897,0,3.41632074034444,GALEX J003806.3+410415,9.52640967863569,41.0708388012386,1,-999,23.57621,-999,1.347463,0.08104549,False,-99,0.002769201
2496509458091344291,0,3.41654459174597,GALEX J003759.0+410544,9.49617990134636,41.0956988782805,3,22.99829,23.44059,2.294482,1.52674,0.08368652,False,0.001550629,0.004067987
2590979497349099564,0,3.41982960769049,GALEX J003731.8+410229,9.38285148071374,41.0415801676026,1,-999,24.44004,-999,0.6081124,0.0857944,False,-99,0.002569677
6449508846641612050,0,3.4202898761014,GALEX J003758.9+410545,9.49579450117162,41.0959391288471,1,-999,23.28335,-999,1.764662,0.08368652,False,-99,0.003241808
2495981692507918017,0,3.42105506866193,GALEX J003739.8+405956,9.41616925551213,40.9990886684554,1,-999,22.89124,-999,2.532223,0.08531417,False,-99,0.003729701
2590979497351197726,0,3.42432012795605,GALEX J003759.0+410545,9.49603832031886,41.0959107282163,3,22.54455,23.26109,3.484837,1.801202,0.08368652,False,0.004887688,0.001891508
6372252787398416952,0,3.42507395524512,GALEX J003803.2+410507,9.51341854818158,41.0855140208645,2,21.75534,-999,7.20884,-999,0.08104549,False,0.001163754,-99
6457249408501156805,0,3.42658471139708,GALEX J003731.8+410305,9.38271112142174,41.0515599406376,1,-999,24.13778,-999,0.8033174,0.0857944,False,-99,0.001983295
6372252787398416973,0,3.42883309781682,GALEX J003759.1+410545,9.49638493994127,41.095845818885,2,21.4969,-999,9.146213,-999,0.08368652,False,0.001170091,-99
6457249408502212316,0,3.42932246056871,GALEX J003759.0+410545,9.4961479389504,41.0959592311819,2,22.93746,-999,2.426718,-999,0.08368652,False,0.001833507,-99
2591014681723274911,0,3.43070318455616,GALEX J003759.0+410545,9.49591618832497,41.0960866014819,3,22.85677,23.12125,2.613925,2.048806,0.08368652,False,0.002186678,0.00183454
6449438477897434352,0,3.43138001813999,GALEX J003758.8+410547,9.49514391484816,41.0964294512331,1,-999,22.89017,-999,2.534742,0.08368652,False,-99,0.003521005
2591014681723273857,0,3.43548934409612,GALEX J003739.8+405956,9.41582517509041,40.998973005154,3,23.77841,22.27876,1.118507,4.451409,0.08531417,False,0.003072422,0.005207087
2590979497349100190,0,3.43821244137642,GALEX J003805.3+410438,9.52218488416422,41.0773573958001,1,-999,24.40444,-999,0.6283838,0.08104549,False,-99,0.00278435
2590979497349098848,0,3.44070038146426,GALEX J003739.7+405955,9.41580719429589,40.9988775278127,1,-999,24.09998,-999,0.831781,0.08531417,False,-99,0.002775844
2591014681721177380,0,3.44308230653111,GALEX J003806.5+410413,9.52735949943036,41.0703557221729,1,-999,25.6071,-999,0.2075675,0.08104549,False,-99,0.002032396
2495946508135830492,0,3.44365377920774,GALEX J003737.0+410021,9.40420817143218,41.0060249693131,1,-999,21.36746,-999,10.30425,0.08531417,False,-99,0.002748104
2495981692510016094,0,3.44459698920683,GALEX J003759.1+410546,9.49629749575154,41.0961881493227,3,22.30273,23.25502,4.354232,1.811305,0.08368652,False,0.002983982,0.003094211
2495981692507918129,0,3.44521575781128,GALEX J003737.0+410021,9.4042315459407,41.0059703831369,1,-999,21.5132,-999,9.009871,0.08531417,False,-99,0.00163146
2590979497349099049,0,3.44717147904913,GALEX J003737.0+410021,9.40417929393184,41.0059637691376,1,-999,21.39184,-999,10.07541,0.08531417,False,-99,0.001487328
6449438477897433795,0,3.44826409669049,GALEX J003737.0+410021,9.40416921972096,41.0059456003101,1,-999,21.45009,-999,9.549119,0.08531417,False,-99,0.001926604
2591014681721176803,0,3.44984338776148,GALEX J003736.9+410021,9.40404443768741,41.0060029302099,1,-999,21.37186,-999,10.2626,0.08531417,False,-99,0.001557635
6457249408501156409,0,3.45114642053719,GALEX J003736.9+410021,9.4041130786738,41.0059200587801,1,-999,21.39693,-999,10.0283,0.08531417,False,-99,0.003072202
6449508846641611531,0,3.4529995486663,GALEX J003736.9+410021,9.40398006406697,41.0059772002979,1,-999,21.41312,-999,9.879894,0.08531417,False,-99,0.001528761
6449473662269522154,0,3.45311873197899,GALEX J003759.1+410546,9.49639900117415,41.0963079751176,1,-999,23.2284,-999,1.856267,0.08368652,False,-99,0.003853413
2495946508135830378,0,3.45317061505332,GALEX J003739.5+405956,9.41477968110679,40.9991537501897,1,-999,24.07631,-999,0.8501114,0.08531417,False,-99,0.002857344
6449473662269522128,0,3.45477922172526,GALEX J003802.6+410516,9.51102709326702,41.0880449834633,1,-999,23.09478,-999,2.099365,0.08104549,False,-99,0.004418448
6449403293525347962,0,3.45637945196904,GALEX J003736.9+410021,9.40397602291231,41.0059003395409,1,-999,21.08595,-999,13.35426,0.08531417,False,-99,0.002739332
6449473662269522189,0,3.45736674517252,GALEX J003753.6+410610,9.47332396970718,41.1029793732194,1,-999,23.83974,-999,1.057069,0.08368652,False,-99,0.001433334
6449508846641612021,0,3.4582706007938,GALEX J003804.5+410453,9.51875741146938,41.0816238962825,1,-999,21.67831,-999,7.738825,0.08104549,False,-99,0.005046152
2496509458089246982,0,3.46068843494153,GALEX J003806.7+410412,9.52792104387168,41.0701319301808,1,-999,23.3471,-999,1.664028,0.08104549,False,-99,0.005133084
2496509458091344260,0,3.46207079480626,GALEX J003804.5+410453,9.51891660929094,41.0815714287168,3,23.31113,22.06375,1.720091,5.426258,0.08104549,False,0.001891038,0.00607123
6449473662269522169,0,3.46610767060152,GALEX J003804.4+410455,9.51838409395288,41.0821992258211,1,-999,21.49574,-999,9.155975,0.08104549,False,-99,0.005967943
6372252787397364298,0,3.46749380897836,GALEX J003736.9+410020,9.40373278010581,41.00582230099,1,-999,21.15595,-999,12.5204,0.08531417,False,-99,0.004502619
6372252787398416873,0,3.46773088438353,GALEX J003731.7+410219,9.38220569969068,41.0387455617719,2,21.25483,-999,11.43063,-999,0.0857944,False,0.00260621,-99
6449403293527445716,0,3.47006566537837,GALEX J003804.5+410453,9.51909818857613,41.0816117641249,3,23.22601,21.77664,1.860369,7.06876,0.08104549,False,0.001538931,0.002909106
2590979497351197582,0,3.47007983403947,GALEX J003804.5+410454,9.51900794278497,41.0817010921056,3,22.94771,21.97392,2.40391,5.894295,0.08104549,False,0.001521268,0.001466176
2495946508137928152,0,3.47145939642657,GALEX J003804.5+410454,9.5188404844051,41.0819027953258,3,22.98579,22.08589,2.321057,5.316726,0.08104549,False,0.002629134,0.005312409
6449438477897434348,0,3.47313341455149,GALEX J003804.4+410456,9.51847972715432,41.0822970100603,1,-999,21.49709,-999,9.14457,0.08104549,False,-99,0.005759961
2591014681721176701,0,3.4759235530078,GALEX J003801.4+410004,9.50587787750688,41.0011273761309,1,-999,23.20266,-999,1.90079,0.08201355,False,-99,0.003219818
2591014681723274791,0,3.47617661033731,GALEX J003804.5+410454,9.51913732482157,41.0817408750014,3,22.70256,21.99104,3.012859,5.802076,0.08104549,False,0.002524181,0.001468364
6449403293525348506,0,3.47695874967112,GALEX J003734.2+410436,9.3927048719708,41.0768980833727,1,-999,22.60282,-999,3.30271,0.08489405,False,-99,0.003373735
6449508846641611423,0,3.47718492867932,GALEX J003739.6+405954,9.41535820095792,40.9983726261353,1,-999,23.01464,-999,2.260181,0.08531417,False,-99,0.00436698
2590979497349100083,0,3.47786913130168,GALEX J003806.6+410416,9.52773695435149,41.071121553596,1,-999,24.43521,-999,0.6108242,0.08104549,False,-99,0.002123789
2495876139392700776,0,3.47897123526269,GALEX J003741.6+405941,9.42341509035491,40.9947788197658,2,22.86921,-999,2.584147,-999,0.08531417,False,0.00339798,-99
6449473662269521925,0,3.48367630015385,GALEX J003732.6+410135,9.38590859729457,41.0264413108222,1,-999,24.26241,-999,0.716201,0.0866624,False,-99,0.001450414
2495981692507918831,0,3.48392832102275,GALEX J003804.6+410454,9.51931431130797,41.0817791151808,1,-999,22.25593,-999,4.545991,0.08104549,False,-99,0.001848326
2495946508137928276,0,3.48427432570521,GALEX J003759.0+410549,9.4961611565595,41.0970093992602,3,22.21921,22.78687,4.702372,2.787733,0.08368652,False,0.002484409,0.006726058
2590979497349098904,0,3.48855402513949,GALEX J003801.4+410003,9.5061054802462,41.0009949658458,1,-999,24.06956,-999,0.8554121,0.08201355,False,-99,0.002188681
2496509458089247143,0,3.48903717920832,GALEX J003742.1+410557,9.42572538536523,41.0992711762526,1,-999,24.32586,-999,0.6755472,0.08476537,False,-99,0.003052148
6449438477897433722,0,3.49110028505663,GALEX J003743.1+405932,9.42966256651616,40.9924324645293,1,-999,22.4916,-999,3.65899,0.08531417,False,-99,0.006329148
6449403293525348062,0,3.49173326388079,GALEX J003806.6+410116,9.52765103578184,41.0212551181064,1,-999,22.09896,-999,5.253125,0.08089752,False,-99,0.00389634
2495876139392701302,0,3.49220463713615,GALEX J003759.3+410548,9.49714911376059,41.0967325624563,2,21.9166,-999,6.213841,-999,0.08368652,False,0.006119391,-99
2495876139392701042,0,3.4926609461811,GALEX J003804.7+410453,9.51972829783587,41.081608995118,2,23.03415,-999,2.219941,-999,0.08104549,False,0.003062223,-99
2495876139392700687,0,3.49338231647977,GALEX J003738.2+410005,9.40921782894304,41.0014758210684,2,23.25276,-999,1.815089,-999,0.08531417,False,0.002547175,-99
6457249408503254227,0,3.49345251744365,GALEX J003804.7+410454,9.51966726452878,41.0816916563838,3,22.63933,22.16203,3.193523,4.956644,0.08104549,False,0.002638762,0.002578865
2591014681721176958,0,3.49439082337436,GALEX J003806.6+410116,9.5276259292225,41.0211141829253,1,-999,22.18358,-999,4.859224,0.08089752,False,-99,0.001651837
6372252787397364885,0,3.49734472887213,GALEX J003801.1+410535,9.50465903228741,41.0930633225099,1,-999,21.64561,-999,7.975466,0.08104549,False,-99,0.002895499
6449438477897433895,0,3.49775178571294,GALEX J003806.6+410115,9.52757396052161,41.0209057672601,1,-999,22.72018,-999,2.964335,0.08089752,False,-99,0.003099115
2590979497349098658,0,3.49844983538975,GALEX J003749.7+405917,9.45718835648248,40.9882016558835,1,-999,24.55603,-999,0.5464957,0.08395249,False,-99,0.001958128
2590979497349099401,0,3.49864544699403,GALEX J003806.6+410115,9.52770544444078,41.0210753818372,1,-999,22.30394,-999,4.349328,0.08089752,False,-99,0.001447141
2496509458089246746,0,3.49891860833493,GALEX J003801.5+410003,9.50650621569194,41.0010153381964,1,-999,22.50295,-999,3.620909,0.08201355,False,-99,0.00698805
6449403293525347877,0,3.50162809919836,GALEX J003801.5+410003,9.50637075067764,41.0008758074436,1,-999,22.25158,-999,4.564215,0.08201355,False,-99,0.004251111
2591014681721176545,0,3.50412842724812,GALEX J003749.6+405917,9.456746494533,40.9881120624999,1,-999,24.53967,-999,0.5547922,0.08395249,False,-99,0.003379806
6457249408501156542,0,3.50445865197496,GALEX J003806.7+410117,9.52807040636082,41.0214247131473,1,-999,22.76084,-999,2.855386,0.08089752,False,-99,0.0037314
6449508846641611557,0,3.50967572621447,GALEX J003806.7+410115,9.52790495101411,41.0209644889312,1,-999,22.49951,-999,3.632427,0.08089752,False,-99,0.002721869
2591014681721176727,0,3.51483902859891,GALEX J003800.4+405953,9.50202879354474,40.9981792275935,1,-999,22.9551,-999,2.387598,0.08201355,False,-99,0.006327671
2495981692507918309,0,3.5277718253698,GALEX J003806.8+410115,9.52843575625357,41.0211003384224,1,-999,22.09043,-999,5.294531,0.08089752,False,-99,0.00478005
2495946508135831238,0,3.52994322965796,GALEX J003750.2+410619,9.45934533301944,41.1053301053175,1,-999,23.69356,-999,1.209412,0.08368652,False,-99,0.004249675
2591014681723273978,0,3.5323620364823,GALEX J003735.3+410034,9.39727226382702,41.0096611666582,3,23.71114,22.58566,1.189996,3.355341,0.08648095,False,0.002797757,0.006053765
6449403293525348005,0,3.53280340214617,GALEX J003805.8+410055,9.52446500112461,41.0154610903345,1,-999,22.88259,-999,2.552494,0.08089752,False,-99,0.003312327
2590979497349098743,0,3.53794286372387,GALEX J003741.8+405936,9.42418872899224,40.9933940450684,1,-999,24.17741,-999,0.7745237,0.08531417,False,-99,0.001959077
2591014681723273771,0,3.53892742138365,GALEX J003742.9+405930,9.42886935325831,40.9918135529559,3,23.0388,22.94935,2.210456,2.400259,0.08531417,False,0.003524234,0.004985976
2590979497349099104,0,3.54085733986489,GALEX J003735.3+410033,9.39733221035185,41.0093795131196,1,-999,23.06438,-999,2.158965,0.08648095,False,-99,0.003921986
6449508846641612018,0,3.54177749752818,GALEX J003803.0+410519,9.51283813429329,41.0887414587665,1,-999,23.78646,-999,1.110232,0.08104549,False,-99,0.002955521
2495981692507918908,0,3.54183358990905,GALEX J003803.1+410519,9.51301732226541,41.0886104047614,1,-999,23.24801,-999,1.823037,0.08104549,False,-99,0.005042387
2495981692507917907,0,3.54202618130119,GALEX J003749.6+405914,9.45690008517804,40.9874783792958,1,-999,23.59745,-999,1.321356,0.08395249,False,-99,0.003013687
6449438477897433834,0,3.54256235560653,GALEX J003735.3+410033,9.39743912250378,41.0092351015841,1,-999,22.75512,-999,2.870457,0.08648095,False,-99,0.004861949
2591014681721176811,0,3.54291006473722,GALEX J003805.9+410056,9.52494114250079,41.015723039764,1,-999,25.20708,-999,0.3000323,0.08089752,False,-99,0.002467217
