objid,specObjID,distance_arcmin,IAUName,ra,dec,band,fuv_mag,nuv_mag,fuv_flux,nuv_flux,e_bv,isThereSpectrum,fuv_fwhm_world,nuv_fwhm_world
2591190603581620399,0,0.144474056708818,GALEX J004545.1+404819,11.4380823114995,40.805410561095,1,-999,22.70732,-999,2.999672,0.08681797,False,-99,0.004886441
2590873944234935721,0,0.159054635472868,GALEX J004545.0+404818,11.4377935169033,40.8051361934433,3,23.44548,23.76058,1.519876,1.137017,0.08681797,False,0.003481359,0.00212242
6449755137246232874,0,0.159156436609421,GALEX J004545.3+404819,11.4389236332739,40.805353906137,1,-999,23.14947,-999,1.996233,0.08681797,False,-99,0.002561548
2590873944232836789,0,0.213716887038556,GALEX J004544.8+404840,11.436906606456,40.8113112966177,1,-999,21.99223,-999,5.79575,0.09057135,False,-99,0.001491618
2496052061252099474,0,0.214870256238082,GALEX J004544.7+404840,11.4366002734282,40.8112936044134,1,-999,21.79296,-999,6.963306,0.09057135,False,-99,0.006160476
6457284592873247106,0,0.223934125626527,GALEX J004545.0+404841,11.4374998684748,40.8115100132036,1,-999,22.21036,-999,4.740844,0.09057135,False,-99,0.004000122
6449262556036994881,0,0.226043727163011,GALEX J004544.7+404841,11.4363520010711,40.8114436030464,1,-999,21.34683,-999,10.50187,0.09057135,False,-99,0.006530021
6449755137246232905,0,0.228149481019332,GALEX J004544.8+404841,11.4368401194336,40.8115473250407,1,-999,22.19787,-999,4.795706,0.09057135,False,-99,0.003394239
2591190603581620463,0,0.24023416574469,GALEX J004544.8+404842,11.4367770748578,40.8117441163942,1,-999,21.5655,-999,8.586151,0.09057135,False,-99,0.003123346
6372252786323620147,0,0.249670734763873,GALEX J004546.3+404825,11.4429308187779,40.807131218739,1,-999,21.36832,-999,10.29605,0.08681797,False,-99,0.002711815
2591190603583717597,0,0.254895146242963,GALEX J004546.3+404830,11.4430083470262,40.8085931158977,3,22.06268,21.2146,5.431618,11.86209,0.08681797,False,0.004570462,0.003260355
2496052061254196602,0,0.255800028598327,GALEX J004546.3+404830,11.4430674673557,40.8084242753504,3,21.71355,21.57294,7.491754,8.527539,0.08681797,False,0.004907727,0.003874175
6449755137246232904,0,0.268732880954878,GALEX J004546.4+404830,11.4433560669634,40.8084208665578,1,-999,21.39098,-999,10.08337,0.08681797,False,-99,0.004786645
2590873944234935341,0,0.26949026169687,GALEX J004546.4+404830,11.443358506488,40.8084922322816,3,21.69311,21.42215,7.634108,9.798073,0.08681797,False,0.006227592,0.00242155
6449262556036994875,0,0.278831070790525,GALEX J004546.4+404830,11.4435497554819,40.8085705153662,1,-999,21.22609,-999,11.7372,0.08681797,False,-99,0.00694435
6457284592875344217,0,0.303039590548812,GALEX J004546.5+404830,11.4441286533528,40.8083577679458,3,21.87738,21.6623,6.442407,7.853775,0.08681797,False,0.001909268,0.003715499
2590873944232838462,0,0.426271347733818,GALEX J004544.4+404803,11.4351981812728,40.8008902201366,1,-999,25.01933,-999,0.3566709,0.08681797,False,-99,0.001474842
6372252786323620165,0,0.480100193790374,GALEX J004546.1+404853,11.4421545431464,40.8149622165684,1,-999,21.54213,-999,8.772957,0.09057135,False,-99,0.002926129
6449262556036994948,0,0.511538059038952,GALEX J004546.1+404856,11.4420785296639,40.8155673884347,1,-999,20.68939,-999,19.24178,0.09057135,False,-99,0.001477312
2590873944232838235,0,0.51161119153256,GALEX J004546.1+404855,11.4421892737176,40.8155308981464,1,-999,20.75923,-999,18.04292,0.09057135,False,-99,0.001395732
2591190603581620494,0,0.513331956228641,GALEX J004546.0+404856,11.4420088238213,40.815623260701,1,-999,20.74067,-999,18.35397,0.09057135,False,-99,0.001825902
2496052061252099494,0,0.514230335738514,GALEX J004546.0+404856,11.4420086970944,40.8156396279303,1,-999,20.81113,-999,17.20078,0.09057135,False,-99,0.001601649
6372252797061041328,0,0.514676038155322,GALEX J004546.2+404855,11.4425387958493,40.8154613204805,1,-999,20.6813,-999,19.3856,0.09057135,False,-99,0.004031507
6449755137246232932,0,0.518275573304363,GALEX J004546.1+404856,11.4422474297394,40.815632907564,1,-999,20.8478,-999,16.62957,0.09057135,False,-99,0.002373623
6457284592873247126,0,0.528650701471582,GALEX J004546.2+404856,11.4428353922925,40.8156087612642,1,-999,20.72567,-999,18.60931,0.09057135,False,-99,0.002423432
2590873944232838233,0,0.565903493379903,GALEX J004542.3+404843,11.4263562358329,40.8119987193546,1,-999,23.61135,-999,1.304546,0.09057135,False,-99,0.003056759
6372252797061041293,0,0.688087409636276,GALEX J004547.7+404801,11.4490859008715,40.8003881782128,1,-999,21.46704,-999,9.401215,0.08681797,False,-99,0.00266302
6449755137246232812,0,0.733222862294492,GALEX J004544.2+404744,11.4343128734282,40.7957979113706,1,-999,23.34533,-999,1.66674,0.08473422,False,-99,0.001990389
2590873944232837741,0,0.75262916631995,GALEX J004545.6+404912,11.4402888748618,40.8201427389796,1,-999,24.3283,-999,0.6740278,0.09057135,False,-99,0.003564618
6449262556036994664,0,0.752790741114439,GALEX J004544.1+404743,11.434018939883,40.795511102368,1,-999,22.74755,-999,2.89053,0.08473422,False,-99,0.003840515
2590873944232837469,0,0.753690960069848,GALEX J004544.1+404743,11.4341163316895,40.7954801709778,1,-999,23.19272,-999,1.918275,0.08473422,False,-99,0.002275818
2591190603581620315,0,0.756466391316718,GALEX J004544.1+404743,11.4341364920161,40.7954297685084,1,-999,22.88264,-999,2.552366,0.08473422,False,-99,0.003498441
2591190603581620464,0,0.757002710961148,GALEX J004545.6+404912,11.4403935896483,40.8202029716831,1,-999,23.12878,-999,2.034636,0.09057135,False,-99,0.004244942
6449262556036994843,0,0.789160613371992,GALEX J004541.4+404853,11.4227847893203,40.8147742151115,1,-999,23.39775,-999,1.588178,0.0905407,False,-99,0.002834292
2590873944232836749,0,0.803188011723804,GALEX J004541.3+404851,11.4221512485194,40.814429330336,1,-999,24.79529,-999,0.4384139,0.0905407,False,-99,0.00215724
2590873944233891439,0,0.835312819496462,GALEX J004540.6+404820,11.4193201877292,40.8056650320838,2,24.16122,-999,0.7861683,-999,0.0905407,False,0.002564731,-99
2590873944232836840,0,0.837925086844599,GALEX J004540.6+404820,11.4192726175023,40.8056131881546,1,-999,24.30384,-999,0.6893848,0.0905407,False,-99,0.003640355
6449262556036994687,0,0.873267165193702,GALEX J004541.3+404756,11.4222259509357,40.7989371331205,1,-999,23.67735,-999,1.22761,0.0905407,False,-99,0.002250575
6449755137246232872,0,0.882861230634835,GALEX J004549.6+404828,11.4569389143784,40.8079436153776,1,-999,23.81106,-999,1.085366,0.08681797,False,-99,0.002512841
6449262556036994899,0,0.89581793071209,GALEX J004547.2+404915,11.4469108451284,40.8208997021474,1,-999,23.65337,-999,1.255021,0.09057135,False,-99,0.002535838
2590873944232838561,0,0.907361733630398,GALEX J004542.2+404743,11.4260033055629,40.79541014339,1,-999,24.21777,-999,0.7462644,0.08473422,False,-99,0.002537553
6449262556036994930,0,0.918770887581417,GALEX J004542.9+404918,11.4290865505872,40.821703938183,1,-999,23.08568,-999,2.117037,0.09057135,False,-99,0.003833206
6372252797061041272,0,0.920169963342587,GALEX J004543.5+404735,11.4316022499708,40.7931058354719,1,-999,21.77316,-999,7.091435,0.08473422,False,-99,0.002130348
2496052061252099343,0,0.922974175799617,GALEX J004540.7+404801,11.4195999995916,40.8004943482374,1,-999,23.48467,-999,1.465992,0.0905407,False,-99,0.003337438
6449755137246232940,0,0.928245660505238,GALEX J004542.9+404918,11.4289271735352,40.8218222957597,1,-999,23.08468,-999,2.118979,0.09057135,False,-99,0.003461487
2496052061254196702,0,0.929204236780551,GALEX J004542.9+404918,11.4291408638412,40.8219133915852,3,22.5196,22.86232,3.565832,2.600597,0.09057135,False,0.003801951,0.004069667
2591190603581620339,0,0.929230765729411,GALEX J004540.7+404800,11.4196199082835,40.8002495083336,1,-999,23.60906,-999,1.307304,0.0905407,False,-99,0.002520274
2590873944232838102,0,0.930426922121645,GALEX J004540.7+404800,11.4196328237409,40.8001911370701,1,-999,23.18783,-999,1.926931,0.0905407,False,-99,0.00251322
2590873944234935243,0,0.943108746729193,GALEX J004543.0+404919,11.4291837133735,40.822181130379,3,23.46779,22.82098,1.48897,2.701505,0.09057135,False,0.002876852,0.00268683
2591190603581620535,0,0.956540799712139,GALEX J004542.9+404920,11.4290716222135,40.8223883716087,1,-999,22.16878,-999,4.925918,0.09057135,False,-99,0.00433478
2590873944232837862,0,0.962873121322856,GALEX J004544.7+404925,11.4363137191706,40.823800529988,1,-999,24.66592,-999,0.4938909,0.09057135,False,-99,0.001545418
6449755137246232841,0,0.967375598130047,GALEX J004549.3+404757,11.4556726513849,40.7993679683287,1,-999,22.80759,-999,2.73504,0.08681797,False,-99,0.004544778
6449262556036994712,0,0.973101602517827,GALEX J004549.5+404800,11.4564329266803,40.8001850285096,1,-999,23.01198,-999,2.265726,0.08681797,False,-99,0.003877017
2591190603581620342,0,0.976735997304171,GALEX J004543.4+404732,11.4310512130747,40.7922480422471,1,-999,21.33897,-999,10.57818,0.08473422,False,-99,0.002194926
6457284592874299493,0,0.976781778884068,GALEX J004542.8+404921,11.4286465325448,40.8226146190616,2,22.29835,-999,4.371803,-999,0.09057135,False,0.002904795,-99
6457284592873246930,0,0.977135518622631,GALEX J004543.6+404731,11.4318803606941,40.7920576119935,1,-999,21.42831,-999,9.742639,0.08473422,False,-99,0.002403217
2590873944232836768,0,0.97791444986988,GALEX J004543.4+404731,11.431094525737,40.792217200425,1,-999,21.39391,-999,10.05621,0.08473422,False,-99,0.001511518
6449262556036994698,0,0.982103269064746,GALEX J004543.4+404731,11.4310204425906,40.7921615956993,1,-999,21.27568,-999,11.21318,0.08473422,False,-99,0.004194258
6449755137246232815,0,0.983333917667937,GALEX J004543.4+404731,11.430818335441,40.79218891146,1,-999,21.30009,-999,10.96381,0.08473422,False,-99,0.003796311
2496052061252099560,0,0.984589837686199,GALEX J004543.1+404732,11.4299722088795,40.7923891549087,1,-999,19.31267,-999,68.38022,0.08473422,False,-99,0.02307124
2590873944232836975,0,0.986781554426768,GALEX J004544.6+404728,11.4360003108927,40.7913706480239,1,-999,24.21056,-999,0.7512339,0.08473422,False,-99,0.002464572
6449755137246232848,0,1.00767086005653,GALEX J004540.2+404800,11.4177553242701,40.8001174396722,1,-999,22.8026,-999,2.747632,0.0905407,False,-99,0.005353333
2591190603581620546,0,1.02536568162575,GALEX J004544.6+404929,11.43592392523,40.8248255285885,1,-999,22.43382,-999,3.858971,0.09057135,False,-99,0.004617301
2591190603582683892,0,1.02614703026328,GALEX J004542.2+404735,11.4258439940159,40.7931271792413,2,24.51467,-999,0.5677193,-999,0.08473422,False,0.002651856,-99
6372252786323620095,0,1.04438490621214,GALEX J004543.3+404728,11.4304818490312,40.7912019516156,1,-999,21.76967,-999,7.114275,0.08473422,False,-99,0.002948369
6449755137246232803,0,1.12377496659885,GALEX J004541.2+404735,11.4220115574564,40.793171914223,1,-999,23.85997,-999,1.037556,0.08473422,False,-99,0.002010223
6449262556036994738,0,1.12672009660307,GALEX J004539.2+404811,11.4133977242912,40.8033277238987,1,-999,23.71281,-999,1.188161,0.0905407,False,-99,0.002976279
6372252786323620154,0,1.12893792092729,GALEX J004550.8+404840,11.4619467714087,40.8111910895922,1,-999,22.25964,-999,4.530457,0.08681797,False,-99,0.002446185
6372252797061041338,0,1.12990694825668,GALEX J004550.2+404900,11.4593985927913,40.8167184896597,1,-999,21.65932,-999,7.875367,0.08681797,False,-99,0.002988829
2591190603581620312,0,1.13775222968991,GALEX J004541.1+404736,11.4212454684132,40.7933494304196,1,-999,23.35934,-999,1.645363,0.08473422,False,-99,0.003927436
6449262556036994873,0,1.13956339544495,GALEX J004550.8+404843,11.4619193800647,40.8121501874449,1,-999,22.08885,-999,5.302249,0.08681797,False,-99,0.003915395
6449755137246232920,0,1.14159185810857,GALEX J004550.8+404846,11.4616563879701,40.8130433491782,1,-999,21.84122,-999,6.66055,0.08681797,False,-99,0.005285843
2590873944232836729,0,1.14261571268685,GALEX J004541.1+404735,11.4215373392141,40.7930588906977,1,-999,23.25611,-999,1.809489,0.08473422,False,-99,0.001504473
2496052061254196608,0,1.14710441605222,GALEX J004550.8+404845,11.461938005845,40.8126139942343,3,22.8644,22.33861,2.595613,4.212639,0.08681797,False,0.003394565,0.005290766
2591190603583717582,0,1.15357165468495,GALEX J004550.8+404846,11.4619595208064,40.8129663421597,3,23.79623,22.75433,1.1003,2.872555,0.08681797,False,0.00227646,0.003055378
2590873944234935088,0,1.15395854275514,GALEX J004550.8+404846,11.4620184619193,40.81282898816,3,22.82107,22.6284,2.701305,3.225832,0.08681797,False,0.003628006,0.003259969
2496052061252099306,0,1.15518298719395,GALEX J004540.8+404737,11.4200338487682,40.793782481976,1,-999,22.41714,-999,3.918714,0.08473422,False,-99,0.006430578
2591190603582683888,0,1.16282156220905,GALEX J004540.2+404743,11.4177961151582,40.7954032234967,2,23.63189,-999,1.280103,-999,0.0905407,False,0.003743542,-99
2591190603581620281,0,1.16997270448692,GALEX J004546.7+404720,11.4447198536536,40.7890598636416,1,-999,24.43522,-999,0.6108161,0.08681797,False,-99,0.002957657
6449755137246232972,0,1.17970847031034,GALEX J004547.5+404932,11.4479658072829,40.8257736492702,1,-999,22.80615,-999,2.738662,0.09057135,False,-99,0.003882844
2496052061252099391,0,1.18010941461139,GALEX J004551.2+404824,11.4634549870911,40.8068298620675,1,-999,23.83562,-999,1.061087,0.08681797,False,-99,0.003102413
6449262556036994631,0,1.18263211648437,GALEX J004540.5+404738,11.4187385031008,40.7941101554145,1,-999,22.67544,-999,3.089036,0.0905407,False,-99,0.003317955
2496052061254196758,0,1.189592515535,GALEX J004546.2+404938,11.4426073276084,40.8272239079072,3,22.68612,22.19599,3.058817,4.804021,0.09057135,False,0.0020556,0.004428565
2496052061252099545,0,1.19142647268797,GALEX J004547.4+404933,11.4476126560644,40.826100771263,1,-999,23.54603,-999,1.385438,0.09057135,False,-99,0.003200464
6449262556036994962,0,1.19659444194134,GALEX J004546.3+404938,11.4430192566864,40.8272787000059,1,-999,22.4025,-999,3.971915,0.09057135,False,-99,0.003403461
2590873944234934965,0,1.20193429029174,GALEX J004546.3+404938,11.4429210386344,40.8273854073909,3,22.28061,22.32278,4.443848,4.274518,0.09057135,False,0.00271229,0.001743903
6457284592873247192,0,1.20264462548457,GALEX J004546.4+404938,11.4434213453357,40.8273144990682,1,-999,22.54679,-999,3.477626,0.09057135,False,-99,0.003216212
2591190603583717679,0,1.20319385569291,GALEX J004546.2+404938,11.4427920787133,40.8274269998231,3,23.24432,21.89213,1.829259,6.355455,0.09057135,False,0.001574493,0.004139266
6449755137246232992,0,1.20422190392057,GALEX J004546.2+404938,11.4424821452789,40.8274907990248,1,-999,22.12686,-999,5.119817,0.09057135,False,-99,0.005519262
6372252797061041359,0,1.20582139064239,GALEX J004548.5+404928,11.4520705073375,40.8245793585826,1,-999,21.45732,-999,9.485793,0.09057135,False,-99,0.002211328
2590873944233891595,0,1.20817436204069,GALEX J004540.1+404740,11.4172819009597,40.794692144413,2,24.22725,-999,0.7397786,-999,0.0905407,False,0.002895673,-99
2591190603581620320,0,1.20977442942227,GALEX J004540.0+404741,11.4169786261356,40.7949236142549,1,-999,22.91832,-999,2.469859,0.0905407,False,-99,0.004701226
2590873944232838492,0,1.21016229451842,GALEX J004540.1+404741,11.417135688674,40.7947712640936,1,-999,23.16808,-999,1.962303,0.0905407,False,-99,0.003383432
2590873944232837408,0,1.22584188647123,GALEX J004549.8+404916,11.4577102022787,40.8213223683999,1,-999,24.49572,-999,0.5777102,0.08681797,False,-99,0.002833407
6457284592873247087,0,1.22686633995095,GALEX J004551.2+404846,11.4636962307879,40.8127765502002,1,-999,22.5586,-999,3.440013,0.08681797,False,-99,0.004075612
2591190603581620496,0,1.22695203204152,GALEX J004547.2+404936,11.4469885392653,40.8269246962764,1,-999,23.27819,-999,1.773062,0.09057135,False,-99,0.004302611
2496052061252099518,0,1.23717356277201,GALEX J004549.3+404923,11.4557476727788,40.8230893747393,1,-999,23.57353,-999,1.350788,0.09057135,False,-99,0.001912447
6372252786323620092,0,1.2417206972047,GALEX J004540.7+404731,11.41962696346,40.792117588679,1,-999,22.01254,-999,5.688295,0.08473422,False,-99,0.002155875
6449262556036994720,0,1.24400076018172,GALEX J004539.3+404749,11.414010698813,40.7971137799373,1,-999,22.36836,-999,4.098784,0.0905407,False,-99,0.004502072
6449755137246232970,0,1.24690189361852,GALEX J004549.8+404918,11.4578864935901,40.8216998277249,1,-999,22.09419,-999,5.276248,0.08681797,False,-99,0.005940609
2590873944232838037,0,1.24769579911831,GALEX J004547.3+404937,11.447370567327,40.8271846883391,1,-999,23.72624,-999,1.173559,0.09057135,False,-99,0.003250305
2590873944232837917,0,1.257532715746,GALEX J004540.9+404927,11.4204285145419,40.824280824514,1,-999,24.80478,-999,0.4345974,0.09057135,False,-99,0.002793599
2496052061252099389,0,1.26046288448078,GALEX J004543.7+404713,11.4323823252434,40.7871303898138,1,-999,19.99501,-999,36.475,0.08473422,False,-99,0.01572364
2590873944232838170,0,1.26693035180981,GALEX J004538.9+404754,11.4124472486907,40.7984915197908,1,-999,23.20452,-999,1.897535,0.0905407,False,-99,0.002219393
2591190603581620330,0,1.27218807557785,GALEX J004538.9+404754,11.4123865304484,40.7983864508325,1,-999,23.59422,-999,1.325286,0.0905407,False,-99,0.002359305
2591190603581620283,0,1.27297231718287,GALEX J004542.7+404715,11.4282768665223,40.7877433668741,1,-999,24.12862,-999,0.8101239,0.08473422,False,-99,0.003079017
2590873944232836779,0,1.28608564152814,GALEX J004543.0+404714,11.429277632731,40.7872667009666,1,-999,23.74154,-999,1.157137,0.08473422,False,-99,0.003383524
6449755137246232784,0,1.29088694814296,GALEX J004542.8+404714,11.4287068147629,40.7873186731508,1,-999,23.33599,-999,1.681134,0.08473422,False,-99,0.003444148
2591190603581620303,0,1.30694471010967,GALEX J004547.2+404713,11.4466618518879,40.7871290746476,1,-999,22.35055,-999,4.166566,0.08681797,False,-99,0.007551673
6372252797061041374,0,1.30982881019869,GALEX J004546.7+404943,11.4449438439737,40.8288688825526,1,-999,20.64952,-999,19.96142,0.09057135,False,-99,0.004298574
6449262556036994966,0,1.32691568544084,GALEX J004548.7+404935,11.453278689818,40.8263920137634,1,-999,23.41226,-999,1.567089,0.09057135,False,-99,0.00169283
2591190603581620289,0,1.33627939713797,GALEX J004548.2+404716,11.4511256837308,40.7880391182992,1,-999,23.83062,-999,1.065989,0.08681797,False,-99,0.004162451
2591190603581620311,0,1.34806935525637,GALEX J004545.7+404707,11.4404446144121,40.7854208137421,1,-999,23.44288,-999,1.523514,0.08473422,False,-99,0.005646504
6449262556036994964,0,1.35568940410412,GALEX J004541.0+404935,11.4208967143141,40.8265564339558,1,-999,23.02634,-999,2.235958,0.09057135,False,-99,0.003162019
2590873944232838034,0,1.3666313136883,GALEX J004548.1+404942,11.4504024333382,40.8283558349556,1,-999,23.13814,-999,2.017167,0.09057135,False,-99,0.004638845
6449262556036994970,0,1.36853743361229,GALEX J004550.8+404916,11.4618349914706,40.8212331249186,1,-999,22.22467,-999,4.678772,0.08681797,False,-99,0.005216018
2496052061252099629,0,1.38041411146107,GALEX J004548.2+404942,11.4508757819719,40.8284381198606,1,-999,23.29853,-999,1.740145,0.09057135,False,-99,0.003122296
2591190603581620269,0,1.38072946201883,GALEX J004544.4+404705,11.4353847076599,40.7848214047202,1,-999,23.41798,-999,1.558859,0.08473422,False,-99,0.004390505
6449262556036994756,0,1.38276202205952,GALEX J004537.7+404819,11.4072187442848,40.8053755217298,1,-999,23.77561,-999,1.121391,0.0905407,False,-99,0.002663231
2590873944232837895,0,1.39054834344263,GALEX J004540.9+404937,11.4205340650005,40.8270717825429,1,-999,23.38136,-999,1.612336,0.09057135,False,-99,0.003238803
2591190603581620365,0,1.39510337678981,GALEX J004537.6+404819,11.4069431081565,40.8053931628158,1,-999,24.16826,-999,0.7810781,0.0905407,False,-99,0.003139128
2590873944232838563,0,1.40407498588355,GALEX J004537.6+404819,11.4067530291069,40.8053312155872,1,-999,24.16038,-999,0.7867668,0.0905407,False,-99,0.001979666
2590873944232837961,0,1.41154522321845,GALEX J004538.4+404909,11.4103905302643,40.8192882615487,1,-999,24.02919,-999,0.887817,0.0905407,False,-99,0.002452541
6372252797061041323,0,1.41499788279221,GALEX J004537.6+404841,11.4067507503591,40.8115869642962,1,-999,22.1367,-999,5.073624,0.0905407,False,-99,0.001570006
2590873944232836793,0,1.42616842884868,GALEX J004537.5+404843,11.4066063229904,40.8120473652184,1,-999,24.47417,-999,0.5892911,0.0905407,False,-99,0.00242658
2591190603581620406,0,1.42747487724226,GALEX J004537.6+404844,11.4066543670114,40.8123567255558,1,-999,24.52744,-999,0.561076,0.0905407,False,-99,0.00318755
2496052061252099521,0,1.44994903715094,GALEX J004551.0+404920,11.4628929047291,40.8224289874096,1,-999,23.28459,-999,1.762637,0.08681797,False,-99,0.004311606
2590873944232838231,0,1.45802994236866,GALEX J004551.3+404918,11.4638241886364,40.8216915857538,1,-999,23.1765,-999,1.947157,0.08681797,False,-99,0.004436677
6457284592873246866,0,1.4594194384316,GALEX J004540.5+404716,11.4188150246582,40.7879898384264,1,-999,23.04055,-999,2.206886,0.08473422,False,-99,0.002920462
6449755137246232795,0,1.4631758657794,GALEX J004540.4+404716,11.4186804722125,40.7879858556122,1,-999,22.6452,-999,3.176274,0.08473422,False,-99,0.004043802
2591190603581620469,0,1.47352779384188,GALEX J004551.2+404920,11.4636234986562,40.8223464821183,1,-999,23.2946,-999,1.746463,0.08681797,False,-99,0.004198187
2496052061252099269,0,1.47625967901016,GALEX J004540.4+404716,11.4185118182527,40.7878090895578,1,-999,22.12923,-999,5.108644,0.08473422,False,-99,0.004339859
6449262556036994581,0,1.4816717213878,GALEX J004540.3+404716,11.4179063812799,40.7880341821711,1,-999,23.14827,-999,1.998451,0.08473422,False,-99,0.002152407
2590873944232836572,0,1.48584916253465,GALEX J004547.3+404702,11.4472492702909,40.7841390378778,1,-999,24.98808,-999,0.3670858,0.08681797,False,-99,0.001546956
2590873944232836678,0,1.48587575747088,GALEX J004540.4+404715,11.4185395288023,40.7875970258947,1,-999,22.61809,-999,3.256582,0.08473422,False,-99,0.006146071
2591190603581620335,0,1.48626779805308,GALEX J004540.4+404715,11.4183649463293,40.7876836186524,1,-999,22.85537,-999,2.6173,0.08473422,False,-99,0.006035926
6449755137246232944,0,1.49259193903194,GALEX J004551.4+404920,11.4642165693267,40.8222693021323,1,-999,22.98729,-999,2.317847,0.08681797,False,-99,0.003023194
2496052061252099257,0,1.49906779435721,GALEX J004550.7+404725,11.4613646070632,40.7905192511678,1,-999,23.20869,-999,1.890271,0.08681797,False,-99,0.002360894
2590873944232836924,0,1.50568417115448,GALEX J004538.6+404734,11.4108702687302,40.7928318290063,1,-999,24.20754,-999,0.7533244,0.0905407,False,-99,0.003113627
6449755137246232788,0,1.50691541330471,GALEX J004550.7+404725,11.461628154426,40.7905394094407,1,-999,23.71277,-999,1.188209,0.08681797,False,-99,0.002665006
6449262556036995072,0,1.50775673347653,GALEX J004544.4+404958,11.4350134559362,40.8328365041341,1,-999,22.47676,-999,3.709338,0.09057135,False,-99,0.004603638
2591190603581620292,0,1.51176108803797,GALEX J004550.7+404725,11.4616111451718,40.7904084344474,1,-999,23.83552,-999,1.061188,0.08681797,False,-99,0.003903829
2590873944232838633,0,1.51891883630537,GALEX J004550.7+404724,11.4616048244889,40.790230879735,1,-999,23.26102,-999,1.801327,0.08681797,False,-99,0.001464279
6449262556036994604,0,1.52190634910491,GALEX J004550.7+404724,11.4614178555469,40.7900137303064,1,-999,23.12462,-999,2.042452,0.08681797,False,-99,0.002940273
6449755137246232999,0,1.52542233738047,GALEX J004544.3+404959,11.4349225890193,40.83312655313,1,-999,22.67348,-999,3.094632,0.09057135,False,-99,0.003479848
2496052061252099675,0,1.52689607226989,GALEX J004544.3+404959,11.4349608692822,40.8331533981957,1,-999,23.21787,-999,1.87435,0.09057135,False,-99,0.003576799
6457284592873247234,0,1.52840229602485,GALEX J004544.5+404959,11.435607008059,40.8332108366054,1,-999,23.57003,-999,1.355152,0.09057135,False,-99,0.001663929
6449262556036994665,0,1.52862499087833,GALEX J004538.1+404740,11.4087515634047,40.7945303201841,1,-999,23.01416,-999,2.261192,0.0905407,False,-99,0.003587785
2591190603582683891,0,1.53220485738258,GALEX J004538.8+404728,11.4119114236005,40.7911372861601,2,24.26241,-999,0.7162068,-999,0.0905407,False,0.002774227,-99
2590873944234935094,0,1.53489165291183,GALEX J004544.4+404959,11.4351165777579,40.8332956399231,3,23.72161,22.77788,1.178571,2.810904,0.09057135,False,0.003070702,0.003143654
2591190603581620579,0,1.53599448151767,GALEX J004544.3+404959,11.4348585543787,40.8332995238042,1,-999,22.56325,-999,3.425312,0.09057135,False,-99,0.002795397
2590873944232837748,0,1.54964685463318,GALEX J004537.9+404914,11.4079288581902,40.8206686377673,1,-999,23.69925,-999,1.203089,0.0905407,False,-99,0.002501116
2591190603581620441,0,1.55137260853898,GALEX J004537.9+404914,11.4079221870004,40.8207174521486,1,-999,24.57875,-999,0.5351815,0.0905407,False,-99,0.002973701
6372252797061041260,0,1.5530819686054,GALEX J004550.8+404722,11.4616925090962,40.7894852780418,1,-999,21.98887,-999,5.813703,0.08681797,False,-99,0.001505935
6457284592874299495,0,1.57052204391948,GALEX J004552.0+404917,11.4669582149439,40.8214924236679,2,22.84714,-999,2.637221,-999,0.08681797,False,0.002296973,-99
6372252786323620230,0,1.57905787957053,GALEX J004540.5+404947,11.418751024449,40.8299429376301,1,-999,20.3702,-999,25.81792,0.09057135,False,-99,0.003122294
2496052061252099202,0,1.57933386425105,GALEX J004550.0+404712,11.4586920242694,40.7869094948467,1,-999,23.30644,-999,1.727515,0.08681797,False,-99,0.003516144
2590873944232838315,0,1.58013892116293,GALEX J004537.1+404859,11.4047443407573,40.8166635827116,1,-999,24.56331,-999,0.5428464,0.0905407,False,-99,0.002821877
6457284592873247304,0,1.59210289234302,GALEX J004540.4+404948,11.4185734800709,40.8301150777672,1,-999,20.3455,-999,26.41186,0.09057135,False,-99,0.004663905
6449755137246233016,0,1.59435957022548,GALEX J004540.3+404947,11.4181948421567,40.8299737543129,1,-999,20.38922,-999,25.36943,0.09057135,False,-99,0.001721641
2590873944232837954,0,1.59701280673697,GALEX J004546.8+405001,11.4452612879209,40.8337385416331,1,-999,22.61146,-999,3.276546,0.09057135,False,-99,0.008141072
2496052061252099575,0,1.60107175686262,GALEX J004540.3+404948,11.4182398990041,40.8301298450511,1,-999,20.22451,-999,29.52528,0.09057135,False,-99,0.001639641
2496052061252099370,0,1.60385854375449,GALEX J004553.2+404803,11.4716817107092,40.8010622255632,1,-999,22.3418,-999,4.200304,0.08681797,False,-99,0.00394026
2590873944232836554,0,1.60489662725218,GALEX J004548.3+404659,11.4513423981303,40.7831677445729,1,-999,24.65218,-999,0.5001822,0.08681797,False,-99,0.002421304
2590873944232837873,0,1.60502677675034,GALEX J004540.3+404948,11.4182787384839,40.8302275767263,1,-999,20.2494,-999,28.85632,0.09057135,False,-99,0.001396272
6372252797061041380,0,1.60901786905582,GALEX J004540.4+404949,11.4184076425125,40.8303694938002,1,-999,20.33136,-999,26.75803,0.09057135,False,-99,0.002773376
6449262556036995095,0,1.60908890673283,GALEX J004540.3+404949,11.4182972039366,40.8303172280475,1,-999,20.20198,-999,30.14456,0.09057135,False,-99,0.00181294
6372252797061041290,0,1.60919215344084,GALEX J004536.6+404810,11.402621730694,40.8030536086332,1,-999,20.84494,-999,16.67337,0.0905407,False,-99,0.004156976
6449755137246232858,0,1.60929111949454,GALEX J004536.6+404808,11.4027919513991,40.8023753906886,1,-999,21.67043,-999,7.795165,0.0905407,False,-99,0.003035289
2590873944232838472,0,1.61152069584178,GALEX J004539.0+404937,11.4128899155578,40.827129908437,1,-999,23.73624,-999,1.162798,0.0905407,False,-99,0.004372034
2591190603581620621,0,1.6116872163811,GALEX J004540.3+404949,11.4181558660402,40.8302995704609,1,-999,20.26039,-999,28.56561,0.09057135,False,-99,0.001710575
6372252797061041404,0,1.61225182734335,GALEX J004546.5+405003,11.4441107417542,40.834178841123,1,-999,21.93373,-999,6.11654,0.09057135,False,-99,0.001989654
2591190603581620287,0,1.61544561504516,GALEX J004539.1+404717,11.4131226147265,40.7881728760158,1,-999,23.20732,-999,1.892655,0.08473422,False,-99,0.003623613
2590873944232838464,0,1.62104952738258,GALEX J004536.6+404807,11.4026092349589,40.8020815028039,1,-999,21.4456,-999,9.588656,0.0905407,False,-99,0.001479291
2496052061252099383,0,1.62360814940672,GALEX J004536.6+404808,11.4025030176993,40.8022548950564,1,-999,21.4232,-999,9.788579,0.0905407,False,-99,0.002367558
6457284592873247017,0,1.62495963571025,GALEX J004536.6+404807,11.4025033264056,40.8021445725313,1,-999,21.65896,-999,7.877993,0.0905407,False,-99,0.001847468
2591190603581620378,0,1.62539446825009,GALEX J004536.6+404807,11.4024842217824,40.8021778144342,1,-999,21.44724,-999,9.574274,0.0905407,False,-99,0.001972252
6449262556036994785,0,1.63003002674369,GALEX J004536.5+404806,11.4024616269911,40.8018920732864,1,-999,21.52837,-999,8.884875,0.0905407,False,-99,0.001840626
2496052061252099554,0,1.63804701282422,GALEX J004538.9+404938,11.4123219833721,40.8273291277186,1,-999,23.78565,-999,1.111065,0.0905407,False,-99,0.002936718
6372252797061041204,0,1.64016013950926,GALEX J004545.6+404649,11.4400653948016,40.7805108559086,1,-999,21.21126,-999,11.89854,0.08473422,False,-99,0.004763113
2591190603581620504,0,1.64030023090139,GALEX J004539.0+404939,11.4125069648225,40.8275166636358,1,-999,23.72645,-999,1.173326,0.0905407,False,-99,0.003649492
6372252786323620126,0,1.64139463127417,GALEX J004536.4+404809,11.4020295474879,40.8025317882253,1,-999,21.33596,-999,10.60754,0.0905407,False,-99,0.001562196
6449755137246232865,0,1.65358060967363,GALEX J004553.7+404823,11.4738669500895,40.8064290539688,1,-999,23.16943,-999,1.959869,0.08681797,False,-99,0.003923786
2590873944232836783,0,1.65870241823879,GALEX J004538.9+404716,11.4121533181901,40.7878762403729,1,-999,23.6114,-999,1.304483,0.08473422,False,-99,0.003269482
2496052061252099594,0,1.69126188826096,GALEX J004549.7+404954,11.4571216492075,40.8317371491396,1,-999,18.57088,-999,135.4091,0.09057135,False,-99,0.001303739
6449755137246233059,0,1.69283407586793,GALEX J004549.6+404954,11.4570389687099,40.8318065918038,1,-999,18.6402,-999,127.0335,0.09057135,False,-99,0.001798422
6449262556036995145,0,1.69306536682306,GALEX J004549.7+404954,11.457166524809,40.8317514558619,1,-999,18.54177,-999,139.0892,0.09057135,False,-99,0.001405903
6372252797061041358,0,1.6965133243155,GALEX J004549.7+404954,11.457329399131,40.83174232505,1,-999,18.56734,-999,135.8517,0.09057135,False,-99,0.001931899
2590873944232837979,0,1.69775646114391,GALEX J004549.7+404954,11.4572316532968,40.8318128864517,1,-999,18.59318,-999,132.6563,0.09057135,False,-99,0.001409327
2591190603581620722,0,1.69827144814933,GALEX J004549.7+404954,11.4570813463095,40.8318932627726,1,-999,18.63054,-999,128.1693,0.09057135,False,-99,0.001788293
6372252786323620281,0,1.70757844027786,GALEX J004549.7+404955,11.4573301186707,40.8319593179248,1,-999,18.66264,-999,124.4358,0.09057135,False,-99,0.003874338
6372252786323620239,0,1.71168232093508,GALEX J004541.9+405004,11.4246103166781,40.8345864030957,1,-999,21.17841,-999,12.26406,0.09057135,False,-99,0.00260415
6457284592873247326,0,1.71584969247128,GALEX J004549.8+404954,11.4578318005776,40.8318832369011,1,-999,18.55974,-999,136.806,0.09057135,False,-99,0.0014828
6449262556036995089,0,1.72660106393263,GALEX J004541.8+405005,11.4243067285142,40.8347669703854,1,-999,21.23222,-999,11.67105,0.09057135,False,-99,0.001890965
6449755137246233024,0,1.72835531854586,GALEX J004541.8+405005,11.4241797320982,40.8347624367776,1,-999,21.14295,-999,12.6713,0.09057135,False,-99,0.002781986
2590873944232837578,0,1.72906263618057,GALEX J004541.8+405005,11.4242899935407,40.8348060299435,1,-999,21.07397,-999,13.50238,0.09057135,False,-99,0.001400054
2496052061252099577,0,1.72959800394767,GALEX J004537.7+404931,11.4074691007514,40.8255100559719,1,-999,23.98431,-999,0.9252859,0.0905407,False,-99,0.003939557
6457284592873247294,0,1.73212826186169,GALEX J004541.9+405005,11.4245791572558,40.8349402741043,1,-999,21.3114,-999,10.8503,0.09057135,False,-99,0.002556407
6372252797061041391,0,1.73398460010868,GALEX J004541.8+405005,11.4243055904584,40.8348978278593,1,-999,20.80852,-999,17.24209,0.09057135,False,-99,0.004595991
6372252786323620074,0,1.73476782953684,GALEX J004549.3+404656,11.4558118061783,40.7824051968164,1,-999,22.05015,-999,5.494663,0.08681797,False,-99,0.002993972
2496052061252099617,0,1.73569399782847,GALEX J004541.7+405005,11.4241196371756,40.8348760183219,1,-999,21.19059,-999,12.1273,0.09057135,False,-99,0.003170036
2591190603581620664,0,1.73622013369697,GALEX J004541.7+405005,11.4241016187757,40.8348802821425,1,-999,21.01778,-999,14.21966,0.09057135,False,-99,0.001849349
6449262556036994487,0,1.74178152162545,GALEX J004544.1+404643,11.433974985152,40.77887101164,1,-999,23.20995,-999,1.888086,0.08473422,False,-99,0.002483966
2590873944232836492,0,1.75333243860516,GALEX J004544.2+404643,11.434498508052,40.7786440543662,1,-999,25.09556,-999,0.3324867,0.08473422,False,-99,0.0013228
6372252786323620084,0,1.75419991561032,GALEX J004552.0+404719,11.4669181350439,40.7888349190088,1,-999,21.78327,-999,7.025753,0.08681797,False,-99,0.002311876
2591190603581620381,0,1.77952361893915,GALEX J004535.6+404832,11.3983515469486,40.8090499964839,1,-999,24.17499,-999,0.776251,0.0905407,False,-99,0.003294619
2591190603581620545,0,1.78776461589019,GALEX J004547.2+405012,11.4467813958027,40.8367342113303,1,-999,24.43072,-999,0.6133564,0.09057135,False,-99,0.002282559
6449755137246232907,0,1.79858607438878,GALEX J004554.2+404851,11.4761337926213,40.8143783543601,1,-999,23.1186,-999,2.0538,0.08632507,False,-99,0.003970915
2590873944232837940,0,1.80648135455995,GALEX J004547.2+405013,11.4468033217457,40.8370511232185,1,-999,23.61316,-999,1.302367,0.09057135,False,-99,0.003772194
2590873944232837816,0,1.80803076994983,GALEX J004540.7+405005,11.4198284627832,40.8347817068805,1,-999,24.64908,-999,0.5016122,0.09057135,False,-99,0.002564214
6449262556036994498,0,1.82998830169367,GALEX J004546.4+404639,11.4436942882196,40.7776406556484,1,-999,22.77925,-999,2.807359,0.08473422,False,-99,0.003265442
6372252786323620099,0,1.83088973050506,GALEX J004553.6+404738,11.4734552937951,40.7939808211086,1,-999,21.7175,-999,7.464481,0.08681797,False,-99,0.002356706
6372252786323619973,0,1.83422154932722,GALEX J004539.5+404656,11.4149021353624,40.7824425772695,1,-999,19.6472,-999,50.24833,0.08473422,False,-99,0.005785637
6449755137246232887,0,1.83565628801597,GALEX J004535.3+404835,11.397173078673,40.8098615940883,1,-999,23.56334,-999,1.363523,0.0905407,False,-99,0.003091236
6449755137246232806,0,1.84707597387558,GALEX J004539.4+404656,11.4144223416234,40.7824310405819,1,-999,19.38864,-999,63.75959,0.08473422,False,-99,0.001806935
2591190603581620270,0,1.84843204410825,GALEX J004538.0+404710,11.4083692453756,40.7862660023866,1,-999,24.01684,-999,0.8979754,0.08473422,False,-99,0.003365864
6372252797061041212,0,1.85388596436852,GALEX J004539.5+404655,11.4146003752163,40.7822014538156,1,-999,19.55698,-999,54.60188,0.08473422,False,-99,0.002623443
6449262556036994993,0,1.85814587245559,GALEX J004536.6+404927,11.4028665520294,40.8242722483873,1,-999,22.05135,-999,5.488575,0.0905407,False,-99,0.002798692
2590873944232836602,0,1.85974287991097,GALEX J004538.0+404709,11.4085304539413,40.7858740773424,1,-999,24.53926,-999,0.5550008,0.08473422,False,-99,0.002112504
2496052061254196406,0,1.863160925631,GALEX J004539.4+404655,11.4144432847033,40.7820953559061,3,18.90671,19.32822,99.38464,67.40779,0.08473422,False,0.0012283,0.001440804
2590873944234934901,0,1.86345127008685,GALEX J004535.1+404831,11.3964931857219,40.808877054949,3,24.26407,23.50994,0.7151083,1.432269,0.0905407,False,0.002090564,0.004924445
2590873944234935401,0,1.86440875679495,GALEX J004536.7+404928,11.4029005046934,40.8245077643952,3,23.03283,22.30853,2.222654,4.330997,0.0905407,False,0.003721467,0.003260243
2591190603581620306,0,1.86443703525077,GALEX J004539.4+404655,11.4144057238178,40.7820889747548,1,-999,19.30431,-999,68.90889,0.08473422,False,-99,0.001991989
6457284592875344046,0,1.8669893482561,GALEX J004539.5+404654,11.4147621326123,40.7818563367811,3,18.89276,19.26077,100.6696,71.72847,0.08473422,False,0.00111847,0.001571652
2590873944234933823,0,1.86953879159078,GALEX J004539.4+404654,11.4145246829239,40.7819253803873,3,18.89682,19.30097,100.2941,69.12114,0.08473422,False,0.001186942,0.001454419
2591190603582683893,0,1.87037187469099,GALEX J004536.3+404734,11.4013249982349,40.7928829724101,2,24.06424,-999,0.8596196,-999,0.0905407,False,0.002035911,-99
6449262556036994666,0,1.87353844243423,GALEX J004539.4+404654,11.41453797565,40.781838336025,1,-999,19.26143,-999,71.68482,0.08473422,False,-99,0.001532383
2496052061253152300,0,1.87373556792653,GALEX J004536.6+404927,11.4025494507379,40.8243787215028,2,22.55641,-999,3.446972,-999,0.0905407,False,0.003634061,-99
2591190603583717642,0,1.87379161755365,GALEX J004536.6+404928,11.4027914873225,40.8246688855017,3,22.82675,22.82434,2.687218,2.69316,0.0905407,False,0.004182845,0.002429803
6449262556036994803,0,1.88814007844136,GALEX J004535.0+404831,11.3959425485496,40.8087205807011,1,-999,23.47979,-999,1.472602,0.0905407,False,-99,0.003090299
2590873944232836539,0,1.89149723654098,GALEX J004550.6+404654,11.4609571329694,40.7817304322447,1,-999,24.82192,-999,0.427789,0.08681797,False,-99,0.001332191
6449755137246232885,0,1.89262334526971,GALEX J004554.9+404820,11.4790931624828,40.8058149487405,1,-999,22.5419,-999,3.493324,0.08681797,False,-99,0.00434516
2591190603581620398,0,1.9065868127478,GALEX J004534.9+404832,11.3955553658369,40.8091258939042,1,-999,23.82651,-999,1.070028,0.0905407,False,-99,0.004107106
2496052061252099541,0,1.91381428897314,GALEX J004553.5+404929,11.4731942416941,40.8247386190227,1,-999,22.72317,-999,2.956187,0.08632507,False,-99,0.003047005
2496052061252099407,0,1.9160760550349,GALEX J004534.8+404833,11.3953599586341,40.8093538383209,1,-999,23.15688,-999,1.982662,0.0905407,False,-99,0.003761065
6449755137246232965,0,1.92365685140388,GALEX J004553.5+404930,11.4730578773963,40.8252056904049,1,-999,22.47143,-999,3.727576,0.08632507,False,-99,0.004561369
2590873944233891820,0,1.93387544226647,GALEX J004540.3+405011,11.4182765622625,40.8365394410996,2,24.14224,-999,0.8000321,-999,0.09057135,False,0.00282354,-99
2590873944232838002,0,1.93546590448456,GALEX J004553.6+404930,11.4734709108122,40.8250829336549,1,-999,23.11457,-999,2.06145,0.08632507,False,-99,0.001472609
2591190603581620294,0,1.93556427428521,GALEX J004535.9+404733,11.3998008427584,40.7927360440207,1,-999,24.57383,-999,0.5376094,0.0905407,False,-99,0.002098682
6449755137246232739,0,1.93671745947022,GALEX J004548.0+404637,11.4501874636996,40.776961468756,1,-999,23.42301,-999,1.551658,0.08681797,False,-99,0.002011519
6449755137246232763,0,1.94209239512348,GALEX J004552.3+404706,11.4681512634924,40.7852107336284,1,-999,22.93244,-999,2.437952,0.08681797,False,-99,0.002030778
2591190603581620492,0,1.94396546249412,GALEX J004553.6+404930,11.4736060178117,40.8251861465375,1,-999,23.37724,-999,1.618472,0.08632507,False,-99,0.00239218
2496052061252099140,0,1.94441801076312,GALEX J004547.8+404635,11.4493055409351,40.7766276976594,1,-999,22.53875,-999,3.503471,0.08681797,False,-99,0.006116068
2590873944234935639,0,1.9459792161971,GALEX J004535.9+404733,11.3996254776425,40.7926157439241,3,23.53298,23.88846,1.4022,1.010684,0.0905407,False,0.003870614,0.002544836
2496052061254196386,0,1.94665241984037,GALEX J004552.4+404707,11.4684968283387,40.7853726541338,3,22.88248,22.77816,2.552757,2.8102,0.08681797,False,0.002399636,0.003598651
2590873944234933850,0,1.95528503880727,GALEX J004552.4+404706,11.4686002506206,40.7852463645523,3,23.14854,22.45568,1.997954,3.782054,0.08681797,False,0.001476811,0.00291149
6449262556036994607,0,1.95585816663672,GALEX J004535.9+404731,11.3997602076969,40.7920798238406,1,-999,23.68983,-999,1.213573,0.0905407,False,-99,0.002538652
6457284592873247170,0,1.96469540907035,GALEX J004553.8+404930,11.4742042990137,40.8251158258465,1,-999,23.40203,-999,1.581936,0.08632507,False,-99,0.001950101
2590873944232836552,0,1.96807699004306,GALEX J004548.0+404634,11.4499962772268,40.776370479208,1,-999,22.63425,-999,3.208478,0.08681797,False,-99,0.001433458
2496052061252099264,0,1.97143089156149,GALEX J004535.8+404731,11.3993547159064,40.7921003562801,1,-999,23.6971,-999,1.205477,0.0905407,False,-99,0.003051595
6457284592873246766,0,1.9740284576919,GALEX J004548.1+404635,11.4506744828641,40.7764256414551,1,-999,22.68774,-999,3.054241,0.08681797,False,-99,0.003374038
6372252797061041431,0,1.97462702112157,GALEX J004546.0+405025,11.4417538560946,40.8405304255637,1,-999,21.87183,-999,6.475392,0.09057135,False,-99,0.001519909
6449262556036994510,0,1.98151488951491,GALEX J004547.9+404633,11.4497846463366,40.7760891858705,1,-999,22.10996,-999,5.200128,0.08681797,False,-99,0.004797414
2590873944233891414,0,1.98345237049849,GALEX J004552.5+404950,11.4689954056105,40.8306840159649,2,24.18543,-999,0.7688298,-999,0.0886479,False,0.002179572,-99
6449262556036995030,0,1.9853483070374,GALEX J004553.5+404936,11.4732648207684,40.8268115070986,1,-999,22.26163,-999,4.522164,0.08632507,False,-99,0.004816805
6457284592875344014,0,1.98780540098076,GALEX J004552.6+404706,11.469382698324,40.7850832883273,3,22.6467,22.62501,3.171921,3.235912,0.08681797,False,0.002724329,0.004110194
2590873944234935280,0,2.00828258300975,GALEX J004538.9+405006,11.4121310301591,40.8351962228718,3,23.97275,24.81087,0.9351982,0.4321657,0.09057135,False,0.002526953,0.002808509
6449755137246232916,0,2.01212404871771,GALEX J004534.9+404908,11.3957004022601,40.8189044948517,1,-999,23.4127,-999,1.566464,0.0905407,False,-99,0.00259258
6449262556036994573,0,2.02618837786903,GALEX J004552.8+404704,11.4700873397606,40.7847170238806,1,-999,21.75874,-999,7.186249,0.08681797,False,-99,0.006149883
2496052061252099571,0,2.02920490588939,GALEX J004536.2+404938,11.4009950751609,40.8272857449498,1,-999,20.30584,-999,27.39462,0.0905407,False,-99,0.003150897
6457284592873247259,0,2.03708377598847,GALEX J004536.2+404939,11.4010955233657,40.8276186066603,1,-999,20.47095,-999,23.52995,0.0905407,False,-99,0.001955139
6449755137246233051,0,2.04127152680408,GALEX J004536.2+404939,11.4009243731964,40.827557772774,1,-999,20.5305,-999,22.27406,0.0905407,False,-99,0.001715239
6372252786323620218,0,2.04305466443872,GALEX J004536.3+404941,11.4013745733337,40.828076121372,1,-999,21.10198,-999,13.15848,0.0905407,False,-99,0.003997175
6372252797061041376,0,2.04892796522415,GALEX J004536.2+404940,11.4010237192547,40.8278802026054,1,-999,20.66932,-999,19.60063,0.0905407,False,-99,0.002614555
2590873944232837886,0,2.05010666428032,GALEX J004536.2+404939,11.4008881810602,40.8277721443289,1,-999,20.48092,-999,23.31473,0.0905407,False,-99,0.00140453
6449262556036995041,0,2.05199343984849,GALEX J004536.1+404939,11.4007812323683,40.8277134795504,1,-999,20.53305,-999,22.2219,0.0905407,False,-99,0.00157312
2591190603581620695,0,2.05966487554185,GALEX J004536.1+404940,11.4007788119409,40.8279295685306,1,-999,20.44544,-999,24.08931,0.0905407,False,-99,0.001741464
6372252786323620115,0,2.06310885452209,GALEX J004555.5+404757,11.4815340498427,40.7993319901616,1,-999,22.47817,-999,3.704509,0.08681797,False,-99,0.002282907
6449262556036994908,0,2.06685102033515,GALEX J004534.9+404917,11.3957003721321,40.8214104046919,1,-999,23.15527,-999,1.985602,0.0905407,False,-99,0.003442307
2496052061252099188,0,2.06978944649627,GALEX J004551.8+404651,11.4659701950005,40.7808436295758,1,-999,23.13395,-999,2.02498,0.08681797,False,-99,0.004098482
2590873944232837558,0,2.07148048638075,GALEX J004534.7+404912,11.3948765687406,40.8200787127451,1,-999,23.7506,-999,1.147518,0.0905407,False,-99,0.003134954
2590873944232838053,0,2.07327184911117,GALEX J004548.7+405025,11.4530116513827,40.8402775494575,1,-999,21.62644,-999,8.117527,0.09057135,False,-99,0.01081954
2496052061252099512,0,2.08454721470366,GALEX J004555.2+404913,11.4802385527778,40.8204574848562,1,-999,22.74606,-999,2.89452,0.08632507,False,-99,0.004303203
2590873944232838613,0,2.08836250279057,GALEX J004555.2+404914,11.480162625959,40.8207745686069,1,-999,23.30127,-999,1.735761,0.08632507,False,-99,0.003588152
2591190603581620467,0,2.08868849260849,GALEX J004534.7+404913,11.3945757831859,40.8202862905441,1,-999,23.41923,-999,1.55707,0.0905407,False,-99,0.00419567
2496052061252099096,0,2.09274677728069,GALEX J004544.8+404622,11.4366503230304,40.7729045976492,1,-999,23.53064,-999,1.405222,0.08473422,False,-99,0.002381557
6449755137246232929,0,2.09475876568541,GALEX J004555.3+404912,11.480644231619,40.82013365882,1,-999,23.09043,-999,2.107785,0.08632507,False,-99,0.004295925
2590873944232836949,0,2.09925666291632,GALEX J004535.1+404926,11.3966127849689,40.8241057526472,1,-999,23.94927,-999,0.9556348,0.0905407,False,-99,0.002554325
6457284592873246760,0,2.10194063852768,GALEX J004545.0+404621,11.4376968677776,40.7727457508799,1,-999,22.79632,-999,2.763587,0.08473422,False,-99,0.003605987
2496052061253152257,0,2.10414550876409,GALEX J004556.0+404843,11.4834653862324,40.812190686724,2,22.6576,-999,3.14022,-999,0.08632507,False,0.002683995,-99
6449262556036994959,0,2.10550890885687,GALEX J004555.4+404913,11.4808137214528,40.820300535482,1,-999,22.27606,-999,4.462459,0.08632507,False,-99,0.003943308
2590873944232836555,0,2.10973436890771,GALEX J004551.9+404648,11.4663537891135,40.7802238988231,1,-999,23.32166,-999,1.70347,0.08681797,False,-99,0.004094012
2590873944234933598,0,2.11776275488998,GALEX J004544.9+404620,11.4372206953824,40.7724823653231,3,22.44902,23.10672,3.805354,2.076398,0.08473422,False,0.003256726,0.0020117
2496052061252099746,0,2.12775708167084,GALEX J004543.2+405034,11.4301585589093,40.8428025652473,1,-999,23.98483,-999,0.9248428,0.09057135,False,-99,0.003375497
6449262556036995114,0,2.13301034811353,GALEX J004541.3+405029,11.4222394175556,40.8414001016883,1,-999,22.80965,-999,2.729861,0.09057135,False,-99,0.005966411
2590873944234934319,0,2.13400318891063,GALEX J004556.1+404844,11.4840799308928,40.812473361075,3,23.04253,21.64367,2.202867,7.989711,0.08632507,False,0.003937972,0.005325961
2591190603583717589,0,2.13475315369339,GALEX J004556.1+404845,11.484086665388,40.8125295568418,3,23.57223,22.2245,1.352411,4.679513,0.08632507,False,0.00165142,0.004076118
6449262556036994644,0,2.13662791895313,GALEX J004534.4+404742,11.3935728817938,40.7950335260655,1,-999,23.15782,-999,1.980937,0.0905407,False,-99,0.002834791
2590873944232837872,0,2.14090998813107,GALEX J004550.8+405018,11.4617037608608,40.83840009725,1,-999,23.06616,-999,2.15543,0.0886479,False,-99,0.003805117
2591190603581620599,0,2.14942341826893,GALEX J004550.5+405020,11.4607371576378,40.8389889067976,1,-999,22.58887,-999,3.345429,0.0886479,False,-99,0.005419131
6457284592873247013,0,2.15085775551772,GALEX J004556.2+404810,11.4844068815632,40.8028364813878,1,-999,21.49623,-999,9.151774,0.08632507,False,-99,0.005809284
2590873944232838217,0,2.15341130443746,GALEX J004541.1+405029,11.4215328250809,40.8415729985199,1,-999,24.10155,-999,0.8305733,0.09057135,False,-99,0.004311391
6449262556036994425,0,2.15391834227196,GALEX J004544.5+404618,11.4357798403093,40.7719027702505,1,-999,23.32724,-999,1.694739,0.08473422,False,-99,0.003039326
6457284592875344245,0,2.15943100953104,GALEX J004556.3+404844,11.484673013954,40.812307434564,3,22.64227,22.40741,3.184883,3.953996,0.08632507,False,0.002105661,0.003810804
2591190603581620604,0,2.16145716162365,GALEX J004540.9+405029,11.4206093720373,40.8414584185255,1,-999,23.13932,-999,2.014986,0.09057135,False,-99,0.004290452
6449262556036995115,0,2.16475599070271,GALEX J004543.1+405036,11.4299279652658,40.8433991627404,1,-999,23.33457,-999,1.683343,0.09057135,False,-99,0.003066647
2591190603581620278,0,2.17848675145977,GALEX J004535.2+404718,11.3969136004896,40.7884314809406,1,-999,24.55904,-999,0.5449844,0.0905407,False,-99,0.002778293
2590873944232836408,0,2.17906439612528,GALEX J004547.5+404620,11.44802483734,40.7723449940498,1,-999,23.68984,-999,1.213569,0.08473422,False,-99,0.002332635
2590873944232836644,0,2.18275080935696,GALEX J004535.2+404717,11.3969087016143,40.7883043290078,1,-999,24.14523,-999,0.7978263,0.0905407,False,-99,0.002334525
2590873944232836972,0,2.18316168048076,GALEX J004534.4+404734,11.3935712285377,40.7930083234138,1,-999,24.78565,-999,0.4423228,0.0905407,False,-99,0.002589132
6449262556036994435,0,2.19366825452292,GALEX J004542.9+404618,11.4288213385204,40.7718119258357,1,-999,22.78481,-999,2.793036,0.08473422,False,-99,0.003373741
6449262556036994616,0,2.19427637479827,GALEX J004555.0+404721,11.4792890185047,40.7894283666994,1,-999,22.59457,-999,3.327907,0.08681797,False,-99,0.00396832
2591190603581620622,0,2.19629689757522,GALEX J004543.4+405038,11.4308161263619,40.8440316337513,1,-999,22.93538,-999,2.43134,0.09057135,False,-99,0.003375043
2590873944232838135,0,2.19664433731849,GALEX J004533.4+404845,11.3895440121186,40.812561343562,1,-999,24.42545,-999,0.6163386,0.0905407,False,-99,0.003663656
6449262556036995134,0,2.1994952832752,GALEX J004545.6+405039,11.4403246255866,40.8443736684596,1,-999,23.2475,-999,1.823903,0.09057135,False,-99,0.003841745
2590873944232838489,0,2.20126849792726,GALEX J004543.5+405039,11.4313325329493,40.844167545387,1,-999,23.98288,-999,0.9265038,0.09057135,False,-99,0.003883019
2590873944234935057,0,2.20406667723925,GALEX J004545.7+405040,11.4404093047168,40.8444461972164,3,23.00731,21.68395,2.275503,7.698749,0.09057135,False,0.004502084,0.008337051
2496052061252099681,0,2.20497117872424,GALEX J004553.6+404956,11.4734845573891,40.8324547351256,1,-999,23.75335,-999,1.144616,0.08632507,False,-99,0.003114702
2496052061252099085,0,2.2072599560645,GALEX J004542.8+404617,11.4286103669905,40.7716110337522,1,-999,23.44511,-999,1.520391,0.08473422,False,-99,0.001838804
6449755137246232718,0,2.20832023851181,GALEX J004542.8+404617,11.4283850275477,40.771625208888,1,-999,23.00778,-999,2.274499,0.08473422,False,-99,0.00331314
6449755137246233074,0,2.21222407090279,GALEX J004545.3+405040,11.4390372381347,40.8446298251789,1,-999,22.42865,-999,3.877403,0.09057135,False,-99,0.006186663
2590873944232837617,0,2.21317949120197,GALEX J004556.6+404811,11.485860212434,40.8032340648164,1,-999,21.60019,-999,8.316137,0.08632507,False,-99,0.007484301
6449755137246232901,0,2.22184433553314,GALEX J004533.3+404847,11.3891056542031,40.8132210981272,1,-999,23.05978,-999,2.168133,0.0905407,False,-99,0.003412765
2590873944232836439,0,2.22341984498303,GALEX J004542.8+404616,11.4284804641729,40.7713554176196,1,-999,23.07901,-999,2.130071,0.08473422,False,-99,0.001921759
6372252797061041369,0,2.22667793510274,GALEX J004555.4+404930,11.4808252688939,40.8251599002094,1,-999,20.97814,-999,14.74837,0.08632507,False,-99,0.004158491
2496052061252099514,0,2.22668655782569,GALEX J004556.7+404816,11.486358775316,40.8046853897395,1,-999,20.88405,-999,16.08343,0.08632507,False,-99,0.01047297
2591190603581620524,0,2.22719821735096,GALEX J004553.7+404957,11.4739170496273,40.8326451571684,1,-999,24.05535,-999,0.8666798,0.08632507,False,-99,0.003498944
6457284592875344504,0,2.22730533997089,GALEX J004545.6+405041,11.4400756362656,40.8448483355961,3,22.89506,23.01536,2.523352,2.258689,0.09057135,False,0.002234736,0.002583448
2590873944232838274,0,2.22774810479297,GALEX J004553.7+404957,11.4739747632603,40.832610365307,1,-999,23.93122,-999,0.9716589,0.08632507,False,-99,0.002198735
2591190603582683887,0,2.22988004966664,GALEX J004535.1+404714,11.3964841158624,40.7873544443519,2,24.03044,-999,0.8868024,-999,0.0905407,False,0.002707013,-99
2591190603583717833,0,2.23239469824576,GALEX J004545.4+405041,11.4392842808601,40.8449598507508,3,22.50285,22.63406,3.621274,3.20905,0.09057135,False,0.003976542,0.005653977
2591190603581620405,0,2.24092710656202,GALEX J004556.7+404810,11.4864449577778,40.8030478378318,1,-999,21.60736,-999,8.261461,0.08632507,False,-99,0.00661092
6457284592873246737,0,2.24546378539547,GALEX J004546.4+404614,11.4435942908462,40.7706389093272,1,-999,22.87982,-999,2.559014,0.08473422,False,-99,0.003129964
6457284592873246750,0,2.24689379717144,GALEX J004542.8+404615,11.4286024752007,40.7709404324234,1,-999,22.83546,-999,2.665717,0.08473422,False,-99,0.003502376
2496052061252099128,0,2.24885806842882,GALEX J004551.4+404634,11.4642864228401,40.7762569961727,1,-999,23.06713,-999,2.153514,0.08681797,False,-99,0.004054408
6372252797061041196,0,2.2499419847763,GALEX J004550.6+404629,11.4611414296019,40.7748261341074,1,-999,21.72514,-999,7.412152,0.08681797,False,-99,0.001091091
2496052061254196947,0,2.25037446325143,GALEX J004545.2+405042,11.438693555928,40.8452731432187,3,22.93328,23.0067,2.436068,2.276773,0.09057135,False,0.002832292,0.003683528
6372252786323620141,0,2.25056376820716,GALEX J004556.8+404827,11.4870558505646,40.8076486521229,1,-999,22.32422,-999,4.268855,0.08632507,False,-99,0.001152967
2590873944232836513,0,2.25554781865072,GALEX J004551.5+404634,11.4646147147376,40.776285117629,1,-999,23.56436,-999,1.362248,0.08681797,False,-99,0.002221853
2496052061252099352,0,2.26831333166836,GALEX J004556.3+404745,11.4849043978545,40.7958790324855,1,-999,21.78189,-999,7.034696,0.08681797,False,-99,0.002765174
2591190603581620336,0,2.27024963149466,GALEX J004556.4+404746,11.4851387697746,40.7963206466532,1,-999,22.1641,-999,4.947217,0.08681797,False,-99,0.003175079
2496052061252099303,0,2.27077606214906,GALEX J004533.5+404747,11.3897615839102,40.7965310809566,1,-999,23.97266,-999,0.935268,0.0905407,False,-99,0.002754616
2496052061252099126,0,2.27583662465133,GALEX J004547.3+404614,11.4473435983729,40.770586549804,1,-999,22.89978,-999,2.512399,0.08473422,False,-99,0.004666989
6449755137246232732,0,2.27929366896502,GALEX J004547.4+404614,11.4478714556918,40.7706099828405,1,-999,22.76207,-999,2.852149,0.08473422,False,-99,0.004412444
2590873944232836417,0,2.27949916549414,GALEX J004549.9+404623,11.4581838565186,40.7731636824648,1,-999,24.40275,-999,0.6293626,0.08681797,False,-99,0.002756505
6449755137246233029,0,2.28698280767951,GALEX J004539.6+405031,11.4152754787687,40.8419834592413,1,-999,23.6281,-999,1.284575,0.09057135,False,-99,0.001726402
6449755137246232831,0,2.28737509807161,GALEX J004556.5+404745,11.4854116976719,40.7960305233039,1,-999,21.66816,-999,7.811548,0.08681797,False,-99,0.003782208
6372252797061041274,0,2.28888597878599,GALEX J004556.5+404746,11.4855828963115,40.7963537618661,1,-999,21.34124,-999,10.55612,0.08681797,False,-99,0.002398925
2590873944232838031,0,2.2985706246825,GALEX J004539.7+405032,11.4154067370872,40.8422469065249,1,-999,23.1087,-999,2.072617,0.09057135,False,-99,0.005756552
2591190603581620619,0,2.30117082731568,GALEX J004539.7+405032,11.4154289265579,40.8423031961764,1,-999,22.73268,-999,2.930415,0.09057135,False,-99,0.005491496
2496052061252099443,0,2.30504088533372,GALEX J004532.9+404849,11.3873804508472,40.8138522422804,1,-999,24.17487,-999,0.7763368,0.0905407,False,-99,0.002640517
2590873944232837809,0,2.30634923528191,GALEX J004532.9+404849,11.3873384572228,40.8137912066078,1,-999,24.77394,-999,0.4471207,0.0905407,False,-99,0.002749825
2590873944232836701,0,2.30745628194636,GALEX J004554.6+404704,11.4778860340582,40.7844490601844,1,-999,23.07481,-999,2.138341,0.08681797,False,-99,0.005765801
6449262556036994516,0,2.31779631131086,GALEX J004547.2+404611,11.4469189790439,40.7698117880847,1,-999,21.06017,-999,13.67506,0.08473422,False,-99,0.007551446
2590873944234933604,0,2.32563634828429,GALEX J004547.3+404610,11.4471246897076,40.7697083272532,3,21.91445,22.80912,6.226194,2.731181,0.08473422,False,0.00596646,0.002939581
6457284592873246949,0,2.32928987629019,GALEX J004556.6+404743,11.4861687035413,40.7955366207012,1,-999,22.12399,-999,5.133368,0.08681797,False,-99,0.00291439
2590873944232836677,0,2.33642124965222,GALEX J004556.7+404743,11.4862447278174,40.7953342796295,1,-999,21.38276,-999,10.16002,0.08681797,False,-99,0.003162229
2590873944232836460,0,2.35429751656603,GALEX J004537.9+404631,11.4080508939663,40.7754892634139,1,-999,23.98429,-999,0.9252974,0.08473422,False,-99,0.001491897
6449262556036994460,0,2.35467521498618,GALEX J004550.1+404619,11.4587925832187,40.7719971085402,1,-999,22.50825,-999,3.603281,0.08681797,False,-99,0.003630119
2496052061253152255,0,2.361079412443,GALEX J004557.4+404836,11.4893975585696,40.8101310727074,2,23.02997,-999,2.228507,-999,0.08632507,False,0.002452972,-99
6449262556036995025,0,2.36262966706145,GALEX J004555.5+404943,11.4814649789711,40.8288379028469,1,-999,23.58172,-999,1.340635,0.08632507,False,-99,0.005217274
2496052061252099047,0,2.38221330506436,GALEX J004544.9+404605,11.4374630252477,40.7680742325629,1,-999,24.18025,-999,0.7725036,0.08473422,False,-99,0.002041192
6449755137246232712,0,2.40646477775236,GALEX J004549.3+404612,11.455465751229,40.7700470216426,1,-999,23.05285,-999,2.182023,0.08681797,False,-99,0.004409963
6372252797061041279,0,2.40974956365632,GALEX J004532.5+404755,11.3858121067026,40.7987104815657,1,-999,21.63402,-999,8.061045,0.0905407,False,-99,0.002842463
6457284592874299589,0,2.415630071289,GALEX J004547.4+405050,11.4476349694788,40.8473011298158,2,23.07177,-999,2.144337,-999,0.09057135,False,0.001667196,-99
6449262556036995152,0,2.42415101532087,GALEX J004547.4+405050,11.447622994605,40.8474475370464,1,-999,22.81198,-999,2.724,0.09057135,False,-99,0.003537035
2496052061252099824,0,2.43139915767477,GALEX J004547.4+405051,11.4477149315862,40.8475571109361,1,-999,23.71907,-999,1.181327,0.09057135,False,-99,0.002070251
2590873944232837540,0,2.43749438753941,GALEX J004547.4+405051,11.4475495663584,40.8476846413689,1,-999,23.11528,-999,2.060092,0.09057135,False,-99,0.002211366
2591190603581620659,0,2.43809837533019,GALEX J004547.4+405051,11.4475482197675,40.8476950831217,1,-999,23.67779,-999,1.22711,0.09057135,False,-99,0.002428913
6449755137246233069,0,2.43890886797492,GALEX J004547.3+405051,11.4471160181091,40.8477697204703,1,-999,23.24073,-999,1.835302,0.09057135,False,-99,0.003604648
2496052061253152286,0,2.44469359439682,GALEX J004557.4+404907,11.4893206154805,40.818820014129,2,23.09137,-999,2.105984,-999,0.08632507,False,0.002736846,-99
2590873944232836361,0,2.44708351258545,GALEX J004549.3+404609,11.4557131010816,40.769394958394,1,-999,24.08765,-999,0.8412791,0.08681797,False,-99,0.001839789
6457284592873246702,0,2.45662327948638,GALEX J004539.8+404612,11.4161484224644,40.770160525034,1,-999,23.17896,-999,1.942743,0.08473422,False,-99,0.002351627
2590873944232837975,0,2.4591619465651,GALEX J004538.3+405034,11.4098961865192,40.8430417605694,1,-999,24.54371,-999,0.5527347,0.09057135,False,-99,0.003440384
2590873944234933701,0,2.4607741922833,GALEX J004553.3+404634,11.4721225426694,40.7762345334995,3,23.89958,22.74989,1.000395,2.884331,0.08681797,False,0.002522777,0.005207509
6449262556036994388,0,2.46962807798903,GALEX J004549.3+404608,11.4555900827989,40.7689629613502,1,-999,23.09898,-999,2.09125,0.08681797,False,-99,0.00258324
2590873944232836676,0,2.46973834010356,GALEX J004557.6+404903,11.4903216341694,40.817580268183,1,-999,20.74499,-999,18.28119,0.08632507,False,-99,0.01462208
6372252797061041443,0,2.47268265835218,GALEX J004547.8+405052,11.4493360370293,40.848004220881,1,-999,20.49106,-999,23.09809,0.09057135,False,-99,0.004260124
2591190603581620528,0,2.47922236330701,GALEX J004534.5+404957,11.393944830042,40.8326965688569,1,-999,23.48832,-999,1.461079,0.0905407,False,-99,0.002535981
2590873944234935376,0,2.47945861222684,GALEX J004534.5+404957,11.3938079212171,40.8325654488987,3,23.17766,23.99229,1.945075,0.918507,0.0905407,False,0.003642605,0.003278898
6449755137246232982,0,2.48412997698332,GALEX J004534.5+404957,11.3938269167973,40.832714142029,1,-999,23.69221,-999,1.210914,0.0905407,False,-99,0.002153592
6449755137246232857,0,2.494906948725,GALEX J004532.0+404801,11.3834560063986,40.8003255191215,1,-999,22.99248,-999,2.306787,0.0905407,False,-99,0.00489878
6372252797061041367,0,2.50062393702278,GALEX J004556.8+404934,11.4867828436789,40.8263759379939,1,-999,21.68505,-999,7.690925,0.08632507,False,-99,0.003082712
2590873944232838505,0,2.50083652196009,GALEX J004532.0+404757,11.3835976215574,40.7992632637448,1,-999,24.15233,-999,0.7926217,0.0905407,False,-99,0.002115452
6449755137246233005,0,2.50258674822698,GALEX J004535.7+405014,11.3988195033378,40.8374916935139,1,-999,23.77584,-999,1.121154,0.09265377,False,-99,0.001990248
2591190603582683894,0,2.50817047811039,GALEX J004532.3+404744,11.3846741391998,40.7955939573543,2,23.46974,-999,1.486295,-999,0.0905407,False,0.00352466,-99
2591190603581620328,0,2.50833056694913,GALEX J004532.0+404757,11.3834107771569,40.7993300133566,1,-999,25.15363,-999,0.3151728,0.0905407,False,-99,0.0018676
2496052061252099671,0,2.50944231683573,GALEX J004534.2+404956,11.3928613442249,40.8324373418018,1,-999,23.84262,-999,1.054272,0.0905407,False,-99,0.003886601
2496052061253152140,0,2.51358488880039,GALEX J004540.7+404605,11.4195977592107,40.7681380317883,2,23.45251,-999,1.510075,-999,0.08473422,False,0.001944085,-99
2591190603581620358,0,2.51635331749279,GALEX J004531.7+404819,11.3821790786869,40.8054307274817,1,-999,24.29352,-999,0.6959731,0.0905407,False,-99,0.003046341
2591190603582683959,0,2.52013322867468,GALEX J004552.5+405032,11.4690305978562,40.8423452653712,2,23.69683,-999,1.205782,-999,0.0886479,False,0.002238482,-99
2590873944234933534,0,2.52191138395351,GALEX J004540.8+404604,11.4203619524941,40.7677989647129,3,24.14846,24.31701,0.7954623,0.6810727,0.08473422,False,0.002070232,0.003470775
2590873944234935367,0,2.52396033134912,GALEX J004557.2+404928,11.4884927521332,40.8245174469852,3,23.94904,23.02615,0.9558432,2.236352,0.08632507,False,0.002513661,0.001997953
2591190603581620498,0,2.5239673155075,GALEX J004557.2+404927,11.4886708475146,40.8242033029125,1,-999,23.46244,-999,1.496317,0.08632507,False,-99,0.005647005
2496052061252099376,0,2.5278424544112,GALEX J004531.6+404820,11.3819081504164,40.805680787077,1,-999,24.20081,-999,0.7580089,0.0905407,False,-99,0.001300295
2591190603582683918,0,2.53401386784268,GALEX J004558.1+404855,11.4924038206319,40.8153197852042,2,23.55531,-999,1.373652,-999,0.08632507,False,0.002865053,-99
2590873944232836518,0,2.53880019454323,GALEX J004534.8+404649,11.394984440701,40.7803110993478,1,-999,24.62146,-999,0.5145367,0.0905407,False,-99,0.001850868
6449262556036994378,0,2.54280075788357,GALEX J004540.6+404603,11.4194883060155,40.7676518520823,1,-999,23.39131,-999,1.597623,0.08473422,False,-99,0.002620643
2590873944232836995,0,2.54355051844874,GALEX J004531.5+404818,11.3815936740604,40.8052430120791,1,-999,24.1077,-999,0.8258883,0.0905407,False,-99,0.003858006
6372252786323620196,0,2.54520567180984,GALEX J004557.3+404929,11.4887448370465,40.8249644209682,1,-999,21.72219,-999,7.4323,0.08632507,False,-99,0.002784512
2591190603581620556,0,2.5516576461855,GALEX J004557.8+404913,11.491189557256,40.8203263682191,1,-999,22.03811,-999,5.555924,0.08632507,False,-99,0.007553529
2591190603581620628,0,2.56116384870277,GALEX J004538.3+405041,11.4097519196512,40.8449427324358,1,-999,23.99332,-999,0.9176367,0.09057135,False,-99,0.00406733
6449262556036994682,0,2.56765578071822,GALEX J004531.7+404754,11.3823184802348,40.7984717678028,1,-999,23.37621,-999,1.620005,0.0905407,False,-99,0.0008644403
2496052061252099321,0,2.57143531972969,GALEX J004557.7+404734,11.4906551093781,40.7930246469397,1,-999,22.52238,-999,3.556719,0.08632507,False,-99,0.006294623
2496052061252099076,0,2.5845735523614,GALEX J004552.2+404616,11.4676516004472,40.7712478756142,1,-999,23.84858,-999,1.048498,0.08382238,False,-99,0.001529007
2590873944232837901,0,2.58533110814433,GALEX J004538.4+405043,11.4100428361712,40.845526718662,1,-999,24.30332,-999,0.6897159,0.09175377,False,-99,0.002269028
2590873944232838239,0,2.58985698316237,GALEX J004533.7+404957,11.3908066153711,40.8325674609365,1,-999,24.43684,-999,0.6099064,0.09265377,False,-99,0.002384651
6372252786323620186,0,2.59636067152828,GALEX J004558.1+404912,11.4922732296178,40.820190007321,1,-999,21.44119,-999,9.627747,0.08632507,False,-99,0.002436785
6372252797061041195,0,2.60523400745923,GALEX J004535.9+404630,11.3995897170589,40.7751961083297,1,-999,21.5518,-999,8.695203,0.08473422,False,-99,0.003212986
2590873944232838288,0,2.61209042157399,GALEX J004531.4+404900,11.3811921807956,40.8166706452073,1,-999,23.57485,-999,1.349147,0.0905407,False,-99,0.003999003
2590873944234934650,0,2.61890186001701,GALEX J004549.1+405057,11.4549103003011,40.8493906343094,3,22.97174,23.44502,2.351279,1.520511,0.0886479,False,0.003536456,0.003277651
2591190603582683973,0,2.62172499221619,GALEX J004549.1+405057,11.4549682716743,40.8494260907255,2,23.54332,-999,1.388914,-999,0.0886479,False,0.002162616,-99
2590873944232836394,0,2.62185592628205,GALEX J004552.3+404614,11.4679889528218,40.7706749273233,1,-999,23.89948,-999,1.000482,0.08382238,False,-99,0.001950394
2590873944232836587,0,2.62254972239838,GALEX J004556.7+404705,11.4865627457251,40.7847357128541,1,-999,24.37834,-999,0.6436697,0.08382238,False,-99,0.002350311
2591190603581620429,0,2.62708051159024,GALEX J004531.4+404901,11.3809463599368,40.8169981441796,1,-999,23.48892,-999,1.460262,0.0905407,False,-99,0.004666474
6449262556036994348,0,2.63184800475979,GALEX J004544.2+404550,11.4342544993077,40.7639825311244,1,-999,23.59817,-999,1.320484,0.08473422,False,-99,0.002096756
6449262556036994929,0,2.6343991962878,GALEX J004532.1+404928,11.3839542312125,40.8246775427673,1,-999,23.38806,-999,1.602414,0.0905407,False,-99,0.002218141
2496052061252099535,0,2.64226190466896,GALEX J004532.1+404930,11.3840502981519,40.8251854348065,1,-999,23.66663,-999,1.239792,0.0905407,False,-99,0.002926742
6457284592875344607,0,2.64359810477111,GALEX J004541.1+405100,11.4214984583303,40.8501414648035,3,22.15023,20.08763,5.010818,33.49255,0.09057135,False,0.001980461,0.001731655
2590873944232838473,0,2.64552739557218,GALEX J004541.1+405100,11.4212767375578,40.8501266349761,1,-999,20.03422,-999,35.18143,0.09057135,False,-99,0.001462328
6449755137246233132,0,2.64727680544359,GALEX J004541.1+405100,11.4214739671176,40.8501999364964,1,-999,20.08731,-999,33.50245,0.09057135,False,-99,0.001942374
2591190603583718040,0,2.65040700344224,GALEX J004541.0+405100,11.4211535631823,40.8501842313041,3,22.12961,19.9573,5.106884,37.76426,0.09057135,False,0.003635793,0.001731567
6449262556036995380,0,2.65096803020339,GALEX J004541.1+405101,11.4215643104255,40.8502833711095,1,-999,20.00707,-999,36.07208,0.09057135,False,-99,0.002444884
6372252786323620344,0,2.65115108239576,GALEX J004541.1+405101,11.4215491297472,40.8502832823859,1,-999,19.84741,-999,41.78659,0.09057135,False,-99,0.006680888
2496052061254196313,0,2.65726692620313,GALEX J004549.4+404556,11.4558438548263,40.7657241935976,3,22.19414,21.70978,4.81223,7.517732,0.08681797,False,0.00301472,0.006246347
2590873944232837982,0,2.65893816196641,GALEX J004532.0+404930,11.3836266206209,40.8251426473318,1,-999,23.2774,-999,1.774348,0.0905407,False,-99,0.004631518
2496052061254196817,0,2.6590222241144,GALEX J004541.1+405101,11.4213019286798,40.8503662539397,3,22.27158,19.9729,4.480937,37.22535,0.09057135,False,0.00379142,0.001844491
2496052061252099452,0,2.66233706416912,GALEX J004531.0+404850,11.3794510397249,40.8139878774268,1,-999,23.51752,-999,1.422297,0.0905407,False,-99,0.003202909
2591190603581620436,0,2.66529965755561,GALEX J004531.4+404912,11.381099124287,40.8200729058637,1,-999,24.45781,-999,0.5982403,0.0905407,False,-99,0.002666848
2591190603581620493,0,2.66992746933145,GALEX J004532.0+404931,11.3835731610716,40.8255123210037,1,-999,24.06923,-999,0.8556756,0.0905407,False,-99,0.003745787
2496052061253152289,0,2.67149371647084,GALEX J004531.4+404912,11.3810006232887,40.820186873408,2,23.46096,-999,1.498368,-999,0.0905407,False,0.00185053,-99
6449755137246232715,0,2.67152534818311,GALEX J004549.2+404555,11.4552318971546,40.7653246924822,1,-999,21.67934,-999,7.731521,0.08681797,False,-99,0.00611504
6372252797061041420,0,2.67199408835559,GALEX J004541.4+405103,11.422698048167,40.8508796090234,1,-999,19.77871,-999,44.51614,0.09057135,False,-99,0.007191382
6372252786323620183,0,2.67802765481866,GALEX J004558.8+404859,11.4953416056377,40.8164771535187,1,-999,22.53174,-999,3.526177,0.08632507,False,-99,0.001668388
2590873944232837829,0,2.68145627083178,GALEX J004531.5+404916,11.3812364720208,40.8213448166145,1,-999,23.97962,-999,0.9292928,0.0905407,False,-99,0.00280566
2496052061252099241,0,2.68455987384875,GALEX J004531.8+404728,11.3826409053864,40.7911255230919,1,-999,23.48038,-999,1.471789,0.08514082,False,-99,0.001718072
2590873944233891330,0,2.68748676719679,GALEX J004541.4+405104,11.4228652213118,40.8511788205752,2,21.59081,-999,8.388339,-999,0.09057135,False,0.008673374,-99
6449755137246232801,0,2.70230480718704,GALEX J004531.7+404728,11.3821199777545,40.7913173115192,1,-999,23.39832,-999,1.58735,0.08514082,False,-99,0.003263629
2591190603581620297,0,2.70237812740037,GALEX J004531.7+404728,11.3821394988029,40.7912764219292,1,-999,23.71559,-999,1.185125,0.08514082,False,-99,0.003811182
2590873944234935316,0,2.70511018767232,GALEX J004531.7+404727,11.3821944485441,40.7910482455208,3,24.02761,23.51455,0.8891198,1.426203,0.08514082,False,0.002524785,0.001942328
2590873944234933556,0,2.7057060299792,GALEX J004549.4+404553,11.4559312319592,40.7648963147526,3,22.07184,21.9025,5.385971,6.295028,0.08681797,False,0.00173678,0.001477776
6449262556036994592,0,2.70666308199665,GALEX J004531.7+404726,11.3823924422882,40.7906101417449,1,-999,23.39327,-999,1.59475,0.08514082,False,-99,0.002861148
6449262556036994395,0,2.71371386065471,GALEX J004549.4+404553,11.4559097915931,40.7647507256806,1,-999,21.36598,-999,10.31831,0.08681797,False,-99,0.004168759
6449262556036994424,0,2.71748613279008,GALEX J004552.7+404610,11.4696914584292,40.7696035105972,1,-999,21.9493,-999,6.029475,0.08382238,False,-99,0.005292965
6457284592875343887,0,2.72021414427164,GALEX J004549.5+404553,11.4562925061536,40.7647315633093,3,22.04854,21.98668,5.502846,5.82545,0.08681797,False,0.001456531,0.003181932
2496052061253152409,0,2.72053336567159,GALEX J004548.4+405106,11.4518481591931,40.85180108083,2,23.64837,-999,1.260825,-999,0.09057135,False,0.00193562,-99
2496052061252099624,0,2.73351489677911,GALEX J004532.0+404940,11.3835335727072,40.827966172155,1,-999,23.60416,-999,1.313213,0.09265377,False,-99,0.002919203
2496052061252099064,0,2.75367230781373,GALEX J004553.0+404610,11.4712188604075,40.7696390714123,1,-999,23.04567,-999,2.19651,0.08382238,False,-99,0.002780003
6449755137246233053,0,2.75941857363978,GALEX J004553.9+405038,11.4747588329329,40.8441126445557,1,-999,23.71767,-999,1.182858,0.0886479,False,-99,0.003224262
2591190603582683927,0,2.76018911828037,GALEX J004531.2+404924,11.3803902668141,40.8235316475895,2,23.94007,-999,0.9637673,-999,0.0905407,False,0.002116291,-99
2590873944232836369,0,2.76984489169147,GALEX J004553.1+404610,11.4715078004828,40.7694612633337,1,-999,23.23671,-999,1.842104,0.08382238,False,-99,0.002211092
2590873944233891736,0,2.77606412041037,GALEX J004551.6+405056,11.4650139374944,40.8490969391044,2,22.92234,-999,2.460746,-999,0.0886479,False,0.004421878,-99
2590873944232838270,0,2.78189937416517,GALEX J004541.7+405110,11.4239594017221,40.8529966076805,1,-999,22.42827,-999,3.878743,0.09057135,False,-99,0.002708728
6449755137246233092,0,2.7821594650684,GALEX J004547.1+405113,11.4462500245714,40.8536720163806,1,-999,23.42628,-999,1.546985,0.09057135,False,-99,0.002955199
2591190603582683883,0,2.78548425971673,GALEX J004532.0+404708,11.3836494731878,40.7855665514452,2,24.07961,-999,0.8475344,-999,0.08514082,False,0.002211849,-99
6449262556036995232,0,2.78560046737179,GALEX J004547.1+405113,11.4464069909522,40.8537126912088,1,-999,23.22582,-999,1.860675,0.09057135,False,-99,0.00380557
2496052061252099878,0,2.78897472343232,GALEX J004547.0+405113,11.4461680636393,40.8537956591027,1,-999,24.03284,-999,0.8848373,0.09057135,False,-99,0.002305587
2591190603583717912,0,2.79899195049079,GALEX J004541.7+405111,11.4237778205558,40.8532575154279,3,22.49685,22.56775,3.641338,3.411144,0.09057135,False,0.004851022,0.00381175
2591190603581620740,0,2.80196233587244,GALEX J004547.0+405114,11.4460166868393,40.8540304005855,1,-999,23.70219,-999,1.199844,0.09057135,False,-99,0.002973527
2590873944232838078,0,2.80498651919941,GALEX J004547.0+405114,11.4461852184956,40.854063364336,1,-999,23.49444,-999,1.452855,0.09057135,False,-99,0.002184039
2591190603582683980,0,2.8107012189146,GALEX J004551.6+405059,11.4650215892991,40.8497395315416,2,22.90239,-999,2.506382,-999,0.0886479,False,0.003205402,-99
2496052061253152412,0,2.81545913375429,GALEX J004541.8+405113,11.4242757959283,40.853622855727,2,23.17017,-999,1.958542,-999,0.09057135,False,0.002583185,-99
2590873944234934903,0,2.81645192464555,GALEX J004543.6+405116,11.4319545312693,40.8545307358798,3,23.50982,23.77176,1.432437,1.125371,0.09057135,False,0.00329834,0.002381508
2590873944232837653,0,2.81750319216427,GALEX J004552.4+405054,11.4684753967191,40.848468525569,1,-999,18.65805,-999,124.9629,0.0886479,False,-99,0.001424648
6449755137246233158,0,2.81766565449169,GALEX J004552.4+405054,11.468429915178,40.8484914549701,1,-999,18.64233,-999,126.7849,0.0886479,False,-99,0.001820696
6449262556036995313,0,2.81903666078244,GALEX J004552.4+405054,11.468502922342,40.848486023697,1,-999,18.56825,-999,135.7374,0.0886479,False,-99,0.001518858
2496052061252099691,0,2.82032505755973,GALEX J004552.4+405054,11.4685497354377,40.8484903848942,1,-999,18.59926,-999,131.9153,0.0886479,False,-99,0.001531949
2590873944232837960,0,2.82059991810902,GALEX J004556.6+405013,11.4861458696323,40.8370147060456,1,-999,24.61811,-999,0.5161268,0.08632507,False,-99,0.00190661
6372252786323620335,0,2.82378725584415,GALEX J004552.4+405054,11.4686034739502,40.8485335437086,1,-999,18.72561,-999,117.4231,0.0886479,False,-99,0.003890116
2591190603581620750,0,2.82613175361316,GALEX J004543.6+405116,11.4319806640993,40.8546944772451,1,-999,22.99232,-999,2.307128,0.09057135,False,-99,0.003093671
2591190603581621100,0,2.82902473494205,GALEX J004552.4+405055,11.4684115813206,40.8487176304877,1,-999,18.57122,-999,135.3666,0.0886479,False,-99,0.001877334
6372252797061041144,0,2.83098939991369,GALEX J004550.6+404550,11.4610127019145,40.7640821068829,1,-999,21.85488,-999,6.577329,0.08382238,False,-99,0.001390868
2590873944232838361,0,2.83110332192468,GALEX J004536.6+405048,11.4026809043416,40.846921922769,1,-999,25.10873,-999,0.3284796,0.09265377,False,-99,0.003105588
2591190603582683963,0,2.83341350567797,GALEX J004535.3+405038,11.3973169165484,40.8439095691747,2,23.07197,-999,2.14394,-999,0.09265377,False,0.00402387,-99
6457284592873247470,0,2.84238645408252,GALEX J004552.5+405055,11.4691090966032,40.8486697391625,1,-999,18.6,-999,131.826,0.0886479,False,-99,0.001654257
6372252797061041417,0,2.84882320737178,GALEX J004552.5+405055,11.4689274578756,40.8488738327148,1,-999,18.68258,-999,122.1714,0.0886479,False,-99,0.004179414
6449755137246233084,0,2.85040133711111,GALEX J004533.0+405011,11.3874847286524,40.8364894938531,1,-999,23.49758,-999,1.448668,0.09265377,False,-99,0.003102929
2496052061252099179,0,2.85262174488148,GALEX J004531.9+404702,11.3830143250338,40.7841343020408,1,-999,22.63847,-999,3.196032,0.08514082,False,-99,0.001623029
6457284592873246835,0,2.85309395595433,GALEX J004531.9+404702,11.3830950924761,40.7840122638638,1,-999,22.8858,-999,2.544947,0.08514082,False,-99,0.002909382
2590873944232836626,0,2.85712887067938,GALEX J004531.9+404701,11.3830993074993,40.7838725692223,1,-999,22.39483,-999,4.000062,0.08514082,False,-99,0.001576145
6449755137246232777,0,2.85960244085904,GALEX J004531.8+404703,11.3827284815058,40.7842789345652,1,-999,22.43097,-999,3.869099,0.08514082,False,-99,0.003001821
2591190603581620272,0,2.85964430489551,GALEX J004531.8+404702,11.3828951100396,40.7840564481822,1,-999,22.70341,-999,3.01048,0.08514082,False,-99,0.002288793
6449262556036994567,0,2.86712934750708,GALEX J004531.8+404701,11.382885379986,40.783819620231,1,-999,22.54412,-999,3.486192,0.08514082,False,-99,0.002196453
2591190603582683884,0,2.87508338041769,GALEX J004530.8+404726,11.3784010607278,40.7906127426003,2,24.78111,-999,0.4441799,-999,0.08514082,False,0.003582492,-99
6457284592873246675,0,2.87748040490518,GALEX J004536.6+404603,11.4026507948366,40.7677306346704,1,-999,23.43399,-999,1.536045,0.08473422,False,-99,0.002241886
2590873944233891094,0,2.8786166591916,GALEX J004548.1+404539,11.4507769973098,40.7608658976286,2,23.03611,-999,2.215944,-999,0.08473422,False,0.003522213,-99
2496052061252099759,0,2.87931074288438,GALEX J004534.0+405027,11.3916680995994,40.8409450991541,1,-999,23.83987,-999,1.05694,0.09265377,False,-99,0.003531216
2590873944232837921,0,2.8803084051115,GALEX J004537.7+405100,11.4073787210946,40.8500274014023,1,-999,24.7287,-999,0.4661452,0.09175377,False,-99,0.001489763
2591190603581620650,0,2.88131367338475,GALEX J004537.7+405100,11.407331581415,40.85002718476,1,-999,24.89872,-999,0.3985752,0.09175377,False,-99,0.002478933
2496052061252099848,0,2.88825392695146,GALEX J004537.7+405100,11.4073275034728,40.8501569634459,1,-999,23.79691,-999,1.099605,0.09175377,False,-99,0.002799496
2496052061253152179,0,2.89188730690098,GALEX J004558.6+404709,11.494281765509,40.7859763419108,2,23.23903,-999,1.838193,-999,0.08409201,False,0.002169388,-99
6449262556036994562,0,2.89720339885201,GALEX J004532.5+404647,11.3855159022586,40.7797999060068,1,-999,22.31804,-999,4.293226,0.08514082,False,-99,0.006794696
6372252786323620017,0,2.90377305374444,GALEX J004539.8+404544,11.4158548323287,40.7622410332733,1,-999,21.81363,-999,6.832012,0.08473422,False,-99,0.003108304
6372252797061041467,0,2.91391246431116,GALEX J004549.8+405114,11.4575953894702,40.8539013746017,1,-999,21.43455,-999,9.686813,0.0886479,False,-99,0.003335306
2590873944233891739,0,2.91550395188473,GALEX J004548.1+405119,11.4508091250724,40.8553145900803,2,24.29308,-999,0.6962577,-999,0.0886479,False,0.002452258,-99
2590873944232837913,0,2.9181480751132,GALEX J004539.3+405111,11.4140780085001,40.8530697721033,1,-999,23.12587,-999,2.040108,0.09175377,False,-99,0.007782771
2590873944232838074,0,2.9185119648612,GALEX J004540.6+405116,11.4195614293291,40.8544875605019,1,-999,23.31033,-999,1.721347,0.09175377,False,-99,0.006416105
2591190603581620769,0,2.91907870373541,GALEX J004539.3+405110,11.4137451488767,40.8529871014216,1,-999,22.79673,-999,2.762531,0.09175377,False,-99,0.005665151
6457284592873246605,0,2.92080193740634,GALEX J004543.5+404533,11.4314492339168,40.7593138212466,1,-999,22.85543,-999,2.617152,0.08473422,False,-99,0.003050039
6449755137246232758,0,2.92104349133133,GALEX J004558.0+404654,11.4918835863992,40.781795889718,1,-999,23.10704,-999,2.075791,0.08382238,False,-99,0.003226418
2591190603581620571,0,2.92303327117478,GALEX J004533.6+405027,11.3902209084691,40.8408440637535,1,-999,24.90897,-999,0.3948324,0.09265377,False,-99,0.002716587
2591190603581620735,0,2.92581846304232,GALEX J004540.6+405116,11.4192349091604,40.8545420570404,1,-999,23.84027,-999,1.056558,0.09175377,False,-99,0.003904186
2496052061252099853,0,2.92732400639663,GALEX J004539.3+405111,11.4141391247408,40.8532519670514,1,-999,23.26276,-999,1.798442,0.09175377,False,-99,0.004122398
6372252797061041194,0,2.93403375302319,GALEX J004532.5+404643,11.3854807057193,40.778789900197,1,-999,21.96185,-999,5.960159,0.08514082,False,-99,0.002433322
6449262556036995213,0,2.93861077614941,GALEX J004539.2+405111,11.4134469635495,40.8532475920221,1,-999,22.97014,-999,2.354752,0.09175377,False,-99,0.004025248
6449755137246233022,0,2.94373584256278,GALEX J004533.2+405023,11.3885736494365,40.8399702137657,1,-999,23.23296,-999,1.848488,0.09265377,False,-99,0.003961031
2590873944232838086,0,2.94505316593831,GALEX J004533.1+405022,11.3882051417576,40.8396803674452,1,-999,23.80468,-999,1.091759,0.09265377,False,-99,0.003457814
6457284592873246671,0,2.94974323962348,GALEX J004553.8+404602,11.4742532607239,40.7672489793283,1,-999,23.22329,-999,1.865028,0.08382238,False,-99,0.001160305
2590873944232836636,0,2.95630211176785,GALEX J004558.1+404652,11.4923982408909,40.7813131833995,1,-999,22.53309,-999,3.521793,0.08382238,False,-99,0.001691209
2496052061252099187,0,2.95637295358309,GALEX J004558.2+404653,11.4926159234689,40.7815714363701,1,-999,22.38142,-999,4.049775,0.08382238,False,-99,0.004143884
6449755137246232744,0,2.95919385505516,GALEX J004532.3+404644,11.3845840060376,40.779010467179,1,-999,23.31436,-999,1.714962,0.08514082,False,-99,0.002928227
2496052061252098966,0,2.96072245960276,GALEX J004546.9+404531,11.4456903846329,40.7588236601408,1,-999,23.30538,-999,1.729206,0.08473422,False,-99,0.00228353
2496052061252099149,0,2.96518225046417,GALEX J004532.3+404643,11.3846089157373,40.7788136811622,1,-999,23.04249,-999,2.202942,0.08514082,False,-99,0.002501143
6457284592873246663,0,2.96528812288058,GALEX J004547.3+404532,11.4472997032346,40.7589165211894,1,-999,23.21938,-999,1.871756,0.08473422,False,-99,0.001787051
2496052061252099119,0,2.9665632924288,GALEX J004556.8+404631,11.4870042884695,40.7755304296143,1,-999,23.24817,-999,1.82277,0.08382238,False,-99,0.002887818
2590873944234933688,0,2.97012419521738,GALEX J004532.3+404642,11.384718229665,40.7785599511648,3,23.97808,23.03431,0.9306155,2.219596,0.08514082,False,0.001320739,0.001597602
2591190603581620582,0,2.97155836678615,GALEX J004533.2+405025,11.3883818614877,40.8405086929078,1,-999,24.18135,-999,0.7717225,0.09265377,False,-99,0.002969795
2590873944232838330,0,2.97558886925768,GALEX J004536.4+405057,11.4017416774447,40.8493396240654,1,-999,24.9124,-999,0.3935872,0.09265377,False,-99,0.003221482
2591190603581620261,0,2.97592879938119,GALEX J004532.2+404643,11.3844764386057,40.7786469033299,1,-999,22.97724,-999,2.339396,0.08514082,False,-99,0.004722144
6457284592873246825,0,2.97719641261343,GALEX J004558.2+404651,11.4927120059935,40.7810382141552,1,-999,23.0213,-999,2.246368,0.08382238,False,-99,0.00319839
6372252786323620201,0,2.98294945997178,GALEX J004559.7+404932,11.4988244161644,40.8256024528434,1,-999,21.83717,-999,6.685487,0.08632507,False,-99,0.001425145
6449755137246232675,0,2.99125013969138,GALEX J004549.3+404535,11.4554749516808,40.7598173905604,1,-999,22.76107,-999,2.854779,0.0818008,False,-99,0.003231374
2590873944232837705,0,2.9935758580256,GALEX J004553.2+405101,11.4717582953698,40.850408225603,1,-999,21.74017,-999,7.310227,0.0886479,False,-99,0.001639922
6449262556036994469,0,2.99429142825966,GALEX J004556.9+404630,11.4873899082527,40.7751614272158,1,-999,21.45311,-999,9.522614,0.08382238,False,-99,0.00468067
6449262556036995085,0,2.99553275642647,GALEX J004533.0+405025,11.38761837235,40.8404544947289,1,-999,22.64792,-999,3.168327,0.09265377,False,-99,0.004159633
2590873944234933660,0,2.99587716917799,GALEX J004557.0+404630,11.4875193836019,40.7752347012813,3,23.40717,23.00704,1.574464,2.276051,0.08382238,False,0.003404263,0.001834844
2590873944232836170,0,2.99818628995519,GALEX J004546.0+404528,11.4417116211997,40.7579098688301,1,-999,25.18869,-999,0.3051573,0.08473422,False,-99,0.00174519
6372252797061041400,0,3.00390820824078,GALEX J004558.6+405000,11.4943260583118,40.833413695947,1,-999,21.60515,-999,8.278274,0.08632507,False,-99,0.002592005
2590873944232836185,0,3.00614429397333,GALEX J004547.1+404529,11.4465842109314,40.7581497849454,1,-999,24.2194,-999,0.7451455,0.08473422,False,-99,0.00236609
6449262556036994383,0,3.01481453849311,GALEX J004535.3+404604,11.3970844494382,40.7679231197526,1,-999,23.54097,-999,1.391907,0.08037618,False,-99,0.001499481
2496052061252099212,0,3.02349621873161,GALEX J004559.3+404708,11.497355010651,40.7857296085996,1,-999,22.60307,-999,3.30195,0.08409201,False,-99,0.004082954
6457284592873246864,0,3.0280102890962,GALEX J004557.1+404630,11.4882209694757,40.7750317254129,1,-999,22.58425,-999,3.359696,0.08382238,False,-99,0.003421993
6449262556036995250,0,3.02944810005787,GALEX J004549.2+405123,11.4551628901015,40.8564677969825,1,-999,23.22197,-999,1.867289,0.0886479,False,-99,0.0030811
2496052061252098962,0,3.03728970874086,GALEX J004548.1+404529,11.4505202599997,40.7581255896609,1,-999,23.46532,-999,1.492359,0.0818008,False,-99,0.00339126
2590873944232836905,0,3.03933805095255,GALEX J004559.4+404707,11.4975084170748,40.7853667976326,1,-999,22.80271,-999,2.747357,0.08409201,False,-99,0.002043553
6449262556036994857,0,3.05356759155964,GALEX J004529.1+404900,11.3713017937905,40.8167119308592,1,-999,22.95584,-999,2.385952,0.0905407,False,-99,0.002480637
2590873944232838145,0,3.05435781977137,GALEX J004554.2+405058,11.4761365610994,40.8494518433217,1,-999,23.35876,-999,1.646242,0.0886479,False,-99,0.007422363
2496052061252099479,0,3.05470732529243,GALEX J004529.1+404901,11.371355272266,40.8170416639156,1,-999,23.24504,-999,1.828039,0.0905407,False,-99,0.001788073
2590873944232837745,0,3.05779969934072,GALEX J004529.1+404900,11.3712579419103,40.8169257157781,1,-999,23.16257,-999,1.972301,0.0905407,False,-99,0.002278383
2591190603581620572,0,3.0581644144805,GALEX J004532.7+405027,11.3864620651851,40.8410385559309,1,-999,23.5157,-999,1.424682,0.09265377,False,-99,0.003152618
2591190603581620645,0,3.05897810631006,GALEX J004554.2+405058,11.4759876563109,40.849624535251,1,-999,24.11125,-999,0.8231885,0.0886479,False,-99,0.002394735
6449755137246232914,0,3.06046675547344,GALEX J004529.1+404902,11.3712990238673,40.8173354844038,1,-999,23.45872,-999,1.501451,0.0905407,False,-99,0.002672672
6449755137246232786,0,3.06224152087449,GALEX J004559.4+404705,11.4977906845708,40.7849392835383,1,-999,22.33464,-999,4.228079,0.08409201,False,-99,0.004940588
2496052061252099726,0,3.06272562790262,GALEX J004532.7+405028,11.3864209429783,40.8411189201629,1,-999,22.8995,-999,2.513042,0.09265377,False,-99,0.005689652
2591190603581620466,0,3.06313827261911,GALEX J004529.0+404901,11.3711978636298,40.8171697718326,1,-999,23.23661,-999,1.842276,0.0905407,False,-99,0.003417447
6457284592873247108,0,3.06511708407861,GALEX J004529.0+404900,11.3710937325263,40.8169239674297,1,-999,23.24007,-999,1.836422,0.0905407,False,-99,0.002435608
2590873944232837788,0,3.06576707960591,GALEX J004532.8+405029,11.3869547848717,40.8416582538141,1,-999,22.89795,-999,2.516643,0.09265377,False,-99,0.004507794
2496052061252099114,0,3.08325137755736,GALEX J004532.3+404631,11.384831872511,40.7753633367448,1,-999,24.10604,-999,0.8271495,0.08514082,False,-99,0.0009835826
6372252786323620137,0,3.08384211457356,GALEX J004528.7+404826,11.3695968220387,40.8074727277615,1,-999,22.29523,-999,4.384391,0.08514082,False,-99,0.002730517
6449262556036994343,0,3.09702048889893,GALEX J004546.4+404522,11.4437165098315,40.7563758479483,1,-999,21.97518,-999,5.887478,0.08473422,False,-99,0.005716634
6457284592873246623,0,3.1009211377684,GALEX J004553.0+404546,11.4711652369429,40.7628190415085,1,-999,23.2563,-999,1.809178,0.08382238,False,-99,0.002692099
2591190603581620518,0,3.10798601914039,GALEX J004530.5+404957,11.3774028790206,40.8325737628692,1,-999,24.16451,-999,0.7837867,0.09265377,False,-99,0.003343515
2590873944232837785,0,3.1083779006465,GALEX J004530.5+404957,11.377473854832,40.8326856829637,1,-999,23.97885,-999,0.9299543,0.09265377,False,-99,0.002214371
2590873944232836532,0,3.12327680068487,GALEX J004558.8+404646,11.4952891344132,40.7795714321341,1,-999,24.5665,-999,0.5412532,0.08382238,False,-99,0.003035854
2590873944232836155,0,3.12394378259189,GALEX J004542.5+404522,11.4272159583892,40.7562976681484,1,-999,24.97161,-999,0.372696,0.08473422,False,-99,0.00214651
2496052061252099682,0,3.13020181616883,GALEX J004530.4+404957,11.3768615476546,40.8325952657985,1,-999,23.72193,-999,1.178223,0.09265377,False,-99,0.002570558
2591190603581620834,0,3.14862259802606,GALEX J004552.5+405116,11.4689756328897,40.8545394300686,1,-999,22.02756,-999,5.610175,0.0886479,False,-99,0.00776841
6372252786323620307,0,3.15139534018032,GALEX J004555.7+405052,11.482297081963,40.847898717244,1,-999,20.32987,-999,26.79497,0.0886479,False,-99,0.004179943
2590873944232838562,0,3.15274593398104,GALEX J004528.9+404739,11.3704382737612,40.7942127647541,1,-999,24.37168,-999,0.6476312,0.08514082,False,-99,0.001673995
2496052061252099792,0,3.15354643172244,GALEX J004555.7+405052,11.4822381371799,40.8479832546962,1,-999,20.95856,-999,15.01667,0.0886479,False,-99,0.001303072
6372252797061041441,0,3.15539312588638,GALEX J004555.7+405052,11.4823899063948,40.8479265919831,1,-999,20.5295,-999,22.29451,0.0886479,False,-99,0.004728578
6449755137246233120,0,3.15611697716941,GALEX J004555.6+405053,11.4820315799025,40.8481701847615,1,-999,20.89228,-999,15.962,0.0886479,False,-99,0.001740707
2591190603581620304,0,3.16506384873116,GALEX J004528.8+404738,11.37018468334,40.7941360376725,1,-999,24.32493,-999,0.6761273,0.08514082,False,-99,0.003082447
2590873944232837284,0,3.16784232786919,GALEX J004555.7+405053,11.4823253063213,40.8482390864201,1,-999,20.09642,-999,33.22238,0.0886479,False,-99,0.001414717
2591190603581620747,0,3.16851156633046,GALEX J004555.7+405053,11.4822288903866,40.8483146801186,1,-999,20.90734,-999,15.74208,0.0886479,False,-99,0.001679447
6372252797061041421,0,3.16987133093819,GALEX J004558.8+405015,11.4951308278674,40.8375969995567,1,-999,21.22959,-999,11.69939,0.08632507,False,-99,0.002797364
6449262556036995194,0,3.17168517992005,GALEX J004555.7+405053,11.4824001295876,40.8482752025807,1,-999,20.90489,-999,15.77769,0.0886479,False,-99,0.001505616
2496052061252099214,0,3.17483647397189,GALEX J004530.3+404654,11.3766417728362,40.7817554179194,1,-999,22.68112,-999,3.072923,0.08514082,False,-99,0.004409342
6449262556036994627,0,3.17786200261296,GALEX J004528.8+404736,11.3701054783117,40.7935471995121,1,-999,23.34195,-999,1.671936,0.08514082,False,-99,0.001398413
2496052061252098945,0,3.18345569562331,GALEX J004547.0+404518,11.4460274481721,40.7551145551096,1,-999,23.75369,-999,1.144256,0.0818008,False,-99,0.002990099
2591190603581620500,0,3.18683177570581,GALEX J004529.6+404947,11.3736417100505,40.829814358541,1,-999,24.62612,-999,0.5123335,0.09265377,False,-99,0.002736534
2590873944232837514,0,3.18835897182047,GALEX J004529.6+404947,11.3736369615034,40.8298678189256,1,-999,24.70445,-999,0.4766733,0.09265377,False,-99,0.001934956
6457284592873247403,0,3.1933348542133,GALEX J004555.8+405054,11.4827592732274,40.8485182263701,1,-999,21.01319,-999,14.2798,0.0886479,False,-99,0.002166938
2590873944232836205,0,3.19363371491702,GALEX J004547.0+404517,11.4459761961639,40.7549389278274,1,-999,23.16418,-999,1.969364,0.0818008,False,-99,0.003678565
6372252786323620219,0,3.20544935872309,GALEX J004600.2+404950,11.5011968195697,40.8308103566001,1,-999,22.0514,-999,5.488294,0.08632507,False,-99,0.002703153
6449262556036995175,0,3.20933573172509,GALEX J004555.0+405103,11.4792059330244,40.8509658331227,1,-999,24.78068,-999,0.4443544,0.0886479,False,-99,0.002110521
2590873944232838243,0,3.22394488854913,GALEX J004551.1+405128,11.4628962609836,40.8579568959265,1,-999,24.41077,-999,0.6247311,0.0886479,False,-99,0.003669784
6457284592873247515,0,3.22495157619755,GALEX J004541.5+405137,11.4231683651162,40.8604218316991,1,-999,22.55131,-999,3.46319,0.09175377,False,-99,0.004313536
2590873944233891076,0,3.22653488136978,GALEX J004541.5+404518,11.4230377320295,40.7551290318518,2,23.94507,-999,0.9593452,-999,0.08473422,False,0.002400573,-99
6449755137246232837,0,3.22981858442145,GALEX J004528.1+404800,11.3670863969138,40.8002370626291,1,-999,22.93184,-999,2.439293,0.08514082,False,-99,0.003824422
6372252786323620363,0,3.23152710896624,GALEX J004544.2+405141,11.4341562486748,40.8615771127597,1,-999,19.77196,-999,44.79351,0.09057135,False,-99,0.002834828
2590873944232836526,0,3.2367872158933,GALEX J004530.1+404651,11.375654348735,40.7809816724153,1,-999,24.20799,-999,0.7530139,0.08514082,False,-99,0.001345907
6457284592873247628,0,3.23679352827174,GALEX J004544.2+405141,11.4341603828305,40.8616651300851,1,-999,19.50491,-999,57.28417,0.09057135,False,-99,0.00148631
2591190603581620823,0,3.23704871337445,GALEX J004541.4+405137,11.422520931415,40.8605247937432,1,-999,22.76794,-999,2.836757,0.09175377,False,-99,0.003638678
6449755137246233188,0,3.23758513407182,GALEX J004544.1+405142,11.4339594585976,40.8616709967901,1,-999,19.59723,-999,52.61475,0.09057135,False,-99,0.001578303
6449755137246233138,0,3.23764302661681,GALEX J004541.5+405138,11.4230154010494,40.8606139086646,1,-999,23.07826,-999,2.131549,0.09175377,False,-99,0.00326619
6449262556036995393,0,3.23767901640641,GALEX J004544.1+405142,11.4338674402636,40.8616690579249,1,-999,19.5194,-999,56.5251,0.09057135,False,-99,0.001480313
2590873944232838020,0,3.24015306290475,GALEX J004544.1+405142,11.4339466282422,40.8617133654401,1,-999,19.50654,-999,57.19815,0.09057135,False,-99,0.001460904
6457284592873247482,0,3.24089164780026,GALEX J004547.0+405141,11.4459456374273,40.8614133391937,1,-999,23.86003,-999,1.037497,0.09057135,False,-99,0.002169184
2590873944232837719,0,3.24230907849329,GALEX J004541.4+405138,11.4226535373651,40.8606358868485,1,-999,23.15646,-999,1.983428,0.09175377,False,-99,0.002003679
2591190603581620898,0,3.2438036390695,GALEX J004544.1+405142,11.4337978580369,40.8617685619609,1,-999,19.53687,-999,55.62247,0.09057135,False,-99,0.001677151
2496052061252099871,0,3.24593732750011,GALEX J004544.1+405142,11.4338481518971,40.8618061306762,1,-999,19.54751,-999,55.08008,0.09057135,False,-99,0.001323783
6449755137246232683,0,3.2467159595633,GALEX J004539.4+404523,11.4143117292456,40.7565936603887,1,-999,21.28755,-999,11.09127,0.08473422,False,-99,0.005310561
2496052061252099930,0,3.24971937788726,GALEX J004541.3+405138,11.4223303398482,40.8607097125374,1,-999,23.66462,-999,1.242084,0.09175377,False,-99,0.00281445
6449262556036995269,0,3.25067018717475,GALEX J004541.3+405138,11.4222952612943,40.8607201676023,1,-999,23.74443,-999,1.154054,0.09175377,False,-99,0.001455714
2590873944232837968,0,3.25701765169483,GALEX J004552.8+405121,11.4702795753935,40.8560641233799,1,-999,23.54227,-999,1.390246,0.0886479,False,-99,0.004876197
2496052061252099006,0,3.26039269075489,GALEX J004554.0+404541,11.4751624669892,40.76152186674,1,-999,22.95713,-999,2.383126,0.08382238,False,-99,0.004128289
6372252797061041413,0,3.26116699999723,GALEX J004530.4+405013,11.3770025804884,40.8370753251644,1,-999,21.61388,-999,8.211997,0.09265377,False,-99,0.002143234
6372252797061041484,0,3.26138325861857,GALEX J004544.3+405143,11.4346858803104,40.8620924496978,1,-999,19.22406,-999,74.19494,0.09057135,False,-99,0.002972548
6449755137246233114,0,3.26290738699827,GALEX J004552.5+405124,11.4688310298052,40.8567206945896,1,-999,23.31702,-999,1.710774,0.0886479,False,-99,0.002813702
2496052061254196185,0,3.26660319057331,GALEX J004539.4+404522,11.4145568375185,40.7561805293612,3,21.96457,20.95683,5.945306,15.04071,0.08473422,False,0.003865583,0.003808837
2590873944232836416,0,3.26988420405021,GALEX J004558.0+404618,11.4917064606468,40.7719206462433,1,-999,24.04865,-999,0.872044,0.08382238,False,-99,0.001843076
6372252797061041273,0,3.27066950743556,GALEX J004528.3+404736,11.3680454086756,40.7933834414577,1,-999,22.0913,-999,5.290307,0.08514082,False,-99,0.0008375805
6457284592875343767,0,3.27256161371654,GALEX J004539.5+404521,11.4148581717205,40.7559996541891,3,21.52351,21.29996,8.924754,10.96516,0.08473422,False,0.004687394,0.005295387
2590873944234933456,0,3.27490510028656,GALEX J004539.5+404521,11.414588960844,40.7560263993492,3,21.84724,21.04226,6.62377,13.90264,0.08473422,False,0.00222669,0.002900068
2591190603581620694,0,3.27837779377133,GALEX J004555.1+405107,11.4797594470675,40.8520839839799,1,-999,23.52226,-999,1.416108,0.0886479,False,-99,0.003455826
6449262556036994811,0,3.28318196641915,GALEX J004527.6+404836,11.3652661540496,40.8100300666728,1,-999,23.6581,-999,1.249565,0.08514082,False,-99,0.002019132
6449262556036994731,0,3.2832402287094,GALEX J004527.8+404801,11.3658426540149,40.8005471749915,1,-999,22.58527,-999,3.356535,0.08514082,False,-99,0.004678137
2496052061252099358,0,3.28337529066691,GALEX J004527.7+404804,11.3657278026702,40.8012112765773,1,-999,23.31286,-999,1.717335,0.08514082,False,-99,0.003486877
2590873944233891245,0,3.2836594757229,GALEX J004556.2+405058,11.48428461532,40.84951416502,2,23.83447,-999,1.062221,-999,0.0886479,False,0.001572141,-99
2590873944232836245,0,3.28702522331508,GALEX J004554.2+404541,11.4761090061209,40.7614457543772,1,-999,23.57696,-999,1.346535,0.08382238,False,-99,0.002248029
2591190603581620359,0,3.28840921957403,GALEX J004527.7+404803,11.3656605676204,40.8009393676988,1,-999,22.97088,-999,2.353135,0.08514082,False,-99,0.005002633
6457284592873247351,0,3.28967956324832,GALEX J004557.4+405045,11.4894215646285,40.8460207883154,1,-999,23.12989,-999,2.032564,0.0886479,False,-99,0.002575492
6372252797061041181,0,3.29536184371046,GALEX J004557.8+404614,11.4909970766926,40.7706838166605,1,-999,21.82681,-999,6.74955,0.08382238,False,-99,0.00217256
2590873944232838161,0,3.29728057297887,GALEX J004527.7+404802,11.3654997720708,40.8007257448213,1,-999,23.16494,-999,1.967999,0.08514082,False,-99,0.003762783
6457284592873246665,0,3.29994498794335,GALEX J004533.8+404555,11.391118099571,40.7654501388536,1,-999,23.21691,-999,1.876021,0.08037618,False,-99,0.003010285
2590873944232836311,0,3.30194378513495,GALEX J004533.8+404555,11.3911457456552,40.7653895346586,1,-999,23.50112,-999,1.44395,0.08037618,False,-99,0.002064615
6449262556036994412,0,3.30884563865106,GALEX J004539.2+404520,11.4135738674297,40.7556911668123,1,-999,20.59466,-999,20.99603,0.08473422,False,-99,0.009388123
2590873944232836373,0,3.31242752017056,GALEX J004532.4+404609,11.3851835235045,40.7693217853949,1,-999,24.10937,-999,0.8246164,0.08037618,False,-99,0.002483723
2590873944232837915,0,3.31319792675657,GALEX J004555.2+405109,11.4800387924513,40.852646945105,1,-999,24.69409,-999,0.4812434,0.0886479,False,-99,0.002745158
2496052061252099039,0,3.31355750419504,GALEX J004533.6+404556,11.3900746162611,40.765819131851,1,-999,22.83231,-999,2.673476,0.08037618,False,-99,0.004141298
2591190603581620767,0,3.31967628627061,GALEX J004539.4+405137,11.4145514158031,40.8603106744687,1,-999,24.5691,-999,0.5399584,0.09175377,False,-99,0.002932637
2496052061252099002,0,3.3218854662606,GALEX J004554.8+404543,11.4785697793363,40.7619711010193,1,-999,23.00842,-999,2.273176,0.08382238,False,-99,0.00416662
2590873944232838399,0,3.32522996283696,GALEX J004527.4+404837,11.3643571075448,40.8103397748752,1,-999,23.72504,-999,1.174852,0.08514082,False,-99,0.002427374
6449755137246232668,0,3.33902935406866,GALEX J004537.8+404524,11.4077327691666,40.7568961345407,1,-999,23.29785,-999,1.741241,0.08473422,False,-99,0.002681517
2591190603581620417,0,3.34085284406883,GALEX J004527.3+404837,11.3640123999597,40.8103343446537,1,-999,23.55983,-999,1.367945,0.08514082,False,-99,0.004457757
2496052061252099455,0,3.34489515049092,GALEX J004527.3+404831,11.3638591446579,40.8088044455216,1,-999,23.48048,-999,1.471666,0.08514082,False,-99,0.003943245
6449755137246232684,0,3.34543355133613,GALEX J004554.9+404541,11.4787342654569,40.7615814959447,1,-999,22.64654,-999,3.172357,0.08382238,False,-99,0.004225534
2591190603581621009,0,3.34560151941662,GALEX J004602.5+404852,11.51062977766,40.8145309258869,1,-999,15.46429,-999,2367.458,0.08632507,False,-99,0.01471428
2590873944232836319,0,3.34900294199531,GALEX J004533.3+404556,11.3890969026223,40.7656777402099,1,-999,23.28729,-999,1.758258,0.08037618,False,-99,0.002181302
2590873944232836349,0,3.3511503073844,GALEX J004554.9+404541,11.4789879666101,40.761596624051,1,-999,23.15898,-999,1.978835,0.08382238,False,-99,0.005399793
6457284592873246519,0,3.35141756832689,GALEX J004542.9+404508,11.4290611512376,40.7522875380364,1,-999,23.15433,-999,1.987329,0.08473422,False,-99,0.001398404
6457284592873247293,0,3.35322912526057,GALEX J004530.0+405015,11.37509586885,40.8376662427487,1,-999,22.97387,-999,2.346665,0.09265377,False,-99,0.002915818
2590873944232838636,0,3.3562836072965,GALEX J004527.2+404824,11.3636093725132,40.8067552841115,1,-999,24.1855,-999,0.7687749,0.08514082,False,-99,0.002856884
6449262556036994500,0,3.35770237192359,GALEX J004533.5+404553,11.3899321544133,40.7649460255594,1,-999,22.36202,-999,4.122796,0.08037618,False,-99,0.0057925
6449755137246233130,0,3.35855851460277,GALEX J004537.6+405131,11.4067241621766,40.8586805857646,1,-999,23.68623,-999,1.217608,0.09175377,False,-99,0.002950297
2496052061252099933,0,3.35865723885815,GALEX J004550.5+405139,11.4607044637771,40.8609309614905,1,-999,23.93842,-999,0.9652345,0.0886479,False,-99,0.002214939
6372252797061041469,0,3.35877863691637,GALEX J004555.1+405113,11.4798809654127,40.8536624937407,1,-999,21.77535,-999,7.077183,0.0886479,False,-99,0.003017224
2496052061252098976,0,3.36172245933166,GALEX J004537.8+404523,11.4076765380332,40.7565015013828,1,-999,22.84436,-999,2.643957,0.08473422,False,-99,0.004001462
6449755137246232693,0,3.36215508614846,GALEX J004533.0+404559,11.3875842681614,40.7664052009348,1,-999,23.47882,-999,1.473915,0.08037618,False,-99,0.001589246
2591190603581620382,0,3.36499391353956,GALEX J004527.2+404825,11.3634095275328,40.8071581719417,1,-999,23.9595,-999,0.9466743,0.08514082,False,-99,0.002865044
2590873944232836197,0,3.36514602620984,GALEX J004537.8+404522,11.4078422698792,40.7563841511222,1,-999,23.04876,-999,2.190265,0.08473422,False,-99,0.001813498
2590873944234934040,0,3.36773288339788,GALEX J004527.8+404733,11.3661222302872,40.7925809547105,3,23.94565,23.57787,0.958832,1.345399,0.08514082,False,0.002383885,0.00433514
2591190603581620314,0,3.37135392788127,GALEX J004527.8+404734,11.3659211391768,40.7929028713968,1,-999,23.31469,-999,1.714453,0.08514082,False,-99,0.003355368
2496052061252099270,0,3.37225453006913,GALEX J004527.8+404734,11.3659204877237,40.79284814256,1,-999,23.7974,-999,1.099107,0.08514082,False,-99,0.003099217
2590873944232837918,0,3.37439912024304,GALEX J004550.6+405139,11.4611768167131,40.8610884432648,1,-999,23.85005,-999,1.047082,0.0886479,False,-99,0.003560689
6372252797061041165,0,3.37657654890405,GALEX J004532.2+404606,11.3842052340911,40.7685500982087,1,-999,21.47051,-999,9.371218,0.08037618,False,-99,0.00315014
2590873944232837306,0,3.38214610319588,GALEX J004546.9+405149,11.4455727334855,40.8638150097162,1,-999,24.5159,-999,0.5670745,0.09057135,False,-99,0.002235583
2496052061252099738,0,3.39082106803433,GALEX J004529.9+405017,11.3746655447489,40.8383212477232,1,-999,23.78928,-999,1.10736,0.09265377,False,-99,0.002471779
6449262556036994227,0,3.39565040377189,GALEX J004545.0+404504,11.4378539747809,40.7511842391273,1,-999,23.49273,-999,1.455148,0.08473422,False,-99,0.001255943
6449755137246232779,0,3.40231302275692,GALEX J004601.2+404700,11.5051207398093,40.7833879456688,1,-999,21.64734,-999,7.962768,0.08409201,False,-99,0.003421132
2496052061252099215,0,3.40254681566791,GALEX J004601.2+404701,11.5052819501626,40.7836364130038,1,-999,21.57974,-999,8.47426,0.08409201,False,-99,0.002185275
2591190603581620792,0,3.40775584940789,GALEX J004547.0+405151,11.4459923235993,40.8642091085342,1,-999,24.00499,-999,0.9078311,0.0886479,False,-99,0.003239238
2591190603582683879,0,3.40972832549457,GALEX J004528.4+404707,11.36845877288,40.7854680581977,2,23.7684,-999,1.128862,-999,0.08514082,False,0.003245095,-99
6372252797061041232,0,3.41117463510849,GALEX J004601.3+404701,11.505532413573,40.7837020101008,1,-999,20.9916,-999,14.56668,0.08409201,False,-99,0.003812519
2590873944234934191,0,3.42075774126712,GALEX J004529.8+405019,11.3743100975283,40.8388247210882,3,23.69726,23.59286,1.205305,1.326959,0.09265377,False,0.001426182,0.002625073
6457284592873246900,0,3.42299156457183,GALEX J004601.3+404700,11.5056368995487,40.7834075161871,1,-999,20.43322,-999,24.36196,0.08409201,False,-99,0.004669062
2591190603583717732,0,3.42509029531032,GALEX J004529.8+405020,11.3743294293435,40.8389796326679,3,22.96387,23.36733,2.368401,1.633304,0.09265377,False,0.001820109,0.002527579
2590873944234933835,0,3.42960410876675,GALEX J004601.3+404658,11.5055400002295,40.7829978908415,3,23.80923,21.7339,1.087204,7.352597,0.08409201,False,0.001303256,0.001510914
2590873944232837696,0,3.43052744769348,GALEX J004552.7+405134,11.4698292710726,40.859456663656,1,-999,24.39058,-999,0.6364533,0.0886479,False,-99,0.001820569
2591190603581620756,0,3.4390871953977,GALEX J004552.7+405134,11.4698470190096,40.8596081302686,1,-999,24.26093,-999,0.7171798,0.0886479,False,-99,0.003281706
2496052061252099920,0,3.44277913146755,GALEX J004552.8+405134,11.4701528894313,40.8595663989753,1,-999,24.12165,-999,0.8153392,0.0886479,False,-99,0.002200095
6457284592874299434,0,3.44795644121481,GALEX J004603.2+404831,11.513411265687,40.8087751253802,2,18.29118,-999,175.1987,-999,0.08632507,False,0.001118639,-99
6372252786323619988,0,3.44802039483113,GALEX J004536.3+404525,11.4016111960997,40.7571419613228,1,-999,21.50044,-999,9.116413,0.08037618,False,-99,0.003350918
6449755137246232891,0,3.44855700432137,GALEX J004603.2+404834,11.5134012856272,40.8095243348418,1,-999,14.21832,-999,7458.873,0.08632507,False,-99,0.006018364
2590873944232837777,0,3.44939739591779,GALEX J004538.2+405140,11.4095138050277,40.8612262594303,1,-999,25.1356,-999,0.3204484,0.09175377,False,-99,0.0009236726
2590873944232836375,0,3.45081810113802,GALEX J004530.7+404618,11.3782689064829,40.7717668825284,1,-999,25.33709,-999,0.2661729,0.08514082,False,-99,0.001195215
2590873944232836590,0,3.45335907667586,GALEX J004528.6+404655,11.369511929035,40.7820198634573,1,-999,23.92452,-999,0.9776692,0.08514082,False,-99,0.003076597
2591190603581620841,0,3.45361667658844,GALEX J004554.3+405126,11.4764075261881,40.8572405702438,1,-999,22.42724,-999,3.882422,0.0886479,False,-99,0.008117811
2590873944234933805,0,3.45595267528881,GALEX J004603.2+404833,11.5135745791717,40.809238094345,3,18.28579,13.1849,176.0707,19321.43,0.08632507,False,0.001132218,0.0040665
2591190603581620576,0,3.47327815671954,GALEX J004601.6+404957,11.5066615896341,40.8325090718303,1,-999,22.20664,-999,4.757096,0.08632507,False,-99,0.003155545
6449755137246233004,0,3.4739288907736,GALEX J004601.5+404958,11.5064229077335,40.8329130964552,1,-999,22.19026,-999,4.829413,0.08632507,False,-99,0.002559297
2590873944232836236,0,3.47438671064643,GALEX J004555.4+404536,11.4810795913564,40.7601928845349,1,-999,23.99362,-999,0.9173813,0.08382238,False,-99,0.002728765
2496052061254196500,0,3.47487349255123,GALEX J004603.3+404832,11.5139971154051,40.8090494207303,3,18.31412,12.57639,171.5357,33840.98,0.08632507,False,0.00112276,0.003968901
2591190603581620267,0,3.4751476786169,GALEX J004528.5+404655,11.368851989722,40.78220959582,1,-999,23.34913,-999,1.660919,0.08514082,False,-99,0.003757789
2590873944232836876,0,3.47859324118503,GALEX J004601.6+404957,11.5067942533615,40.8325039025176,1,-999,19.99884,-999,36.34666,0.08632507,False,-99,0.007188619
6449262556036994244,0,3.48944774825717,GALEX J004549.1+404504,11.4549106061374,40.7511343549468,1,-999,23.00001,-999,2.290854,0.0818008,False,-99,0.003025475
6372252797061041429,0,3.49790239336323,GALEX J004531.2+405047,11.3800199523946,40.8465972033323,1,-999,18.32953,-999,169.1169,0.09265377,False,-99,0.003620082
2591190603582683969,0,3.49845450626724,GALEX J004546.1+405157,11.442434229642,40.8659657249359,2,23.53662,-999,1.397511,-999,0.09057135,False,0.003403494,-99
6457284592873246553,0,3.5000376474223,GALEX J004539.4+404507,11.414297362415,40.7521525960699,1,-999,22.41538,-999,3.925076,0.08473422,False,-99,0.003803466
6457284592873247086,0,3.50843320459664,GALEX J004603.5+404832,11.5147401672219,40.8089021478313,1,-999,12.29433,-999,43880.19,0.08632507,False,-99,0.002653055
6457284592873247484,0,3.50929641437905,GALEX J004531.0+405047,11.3795044462346,40.8464434845055,1,-999,18.25072,-999,181.8494,0.09265377,False,-99,0.001511814
2590873944234933306,0,3.5093426049197,GALEX J004539.2+404507,11.4135124640167,40.7521806535303,3,23.99168,22.88836,0.9190272,2.538967,0.08473422,False,0.002632321,0.002773504
6449262556036995289,0,3.51011198458526,GALEX J004531.0+405046,11.3793705763871,40.8463487944463,1,-999,18.25483,-999,181.1616,0.09265377,False,-99,0.001397228
2496052061252099175,0,3.51036813205104,GALEX J004528.1+404701,11.3670680805132,40.783695800611,1,-999,23.68537,-999,1.218575,0.08514082,False,-99,0.002598844
6449755137246233140,0,3.51059813348513,GALEX J004531.0+405047,11.3794104756714,40.8463954917253,1,-999,18.3005,-999,173.7006,0.09265377,False,-99,0.001551405
6372252786323620333,0,3.51074122382819,GALEX J004531.1+405047,11.3796549455832,40.8466087094127,1,-999,18.30986,-999,172.2081,0.09265377,False,-99,0.002164657
2590873944232836567,0,3.5108957127561,GALEX J004528.1+404700,11.3672129073026,40.7834335910155,1,-999,24.6085,-999,0.520713,0.08514082,False,-99,0.002190247
2590873944232837491,0,3.51341394358106,GALEX J004531.0+405047,11.3794143823994,40.8464699454499,1,-999,18.25854,-999,180.5434,0.09265377,False,-99,0.001440432
2496052061252099678,0,3.51845145558167,GALEX J004531.0+405047,11.3793547860127,40.8465458010498,1,-999,18.26459,-999,179.5405,0.09265377,False,-99,0.001309704
6372252797061041446,0,3.51994232919869,GALEX J004559.4+405041,11.4975367250676,40.8448968952087,1,-999,21.82624,-999,6.753083,0.08632507,False,-99,0.002498133
2591190603581620833,0,3.5218178323095,GALEX J004531.0+405047,11.3792426664374,40.8465343260742,1,-999,18.29152,-999,175.1434,0.09265377,False,-99,0.001668014
2591190603582683947,0,3.52361064741097,GALEX J004601.3+405009,11.5056385909765,40.8358853721926,2,23.71489,-999,1.185892,-999,0.08632507,False,0.001276521,-99
6372252797061040943,0,3.52963028228983,GALEX J004603.6+404834,11.5151875281632,40.8095185442123,1,-999,13.56193,-999,13653.03,0.08632507,False,-99,0.006730333
2496052061252098935,0,3.53493609921223,GALEX J004539.0+404506,11.4128530612811,40.7518963828388,1,-999,22.85098,-999,2.627896,0.08473422,False,-99,0.003210136
2590873944232836689,0,3.5428500607483,GALEX J004602.8+404725,11.5120077947499,40.7903041838649,1,-999,20.96858,-999,14.8788,0.08409201,False,-99,0.001432256
6457284592873247503,0,3.5428849583272,GALEX J004539.7+405152,11.4156472743903,40.8644639561598,1,-999,23.35136,-999,1.657503,0.09175377,False,-99,0.001444149
6457284592873246928,0,3.5516954770743,GALEX J004602.9+404724,11.5121473194321,40.7901475517726,1,-999,20.9131,-999,15.65887,0.08409201,False,-99,0.002628807
6449262556036995252,0,3.55422377042132,GALEX J004534.5+405124,11.3937822282386,40.8569191607713,1,-999,22.98258,-999,2.327921,0.09265377,False,-99,0.003371562
6372252786323620208,0,3.55917646056121,GALEX J004602.7+404939,11.5113058659755,40.8277516270815,1,-999,22.18351,-999,4.85956,0.08632507,False,-99,0.001938988
2590873944234934330,0,3.56408976342,GALEX J004534.5+405125,11.3937569332981,40.85710444594,3,22.86403,22.8453,2.596503,2.641686,0.09265377,False,0.002838192,0.001620833
2591190603583717930,0,3.56977167838983,GALEX J004534.4+405125,11.3936136920975,40.8571457274955,3,22.96457,22.882,2.366868,2.553875,0.09265377,False,0.002055074,0.002578603
6457284592873246990,0,3.5715754664428,GALEX J004526.2+404805,11.3592773107395,40.8016496926256,1,-999,23.19985,-999,1.905718,0.08514082,False,-99,0.002764644
6449262556036993597,0,3.57648001755773,GALEX J004603.8+404846,11.5159670575951,40.8128718566918,1,-999,12.41969,-999,39095.31,0.08632507,False,-99,0.01181015
2590873944232836051,0,3.57767779795548,GALEX J004547.8+404455,11.4493146623671,40.7488248048021,1,-999,24.20431,-999,0.7555736,0.0818008,False,-99,0.00269134
2496052061254197033,0,3.58017269298482,GALEX J004534.4+405126,11.3935057295414,40.8572997209309,3,22.87245,23.03542,2.576461,2.217331,0.09265377,False,0.002884738,0.002365788
2590873944232838271,0,3.58910254741346,GALEX J004526.1+404806,11.3588719459287,40.8017783447715,1,-999,23.02,-999,2.249044,0.08514082,False,-99,0.002345845
6449262556036994739,0,3.58931253976012,GALEX J004526.1+404805,11.3588917066584,40.8015985726594,1,-999,22.81418,-999,2.718491,0.08514082,False,-99,0.003537883
6449755137246232658,0,3.59023423070719,GALEX J004546.9+404453,11.4455830201681,40.7482544178653,1,-999,22.89902,-999,2.514144,0.0818008,False,-99,0.002912495
2496052061254196497,0,3.59179513612964,GALEX J004526.1+404805,11.358833884688,40.8016194176709,3,22.60177,23.2419,3.305945,1.833319,0.08514082,False,0.002844304,0.003471469
2591190603581620383,0,3.59664170603284,GALEX J004526.0+404807,11.3586701623667,40.8020461343881,1,-999,22.80771,-999,2.734726,0.08514082,False,-99,0.003250255
2590873944232838223,0,3.6019703414928,GALEX J004550.1+405156,11.4589399880915,40.8655776151539,1,-999,25.09207,-999,0.3335575,0.0886479,False,-99,0.002081806
6457284592873246470,0,3.60701724135735,GALEX J004546.8+404452,11.4452325475625,40.7479466667036,1,-999,22.46112,-999,3.763153,0.0818008,False,-99,0.002127168
6457284592873246677,0,3.60878904936858,GALEX J004558.1+404550,11.492128054476,40.7641109568994,1,-999,22.66162,-999,3.128595,0.08382238,False,-99,0.003172684
6449755137246233168,0,3.61074954745053,GALEX J004534.3+405127,11.3930696855403,40.8576920347836,1,-999,22.56177,-999,3.42998,0.09265377,False,-99,0.005826776
6449755137246232832,0,3.61267370828461,GALEX J004526.0+404805,11.3583839474483,40.8015305369203,1,-999,23.81344,-999,1.082983,0.08514082,False,-99,0.002442981
2496052061252098885,0,3.61371768119335,GALEX J004546.8+404452,11.4450648699509,40.7478221932648,1,-999,22.49101,-999,3.660954,0.0818008,False,-99,0.002287332
6449262556036994243,0,3.6155585407629,GALEX J004546.7+404452,11.4448885940947,40.7477787753424,1,-999,22.57421,-999,3.390902,0.0818008,False,-99,0.00396024
2590873944232837794,0,3.61597495295279,GALEX J004540.0+405157,11.4166475167791,40.8659424083112,1,-999,24.76495,-999,0.4508368,0.09175377,False,-99,0.002415388
2591190603582683899,0,3.61791610966223,GALEX J004525.9+404808,11.3581586466508,40.8023788497236,2,23.11055,-999,2.069096,-999,0.08514082,False,0.004072363,-99
2591190603581620817,0,3.62241172193785,GALEX J004540.0+405157,11.4167240149132,40.8660691983671,1,-999,24.33702,-999,0.6686367,0.09175377,False,-99,0.002779299
2590873944232836060,0,3.62523782499487,GALEX J004546.8+404451,11.4451700152998,40.747636956274,1,-999,22.5102,-999,3.596823,0.0818008,False,-99,0.001320457
2590873944232836623,0,3.62641910307587,GALEX J004526.9+404715,11.3621851488871,40.7877195335073,1,-999,25.29509,-999,0.2766702,0.08514082,False,-99,0.001484593
2496052061252098983,0,3.62665104095082,GALEX J004533.0+404537,11.387871858258,40.7604338257368,1,-999,24.17441,-999,0.7766677,0.08037618,False,-99,0.00211065
6372252797061041112,0,3.62676674123082,GALEX J004556.1+404531,11.4839610910421,40.7586237305191,1,-999,21.62523,-999,8.126586,0.08382238,False,-99,0.003186344
2590873944232836136,0,3.63145615992915,GALEX J004553.9+404515,11.4746539303553,40.7541895391579,1,-999,24.41734,-999,0.6209595,0.08382238,False,-99,0.002783142
6449755137246232696,0,3.63982283263873,GALEX J004531.3+404553,11.3807880580699,40.7649258571181,1,-999,22.79445,-999,2.768333,0.08037618,False,-99,0.003182229
2591190603581620876,0,3.63985283980559,GALEX J004540.9+405201,11.4205643042705,40.8670734248744,1,-999,23.39415,-999,1.593459,0.09175377,False,-99,0.00462902
2591190603582683882,0,3.64061272881557,GALEX J004527.1+404707,11.3629384705247,40.7855160915923,2,24.1838,-999,0.7699828,-999,0.08514082,False,0.003551987,-99
6372252797061041166,0,3.64120732596903,GALEX J004530.3+404606,11.3763581299645,40.7685361545266,1,-999,21.35123,-999,10.4594,0.08514082,False,-99,0.003842607
6449262556036994377,0,3.64243344055941,GALEX J004531.5+404551,11.3814099968881,40.7643983768849,1,-999,22.34169,-999,4.200717,0.08037618,False,-99,0.004397085
6457284592873247554,0,3.64574550212931,GALEX J004534.3+405130,11.3931053397542,40.8584117528679,1,-999,21.90688,-999,6.269715,0.09265377,False,-99,0.005564596
6372252786323620037,0,3.64985636741417,GALEX J004530.3+404606,11.3762756485197,40.7683870263426,1,-999,21.70987,-999,7.517124,0.08514082,False,-99,0.002494982
2590873944232837859,0,3.65108413176151,GALEX J004540.9+405202,11.4205836554385,40.867268075288,1,-999,24.67468,-999,0.4899222,0.09175377,False,-99,0.002081642
6372252786323620200,0,3.65580257592584,GALEX J004603.5+404930,11.5146425590921,40.8252136616685,1,-999,22.21185,-999,4.73435,0.08632507,False,-99,0.0009626157
6372252797061041189,0,3.65602756995226,GALEX J004600.9+404623,11.5037728408375,40.7732038454935,1,-999,21.68077,-999,7.721337,0.08409201,False,-99,0.003154327
2590873944232838238,0,3.65609725629315,GALEX J004556.4+405124,11.4852026211806,40.8568731968897,1,-999,24.20571,-999,0.7546006,0.0886479,False,-99,0.003297668
2496052061252099054,0,3.65684380318323,GALEX J004531.4+404551,11.3809624718085,40.7643946594251,1,-999,22.43631,-999,3.850132,0.08037618,False,-99,0.003572626
2590873944232836436,0,3.65694940209389,GALEX J004531.4+404551,11.3811247814604,40.7642713122221,1,-999,22.32236,-999,4.276165,0.08037618,False,-99,0.003236329
2590873944232836210,0,3.66050114180561,GALEX J004556.2+404529,11.4845614386298,40.758257987265,1,-999,23.78056,-999,1.116285,0.08382238,False,-99,0.004504585
2590873944233891329,0,3.66179019829576,GALEX J004558.4+405105,11.4935712494302,40.8516482740813,2,23.94768,-999,0.9570362,-999,0.0886479,False,0.002053888,-99
2590873944232838194,0,3.66586175831727,GALEX J004535.0+405136,11.3959111057777,40.8601494282176,1,-999,23.82428,-999,1.07223,0.09265377,False,-99,0.002003568
6449755137246232720,0,3.668227195031,GALEX J004530.0+404607,11.3752166350603,40.7688674579383,1,-999,21.45262,-999,9.526915,0.08514082,False,-99,0.002598129
6457284592873246500,0,3.66940060828487,GALEX J004551.3+404500,11.4641433586417,40.7500448009333,1,-999,23.01855,-999,2.252053,0.08382238,False,-99,0.001942569
2590873944232836047,0,3.67509860518145,GALEX J004551.2+404459,11.46366961506,40.7498203236691,1,-999,24.80306,-999,0.4352864,0.08382238,False,-99,0.00304006
6457284592873247117,0,3.67525768633017,GALEX J004525.8+404907,11.3578780856735,40.8187622809411,1,-999,22.76626,-999,2.841165,0.09081805,False,-99,0.002882589
2590873944234935507,0,3.67528686637186,GALEX J004525.8+404907,11.3578631513517,40.8187026684623,3,23.54418,22.44065,1.387804,3.834769,0.09081805,False,0.002791472,0.001565488
2590873944232836443,0,3.67716947211761,GALEX J004530.1+404605,11.3755539604125,40.7683282781989,1,-999,21.2095,-999,11.91795,0.08514082,False,-99,0.001336643
6457284592873246678,0,3.67798031010268,GALEX J004531.3+404551,11.3805993227953,40.7641711613719,1,-999,21.79181,-999,6.970655,0.08037618,False,-99,0.005425338
2591190603583717627,0,3.67837455358581,GALEX J004525.8+404907,11.3578106902704,40.8187721583291,3,23.81007,22.38785,1.086363,4.025887,0.09081805,False,0.001210388,0.002123569
2496052061252099520,0,3.67870169780986,GALEX J004526.2+404927,11.3594489926885,40.8242052100874,1,-999,23.4945,-999,1.452777,0.09081805,False,-99,0.003020103
6449262556036994454,0,3.67879208319236,GALEX J004530.1+404605,11.3755564176153,40.7682840873824,1,-999,21.34842,-999,10.48653,0.08514082,False,-99,0.003316035
6457284592873246756,0,3.68021728122366,GALEX J004530.1+404605,11.3756187699586,40.7681913182684,1,-999,21.03906,-999,13.94358,0.08514082,False,-99,0.004336546
2496052061252099086,0,3.68066769628581,GALEX J004530.0+404606,11.3752803574967,40.7684847294903,1,-999,21.22259,-999,11.77511,0.08514082,False,-99,0.001990729
6449262556036994931,0,3.68134953671656,GALEX J004525.8+404907,11.357735602303,40.8187367058159,1,-999,22.02319,-999,5.632769,0.09081805,False,-99,0.002917194
2590873944232836873,0,3.68146535194628,GALEX J004526.2+404927,11.3593908605617,40.8242189457131,1,-999,23.38751,-999,1.603223,0.09081805,False,-99,0.003309386
6449755137246232928,0,3.68188532623864,GALEX J004525.8+404907,11.3577587940908,40.818882774698,1,-999,22.23375,-999,4.639797,0.09081805,False,-99,0.002742974
2591190603581620761,0,3.68335564389384,GALEX J004534.9+405137,11.395650267912,40.8603710009248,1,-999,23.95794,-999,0.9480357,0.09265377,False,-99,0.002814842
2496052061252099504,0,3.68617836912336,GALEX J004525.8+404907,11.3576469393686,40.8188176331487,1,-999,22.30223,-999,4.356178,0.09081805,False,-99,0.004617061
2591190603581620906,0,3.69023024878555,GALEX J004555.5+405133,11.4816285299528,40.8594300085222,1,-999,22.17222,-999,4.91036,0.0886479,False,-99,0.009369683
6457284592873247181,0,3.69080504935406,GALEX J004526.2+404927,11.3591924571128,40.8242600572134,1,-999,22.61759,-999,3.258104,0.09081805,False,-99,0.003942753
6449755137246233099,0,3.69460908488575,GALEX J004558.6+405106,11.4944411605426,40.8517709790546,1,-999,22.34716,-999,4.179621,0.0886479,False,-99,0.005448991
2590873944232838077,0,3.69639764393707,GALEX J004555.6+405133,11.4819466457911,40.8593963456509,1,-999,24.58342,-999,0.5328814,0.0886479,False,-99,0.002653955
2591190603581620497,0,3.6970946593113,GALEX J004526.1+404927,11.3590967058431,40.8243905885037,1,-999,23.51577,-999,1.424592,0.09081805,False,-99,0.003521549
2591190603581620727,0,3.69900965139707,GALEX J004558.8+405104,11.4951868946212,40.8513149533401,1,-999,22.49623,-999,3.643424,0.0886479,False,-99,0.004796691
6457284592873246884,0,3.70288449223594,GALEX J004601.8+404635,11.5078482642793,40.7765987862205,1,-999,20.2704,-999,28.30352,0.08409201,False,-99,0.01363646
2496052061252099915,0,3.70705313582424,GALEX J004555.8+405133,11.4826037570776,40.859282160708,1,-999,23.65061,-999,1.258214,0.0886479,False,-99,0.002545655
2496052061253152240,0,3.70720501038835,GALEX J004604.5+404821,11.5190964351833,40.8060177202239,2,22.65822,-999,3.138446,-999,0.08409201,False,0.002903493,-99
6449262556036994926,0,3.70969157068153,GALEX J004526.1+404927,11.3587901589876,40.8243402180964,1,-999,23.57406,-999,1.350131,0.09081805,False,-99,0.00198417
6449262556036995219,0,3.71035334517879,GALEX J004558.9+405104,11.4956024990276,40.8512666230465,1,-999,23.10802,-999,2.073929,0.0886479,False,-99,0.005645811
2496052061252099095,0,3.72182351965776,GALEX J004528.5+404625,11.3690280264846,40.7737136239909,1,-999,24.02431,-999,0.891819,0.08514082,False,-99,0.001761407
2590873944232838292,0,3.72262243502439,GALEX J004534.1+405134,11.3924208104139,40.8596054476761,1,-999,22.07187,-999,5.385828,0.09265377,False,-99,0.004237816
2496052061253152369,0,3.72378606310224,GALEX J004601.5+405028,11.5066386473117,40.8411637457095,2,23.35086,-999,1.658285,-999,0.08632507,False,0.002662265,-99
2591190603581620858,0,3.72471862777766,GALEX J004534.1+405134,11.3923834184367,40.8596286553521,1,-999,22.31377,-999,4.310156,0.09265377,False,-99,0.004542053
6449755137246232825,0,3.72571627723651,GALEX J004525.5+404754,11.3563823605581,40.7985296849775,1,-999,23.46026,-999,1.499324,0.08514082,False,-99,0.00281391
6372252786323620242,0,3.72774107374875,GALEX J004527.2+405006,11.3637229343919,40.8350345271869,1,-999,21.74265,-999,7.293589,0.09265377,False,-99,0.002069752
2496052061252099886,0,3.72793835906945,GALEX J004534.2+405135,11.3924891293681,40.8597454125363,1,-999,22.18073,-999,4.871997,0.09265377,False,-99,0.00560616
6449755137246232661,0,3.73151520710258,GALEX J004552.2+404459,11.4678414980553,40.7499854455097,1,-999,23.23055,-999,1.852584,0.08382238,False,-99,0.003406052
6449755137246233035,0,3.73663725174229,GALEX J004527.2+405007,11.3636811639145,40.8353070037175,1,-999,21.23062,-999,11.68831,0.09265377,False,-99,0.00295032
6457284592873247415,0,3.7367989617656,GALEX J004559.0+405106,11.4958277792414,40.8517207253489,1,-999,22.58377,-999,3.361193,0.0886479,False,-99,0.004262234
2590873944232836591,0,3.74085142685772,GALEX J004602.8+404651,11.5119269477212,40.7810870992514,1,-999,23.89214,-999,1.007265,0.08409201,False,-99,0.003184253
6457284592873247467,0,3.74119624032596,GALEX J004555.8+405135,11.4826912439361,40.8599201898263,1,-999,23.60901,-999,1.307358,0.0886479,False,-99,0.002422279
6457284592873247338,0,3.74410700138103,GALEX J004527.2+405007,11.3635857928251,40.8354421606253,1,-999,21.15335,-999,12.55046,0.09265377,False,-99,0.004999945
2496052061252099632,0,3.74437836717675,GALEX J004527.2+405007,11.3635082107942,40.8353332876945,1,-999,21.18385,-999,12.20281,0.09265377,False,-99,0.001610431
6449262556036995073,0,3.7464530290008,GALEX J004527.2+405006,11.3634017503317,40.8352475874013,1,-999,21.24168,-999,11.56981,0.09265377,False,-99,0.00243764
2590873944232837869,0,3.7474671160745,GALEX J004527.2+405007,11.3634420912117,40.8353482126845,1,-999,21.33331,-999,10.6335,0.09265377,False,-99,0.001440449
2591190603581620240,0,3.75073547958768,GALEX J004528.3+404625,11.3681509070005,40.7738500108915,1,-999,23.98585,-999,0.9239756,0.08514082,False,-99,0.002643609
2591190603581620587,0,3.751777028974,GALEX J004527.2+405007,11.3633502861684,40.8353697354661,1,-999,21.33792,-999,10.58848,0.09265377,False,-99,0.001786449
6449262556036995322,0,3.75228830503729,GALEX J004534.0+405135,11.392013426497,40.8599945428325,1,-999,22.56778,-999,3.411048,0.09265377,False,-99,0.00463883
2590873944232836499,0,3.75305307387814,GALEX J004528.4+404624,11.3684479114473,40.77343438176,1,-999,23.65835,-999,1.249282,0.08514082,False,-99,0.003415765
2496052061252098851,0,3.76351826842583,GALEX J004543.7+404442,11.4320648594539,40.7451876527199,1,-999,23.60264,-999,1.315056,0.0818008,False,-99,0.002536255
2590873944234933178,0,3.77329011197082,GALEX J004543.7+404442,11.4321305872367,40.7450211934822,3,23.26228,23.52655,1.79925,1.410526,0.0818008,False,0.002945816,0.002446173
2591190603581620368,0,3.77773900538629,GALEX J004525.0+404820,11.3543679710303,40.8055871605363,1,-999,23.18331,-999,1.934969,0.09081805,False,-99,0.003259442
6449755137246232646,0,3.77901677636287,GALEX J004545.8+404441,11.4409323602252,40.7448478196847,1,-999,23.5962,-999,1.322881,0.0818008,False,-99,0.00298438
6449262556036994786,0,3.78149813622673,GALEX J004525.0+404818,11.3543052812784,40.805190388367,1,-999,22.72657,-999,2.946952,0.08514082,False,-99,0.003831123
2590873944232838365,0,3.78639777102281,GALEX J004525.0+404819,11.3541885314638,40.8053555964802,1,-999,23.26863,-999,1.788743,0.09081805,False,-99,0.002827646
2590873944232837772,0,3.79535384770945,GALEX J004542.9+405214,11.4289531262226,40.870702319378,1,-999,23.53676,-999,1.39732,0.09175377,False,-99,0.003006337
2496052061252100013,0,3.79701742018725,GALEX J004542.8+405214,11.4284505801701,40.870689978544,1,-999,23.8698,-999,1.028202,0.09175377,False,-99,0.002343631
6449262556036994208,0,3.79767015039061,GALEX J004543.7+404440,11.4321732409027,40.7446119428392,1,-999,22.27349,-999,4.47303,0.0818008,False,-99,0.004514225
2590873944232837768,0,3.79860516398475,GALEX J004554.2+405150,11.4760434779694,40.8639718808899,1,-999,24.27248,-999,0.7095923,0.0886479,False,-99,0.003349937
2590873944232836005,0,3.800990933794,GALEX J004546.1+404440,11.4423039929271,40.7445324695951,1,-999,23.88953,-999,1.009685,0.0818008,False,-99,0.002659697
2590873944232838311,0,3.81024168410267,GALEX J004530.8+405110,11.3783543241389,40.8528329936314,1,-999,23.57088,-999,1.354094,0.09265377,False,-99,0.004077457
6449262556036994156,0,3.8118118806663,GALEX J004546.0+404439,11.4418321496004,40.7443323387294,1,-999,23.43224,-999,1.538524,0.0818008,False,-99,0.002639433
6372252797061041478,0,3.8156482239589,GALEX J004558.3+405119,11.493026079408,40.855518003688,1,-999,21.7599,-999,7.17858,0.0886479,False,-99,0.002741599
6449262556036995386,0,3.82455610676883,GALEX J004542.9+405216,11.4289802597299,40.8711936591501,1,-999,22.86341,-999,2.597986,0.09175377,False,-99,0.002693258
2591190603581620882,0,3.82952368622075,GALEX J004542.9+405216,11.4290238337701,40.8712802161412,1,-999,23.59747,-999,1.321333,0.09175377,False,-99,0.00254558
6449755137246232862,0,3.83040668355507,GALEX J004524.7+404821,11.353188480653,40.8060509375033,1,-999,23.57223,-999,1.352404,0.09081805,False,-99,0.002856956
6449262556036994506,0,3.83138651621619,GALEX J004526.7+404649,11.3612598719791,40.7804607706929,1,-999,23.80342,-999,1.093033,0.08514082,False,-99,0.001113624
6457284592873247019,0,3.83639612969552,GALEX J004524.7+404819,11.353077675172,40.8055429322888,1,-999,23.24822,-999,1.822691,0.09081805,False,-99,0.00311988
2590873944232835998,0,3.83795764355209,GALEX J004547.5+404439,11.4482727705493,40.7443341553321,1,-999,24.05069,-999,0.870411,0.0818008,False,-99,0.003695562
2496052061252098867,0,3.84350991380671,GALEX J004547.5+404439,11.4479752655501,40.7442123370474,1,-999,23.88829,-999,1.010846,0.0818008,False,-99,0.00315485
2496052061253152475,0,3.8446126304362,GALEX J004543.7+405218,11.4324726587958,40.8717416769936,2,22.98038,-999,2.332662,-999,0.09175377,False,0.002479149,-99
2590873944232836011,0,3.85640655820164,GALEX J004552.2+404451,11.4675878250633,40.7476781433752,1,-999,24.4488,-999,0.6032276,0.08382238,False,-99,0.001963075
6449262556036994176,0,3.85893420194342,GALEX J004542.3+404438,11.426358166422,40.7440180469108,1,-999,23.58757,-999,1.333438,0.08473422,False,-99,0.002408525
6449262556036995359,0,3.85935833825545,GALEX J004549.7+405213,11.4574272905218,40.8703087034391,1,-999,23.86201,-999,1.035608,0.0886479,False,-99,0.001265736
2590873944232838125,0,3.87336620445071,GALEX J004524.7+404857,11.3529065580899,40.8160390290054,1,-999,23.27369,-999,1.780422,0.09081805,False,-99,0.002651294
6449755137246233205,0,3.87493326101166,GALEX J004541.7+405217,11.4240758559657,40.8715564598071,1,-999,23.92513,-999,0.977124,0.09175377,False,-99,0.001487115
2590873944232837647,0,3.87590715311532,GALEX J004544.2+405220,11.434526932174,40.8723370605972,1,-999,23.47936,-999,1.473183,0.09175377,False,-99,0.005264419
2590873944232836479,0,3.87702421631089,GALEX J004527.2+404631,11.3635802016867,40.7754760875724,1,-999,24.54006,-999,0.5545928,0.08514082,False,-99,0.003353919
2496052061252099464,0,3.87728692330902,GALEX J004524.6+404857,11.3528007099297,40.8159274820423,1,-999,23.4644,-999,1.493618,0.09081805,False,-99,0.003898572
2591190603581620884,0,3.87843762846759,GALEX J004544.2+405220,11.4344688731213,40.8723777165288,1,-999,24.15908,-999,0.787715,0.09175377,False,-99,0.003254376
2590873944234935292,0,3.87917319592363,GALEX J004524.9+404739,11.3539644160185,40.7943119965142,3,22.63725,22.01876,3.199658,5.655792,0.08514082,False,0.002702715,0.001662462
2591190603581620246,0,3.87978388121847,GALEX J004527.1+404633,11.3630810260964,40.7760456202916,1,-999,23.96453,-999,0.9423001,0.08514082,False,-99,0.003095999
2496052061253152203,0,3.88048868214454,GALEX J004524.9+404739,11.353932136104,40.7943214640549,2,22.69101,-999,3.04507,-999,0.08514082,False,0.001949127,-99
6457284592873246582,0,3.88620543922774,GALEX J004558.3+404530,11.4929672654379,40.75847018151,1,-999,23.15789,-999,1.98082,0.08382238,False,-99,0.002779771
2496052061252100025,0,3.88820468852858,GALEX J004544.3+405221,11.4348322894638,40.8725497541502,1,-999,23.51998,-999,1.419079,0.09175377,False,-99,0.002813844
2590873944232838003,0,3.88934113135976,GALEX J004527.1+405023,11.3630080327608,40.8397836919448,1,-999,23.98125,-999,0.9278998,0.09265377,False,-99,0.002852843
6372252797061041501,0,3.89235019661987,GALEX J004534.4+405148,11.3936456522441,40.8635231837047,1,-999,21.75031,-999,7.242317,0.09265377,False,-99,0.001544792
2591190603582683890,0,3.89236067683277,GALEX J004524.8+404739,11.3536970710086,40.7942074383715,2,22.71342,-999,2.982875,-999,0.08514082,False,0.004327292,-99
2591190603581620434,0,3.89461886937245,GALEX J004524.6+404859,11.3525218691281,40.8165396567134,1,-999,23.2681,-999,1.789617,0.09081805,False,-99,0.004213968
6449262556036994193,0,3.89547798224195,GALEX J004552.3+404449,11.4682456558009,40.7471712844283,1,-999,23.42762,-999,1.545079,0.08382238,False,-99,0.002947676
2591190603581620657,0,3.89635111726921,GALEX J004600.5+405101,11.5021803276172,40.850460994211,1,-999,24.39281,-999,0.6351515,0.08632507,False,-99,0.00322924
6457284592873246705,0,3.89725710169108,GALEX J004601.1+404603,11.5049479567924,40.7676380433427,1,-999,22.58871,-999,3.345919,0.08409201,False,-99,0.003675154
6457284592874299416,0,3.90668881953247,GALEX J004524.8+404739,11.3533483989202,40.7943002630073,2,22.77894,-999,2.808178,-999,0.08514082,False,0.002813051,-99
2590873944232836192,0,3.9087506094642,GALEX J004531.3+404531,11.3807587691537,40.7588073078119,1,-999,24.72313,-999,0.4685385,0.08037618,False,-99,0.001349837
2590873944232838305,0,3.910008679697,GALEX J004525.3+404940,11.3555872146265,40.8278735418083,1,-999,23.76255,-999,1.134959,0.09081805,False,-99,0.002362663
6372252797061041276,0,3.91794139326418,GALEX J004605.3+404745,11.5223152918713,40.7958639958483,1,-999,21.52005,-999,8.953233,0.08409201,False,-99,0.001939752
6372252797061041617,0,3.92821237447588,GALEX J004547.3+405222,11.447318452808,40.8728252424148,1,-999,21.19002,-999,12.13366,0.08953264,False,-99,0.002756101
2590873944232836251,0,3.94201255289341,GALEX J004558.4+404527,11.4934083397756,40.7575343529848,1,-999,23.38849,-999,1.601786,0.08382238,False,-99,0.004573805
6449755137246232962,0,3.94571789388022,GALEX J004525.1+404939,11.3546799447514,40.8276813439225,1,-999,23.40786,-999,1.57346,0.09081805,False,-99,0.003563423
2590873944232836700,0,3.95890438274545,GALEX J004605.1+404724,11.521490342544,40.7901422321419,1,-999,21.87364,-999,6.464628,0.08409201,False,-99,0.002731617
2590873944232838259,0,3.9676359667985,GALEX J004524.0+404822,11.3501621475566,40.8061561604272,1,-999,23.73745,-999,1.161501,0.09081805,False,-99,0.003683181
6449262556036994965,0,3.97403758520843,GALEX J004524.9+404940,11.35407133113,40.8277905197342,1,-999,22.32983,-999,4.246855,0.09081805,False,-99,0.005541591
6372252786323620351,0,3.97527523828864,GALEX J004530.8+405124,11.3785034109476,40.8567377886518,1,-999,20.64802,-999,19.98909,0.09265377,False,-99,0.004347392
6449755137246232703,0,3.97637437177023,GALEX J004550.1+404436,11.4589670876502,40.7435296151195,1,-999,20.28943,-999,27.81175,0.0818008,False,-99,0.008605398
6449262556036994181,0,3.97655609388597,GALEX J004536.6+404449,11.4025894040396,40.7470025374506,1,-999,23.91233,-999,0.9887097,0.08037618,False,-99,0.002279131
2591190603581620753,0,3.97827313767915,GALEX J004558.2+405133,11.4928305514463,40.8591948465036,1,-999,23.16962,-999,1.959524,0.0886479,False,-99,0.003925753
6457284592873247556,0,3.97985435293139,GALEX J004530.7+405123,11.3781813051513,40.8566181336636,1,-999,20.39866,-999,25.1498,0.09265377,False,-99,0.001946957
2591190603581620361,0,3.98668638357541,GALEX J004523.9+404822,11.3497406094345,40.8062161211705,1,-999,24.19898,-999,0.7592891,0.09081805,False,-99,0.003462168
6449755137246233165,0,3.99036695270413,GALEX J004530.7+405124,11.3782244955823,40.8568857731376,1,-999,20.59968,-999,20.89904,0.09265377,False,-99,0.001638491
6449262556036995425,0,3.99399170399693,GALEX J004547.2+405226,11.4468671757459,40.8739660222364,1,-999,21.99144,-999,5.799961,0.08953264,False,-99,0.002210441
6449755137246232746,0,3.99442926160237,GALEX J004604.2+404650,11.5177925090947,40.7806282848747,1,-999,23.0002,-999,2.290442,0.08409201,False,-99,0.003602207
6449262556036995372,0,3.99567371500379,GALEX J004552.6+405211,11.4693069113114,40.8698727027635,1,-999,22.56549,-999,3.41824,0.0886479,False,-99,0.002172769
6449755137246233223,0,3.99791333164249,GALEX J004547.1+405226,11.4463405195664,40.8740731616593,1,-999,22.09131,-999,5.290226,0.08953264,False,-99,0.004164163
6449755137246233199,0,3.99891096850748,GALEX J004552.6+405211,11.4695426715177,40.8698612105578,1,-999,23.33867,-999,1.676992,0.0886479,False,-99,0.002764155
2590873944232837827,0,3.99906328702886,GALEX J004547.1+405226,11.4465821941019,40.8740737306601,1,-999,21.96273,-999,5.955365,0.08953264,False,-99,0.001743834
2590873944232838198,0,3.9991878642129,GALEX J004530.7+405125,11.3780870133075,40.8569899031839,1,-999,20.49214,-999,23.07517,0.09265377,False,-99,0.001450597
2591190603581620980,0,3.99977461614395,GALEX J004547.1+405226,11.4465457084883,40.8740885041141,1,-999,21.98426,-999,5.838437,0.08953264,False,-99,0.001809845
2496052061252099852,0,4.00168239907345,GALEX J004530.7+405125,11.3781171901992,40.8570670457304,1,-999,20.48307,-999,23.26871,0.09265377,False,-99,0.001396936
2591190603581620620,0,4.00198517728913,GALEX J004602.0+405050,11.508372345006,40.8474379336689,1,-999,24.70336,-999,0.4771507,0.08520792,False,-99,0.00284517
2590873944232837399,0,4.00278631022231,GALEX J004552.6+405211,11.4693596833054,40.8699843719115,1,-999,22.97804,-999,2.337672,0.0886479,False,-99,0.00217196
6449262556036995353,0,4.00345450198304,GALEX J004530.7+405125,11.3779845096395,40.8570153621106,1,-999,20.52352,-999,22.41783,0.09265377,False,-99,0.001501068
2591190603581620872,0,4.00391355676222,GALEX J004530.7+405125,11.3779990422238,40.8570357880015,1,-999,20.52599,-999,22.36688,0.09265377,False,-99,0.001632237
2496052061254196065,0,4.00578610619755,GALEX J004550.0+404434,11.458729005613,40.742979110631,3,20.67183,20.25579,19.55547,28.6869,0.0818008,False,0.002832743,0.002308809
2591190603583717678,0,4.00581925093122,GALEX J004524.8+404941,11.353453213716,40.8280678167706,3,23.40875,22.77847,1.572177,2.809375,0.09081805,False,0.00140365,0.00427789
2591190603581620881,0,4.0067525360034,GALEX J004552.6+405212,11.4693294030489,40.8700641263953,1,-999,23.08904,-999,2.110491,0.0886479,False,-99,0.002189247
6457284592873247001,0,4.0069778531276,GALEX J004524.3+404734,11.3515297386959,40.7927872350521,1,-999,20.2802,-999,28.04913,0.08514082,False,-99,0.003863802
2496052061252100018,0,4.00771534159941,GALEX J004547.1+405227,11.4465419409494,40.8742218452429,1,-999,21.91936,-999,6.198059,0.08953264,False,-99,0.002790918
6449755137246233212,0,4.01003700201081,GALEX J004551.0+405218,11.4626155114675,40.8718538454914,1,-999,23.75862,-999,1.139074,0.0886479,False,-99,0.002355085
2496052061252099924,0,4.01094766183275,GALEX J004552.6+405212,11.4693994134584,40.8701186079177,1,-999,22.81959,-999,2.704966,0.0886479,False,-99,0.001928352
6449262556036994822,0,4.01254648505633,GALEX J004524.3+404734,11.3513966479703,40.7928111648951,1,-999,20.27269,-999,28.24378,0.08514082,False,-99,0.003312521
6457284592873247624,0,4.01329418228938,GALEX J004547.3+405227,11.4471780980793,40.8742640791093,1,-999,22.3183,-999,4.292199,0.08953264,False,-99,0.004613477
6372252797061041041,0,4.01373300903672,GALEX J004550.1+404434,11.4590109056063,40.7428958815177,1,-999,20.14271,-999,31.83588,0.0818008,False,-99,0.004768486
2591190603581620390,0,4.01455319230335,GALEX J004524.3+404735,11.3512750816999,40.7930643318736,1,-999,20.35356,-999,26.21661,0.08514082,False,-99,0.003196394
6449755137246232633,0,4.01546444258574,GALEX J004543.8+404427,11.4326965901611,40.7409523001924,1,-999,24.65251,-999,0.5000286,0.0818008,False,-99,0.002313836
2590873944234933329,0,4.01556295674476,GALEX J004550.1+404434,11.458852988395,40.7428345454011,3,20.59166,20.20643,21.0542,30.02119,0.0818008,False,0.002186243,0.002054503
6449719952874143747,0,4.01651111634708,GALEX J004547.2+405227,11.4468610374993,40.8743439750801,1,-999,22.18487,-999,4.853478,0.08953264,False,-99,0.003471238
2590873944232837812,0,4.01662327631138,GALEX J004602.0+405051,11.5086046329465,40.8476106456436,1,-999,24.51678,-999,0.5666133,0.08520792,False,-99,0.002104936
6372252797061041470,0,4.01846096386183,GALEX J004530.7+405127,11.3782972843943,40.8575678663527,1,-999,20.79449,-999,17.46633,0.09265377,False,-99,0.002643767
2496052061252099615,0,4.0198026216223,GALEX J004524.7+404940,11.353104207563,40.8280061264623,1,-999,22.5455,-999,3.481758,0.09081805,False,-99,0.00438771
6449755137246232842,0,4.01984933007865,GALEX J004524.2+404735,11.3511562214133,40.7930620947893,1,-999,20.39584,-999,25.21536,0.08514082,False,-99,0.003381861
6457284592875343639,0,4.01987887837569,GALEX J004550.1+404434,11.459085272439,40.7428044213611,3,20.59001,20.3377,21.0862,26.6023,0.0818008,False,0.003321011,0.003156159
6457284592873246626,0,4.02171694453934,GALEX J004537.6+404441,11.4067714299744,40.7449179469701,1,-999,22.74281,-999,2.903195,0.08037618,False,-99,0.00325409
2496052061252099357,0,4.02174225176084,GALEX J004524.2+404734,11.351173105316,40.7928634388062,1,-999,20.30385,-999,27.44472,0.08514082,False,-99,0.003548106
6372252797061041258,0,4.02661652679173,GALEX J004524.2+404733,11.3511286187544,40.792647730763,1,-999,20.62106,-999,20.49167,0.08514082,False,-99,0.003276851
2590873944232836620,0,4.0322780003731,GALEX J004604.4+404649,11.5186531988832,40.7805410669584,1,-999,22.45449,-999,3.786213,0.08409201,False,-99,0.004579478
6372252786323619985,0,4.03623064291517,GALEX J004524.2+404734,11.3508455656352,40.7928646922987,1,-999,20.5972,-999,20.94683,0.08514082,False,-99,0.005195648
2590873944232838255,0,4.03669732650389,GALEX J004524.6+404940,11.3526715735978,40.827903823147,1,-999,23.0709,-999,2.146041,0.09081805,False,-99,0.003101012
6449262556036994273,0,4.03848200789151,GALEX J004550.0+404432,11.4586984467476,40.742412127805,1,-999,20.05984,-999,34.36068,0.0818008,False,-99,0.002523123
6457284592873247570,0,4.0388986979141,GALEX J004552.8+405213,11.4702207827336,40.8703757191846,1,-999,23.15944,-999,1.977986,0.0886479,False,-99,0.003240547
2590873944232838415,0,4.03994038037032,GALEX J004524.2+404733,11.3508641223694,40.7925284040841,1,-999,20.50452,-999,22.8134,0.08514082,False,-99,0.00142321
6372252797061041423,0,4.04733079660208,GALEX J004525.8+405016,11.357784353077,40.8379657846072,1,-999,21.37814,-999,10.20334,0.09081805,False,-99,0.002777714
6457284592873246842,0,4.05660289936904,GALEX J004604.6+404651,11.5194288901614,40.7808703417532,1,-999,21.18282,-999,12.21437,0.08409201,False,-99,0.006900979
6449755137246233019,0,4.0628854460543,GALEX J004525.7+405016,11.3573224521762,40.8378453429608,1,-999,21.5919,-999,8.379922,0.09081805,False,-99,0.001818774
6372252786323620247,0,4.0642838359069,GALEX J004525.6+405014,11.3570408102148,40.8374642453059,1,-999,21.67572,-999,7.757288,0.09081805,False,-99,0.001658062
6449262556036995200,0,4.06716984252731,GALEX J004528.5+405105,11.3690532429362,40.8515120553361,1,-999,22.87443,-999,2.571733,0.09265377,False,-99,0.003010611
2590873944232837962,0,4.07433403696425,GALEX J004525.7+405016,11.3571270198428,40.837976712749,1,-999,21.39183,-999,10.07553,0.09081805,False,-99,0.001403522
2590873944232836052,0,4.07600364613021,GALEX J004555.7+404456,11.4823793195697,40.7489560077063,1,-999,24.50344,-999,0.5736179,0.08382238,False,-99,0.003461448
2591190603581620612,0,4.08052462708379,GALEX J004525.6+405017,11.3570282446321,40.8380582251335,1,-999,21.40983,-999,9.909863,0.09081805,False,-99,0.001684128
6457284592875344610,0,4.0811269798505,GALEX J004600.7+405115,11.5030892183973,40.8542930162507,3,22.90381,21.70244,2.5031,7.568736,0.08520792,False,0.00112472,0.004619559
6457284592873247320,0,4.08294906434701,GALEX J004525.6+405017,11.3570237413913,40.8381421132462,1,-999,21.72754,-999,7.395736,0.09081805,False,-99,0.002972614
2496052061252099695,0,4.08486445518253,GALEX J004525.6+405017,11.3569650972787,40.8381246141894,1,-999,21.35919,-999,10.38306,0.09081805,False,-99,0.00142047
6449262556036995124,0,4.08650676860841,GALEX J004525.5+405015,11.3566315962993,40.8376744060815,1,-999,21.28307,-999,11.13713,0.09081805,False,-99,0.002971344
6449262556036995275,0,4.09262189278158,GALEX J004600.7+405116,11.5030668736966,40.8545907601004,1,-999,22.12782,-999,5.115305,0.08687077,False,-99,0.005235166
2591190603581620698,0,4.09420543863338,GALEX J004528.4+405105,11.3684143511126,40.8516375088532,1,-999,23.13452,-999,2.023913,0.09265377,False,-99,0.004210805
2590873944234933156,0,4.09437629128497,GALEX J004548.5+404425,11.4524169287442,40.7404796787553,3,23.55512,22.36334,1.3739,4.11777,0.0818008,False,0.002915648,0.001671692
2590873944232837998,0,4.09551241935905,GALEX J004528.4+405105,11.3683466869527,40.8516103323084,1,-999,22.95278,-999,2.39269,0.09265377,False,-99,0.002867042
6449755137246232639,0,4.09829844990845,GALEX J004548.7+404425,11.4531039683332,40.7405027118229,1,-999,23.26921,-999,1.78779,0.0818008,False,-99,0.002885531
2496052061252098839,0,4.09941306364114,GALEX J004548.5+404425,11.4521465578836,40.7403605557932,1,-999,22.6513,-999,3.158481,0.0818008,False,-99,0.004400016
2496052061253152424,0,4.10008318966629,GALEX J004600.6+405117,11.5028829152191,40.8549184043993,2,22.55776,-999,3.442679,-999,0.08687077,False,0.003322731,-99
2590873944234935037,0,4.10067856557724,GALEX J004600.7+405117,11.5029145616306,40.8549076494936,3,22.96369,19.6808,2.368786,48.71676,0.08687077,False,0.001541057,0.01601821
2591190603583717960,0,4.1034721740076,GALEX J004600.7+405117,11.5030898639644,40.8548356239569,3,22.61592,21.9982,3.263144,5.763927,0.08687077,False,0.00411731,0.003665891
6449755137246233146,0,4.10608931867333,GALEX J004600.6+405118,11.5028778405578,40.8550674700963,1,-999,22.15121,-999,5.006303,0.08687077,False,-99,0.005364394
6457284592874299442,0,4.10714813050165,GALEX J004606.6+404815,11.5278194052028,40.8043205567223,2,22.69448,-999,3.035364,-999,0.08409201,False,0.002730976,-99
6449262556036994252,0,4.11136745315975,GALEX J004532.4+404506,11.3851168989803,40.7519029311908,1,-999,23.08729,-999,2.113894,0.08037618,False,-99,0.003354452
6457284592873247366,0,4.11224732718308,GALEX J004602.5+405053,11.5106853701247,40.8481597459401,1,-999,22.64746,-999,3.169689,0.08520792,False,-99,0.003291822
2496052061253152232,0,4.11973369776722,GALEX J004606.7+404817,11.5281336503575,40.8049183022142,2,22.41998,-999,3.908492,-999,0.08409201,False,0.003938803,-99
2496052061252098931,0,4.1248705184279,GALEX J004558.9+404518,11.4957984021361,40.7550750445025,1,-999,23.81992,-999,1.076541,0.08382238,False,-99,0.002699495
2590873944232837331,0,4.12604286616238,GALEX J004541.3+405232,11.42232082302,40.8755795887101,1,-999,24.8897,-999,0.4019027,0.09175377,False,-99,0.001863215
6457284592873246400,0,4.12792783295559,GALEX J004548.7+404424,11.4531869706686,40.7400123811018,1,-999,22.26343,-999,4.514696,0.0818008,False,-99,0.002640771
2590873944233891520,0,4.13169244340078,GALEX J004606.8+404842,11.5283166466064,40.811908210731,2,23.01914,-999,2.250842,-999,0.0837247,False,0.003198815,-99
2590873944233891485,0,4.13394268942203,GALEX J004606.8+404817,11.5284408135436,40.8048126937781,2,22.17962,-999,4.877011,-999,0.08409201,False,0.003635938,-99
2496052061253152262,0,4.13623982128263,GALEX J004606.8+404842,11.5284295073307,40.8117453761815,2,22.306,-999,4.341123,-999,0.0837247,False,0.004230851,-99
6449262556036994168,0,4.13774098714614,GALEX J004548.5+404423,11.452304728501,40.7397328867718,1,-999,22.00192,-999,5.744233,0.0818008,False,-99,0.004972436
6457284592873247590,0,4.14030496336922,GALEX J004538.6+405225,11.4110877148775,40.8738265044362,1,-999,23.36444,-999,1.637666,0.09175377,False,-99,0.001952261
6457284592873247018,0,4.14521642959064,GALEX J004523.2+404800,11.3468003771995,40.800065337933,1,-999,21.435,-999,9.682815,0.09081805,False,-99,0.004773673
2590873944232836277,0,4.14591593535295,GALEX J004559.3+404520,11.4972730853508,40.7555656035137,1,-999,22.61569,-999,3.263792,0.08382238,False,-99,0.005357864
6449719952874143761,0,4.14737586575681,GALEX J004543.5+405236,11.4316395252931,40.8767583799371,1,-999,22.82357,-999,2.695079,0.09175377,False,-99,0.002971973
6449262556036994184,0,4.1495840955598,GALEX J004545.3+404419,11.4388310354198,40.7386253889275,1,-999,22.08379,-999,5.327016,0.0818008,False,-99,0.006154967
2496052061252099418,0,4.14997365287419,GALEX J004523.2+404800,11.3466661727174,40.8002612468042,1,-999,21.057,-999,13.71517,0.09081805,False,-99,0.002869732
2591190603581620918,0,4.15036986702731,GALEX J004541.1+405233,11.4214208618044,40.8758726670687,1,-999,24.74685,-999,0.4584172,0.09175377,False,-99,0.002058121
6449755137246232630,0,4.15154924374596,GALEX J004545.1+404418,11.4381173987482,40.7385868701168,1,-999,23.17715,-999,1.94598,0.0818008,False,-99,0.003512482
2590873944232838429,0,4.1518244118172,GALEX J004523.2+404800,11.3466513257384,40.8000831080454,1,-999,21.20035,-999,12.01881,0.09081805,False,-99,0.00288544
6449262556036994782,0,4.15205514364553,GALEX J004523.1+404800,11.3466435902677,40.8001007953319,1,-999,21.13594,-999,12.75337,0.09081805,False,-99,0.003961785
6372252786323620119,0,4.1568927987108,GALEX J004523.1+404801,11.3464982774824,40.8003630128985,1,-999,21.42684,-999,9.755821,0.09081805,False,-99,0.002561506
2591190603581620419,0,4.15731551119944,GALEX J004523.1+404801,11.3465005041221,40.8002823508552,1,-999,21.23129,-999,11.68108,0.09081805,False,-99,0.003384098
2590873944232836085,0,4.15997218926644,GALEX J004532.3+404504,11.3846497427281,40.7511609383678,1,-999,24.28846,-999,0.6992205,0.08037618,False,-99,0.003269334
2496052061252098812,0,4.16778592728182,GALEX J004545.1+404417,11.4381824035133,40.7383166013856,1,-999,23.40236,-999,1.581453,0.0818008,False,-99,0.003301022
6449755137246232863,0,4.16905051927889,GALEX J004523.1+404801,11.3462394427626,40.8002903846242,1,-999,21.32441,-999,10.721,0.09081805,False,-99,0.005602205
6457284592873246369,0,4.17151560166496,GALEX J004545.2+404417,11.438499182223,40.7382566355806,1,-999,23.1482,-999,1.998578,0.0818008,False,-99,0.001934268
2590873944234933077,0,4.17163703050883,GALEX J004545.2+404417,11.4383711607666,40.7382536240488,3,23.84508,22.753,1.051889,2.876062,0.0818008,False,0.002734099,0.001803597
6372252786323620227,0,4.18945009431518,GALEX J004606.0+404946,11.5251778430006,40.8295191817107,1,-999,22.16473,-999,4.944349,0.08520792,False,-99,0.003656219
6457284592873246440,0,4.20253581409895,GALEX J004535.0+404442,11.3962070074036,40.7451030146928,1,-999,23.55198,-999,1.377863,0.08037618,False,-99,0.002583446
2590873944232837453,0,4.20501457507376,GALEX J004537.5+405225,11.4065776322063,40.8738417127327,1,-999,24.4184,-999,0.6203528,0.09175377,False,-99,0.002202895
2591190603581620901,0,4.20771161531539,GALEX J004537.6+405226,11.40673132681,40.873930430868,1,-999,24.28629,-999,0.7006248,0.09175377,False,-99,0.003067266
6449262556036994112,0,4.21450822898807,GALEX J004539.2+404423,11.4135749706463,40.7399129145285,1,-999,23.92548,-999,0.9768028,0.08037618,False,-99,0.001600562
2590873944232836657,0,4.22191400260843,GALEX J004602.8+404555,11.511715452738,40.765425468924,1,-999,21.90343,-999,6.289664,0.08409201,False,-99,0.004497111
6449755137246232701,0,4.227589862552,GALEX J004602.9+404556,11.5120815120789,40.7656372434032,1,-999,21.71824,-999,7.45938,0.08409201,False,-99,0.003583887
2591190603581620661,0,4.22793927673036,GALEX J004602.7+405102,11.5114132618308,40.8506443309587,1,-999,23.88677,-999,1.012259,0.08520792,False,-99,0.003262053
2496052061252099223,0,4.233098397723,GALEX J004606.3+404712,11.5265147861847,40.7868828251796,1,-999,22.42205,-999,3.901023,0.08409201,False,-99,0.001908315
2590873944232837655,0,4.23622373800458,GALEX J004602.7+405103,11.511327959765,40.8509547338196,1,-999,24.62673,-999,0.5120439,0.08520792,False,-99,0.001877295
2496052061253152492,0,4.23929798877249,GALEX J004551.6+405230,11.4653433972668,40.8752198035119,2,23.41213,-999,1.567289,-999,0.0886479,False,0.002595656,-99
6449262556036994212,0,4.23957022931835,GALEX J004556.8+404451,11.4866856987351,40.7477318298219,1,-999,22.15134,-999,5.005696,0.08382238,False,-99,0.002795938
2496052061252099131,0,4.24113793784345,GALEX J004524.6+404642,11.3526012464822,40.7783629996503,1,-999,24.16733,-999,0.7817477,0.08514082,False,-99,0.0009768736
6457284592874299693,0,4.24822162755544,GALEX J004550.4+405235,11.4600335554122,40.8764986947953,2,22.54105,-999,3.496094,-999,0.0886479,False,0.002779362,-99
6449755137246233009,0,4.2497524962261,GALEX J004605.7+405006,11.5237804756493,40.8352302243511,1,-999,23.15897,-999,1.97884,0.08520792,False,-99,0.003854458
6372252797061041149,0,4.25408091337142,GALEX J004602.9+404553,11.5120770111535,40.764899024138,1,-999,21.74484,-999,7.278872,0.08409201,False,-99,0.002201735
6449755137246232645,0,4.25427682640465,GALEX J004554.6+404437,11.4775592614274,40.7436902821609,1,-999,23.16762,-999,1.963139,0.08382238,False,-99,0.003872602
6449719952874143745,0,4.25464069465056,GALEX J004533.9+405210,11.3914528726392,40.8695410232532,1,-999,22.8512,-999,2.627371,0.09175377,False,-99,0.002843545
2590873944232835936,0,4.26278573406155,GALEX J004539.0+404421,11.4128883326583,40.7392197204686,1,-999,23.99505,-999,0.9161744,0.08037618,False,-99,0.003679411
6457284592873246425,0,4.26488567795027,GALEX J004554.7+404437,11.4781543625763,40.743709317296,1,-999,22.94023,-999,2.420517,0.08382238,False,-99,0.002775413
2591190603581620542,0,4.2659450585834,GALEX J004605.8+405004,11.5244941333612,40.8346308040046,1,-999,23.83887,-999,1.05792,0.08520792,False,-99,0.002685967
6449755137246233141,0,4.26764787212252,GALEX J004600.6+405132,11.5025451888901,40.8591304112667,1,-999,22.75234,-999,2.87781,0.08687077,False,-99,0.003991716
2590873944232838182,0,4.26831050487134,GALEX J004536.1+405223,11.4007263522819,40.8732507418009,1,-999,25.02826,-999,0.3537492,0.09175377,False,-99,0.001499482
6449262556036994098,0,4.27819855213492,GALEX J004540.6+404416,11.4192459228082,40.7378273554021,1,-999,23.05937,-999,2.168968,0.08473422,False,-99,0.002974038
2496052061253152136,0,4.28118556633818,GALEX J004603.7+404605,11.5157891969353,40.7680574954639,2,22.26583,-999,4.504724,-999,0.08409201,False,0.002280223,-99
2591190603581620836,0,4.28540382754575,GALEX J004600.6+405133,11.5027799081053,40.8593701772922,1,-999,21.97408,-999,5.893414,0.08687077,False,-99,0.002564497
2590873944232837559,0,4.28667236430004,GALEX J004600.6+405133,11.5028711907556,40.8593332585654,1,-999,19.34277,-999,66.51054,0.08687077,False,-99,0.01425837
2590873944232837750,0,4.28672802393088,GALEX J004522.3+404811,11.3433030660387,40.8032318421503,1,-999,23.87759,-999,1.020853,0.09081805,False,-99,0.00286285
2496052061252099670,0,4.29123476593149,GALEX J004606.0+405005,11.5250069551263,40.8347955843118,1,-999,22.69318,-999,3.038973,0.08520792,False,-99,0.005131059
2590873944234933524,0,4.29281373017906,GALEX J004603.8+404605,11.5161315904308,40.7680965811069,3,22.50545,22.08644,3.612631,5.314012,0.08409201,False,0.003364299,0.001817728
6457284592874299360,0,4.29418221521225,GALEX J004603.8+404604,11.5159667965398,40.7678692538306,2,22.71842,-999,2.969151,-999,0.08409201,False,0.001690151,-99
6449262556036995298,0,4.29524311718272,GALEX J004600.6+405134,11.5028538180151,40.8595436639877,1,-999,22.33575,-999,4.223764,0.08687077,False,-99,0.002955702
2496052061252098939,0,4.29911985991395,GALEX J004529.3+404521,11.3721771866945,40.7559370158176,1,-999,23.7903,-999,1.106313,0.08037618,False,-99,0.002570192
2590873944232835971,0,4.29918540266449,GALEX J004554.8+404435,11.4783250082564,40.7431373734688,1,-999,24.0696,-999,0.8553788,0.08382238,False,-99,0.001966439
6457284592873246911,0,4.30690441461259,GALEX J004606.6+404708,11.52769011847,40.7856217828178,1,-999,20.77313,-999,17.81343,0.08409201,False,-99,0.007676071
6372252797061041327,0,4.30735880061628,GALEX J004522.4+404858,11.343321852823,40.8163186234903,1,-999,20.76424,-999,17.95989,0.09081805,False,-99,0.00452792
2590873944232838039,0,4.31289846556856,GALEX J004602.8+405109,11.5116794147772,40.8526847204297,1,-999,24.76473,-999,0.4509299,0.08520792,False,-99,0.001438257
6372252786323620190,0,4.32110188613682,GALEX J004522.3+404859,11.3430338851309,40.8164250497761,1,-999,20.62943,-999,20.33421,0.09081805,False,-99,0.004586761
6449755137246232941,0,4.32127875275766,GALEX J004522.3+404857,11.3429531225467,40.8159274473448,1,-999,20.86499,-999,16.36823,0.09081805,False,-99,0.00229149
2591190603582684041,0,4.32474432404045,GALEX J004546.7+405246,11.4448632364998,40.879641293063,2,23.36172,-999,1.641778,-999,0.08953264,False,0.003676668,-99
2590873944232836204,0,4.32960457192658,GALEX J004600.8+404520,11.5035779381853,40.7557812775007,1,-999,23.82396,-999,1.072545,0.08382238,False,-99,0.004086751
6449262556036995297,0,4.33025031385963,GALEX J004602.0+405121,11.5085281834616,40.855948415249,1,-999,22.17363,-999,4.903965,0.08520792,False,-99,0.005509642
6457284592873247130,0,4.33119875343621,GALEX J004522.2+404858,11.3427791463531,40.8162288387985,1,-999,21.0339,-999,14.0101,0.09081805,False,-99,0.00178562
2590873944232838122,0,4.33344790184729,GALEX J004522.2+404857,11.3426896474831,40.8159690374576,1,-999,20.69425,-999,19.15578,0.09081805,False,-99,0.001398871
6449262556036994903,0,4.33944648062582,GALEX J004522.2+404857,11.3425742396398,40.8160852296483,1,-999,20.80569,-999,17.28718,0.09081805,False,-99,0.001534227
2591190603581620511,0,4.34094340829074,GALEX J004522.2+404857,11.3425440306726,40.8161047724532,1,-999,20.80009,-999,17.37652,0.09081805,False,-99,0.001778292
2496052061252099498,0,4.34254359104224,GALEX J004522.2+404858,11.3425124337758,40.8161301813409,1,-999,20.72207,-999,18.67112,0.09081805,False,-99,0.001541364
2590873944232837984,0,4.34311410202494,GALEX J004555.9+405217,11.4830235703132,40.8714446574008,1,-999,24.91955,-999,0.3910038,0.0886479,False,-99,0.002610857
6372252786323620311,0,4.3435969831032,GALEX J004526.1+405056,11.3588251794363,40.8489706174566,1,-999,19.68108,-999,48.70425,0.09265377,False,-99,0.002280083
6372252797061041445,0,4.34466819340805,GALEX J004526.1+405057,11.3590729305761,40.8492715874729,1,-999,19.61432,-999,51.79329,0.09265377,False,-99,0.004721256
2591190603581620911,0,4.34510553032946,GALEX J004536.0+405228,11.4003614694705,40.874523785286,1,-999,24.47215,-999,0.5903879,0.09175377,False,-99,0.002920076
2496052061253152420,0,4.34640888790239,GALEX J004602.0+405123,11.5084461044719,40.8564198093393,2,23.0624,-999,2.162933,-999,0.08520792,False,0.003621099,-99
6372252786323620339,0,4.35018602182463,GALEX J004601.7+405126,11.5074036510591,40.8573688019518,1,-999,21.49351,-999,9.174753,0.08520792,False,-99,0.00352707
6457284592873246347,0,4.35089889945223,GALEX J004541.3+404410,11.4221406782643,40.7362017830369,1,-999,23.65018,-999,1.258712,0.0818008,False,-99,0.002157229
2591190603583717945,0,4.35183081108145,GALEX J004601.9+405124,11.5082400257499,40.8567254696565,3,22.79265,21.96805,2.77294,5.926233,0.08520792,False,0.002414239,0.002735138
2590873944234934762,0,4.35724949782906,GALEX J004601.9+405125,11.5080838774752,40.8569878372258,3,22.73921,20.60208,2.912844,20.85292,0.08520792,False,0.00428054,0.01491237
6457284592873246668,0,4.35763182639452,GALEX J004602.5+404538,11.5106406021159,40.7607911193175,1,-999,22.41959,-999,3.909869,0.08409201,False,-99,0.004475121
6449755137246233135,0,4.35896299285031,GALEX J004525.9+405055,11.3582922077023,40.8488363913749,1,-999,19.51262,-999,56.87914,0.09265377,False,-99,0.002016982
6449262556036995305,0,4.35967280481161,GALEX J004525.9+405055,11.3583115833624,40.8488787300647,1,-999,19.44079,-999,60.76923,0.09265377,False,-99,0.00173094
6457284592873247459,0,4.36077457634483,GALEX J004526.0+405056,11.3583674977669,40.8489728104007,1,-999,19.44304,-999,60.64355,0.09265377,False,-99,0.001562081
2590873944232838023,0,4.36208120209038,GALEX J004525.9+405056,11.3582996037722,40.8489364934542,1,-999,19.4546,-999,60.00129,0.09265377,False,-99,0.001599891
2496052061252099736,0,4.36390445580861,GALEX J004526.0+405056,11.3583126504577,40.84900454166,1,-999,19.46684,-999,59.32824,0.09265377,False,-99,0.001438259
2496052061252098780,0,4.3657287740153,GALEX J004540.5+404410,11.4190216733171,40.7363739879973,1,-999,23.52619,-999,1.410985,0.07865465,False,-99,0.003152991
2591190603581620830,0,4.36989413283295,GALEX J004525.9+405056,11.3581642780318,40.8490174599782,1,-999,19.49656,-999,57.7268,0.09265377,False,-99,0.001790527
6449262556036995391,0,4.37256759582122,GALEX J004554.4+405227,11.4767210010149,40.8743399182288,1,-999,23.67805,-999,1.22682,0.0886479,False,-99,0.002675354
2591190603581620596,0,4.3727950216057,GALEX J004605.2+405035,11.5217090293655,40.8431482657207,1,-999,24.42158,-999,0.6185384,0.08520792,False,-99,0.002879694
2590873944232838291,0,4.37555472559684,GALEX J004605.2+405035,11.5217221467676,40.8432251667274,1,-999,24.38314,-999,0.6408325,0.08520792,False,-99,0.001953232
6372252797061041482,0,4.37816548497286,GALEX J004602.0+405125,11.508513484187,40.8571494797825,1,-999,21.78694,-999,7.002048,0.08520792,False,-99,0.002633166
6449719952874143748,0,4.3787079437244,GALEX J004536.0+405230,11.400130263763,40.8750578244483,1,-999,23.5104,-999,1.431653,0.09175377,False,-99,0.002219185
