objid,specObjID,distance_arcmin,IAUName,ra,dec,band,fuv_mag,nuv_mag,fuv_flux,nuv_flux,e_bv,isThereSpectrum,fuv_fwhm_world,nuv_fwhm_world
6449719952874146860,0,0.440599044018079,GALEX J004822.4+412503,12.0934922749416,41.417573285677,1,-999,23.52188,-999,1.416602,0.08627152,False,-99,0.001742145
2496227983112536072,0,0.666063903433166,GALEX J004823.4+412548,12.097694706228,41.430245598603,1,-999,22.74748,-999,2.890728,0.0876791,False,-99,0.005856764
2496227983112536142,0,0.691117417382602,GALEX J004820.2+412603,12.0843270479594,41.4342231526448,1,-999,21.29887,-999,10.9762,0.08627152,False,-99,0.008006272
6449719952874146993,0,0.694459966764052,GALEX J004820.3+412603,12.0847436391654,41.4343230627323,1,-999,21.56319,-999,8.604468,0.08627152,False,-99,0.006009622
2591155419209531405,0,0.699326993807803,GALEX J004818.5+412555,12.0773125169868,41.4321479047731,1,-999,23.34671,-999,1.664618,0.08627152,False,-99,0.003978141
2591155419209531411,0,0.70443099213137,GALEX J004820.3+412604,12.0848173835051,41.4344972417684,1,-999,22.06258,-999,5.432077,0.08627152,False,-99,0.00253121
6372252785249879808,0,0.75424978768985,GALEX J004820.0+412606,12.083705315235,41.4352120779355,1,-999,21.12422,-999,12.89172,0.08627152,False,-99,0.004133122
6449719952874146816,0,0.771952653295795,GALEX J004823.9+412452,12.0999439847232,41.414690442419,1,-999,23.00394,-999,2.282557,0.0876791,False,-99,0.003692561
2496227983112536094,0,0.824924602995222,GALEX J004822.7+412606,12.0946740367495,41.4352075236407,1,-999,23.24238,-999,1.832519,0.0876791,False,-99,0.004188397
6449719952874146908,0,0.867558626704168,GALEX J004825.4+412523,12.105943055559,41.4232192115868,1,-999,21.55757,-999,8.649152,0.0876791,False,-99,0.005617199
2591155419209531397,0,0.870527376523587,GALEX J004825.2+412536,12.1053036310342,41.4267401012654,1,-999,25.01089,-999,0.3594528,0.0876791,False,-99,0.002334324
2591155419210597978,0,0.96898939033884,GALEX J004822.5+412617,12.0938349439898,41.4380681933096,2,23.59848,-999,1.320112,-999,0.0876791,False,0.002214316,-99
2496227983112536097,0,0.994691427479521,GALEX J004822.9+412616,12.0955094659071,41.438033619612,1,-999,22.92522,-999,2.454199,0.0876791,False,-99,0.004925153
6449719952874146958,0,1.01008285445982,GALEX J004825.0+412559,12.104461526102,41.4331047864609,1,-999,22.26307,-999,4.516205,0.0876791,False,-99,0.003423383
2591155419211628594,0,1.01926082441463,GALEX J004825.1+412559,12.1046085331949,41.4332123734163,3,23.08126,22.67895,2.12568,3.079077,0.0876791,False,0.001961269,0.00620838
2591155419209531415,0,1.02682556496735,GALEX J004816.2+412555,12.06751573782,41.4321497887309,1,-999,21.89454,-999,6.341373,0.08779587,False,-99,0.007935839
2496227983114633257,0,1.03541782326541,GALEX J004825.3+412557,12.1056503326785,41.4325960512027,3,21.75792,21.56713,7.191773,8.573297,0.0876791,False,0.001928225,0.008807071
6449719952874147011,0,1.04822060704688,GALEX J004817.4+412612,12.0725588074499,41.4367431001644,1,-999,20.32126,-999,27.00822,0.08779587,False,-99,0.003278127
2591155419209531452,0,1.06798007986196,GALEX J004817.3+412612,12.0720844182437,41.4368849419183,1,-999,20.24577,-999,28.95286,0.08779587,False,-99,0.002083106
6372252785249879809,0,1.07428991737123,GALEX J004817.3+412613,12.0724019318815,41.4371984113896,1,-999,20.43629,-999,24.29303,0.08779587,False,-99,0.004663025
2496227983112536101,0,1.09012954757806,GALEX J004820.8+412627,12.0869726400642,41.4410062664035,1,-999,23.83692,-999,1.059821,0.0876791,False,-99,0.002104595
2591155419210597976,0,1.09075499530423,GALEX J004824.4+412612,12.1019996922033,41.4369216058356,2,23.42566,-999,1.547878,-999,0.0876791,False,0.002416037,-99
6449719952874146781,0,1.14629919083037,GALEX J004826.0+412446,12.1084981860224,41.412991407579,1,-999,23.41381,-999,1.564865,0.0876791,False,-99,0.002649657
2496227983114633448,0,1.16178899151022,GALEX J004816.9+412617,12.0707780058066,41.4381038767475,3,23.2952,19.25653,1.745503,72.00883,0.08779587,False,0.001222144,0.00844377
2496227983112536098,0,1.19050159931445,GALEX J004824.0+412623,12.1000891700789,41.4399391428086,1,-999,23.55455,-999,1.37461,0.0876791,False,-99,0.00294507
2496227983113593563,0,1.1989330003141,GALEX J004826.5+412553,12.1106327883994,41.4315783384662,2,22.21828,-999,4.706397,-999,0.0876791,False,0.00191947,-99
6449719952874146753,0,1.23357134097515,GALEX J004825.8+412434,12.107557789162,41.4095254893989,1,-999,23.40954,-999,1.571024,0.0876791,False,-99,0.002768995
2496227983113593568,0,1.25149250946141,GALEX J004814.9+412558,12.0623680747118,41.4329946648132,2,22.87353,-999,2.573897,-999,0.08779587,False,0.001322448,-99
2496227983112536107,0,1.26591803434675,GALEX J004821.9+412637,12.091537860173,41.4436190418622,1,-999,22.95448,-999,2.388961,0.0876791,False,-99,0.002755999
6449719952874146732,0,1.3388338509028,GALEX J004816.7+412415,12.0699008402951,41.4044048247402,1,-999,23.20097,-999,1.90375,0.08627152,False,-99,0.003495931
6449719952874146959,0,1.36123971056653,GALEX J004813.7+412541,12.057269647647,41.4282100109014,1,-999,20.01012,-999,35.97082,0.08779587,False,-99,0.003620542
6372252785249879795,0,1.37391629878693,GALEX J004813.6+412541,12.0569621601847,41.4281551349374,1,-999,20.4896,-999,23.12916,0.08779587,False,-99,0.003276612
2591155419209531429,0,1.37800988342436,GALEX J004813.8+412548,12.057686113737,41.4302748420638,1,-999,21.10765,-999,13.09001,0.08779587,False,-99,0.006601696
2496227983112536084,0,1.42141207707803,GALEX J004827.1+412608,12.1131444535077,41.4357660271587,1,-999,23.79172,-999,1.104871,0.0876791,False,-99,0.002251216
2496227983112536071,0,1.4261563925664,GALEX J004828.1+412544,12.1172687942329,41.4290410854944,1,-999,23.0396,-999,2.208823,0.0876791,False,-99,0.003085993
2591155419210598001,0,1.44802976811346,GALEX J004819.6+412648,12.0819920423788,41.4467169003588,2,23.22311,-999,1.865343,-999,0.09174448,False,0.002103602,-99
2496227983113593582,0,1.46782238586986,GALEX J004823.1+412646,12.0963309036187,41.4462050423507,2,22.69753,-999,3.02686,-999,0.0876791,False,0.0020695,-99
2591155419210597983,0,1.47604870685137,GALEX J004814.8+412620,12.0619881029546,41.4390513722179,2,23.93575,-999,0.9676147,-999,0.08779587,False,0.002060706,-99
2496227983114633231,0,1.49005495279156,GALEX J004828.1+412557,12.1170938716397,41.4326500897726,3,22.40432,22.46917,3.965279,3.735343,0.0876791,False,0.002887856,0.003946238
6372252785249879876,0,1.57028609298102,GALEX J004819.4+412655,12.0810525166365,41.4486696653101,1,-999,21.69073,-999,7.650851,0.09174448,False,-99,0.002331913
2496227983112536080,0,1.58245752592448,GALEX J004828.2+412606,12.1178699484972,41.4350148319968,1,-999,23.18408,-999,1.933611,0.0876791,False,-99,0.002528846
2496227983112536155,0,1.58794815450424,GALEX J004819.3+412656,12.080565508177,41.4489064367796,1,-999,21.53753,-999,8.810198,0.09174448,False,-99,0.005819039
6449719952874146707,0,1.61426919930187,GALEX J004824.5+412355,12.1023052934924,41.3986255171579,1,-999,21.50543,-999,9.074593,0.08627152,False,-99,0.005688868
2591155419209531446,0,1.62529938280933,GALEX J004819.5+412658,12.0814436093214,41.4496427064758,1,-999,23.84052,-999,1.056306,0.09174448,False,-99,0.00320905
6449719952874146914,0,1.66575221312665,GALEX J004829.5+412503,12.1230567770295,41.4177283235728,1,-999,20.52707,-999,22.34459,0.0876791,False,-99,0.009253613
2591155419211628571,0,1.67988600379664,GALEX J004826.7+412637,12.1115411404311,41.4437220443357,3,23.50494,24.51184,1.438878,0.5691987,0.0876791,False,0.001590901,0.002224042
2591155419210598003,0,1.70789855478586,GALEX J004824.6+412655,12.1026068455738,41.4486738385495,2,22.76991,-999,2.831637,-999,0.0876791,False,0.002301904,-99
6372252785249879752,0,1.71496376131056,GALEX J004829.8+412506,12.1243101938671,41.4183489671274,1,-999,20.87159,-999,16.26916,0.0876791,False,-99,0.003959855
2496227983112536120,0,1.74486333340951,GALEX J004826.8+412641,12.1120100513775,41.4448545817398,1,-999,23.14432,-999,2.005726,0.0876791,False,-99,0.003528512
2591155419210597961,0,1.7560010648057,GALEX J004829.4+412601,12.1228935695301,41.4337358843517,2,21.38814,-999,10.10985,-999,0.0876791,False,0.005689839,-99
2591155419209531398,0,1.75850242791232,GALEX J004830.0+412539,12.1252522294315,41.427519295397,1,-999,24.66934,-999,0.4923365,0.0876791,False,-99,0.002619508
6449719952874147072,0,1.85029361356146,GALEX J004814.3+412646,12.0597018888226,41.4461265673013,1,-999,21.71461,-999,7.484364,0.08779587,False,-99,0.003788151
2496227983112536162,0,1.86463193183364,GALEX J004814.2+412646,12.0592728488973,41.446162775026,1,-999,21.07228,-999,13.5234,0.08779587,False,-99,0.002257398
2591155419209531468,0,1.86728763163581,GALEX J004814.2+412646,12.0592342336624,41.4461962630207,1,-999,21.26658,-999,11.30754,0.08779587,False,-99,0.001849236
2496227983112536144,0,1.86746639341244,GALEX J004820.8+412714,12.0869077623647,41.4539628039854,1,-999,22.98653,-999,2.319463,0.09174448,False,-99,0.001905007
2591155419210597989,0,1.86875592631048,GALEX J004828.9+412626,12.1205836662754,41.4408231161033,2,22.59704,-999,3.320376,-999,0.0876791,False,0.002859104,-99
6449719952874146871,0,1.87116581518267,GALEX J004810.9+412503,12.0456791819864,41.417557315599,1,-999,21.48566,-999,9.241322,0.08779587,False,-99,0.006247897
6372252785249879766,0,1.87494035719339,GALEX J004810.9+412505,12.0454599012562,41.418180892146,1,-999,21.30657,-999,10.89859,0.08779587,False,-99,0.001724345
6372252785249879875,0,1.8779350737303,GALEX J004826.2+412656,12.1093111356852,41.449133796267,1,-999,21.8859,-999,6.392061,0.0876791,False,-99,0.002219427
2591155419209531402,0,1.87876846305404,GALEX J004830.4+412552,12.1268653867513,41.4313251081523,1,-999,24.24025,-999,0.7309709,0.0876791,False,-99,0.001267794
2591155419209531443,0,1.91155436863935,GALEX J004826.3+412658,12.1098870943329,41.4495215751423,1,-999,24.04374,-999,0.8759993,0.0876791,False,-99,0.002593204
2496227983112536096,0,1.91332242166893,GALEX J004830.7+412549,12.1280171097402,41.4302951362546,1,-999,21.18888,-999,12.14642,0.0876791,False,-99,0.01104329
2591155419209531473,0,1.92282949058771,GALEX J004816.8+412708,12.0702874108882,41.4524402911347,1,-999,22.00901,-999,5.706818,0.08779587,False,-99,0.004788237
6449719952874146703,0,1.95192518411024,GALEX J004812.7+412408,12.0530848220518,41.40224666218,1,-999,22.97907,-999,2.335448,0.08397099,False,-99,0.002813614
6449719952874146929,0,1.96307442196925,GALEX J004831.0+412545,12.1294357261044,41.4293244181796,1,-999,23.45063,-999,1.51268,0.0876791,False,-99,0.002661186
2496227983112536087,0,1.96349164065813,GALEX J004811.0+412605,12.0461050491481,41.434922556444,1,-999,23.32658,-999,1.69578,0.08779587,False,-99,0.002137085
6449719952874146652,0,1.97045744814657,GALEX J004822.1+412324,12.0920625663957,41.3902482562389,1,-999,22.17183,-999,4.912099,0.08627152,False,-99,0.004473918
2496227983112536148,0,1.97582490502058,GALEX J004826.6+412701,12.1108255852872,41.4503412492825,1,-999,22.46597,-999,3.746362,0.0876791,False,-99,0.005594643
6449719952874146888,0,1.99201548211929,GALEX J004810.2+412531,12.0425108349147,41.4252919448293,1,-999,23.25642,-999,1.808974,0.08779587,False,-99,0.003266896
2591155419209531509,0,2.03158215485107,GALEX J004817.4+412718,12.0728266362197,41.4550698040593,1,-999,22.13088,-999,5.100904,0.08779587,False,-99,0.005005925
6372252785249879654,0,2.0576020976339,GALEX J004815.9+412331,12.0663249756232,41.392126251809,1,-999,20.88948,-999,16.00321,0.08627152,False,-99,0.002726222
6449719952874146714,0,2.06104920706419,GALEX J004815.8+412331,12.065999314749,41.3921844060086,1,-999,20.69181,-999,19.19882,0.08627152,False,-99,0.005951629
2496227983112536158,0,2.08138860089559,GALEX J004816.3+412716,12.0680983402331,41.4546133505655,1,-999,21.77155,-999,7.101978,0.08779587,False,-99,0.004144574
2496227983112536163,0,2.08698015928286,GALEX J004817.7+412722,12.0740386102417,41.4563088657972,1,-999,21.60932,-999,8.246566,0.09174448,False,-99,0.004555898
2591155419209531445,0,2.08748035542075,GALEX J004813.0+412651,12.0542504034511,41.4477351017533,1,-999,23.08992,-999,2.108781,0.08779587,False,-99,0.004062057
6449719952874146713,0,2.08823215285022,GALEX J004811.3+412416,12.0470677068757,41.4046901100268,1,-999,23.23142,-999,1.851102,0.08397099,False,-99,0.003269467
2591155419209531399,0,2.10094630669824,GALEX J004831.8+412542,12.1327601975806,41.4284601733763,1,-999,24.19829,-999,0.7597702,0.0876791,False,-99,0.002400361
6372252785249879883,0,2.10993890676019,GALEX J004827.5+412703,12.1149019659281,41.450920130149,1,-999,21.65611,-999,7.89866,0.0876791,False,-99,0.002463485
6449719952874146986,0,2.11023937005847,GALEX J004831.4+412603,12.1310046903158,41.4343203531372,1,-999,22.74538,-999,2.896328,0.0876791,False,-99,0.004276806
6449719952874146832,0,2.11295901531588,GALEX J004831.9+412501,12.1330251661605,41.4172105649238,1,-999,23.04379,-999,2.200318,0.08176642,False,-99,0.003271154
2496227983112536149,0,2.12708776510823,GALEX J004825.8+412716,12.1075679191153,41.4546396977085,1,-999,23.98336,-999,0.9260963,0.0876791,False,-99,0.002944199
2591155419210598018,0,2.13710041046088,GALEX J004820.2+412730,12.0844030292146,41.4584167841014,2,22.8636,-999,2.597534,-999,0.09174448,False,0.002597509,-99
2496227983114633329,0,2.16098019027422,GALEX J004811.5+412639,12.0481766262061,41.4443901711341,3,19.2704,19.0634,71.09578,86.02761,0.08779587,False,0.001388797,0.003046504
6449719952874147102,0,2.16331997158054,GALEX J004811.4+412638,12.0478516520548,41.4441260701278,1,-999,19.18041,-999,77.23885,0.08779587,False,-99,0.003179505
6372252785249879829,0,2.16513212213908,GALEX J004811.4+412638,12.0478121428665,41.444136734,1,-999,19.09692,-999,83.41261,0.08779587,False,-99,0.003719965
2591155419211628637,0,2.16660793543409,GALEX J004811.4+412639,12.0478694954155,41.4442369861837,3,19.22326,19.13978,74.25058,80.1837,0.08779587,False,0.001588495,0.002727018
6372252785249879675,0,2.1728638973746,GALEX J004827.6+412336,12.1151656893873,41.3936052832465,1,-999,20.9985,-999,14.47437,0.08176642,False,-99,0.002988554
6449719952874146870,0,2.20157796633717,GALEX J004831.8+412437,12.1327702397443,41.4105499435922,1,-999,19.42318,-999,61.76286,0.08176642,False,-99,0.00424829
6372252785249879709,0,2.20514744299672,GALEX J004831.8+412437,12.1328199259807,41.410477322641,1,-999,19.63453,-999,50.8377,0.08176642,False,-99,0.005346188
6372252785249879650,0,2.22470267923427,GALEX J004821.7+412309,12.0907382326342,41.385886491434,1,-999,21.12322,-999,12.90359,0.08078841,False,-99,0.003574319
6449719952874146850,0,2.2252031848102,GALEX J004808.9+412515,12.0372633246728,41.4210901081429,1,-999,23.22429,-999,1.863295,0.08549193,False,-99,0.003492041
6372252785249879919,0,2.23468243969656,GALEX J004821.7+412735,12.0906983390686,41.4599607703064,1,-999,22.025,-999,5.623398,0.09174448,False,-99,0.001372789
6449719952874146684,0,2.24558134396937,GALEX J004830.3+412401,12.1265654080689,41.4003591752929,1,-999,23.33021,-999,1.690106,0.08176642,False,-99,0.001329721
6449719952874146764,0,2.24970509898648,GALEX J004809.3+412440,12.039083050613,41.4113253686051,1,-999,23.57418,-999,1.349982,0.08549193,False,-99,0.002577293
2496227983112536114,0,2.25429446734843,GALEX J004831.6+412621,12.1317780867848,41.4391994264895,1,-999,22.1041,-999,5.228288,0.0876791,False,-99,0.005706763
6449719952874146985,0,2.25944376285569,GALEX J004831.8+412616,12.1327054044391,41.4378916421263,1,-999,23.4369,-999,1.531934,0.0876791,False,-99,0.002157929
6449719952874146957,0,2.27975358215507,GALEX J004809.2+412605,12.0386389998292,41.4349617416503,1,-999,23.69199,-999,1.211165,0.08779587,False,-99,0.00208441
2591155419209531465,0,2.28136512478257,GALEX J004827.2+412718,12.1135653805378,41.4550740493165,1,-999,24.19605,-999,0.7613388,0.0876791,False,-99,0.003276776
2591155419211628578,0,2.30113854221156,GALEX J004809.5+412618,12.0399168020801,41.4384056060786,3,22.60948,23.07198,3.282537,2.143912,0.08779587,False,0.003486787,0.005248785
2591155419209531474,0,2.33279697593967,GALEX J004815.5+412729,12.0646873418283,41.4580549343743,1,-999,24.55241,-999,0.548323,0.08779587,False,-99,0.002474332
2496227983112536210,0,2.3387181336079,GALEX J004817.8+412738,12.0741664001958,41.4606744095608,1,-999,20.89116,-999,15.97855,0.09174448,False,-99,0.007369562
2496227983112536168,0,2.35183614718567,GALEX J004829.7+412700,12.1241383506713,41.4501749127527,1,-999,21.47989,-999,9.290622,0.0876791,False,-99,0.007258092
2591155419210597968,0,2.3579651473573,GALEX J004832.6+412608,12.1361602832159,41.4357760172843,2,21.597,-999,8.340721,-999,0.0876791,False,0.004934202,-99
2591155419211628601,0,2.3665863639024,GALEX J004829.7+412702,12.1238010666817,41.4507806293875,3,22.39518,24.20748,3.998814,0.753372,0.0876791,False,0.003391829,0.003362646
6449719952874146845,0,2.37830835238825,GALEX J004833.3+412501,12.1389632874754,41.4170686152243,1,-999,22.61621,-999,3.262255,0.08176642,False,-99,0.004520491
6372252785249879700,0,2.39177657151472,GALEX J004831.4+412402,12.1309143508959,41.4007519450632,1,-999,21.44305,-999,9.611269,0.08176642,False,-99,0.002696313
6449719952874146634,0,2.40771376200245,GALEX J004821.4+412257,12.0894387134659,41.3827642304317,1,-999,19.57022,-999,53.93991,0.08078841,False,-99,0.005370499
6449719952874146598,0,2.41049249726613,GALEX J004826.7+412313,12.1112632079895,41.3871504404641,1,-999,23.00729,-999,2.275535,0.08078841,False,-99,0.00295279
6372252785249879632,0,2.41762171185597,GALEX J004821.6+412257,12.0899857753479,41.3826221785871,1,-999,19.76302,-999,45.16396,0.08078841,False,-99,0.002428651
6372252785249879828,0,2.42740450786441,GALEX J004821.2+412747,12.0883926697815,41.4632749364919,1,-999,20.37484,-999,25.7077,0.09174448,False,-99,0.003671738
6449719952874146728,0,2.43188573262042,GALEX J004814.1+412317,12.058745480416,41.3881370142303,1,-999,18.70537,-999,119.6337,0.08397099,False,-99,0.002865842
6372252785249879635,0,2.4321945341181,GALEX J004814.1+412317,12.0587922068597,41.388109882962,1,-999,18.70576,-999,119.5905,0.08397099,False,-99,0.001861772
2591155419210598026,0,2.44117161570627,GALEX J004824.2+412743,12.1008680445275,41.4621076625926,2,22.80246,-999,2.748013,-999,0.09174448,False,0.003246724,-99
6449719952874146793,0,2.44788533496044,GALEX J004808.0+412452,12.0333541566766,41.4147035599363,1,-999,23.13284,-999,2.027038,0.08549193,False,-99,0.002554266
2591155419209531549,0,2.45530360380356,GALEX J004821.2+412749,12.0883342947515,41.4637415176195,1,-999,20.54711,-999,21.93599,0.09174448,False,-99,0.001725468
2591155419211628577,0,2.45712446020028,GALEX J004832.4+412630,12.1350224767311,41.4418837906542,3,22.83633,22.70897,2.663615,2.995108,0.09037939,False,0.002093933,0.004262327
6449719952874146859,0,2.45880417288856,GALEX J004833.9+412517,12.1412910632401,41.4215681217272,1,-999,23.67376,-999,1.23167,0.08176642,False,-99,0.001097074
6449719952874146691,0,2.46039289569387,GALEX J004831.6+412358,12.1317570166646,41.3996450740171,1,-999,22.24013,-999,4.612636,0.08176642,False,-99,0.003988896
2591155419210598029,0,2.4684350597259,GALEX J004818.5+412748,12.0774174686993,41.463391037345,2,22.42373,-999,3.895038,-999,0.09174448,False,0.002995066,-99
2496227983112536109,0,2.47187054176082,GALEX J004832.5+412630,12.1354860686161,41.4417484799088,1,-999,21.93036,-999,6.135551,0.09037939,False,-99,0.00408998
2496227983112536265,0,2.47417802849813,GALEX J004821.3+412750,12.0887948822339,41.4640443181165,1,-999,20.1761,-999,30.87169,0.09174448,False,-99,0.004827139
2496227983112536159,0,2.47546810322469,GALEX J004827.5+412729,12.1147768878311,41.4583093132351,1,-999,23.43467,-999,1.535081,0.0876791,False,-99,0.002790008
6449719952874146702,0,2.47862216236607,GALEX J004810.6+412346,12.0444537968273,41.3963019050208,1,-999,22.10804,-999,5.209362,0.08397099,False,-99,0.006586699
6449719952874147270,0,2.49914165439024,GALEX J004821.5+412751,12.0895744923667,41.464434176599,1,-999,20.29986,-999,27.54572,0.09174448,False,-99,0.008527757
6449719952874146642,0,2.50327640804367,GALEX J004830.6+412340,12.1276084563049,41.3945942610167,1,-999,23.22673,-999,1.859127,0.08176642,False,-99,0.001856097
2496227983112536083,0,2.51529260890771,GALEX J004833.6+412605,12.1402277163169,41.4348671517343,1,-999,23.36085,-999,1.643087,0.09037939,False,-99,0.002459895
6449719952874146942,0,2.52196152066103,GALEX J004834.1+412539,12.1423763642598,41.4275105883844,1,-999,22.99275,-999,2.306211,0.0876791,False,-99,0.002926874
6372252785249879912,0,2.56489300344491,GALEX J004824.9+412748,12.1039998377159,41.4635646538739,1,-999,19.6773,-999,48.87425,0.09174448,False,-99,0.003476718
6449719952874147367,0,2.56820759866861,GALEX J004824.9+412749,12.1040328308836,41.463614750747,1,-999,19.81032,-999,43.23865,0.09174448,False,-99,0.003738011
2591155419209531638,0,2.57152365646107,GALEX J004824.9+412749,12.1040171033125,41.4636765213992,1,-999,19.76534,-999,45.0676,0.09174448,False,-99,0.001859757
2496227983112536291,0,2.57660353431231,GALEX J004825.0+412749,12.1041703346268,41.4637286885618,1,-999,19.65843,-999,49.73095,0.09174448,False,-99,0.001689122
2496227983112536088,0,2.58489423016024,GALEX J004807.8+412614,12.0325145938807,41.4372457394238,1,-999,23.35773,-999,1.64782,0.08549193,False,-99,0.001562466
6449719952874147060,0,2.58573176761238,GALEX J004832.3+412647,12.1346612716067,41.4465563157732,1,-999,22.65078,-999,3.160018,0.09037939,False,-99,0.003456336
2591155419210598014,0,2.59046679643072,GALEX J004827.8+412736,12.1158746079455,41.4600495342067,2,21.54113,-999,8.781089,-999,0.0876791,False,0.004430068,-99
2496227983112536209,0,2.5905901845387,GALEX J004817.4+412753,12.0727452543333,41.4647353014191,1,-999,21.42596,-999,9.763763,0.09174448,False,-99,0.006240034
2591155419209531525,0,2.62792566306199,GALEX J004822.0+412759,12.0917195488339,41.4664735703592,1,-999,22.27432,-999,4.46964,0.09174448,False,-99,0.001915012
2496227983112536167,0,2.6344381361921,GALEX J004828.1+412736,12.1174172853532,41.4602083062804,1,-999,24.0953,-999,0.8353727,0.0876791,False,-99,0.002437817
6449719952874146978,0,2.67157186971839,GALEX J004834.4+412606,12.1437264900589,41.4351788544656,1,-999,22.93739,-999,2.426862,0.09037939,False,-99,0.002803914
2591155419209531395,0,2.6743007723475,GALEX J004835.0+412531,12.1460158182614,41.4253310487154,1,-999,23.71375,-999,1.187139,0.08209001,False,-99,0.003096613
2591190603581628639,0,2.70700374857512,GALEX J004806.4+412505,12.0268023685274,41.4183278918586,1,-999,24.0503,-999,0.8707241,0.08549193,False,-99,0.002277628
6449719952874147162,0,2.71048871668106,GALEX J004830.3+412724,12.126543971179,41.4567078552443,1,-999,22.29719,-999,4.376466,0.09037939,False,-99,0.004091768
2496227983113593558,0,2.74248166605908,GALEX J004835.3+412542,12.1471728937406,41.4283997881876,2,22.946,-999,2.407709,-999,0.08209001,False,0.002465045,-99
6449719952874146883,0,2.77473244478627,GALEX J004806.0+412526,12.0250132201344,41.424027920151,1,-999,23.73987,-999,1.15891,0.08549193,False,-99,0.001403224
2496227983112536211,0,2.7819288477349,GALEX J004818.4+412807,12.0768989281461,41.4686226204695,1,-999,22.34923,-999,4.171633,0.09174448,False,-99,0.004736853
2591155419209531471,0,2.80113724620766,GALEX J004831.0+412724,12.1292505011482,41.456904550956,1,-999,24.52086,-999,0.5644865,0.09037939,False,-99,0.003134616
2591155419209531540,0,2.80382943117373,GALEX J004816.4+412803,12.0684864692891,41.467538162837,1,-999,22.72469,-999,2.952045,0.09174448,False,-99,0.005756627
2591190603581628830,0,2.80631652699384,GALEX J004805.8+412526,12.0243089996393,41.4239673370263,1,-999,22.91644,-999,2.474132,0.08549193,False,-99,0.005369499
2496227983112536160,0,2.80953123888612,GALEX J004831.0+412725,12.1292719165654,41.4570811005427,1,-999,23.07489,-999,2.138175,0.09037939,False,-99,0.00371697
2591155419209531541,0,2.81570361279716,GALEX J004822.8+412809,12.0951038425747,41.4693391791492,1,-999,22.10135,-999,5.241565,0.09174448,False,-99,0.005228106
6449719952874146504,0,2.82688833648832,GALEX J004820.2+412232,12.0843914946746,41.3757550036066,1,-999,23.39141,-999,1.597482,0.08078841,False,-99,0.002634945
6449719952874147055,0,2.83846421125362,GALEX J004833.7+412651,12.1403998098577,41.4476426087475,1,-999,22.98322,-999,2.32654,0.09037939,False,-99,0.002766396
2496227983112536246,0,2.8407043205313,GALEX J004819.9+412812,12.0829927142304,41.4701038005568,1,-999,22.22609,-999,4.672649,0.09174448,False,-99,0.006283151
2496227983112536252,0,2.84877183201373,GALEX J004823.1+412811,12.096566357106,41.469734953549,1,-999,20.86004,-999,16.44311,0.09174448,False,-99,0.009772417
2591190603581628557,0,2.85745577613667,GALEX J004805.9+412444,12.0246988908084,41.4124177581874,1,-999,24.34186,-999,0.6656627,0.08549193,False,-99,0.003137873
2496227983112536165,0,2.86865665590287,GALEX J004830.4+412735,12.1269434691843,41.4599101624359,1,-999,24.14314,-999,0.7993596,0.09037939,False,-99,0.002103766
6449719952874147202,0,2.87062184453957,GALEX J004827.9+412754,12.1165785078361,41.4651032080031,1,-999,21.78446,-999,7.018057,0.09174448,False,-99,0.006551492
2591190603581628471,0,2.87714467358692,GALEX J004806.8+412410,12.0284461105916,41.4030156895008,1,-999,23.92494,-999,0.977291,0.08549193,False,-99,0.002766868
6449719952874146524,0,2.87768523003288,GALEX J004826.5+412241,12.1103996878487,41.378303757024,1,-999,23.03313,-999,2.222019,0.08078841,False,-99,0.002970166
2591155419209531524,0,2.89368317837451,GALEX J004828.0+412755,12.1168539671293,41.4654287784022,1,-999,21.94152,-999,6.072834,0.09174448,False,-99,0.001818372
2591190603581628637,0,2.89421562441664,GALEX J004805.4+412505,12.0226227091175,41.4183207579217,1,-999,24.97374,-999,0.3719669,0.08549193,False,-99,0.001887171
2496227983112536208,0,2.90124530964126,GALEX J004828.1+412755,12.1173312195058,41.4653800745919,1,-999,21.2439,-999,11.54623,0.09174448,False,-99,0.006541555
2496227983113593561,0,2.90374540311059,GALEX J004836.1+412546,12.1505945166632,41.4295106726079,2,23.05337,-999,2.180996,-999,0.08209001,False,0.002679729,-99
6449719952874147178,0,2.91892578906701,GALEX J004813.3+412755,12.0554397124129,41.4654860344305,1,-999,22.88151,-999,2.555022,0.08779587,False,-99,0.003710524
2591155419209531550,0,2.92772019615451,GALEX J004819.8+412817,12.0828344156174,41.4715496009892,1,-999,23.26703,-999,1.791381,0.09174448,False,-99,0.005478725
2591190603581628848,0,2.93112640459819,GALEX J004805.3+412552,12.0224681101863,41.4311726099259,1,-999,23.85065,-999,1.046502,0.08549193,False,-99,0.00258823
2591155419209531400,0,2.93650617035887,GALEX J004836.4+412532,12.151835543774,41.4255668137074,1,-999,22.39501,-999,3.999405,0.08209001,False,-99,0.00537872
2496227983112536206,0,2.95297867005446,GALEX J004813.1+412757,12.0547132643141,41.4658334871597,1,-999,22.26903,-999,4.49145,0.08779587,False,-99,0.004695524
6372252785249879842,0,2.95448071847834,GALEX J004835.5+412626,12.1478999635363,41.4406446007679,1,-999,21.60292,-999,8.295301,0.09037939,False,-99,0.002959285
2591155419209531523,0,2.95647418021666,GALEX J004813.0+412756,12.0544492618759,41.465789485502,1,-999,22.61745,-999,3.258507,0.08779587,False,-99,0.002184256
6372252785249879599,0,2.9588757448128,GALEX J004821.4+412224,12.0895616605564,41.3735721314235,1,-999,20.97445,-999,14.79852,0.08078841,False,-99,0.003699175
6449719952874146722,0,2.95888276839132,GALEX J004832.5+412324,12.1357666962399,41.3900406275181,1,-999,20.76024,-999,18.02613,0.08176642,False,-99,0.007601137
2591155419209531486,0,2.97463963789739,GALEX J004809.5+412728,12.0398226627754,41.4578353293719,1,-999,24.42143,-999,0.6186265,0.08779587,False,-99,0.003269306
2496227983112536156,0,2.97603684543257,GALEX J004809.5+412727,12.0395907307682,41.4576931035631,1,-999,23.20798,-999,1.891511,0.08779587,False,-99,0.001371854
6449719952874146510,0,2.97684592970813,GALEX J004821.5+412223,12.0896427482033,41.3732750418542,1,-999,21.55539,-999,8.666464,0.08078841,False,-99,0.003643874
2591155419211628576,0,2.97994147661411,GALEX J004835.5+412628,12.1481727435167,41.4412838061494,3,23.07192,23.09996,2.144046,2.089368,0.09037939,False,0.003189597,0.003589658
2496227983112536122,0,2.98060336747824,GALEX J004835.5+412628,12.1482326236955,41.4412009592616,1,-999,22.00241,-999,5.741649,0.09037939,False,-99,0.0065117
6372252785249879734,0,2.98190507081219,GALEX J004836.6+412509,12.1527778290279,41.4193332124454,1,-999,18.17203,-999,195.5192,0.08209001,False,-99,0.002016868
6372252785249879815,0,2.98392371413457,GALEX J004836.4+412555,12.151811869316,41.4321877212325,1,-999,21.38069,-999,10.17944,0.09037939,False,-99,0.0008959359
2591155419209531416,0,2.98439991473186,GALEX J004806.0+412630,12.0253655455184,41.4418591051765,1,-999,24.29564,-999,0.6946107,0.08549193,False,-99,0.003018885
6449719952874146548,0,3.00662671972945,GALEX J004811.6+412254,12.0483573407143,41.3817859524093,1,-999,23.25285,-999,1.814924,0.08397099,False,-99,0.003438675
2591190603582686782,0,3.01185579999883,GALEX J004804.7+412533,12.0198406334768,41.4258338774337,2,23.7853,-999,1.111431,-999,0.08549193,False,0.002305943,-99
6372252785249879971,0,3.03098358831897,GALEX J004818.2+412821,12.0760630939382,41.4727261135162,1,-999,21.20543,-999,11.96269,0.09174448,False,-99,0.00207638
2591155419209531508,0,3.04356725726188,GALEX J004811.2+412749,12.0467205081163,41.4637838725351,1,-999,24.14908,-999,0.7950027,0.08779587,False,-99,0.004155033
2496227983112536191,0,3.05188118716558,GALEX J004811.1+412750,12.0466119392719,41.4638960398107,1,-999,23.66347,-999,1.243402,0.08779587,False,-99,0.003433059
6449719952874147251,0,3.05505264492842,GALEX J004818.5+412823,12.0773873208735,41.4732791392026,1,-999,21.61094,-999,8.234262,0.09174448,False,-99,0.004411133
2591155419209531570,0,3.06057442026608,GALEX J004818.4+412823,12.0767698517638,41.473306172174,1,-999,21.4498,-999,9.551645,0.09174448,False,-99,0.001815109
2496227983112536239,0,3.07003797604087,GALEX J004818.4+412824,12.0768859200463,41.4734782605547,1,-999,21.22916,-999,11.70406,0.09174448,False,-99,0.003199229
6449719952874147171,0,3.07811429867053,GALEX J004833.1+412723,12.138271698407,41.4565329539229,1,-999,21.73842,-999,7.322004,0.09037939,False,-99,0.006169154
2591190603582686673,0,3.08123302710595,GALEX J004805.4+412417,12.0225560281386,41.4047959598801,2,23.59925,-999,1.319175,-999,0.08549193,False,0.003377228,-99
6372252785249879647,0,3.08137471024187,GALEX J004833.3+412323,12.1391088542325,41.3898187539128,1,-999,20.10555,-999,32.94424,0.08176642,False,-99,0.002168107
2591155419209531529,0,3.08871582825156,GALEX J004824.4+412823,12.1017320292319,41.4730636711096,1,-999,23.64609,-999,1.263462,0.09174448,False,-99,0.002077563
2496227983112536190,0,3.08908515335315,GALEX J004833.2+412724,12.1383807855668,41.4567174164737,1,-999,21.04183,-999,13.90808,0.09037939,False,-99,0.008046933
6372252785249879901,0,3.08990950481688,GALEX J004832.7+412729,12.1365897793519,41.4582154392493,1,-999,20.74897,-999,18.21423,0.09037939,False,-99,0.002653237
2496227983113593562,0,3.11016891153537,GALEX J004837.2+412545,12.1552459529796,41.4293829851544,2,22.37919,-999,4.05812,-999,0.08209001,False,0.003022967,-99
2591155419210598030,0,3.11983554448075,GALEX J004831.6+412744,12.1316682339652,41.4624082035826,2,22.91176,-999,2.484831,-999,0.09037939,False,0.003365248,-99
6449719952874146757,0,3.13557896262888,GALEX J004831.9+412302,12.133147597836,41.3839085782349,1,-999,21.23176,-999,11.67604,0.08176642,False,-99,0.008362703
2591155419209531490,0,3.13643762533971,GALEX J004833.5+412724,12.1397965645904,41.4566948126607,1,-999,22.34066,-999,4.20471,0.09037939,False,-99,0.002052947
6372252785249879592,0,3.14339682365396,GALEX J004817.4+412217,12.0725308904687,41.3715332877922,1,-999,20.53909,-999,22.09846,0.08078841,False,-99,0.003697623
6449719952874146584,0,3.15243316847846,GALEX J004817.1+412217,12.0715099776415,41.3715432766835,1,-999,20.31789,-999,27.09216,0.07943632,False,-99,0.006361196
2591155419210598045,0,3.18768507433104,GALEX J004829.7+412804,12.1241388151814,41.467934588552,2,22.77215,-999,2.825812,-999,0.09037939,False,0.002847273,-99
6449719952874147006,0,3.18976654436286,GALEX J004804.9+412630,12.0204102800838,41.441777787353,1,-999,23.81373,-999,1.082695,0.08549193,False,-99,0.001407937
2496227983112536284,0,3.19048449275452,GALEX J004822.4+412832,12.0934059477244,41.4757731574089,1,-999,22.37867,-999,4.060048,0.09174448,False,-99,0.006494826
2496227983112536108,0,3.21240104799928,GALEX J004804.6+412626,12.0192943601658,41.4405890181907,1,-999,22.24589,-999,4.588216,0.08549193,False,-99,0.004562032
2496227983112536065,0,3.21249406596614,GALEX J004837.8+412538,12.1578087436584,41.4274364147891,1,-999,23.11905,-999,2.052963,0.08209001,False,-99,0.003664016
6449719952874146627,0,3.21379797303944,GALEX J004813.6+412227,12.0566753166089,41.3742292565322,1,-999,18.29512,-999,174.5633,0.08397099,False,-99,0.002794331
2591190603583726216,0,3.21848304636875,GALEX J004804.6+412628,12.019435807299,41.4411871150954,3,22.81327,22.46066,2.720786,3.764739,0.08549193,False,0.004019533,0.006526298
6372252785249879509,0,3.22186419860978,GALEX J004813.6+412226,12.0569604880109,41.3739830435694,1,-999,18.21816,-999,187.3857,0.08397099,False,-99,0.002120246
6372252785249879879,0,3.22280759123631,GALEX J004835.6+412658,12.1487078366225,41.4497050353274,1,-999,21.49967,-999,9.12288,0.09037939,False,-99,0.00144045
6372252785249879640,0,3.22459773332756,GALEX J004832.4+412259,12.1350260679231,41.3831829438959,1,-999,21.17096,-999,12.34855,0.08176642,False,-99,0.001730496
2591155419209531420,0,3.2283843857678,GALEX J004804.6+412628,12.0192428498378,41.4412721981192,1,-999,23.11411,-999,2.062319,0.08549193,False,-99,0.004678812
2591155419211628650,0,3.23112796141114,GALEX J004808.1+412733,12.033940877728,41.4594150313904,3,23.59004,23.07235,1.330415,2.143178,0.08779587,False,0.002171676,0.004529351
2591190603581628500,0,3.23263822874107,GALEX J004804.3+412422,12.0183082438102,41.4062656757621,1,-999,23.89793,-999,1.00191,0.08549193,False,-99,0.003375765
2496227983113593579,0,3.25267917478823,GALEX J004804.5+412629,12.0187774179177,41.4414971964377,2,22.60852,-999,3.285438,-999,0.08549193,False,0.002557094,-99
6449719952874146721,0,3.26192608202288,GALEX J004804.2+412422,12.017661126372,41.4061802239118,1,-999,23.96564,-999,0.9413373,0.08549193,False,-99,0.00229228
2591155419209531586,0,3.26895096090667,GALEX J004822.5+412837,12.0939911834809,41.4770440981536,1,-999,23.27574,-999,1.777074,0.09174448,False,-99,0.004807731
2591155419209531492,0,3.2797919775037,GALEX J004808.8+412745,12.0366519679506,41.4626185678999,1,-999,24.00502,-999,0.9078058,0.08779587,False,-99,0.003260927
6449719952874146455,0,3.28570574187993,GALEX J004820.3+412205,12.0848565684385,41.3680939639336,1,-999,22.78101,-999,2.802835,0.08078841,False,-99,0.00254443
2591155419209531512,0,3.29015042543453,GALEX J004810.8+412804,12.0451723768278,41.4680001323687,1,-999,25.10336,-999,0.330107,0.08779587,False,-99,0.001975752
2591155419211628690,0,3.29996385214361,GALEX J004825.6+412832,12.1067721324859,41.4757334274659,3,21.94544,24.29816,6.050991,0.6930035,0.09174448,False,0.004676875,0.002535577
2496227983114633291,0,3.31752062408578,GALEX J004837.6+412623,12.1568305664869,41.4398649550076,3,22.36259,21.81833,4.120657,6.802514,0.09037939,False,0.003263683,0.00548104
2591155419211628580,0,3.32161732903045,GALEX J004837.6+412623,12.1569588136552,41.439789206471,3,21.3843,22.67813,10.14573,3.081381,0.09037939,False,0.004663475,0.003405208
6449719952874147228,0,3.33615952444069,GALEX J004827.3+412828,12.1139055454945,41.4745574281892,1,-999,23.24055,-999,1.835611,0.09174448,False,-99,0.003442058
2591155419210598035,0,3.34782401807352,GALEX J004831.9+412758,12.1332592931371,41.4663533895571,2,22.20049,-999,4.784145,-999,0.09037939,False,0.00357527,-99
6449719952874147151,0,3.34842883893693,GALEX J004834.6+412728,12.1444740441356,41.4580030473126,1,-999,22.74672,-999,2.892748,0.09037939,False,-99,0.003796526
6372252785249879561,0,3.3485846004523,GALEX J004820.6+412201,12.0861020387984,41.3670307528948,1,-999,21.45859,-999,9.474631,0.08078841,False,-99,0.003102523
2496227983112536145,0,3.35284966667878,GALEX J004805.0+412657,12.0209888200383,41.4492633648661,1,-999,23.09497,-999,2.098987,0.08549193,False,-99,0.003972645
2496227983112536212,0,3.35581807394318,GALEX J004835.6+412714,12.1485011182311,41.454134122776,1,-999,21.0549,-999,13.74165,0.09037939,False,-99,0.008028228
2591155419209531476,0,3.360512711865,GALEX J004835.7+412714,12.1487736029818,41.4539703004584,1,-999,23.51895,-999,1.420435,0.09037939,False,-99,0.002569997
2496227983112536218,0,3.36723528374392,GALEX J004828.6+412824,12.1193047338515,41.473346619072,1,-999,23.09314,-999,2.102545,0.09565836,False,-99,0.002792681
2591155419209531451,0,3.36919746885797,GALEX J004805.3+412705,12.0223256182932,41.4515886631699,1,-999,23.67989,-999,1.224742,0.08549193,False,-99,0.003636169
2591190603581629141,0,3.37676037771434,GALEX J004805.2+412705,12.0220460259695,41.4514824393028,1,-999,23.216,-999,1.877589,0.08549193,False,-99,0.00309645
6372252785249879886,0,3.39131208642748,GALEX J004805.3+412707,12.0220706479611,41.4519870765056,1,-999,22.00341,-999,5.736346,0.08549193,False,-99,0.002113128
2591190603581628245,0,3.39169883096245,GALEX J004805.9+412326,12.0245661298836,41.3908077240963,1,-999,24.15077,-999,0.793763,0.08397099,False,-99,0.002209213
2591155419209531562,0,3.39304282502379,GALEX J004818.3+412843,12.076280628269,41.4788512401248,1,-999,24.02384,-999,0.8922025,0.09174448,False,-99,0.003744561
6372252785249879970,0,3.40178324508615,GALEX J004830.0+412817,12.1251604953952,41.4716440887187,1,-999,21.09183,-999,13.2821,0.09565836,False,-99,0.003273695
2591190603581628673,0,3.42069196031907,GALEX J004802.6+412504,12.0109094332496,41.4180312806159,1,-999,22.36619,-999,4.106999,0.08549193,False,-99,0.002705299
2496227983112536186,0,3.42579507857366,GALEX J004833.3+412751,12.138852795578,41.4644287471446,1,-999,22.95818,-999,2.380828,0.09037939,False,-99,0.001829983
2591155419210598070,0,3.44185206819404,GALEX J004823.9+412845,12.0999416856697,41.4793335872658,2,22.63293,-999,3.212396,-999,0.09174448,False,0.004403988,-99
6449719952874146576,0,3.44730009074909,GALEX J004806.8+412307,12.028446190037,41.3855013200773,1,-999,23.46021,-999,1.499394,0.08397099,False,-99,0.002650797
2496227983112536067,0,3.46115376416767,GALEX J004839.2+412539,12.163326789169,41.4276937130038,1,-999,23.86934,-999,1.028642,0.08209001,False,-99,0.002693736
2591155419209531401,0,3.46353019557544,GALEX J004839.1+412549,12.1629811830957,41.4304549349127,1,-999,25.04893,-999,0.3470791,0.08209001,False,-99,0.001834149
6449719952874146460,0,3.48158375885596,GALEX J004826.0+412201,12.108476733373,41.3671668775751,1,-999,22.41364,-999,3.931385,0.08078841,False,-99,0.003849681
2496227983112536117,0,3.50231451816697,GALEX J004803.6+412646,12.0152741493099,41.4461299383688,1,-999,22.99305,-999,2.305579,0.08549193,False,-99,0.00289055
2591155419210597969,0,3.50329841827017,GALEX J004839.1+412604,12.1629360503765,41.4346307001522,2,22.61649,-999,3.261404,-999,0.08209001,False,0.001965058,-99
6449719952874146856,0,3.51588060300741,GALEX J004802.1+412505,12.0087800502903,41.4180893471644,1,-999,21.96073,-999,5.966323,0.08549193,False,-99,0.005809608
2591155419210598042,0,3.51607861860923,GALEX J004830.3+412823,12.1264571574672,41.4732826293672,2,21.28365,-999,11.13123,-999,0.09565836,False,0.005674742,-99
2591155419209531456,0,3.51926336706385,GALEX J004836.8+412712,12.1533296395129,41.4535441555514,1,-999,24.55739,-999,0.5458145,0.09037939,False,-99,0.002713745
2591155419209531531,0,3.53061061991733,GALEX J004811.1+412824,12.0466408148029,41.4734596763544,1,-999,24.71943,-999,0.4701403,0.08719864,False,-99,0.002206755
2591190603581628412,0,3.53234727820742,GALEX J004803.6+412355,12.0149903855779,41.3988339615772,1,-999,23.23922,-999,1.83786,0.08549193,False,-99,0.004647623
6449719952874147158,0,3.53577607404599,GALEX J004806.2+412736,12.0258271100697,41.4601574492368,1,-999,21.30305,-999,10.93405,0.08719864,False,-99,0.002626945
2591190603581628246,0,3.53794542891406,GALEX J004806.0+412309,12.0252492285206,41.386031079635,1,-999,22.54141,-999,3.494893,0.08397099,False,-99,0.004849945
6372252785249879910,0,3.54375185792436,GALEX J004806.1+412736,12.0254401006845,41.4600115675785,1,-999,20.495,-999,23.01452,0.08719864,False,-99,0.003889403
6449719952874146463,0,3.5439412558139,GALEX J004828.4+412207,12.1185189516885,41.3688220510433,1,-999,23.61004,-999,1.306125,0.08078841,False,-99,0.002494536
2496227983112536213,0,3.55129563653308,GALEX J004806.1+412737,12.0256678498891,41.4604198902187,1,-999,21.02248,-999,14.15819,0.08719864,False,-99,0.00293494
2591190603582686621,0,3.55189029840201,GALEX J004803.2+412401,12.0135663566959,41.4005048926602,2,23.42593,-999,1.547493,-999,0.08549193,False,0.002194977,-99
2591190603581628130,0,3.55693916053109,GALEX J004806.8+412257,12.028616715592,41.382608546212,1,-999,23.11067,-999,2.068869,0.08397099,False,-99,0.003091568
6449719952874147263,0,3.56375219028939,GALEX J004824.5+412851,12.1023797565931,41.4810554539449,1,-999,23.51613,-999,1.424125,0.09174448,False,-99,0.002119676
2591155419209531539,0,3.5674362850205,GALEX J004806.0+412738,12.0253889929072,41.4605892938663,1,-999,20.99434,-999,14.53001,0.08719864,False,-99,0.002404972
2496227983114633414,0,3.57116112362416,GALEX J004813.4+412839,12.0559002011691,41.4777093832103,3,22.06279,21.64704,5.431067,7.964985,0.08779587,False,0.004378312,0.004446691
2591190603581628741,0,3.57209594650124,GALEX J004801.8+412506,12.0074822190027,41.4185220934224,1,-999,21.75552,-999,7.207621,0.08549193,False,-99,0.002331474
2591155419211628747,0,3.5726121093604,GALEX J004813.4+412839,12.0558506558223,41.4777200007055,3,22.53819,21.82401,3.505292,6.766992,0.08779587,False,0.004859728,0.003233706
6449719952874147294,0,3.5760634507639,GALEX J004813.4+412840,12.0562138117066,41.477896053416,1,-999,22.04057,-999,5.543363,0.08779587,False,-99,0.006048994
6449719952874147272,0,3.58136231624927,GALEX J004822.5+412856,12.0938438094637,41.4822853714273,1,-999,23.3033,-999,1.732533,0.09174448,False,-99,0.002700247
2496227983112536111,0,3.5913208047663,GALEX J004838.5+412644,12.1604235677755,41.4457505004334,1,-999,24.00142,-999,0.9108157,0.09037939,False,-99,0.002077457
6449719952874147283,0,3.63037240723322,GALEX J004829.1+412838,12.1213435003099,41.4774781496913,1,-999,21.99021,-999,5.806509,0.09565836,False,-99,0.003617293
2591155419210598090,0,3.63587402255435,GALEX J004820.4+412900,12.0853758840682,41.4834290662563,2,23.66513,-999,1.241507,-999,0.09174448,False,0.002085289,-99
6449719952874146467,0,3.66825894058263,GALEX J004829.9+412207,12.1246417874441,41.3687437855505,1,-999,22.74986,-999,2.884404,0.08078841,False,-99,0.002092059
2591155419209531583,0,3.68347999382004,GALEX J004817.6+412900,12.073356406049,41.4834142559543,1,-999,24.31542,-999,0.6820761,0.09174448,False,-99,0.002074166
2591155419209531572,0,3.71004146207589,GALEX J004812.0+412841,12.0500813668882,41.4782599870756,1,-999,23.86681,-999,1.031039,0.08719864,False,-99,0.003764629
2496227983113593628,0,3.71812124527063,GALEX J004821.8+412905,12.0909812823422,41.4847231438499,2,23.3868,-999,1.604284,-999,0.09174448,False,0.002472433,-99
2496227983112536276,0,3.72036559537709,GALEX J004817.5+412902,12.0732863002586,41.48402863257,1,-999,23.82886,-999,1.067716,0.09174448,False,-99,0.002768724
2496227983112536286,0,3.73744957122565,GALEX J004820.9+412906,12.087253067051,41.4851281645872,1,-999,21.69895,-999,7.593132,0.09174448,False,-99,0.006954165
2591155419209531632,0,3.74272941459909,GALEX J004821.0+412906,12.0878903421901,41.4852109700252,1,-999,22.44061,-999,3.834907,0.09174448,False,-99,0.006840151
6372252785249879732,0,3.74334239586404,GALEX J004801.3+412431,12.0055948971385,41.4088390739637,1,-999,21.23785,-999,11.61076,0.08549193,False,-99,0.00146561
2591190603582686513,0,3.75385809224748,GALEX J004806.4+412245,12.0266898930273,41.3793609765193,2,23.19096,-999,1.921401,-999,0.08397099,False,0.002433117,-99
6372252785249879684,0,3.76559735251835,GALEX J004802.7+412343,12.0114602056583,41.3953206635939,1,-999,21.69287,-999,7.635725,0.08549193,False,-99,0.002443171
6372252785249879779,0,3.76932721416671,GALEX J004800.7+412513,12.0029567740396,41.4203018104453,1,-999,21.80325,-999,6.897649,0.08549193,False,-99,0.002321133
6449719952874147234,0,3.78352667084034,GALEX J004834.6+412807,12.1442280556819,41.4688252860027,1,-999,21.87171,-999,6.476138,0.09037939,False,-99,0.005061226
2591190603581628566,0,3.79391693102502,GALEX J004800.9+412438,12.0039023653179,41.4107539680322,1,-999,23.39263,-999,1.595684,0.08549193,False,-99,0.004153234
2591155419210597963,0,3.80545718622116,GALEX J004840.9+412546,12.1707886990904,41.429481678607,2,22.19002,-999,4.830521,-999,0.08209001,False,0.00390653,-99
2591190603581628269,0,3.81275103337854,GALEX J004804.3+412308,12.0179317559934,41.3856890200881,1,-999,21.82022,-999,6.790677,0.08397099,False,-99,0.006374047
6449719952874146752,0,3.81875580067186,GALEX J004800.8+412436,12.0034825843424,41.4102150274017,1,-999,23.59411,-999,1.325431,0.08549193,False,-99,0.002824364
6449719952874146387,0,3.82229853202275,GALEX J004818.1+412134,12.0757726882408,41.3596603373944,1,-999,23.71438,-999,1.186441,0.07943632,False,-99,0.002217183
2496227983112536073,0,3.82793599817677,GALEX J004841.1+412543,12.1713864701645,41.4287551175807,1,-999,22.76525,-999,2.843816,0.08209001,False,-99,0.004054134
6372252785249879555,0,3.82823688950283,GALEX J004820.6+412132,12.0861032456048,41.3590363408512,1,-999,21.50318,-999,9.093415,0.08078841,False,-99,0.002289498
6449719952874146389,0,3.83134297028565,GALEX J004822.5+412133,12.0939351095038,41.3592164206413,1,-999,23.14217,-999,2.009707,0.08078841,False,-99,0.002762719
6372252785249879998,0,3.84138934299958,GALEX J004811.5+412848,12.0482960237829,41.4800390521232,1,-999,21.71308,-999,7.494935,0.08719864,False,-99,0.003276748
2496227983113593573,0,3.84635029350756,GALEX J004801.1+412628,12.0047625101528,41.4412440435095,2,22.52807,-999,3.538133,-999,0.08549193,False,0.003491396,-99
2591190603581628100,0,3.8555903924139,GALEX J004806.2+412238,12.0261845160636,41.3773301272191,1,-999,23.7749,-999,1.122119,0.08397099,False,-99,0.003153443
6449719952874147303,0,3.86058150927617,GALEX J004819.3+412913,12.0807057033368,41.4870266246023,1,-999,23.78811,-999,1.108551,0.09174448,False,-99,0.002087817
6449719952874146428,0,3.86358777932538,GALEX J004813.5+412145,12.0563455099767,41.3625972160283,1,-999,23.3648,-999,1.637111,0.07943632,False,-99,0.00245761
2496227983112536121,0,3.86450206600872,GALEX J004801.6+412648,12.0069625677398,41.4468762834025,1,-999,22.65635,-999,3.143845,0.08476234,False,-99,0.00424403
2496227983114633433,0,3.86471843827433,GALEX J004812.9+412856,12.0537623826311,41.4823426202735,3,22.84235,22.03209,2.648881,5.586832,0.08719864,False,0.001351782,0.002981328
6449719952874147288,0,3.86810969905255,GALEX J004812.8+412856,12.0537097260963,41.4823874467483,1,-999,21.92447,-999,6.168928,0.08719864,False,-99,0.004764125
2591155419211628775,0,3.8682734402906,GALEX J004812.8+412856,12.0536852192004,41.4823827786888,3,22.48767,21.96647,3.67227,5.934869,0.08719864,False,0.002381317,0.001920093
6372252785249879721,0,3.87606989812469,GALEX J004841.0+412434,12.1709702197542,41.4095579760019,1,-999,20.67383,-999,19.51952,0.08209001,False,-99,0.00356023
2496227983112536104,0,3.87752351461517,GALEX J004801.0+412632,12.0044973760114,41.4423643935117,1,-999,23.73098,-999,1.168447,0.08476234,False,-99,0.001886908
2591155419209531491,0,3.88497812123915,GALEX J004803.9+412737,12.0164393857118,41.4605360635775,1,-999,23.8572,-999,1.040207,0.08476234,False,-99,0.003566056
2591155419209531437,0,3.89138844694275,GALEX J004801.4+412647,12.0060697262345,41.4464026262695,1,-999,23.40694,-999,1.574793,0.08476234,False,-99,0.003218806
2591190603581629291,0,3.90062519148189,GALEX J004803.8+412737,12.01592260238,41.4604417307575,1,-999,22.73185,-999,2.932639,0.08476234,False,-99,0.004065054
6449719952874146402,0,3.90259013591424,GALEX J004823.7+412130,12.0988911951056,41.3584455254891,1,-999,22.18054,-999,4.872837,0.08078841,False,-99,0.003108267
2591190603582686542,0,3.90944578368222,GALEX J004804.4+412256,12.0186563602206,41.3823032515461,2,22.7145,-999,2.979892,-999,0.08397099,False,0.003822906,-99
2591190603581629138,0,3.91131271129933,GALEX J004801.3+412646,12.005469239599,41.4461586693336,1,-999,23.12914,-999,2.033961,0.08476234,False,-99,0.004400488
2591155419210598085,0,3.91190260514735,GALEX J004829.1+412857,12.1213115414794,41.482643357313,2,22.08806,-999,5.306109,-999,0.09565836,False,0.00331472,-99
2496227983112536146,0,3.91294362045296,GALEX J004802.1+412707,12.0088897597608,41.4520502661477,1,-999,23.77304,-999,1.124049,0.08476234,False,-99,0.003549238
6449719952874147549,0,3.9132675062321,GALEX J004833.2+412830,12.1385189879829,41.4752150023322,1,-999,18.42375,-999,155.0596,0.09037939,False,-99,0.009873593
2591155419211628863,0,3.91695537827942,GALEX J004833.4+412829,12.1392212902787,41.4748972754342,3,18.43483,18.7244,153.4871,117.5543,0.09037939,False,0.001432797,0.001804997
6372252785249879917,0,3.92506439378747,GALEX J004833.4+412829,12.1394493614721,41.4749372896494,1,-999,18.84905,-999,104.8045,0.09037939,False,-99,0.00377272
2496227983113593569,0,3.92553516521861,GALEX J004841.4+412558,12.172877219481,41.4329489556943,2,22.83755,-999,2.660613,-999,0.08209001,False,0.002674284,-99
2591155419209531625,0,3.92782375823201,GALEX J004822.4+412917,12.0933447600554,41.4881110077711,1,-999,23.99544,-999,0.9158487,0.09174448,False,-99,0.003785122
2591190603583725400,0,3.93037887267374,GALEX J004803.1+412315,12.0131289419512,41.3875008775834,3,22.99138,22.95565,2.309129,2.386372,0.08397099,False,0.001542298,0.003514001
2496227983114633623,0,3.93226484930308,GALEX J004833.4+412830,12.1392040651978,41.4752266769794,3,18.48586,18.64741,146.4402,126.1937,0.09037939,False,0.001216614,0.002123638
2591190603581628722,0,3.94333410013373,GALEX J004759.7+412513,11.9990850356686,41.4203246854177,1,-999,23.45979,-999,1.499971,0.08549193,False,-99,0.003602484
6449719952874146591,0,3.94444996768887,GALEX J004803.0+412315,12.0125358629557,41.3877632935396,1,-999,23.68562,-999,1.218294,0.08397099,False,-99,0.001855085
2496227983112536324,0,3.94723898109159,GALEX J004818.8+412918,12.0784771977978,41.4883392628086,1,-999,22.61903,-999,3.253774,0.09174448,False,-99,0.005974741
2591190603581628010,0,3.94913317138201,GALEX J004806.8+412224,12.0287177694431,41.3734168203785,1,-999,24.90858,-999,0.3949744,0.08397099,False,-99,0.002457594
2496227983112536092,0,3.95214948518214,GALEX J004841.2+412619,12.1718902292272,41.4388372036068,1,-999,22.94873,-999,2.401637,0.08209001,False,-99,0.001737294
2591155419210597965,0,3.96561179472668,GALEX J004841.6+412604,12.1734232744616,41.4345464490251,2,21.9208,-999,6.189866,-999,0.08209001,False,0.004329222,-99
2591155419211628622,0,3.97508318183817,GALEX J004839.5+412713,12.1647926301338,41.4538060993454,3,23.198,23.47353,1.908987,1.481115,0.09037939,False,0.001891156,0.002715359
2496227983113593632,0,3.98211212517912,GALEX J004827.3+412909,12.1140654850746,41.4859506836173,2,23.07736,-999,2.133325,-999,0.09565836,False,0.002518461,-99
2591155419210598110,0,3.9876707900741,GALEX J004820.5+412921,12.085517446903,41.4892944875275,2,24.0239,-999,0.8921599,-999,0.09174448,False,0.001011171,-99
6372252785249879735,0,3.98787281613567,GALEX J004841.8+412447,12.1743491257419,41.4131419641487,1,-999,21.22508,-999,11.74814,0.08209001,False,-99,0.003585022
2496227983112536151,0,3.98945527404194,GALEX J004839.6+412714,12.1650226350979,41.453992493077,1,-999,22.26385,-999,4.512961,0.09037939,False,-99,0.003863035
2591155419210598104,0,4.02394036912494,GALEX J004825.9+412916,12.108192958359,41.4879351244182,2,22.76514,-999,2.844102,-999,0.09565836,False,0.003044179,-99
6372252785249879816,0,4.0254936939542,GALEX J004841.2+412637,12.1716928172201,41.443759663979,1,-999,20.67649,-999,19.47161,0.08209001,False,-99,0.003938539
6372252785249879545,0,4.02720352055763,GALEX J004824.6+412124,12.1028297642337,41.3568232688841,1,-999,21.85689,-999,6.565152,0.08078841,False,-99,0.0008605855
2591190603581628626,0,4.03531924490607,GALEX J004759.3+412458,11.9974192275756,41.4161852488926,1,-999,24.16485,-999,0.7835358,0.08549193,False,-99,0.002813726
2496227983112536279,0,4.03969574922666,GALEX J004828.0+412910,12.1168268700934,41.4862591660062,1,-999,23.64414,-999,1.265736,0.09565836,False,-99,0.002298595
6372252785249879924,0,4.04200776807003,GALEX J004838.6+412738,12.1609598302901,41.4607421389361,1,-999,21.82355,-999,6.769873,0.09037939,False,-99,0.002112689
6449719952874147010,0,4.05693324376634,GALEX J004759.6+412612,11.9984091917435,41.4367333560971,1,-999,21.34348,-999,10.53439,0.08549193,False,-99,0.002499138
2591155419209531455,0,4.05696717354774,GALEX J004801.0+412701,12.0042797476904,41.4503540363633,1,-999,23.00888,-999,2.272212,0.08476234,False,-99,0.002284991
6449719952874147070,0,4.05792879346141,GALEX J004801.0+412701,12.0042826912234,41.4503983911083,1,-999,23.07733,-999,2.133374,0.08476234,False,-99,0.002596048
6372252785249879568,0,4.05839880668221,GALEX J004831.4+412149,12.1308704844479,41.3638854771115,1,-999,21.74396,-999,7.284792,0.08176642,False,-99,0.00236471
6449719952874146434,0,4.05871984419512,GALEX J004831.5+412151,12.1316036979704,41.3641920561091,1,-999,22.85816,-999,2.610563,0.08176642,False,-99,0.001647434
2496227983112536260,0,4.06162108572431,GALEX J004811.8+412903,12.0491896773425,41.484429964569,1,-999,23.49561,-999,1.451292,0.08719864,False,-99,0.00277202
2496227983112536136,0,4.06452987735032,GALEX J004800.9+412701,12.0041452227252,41.4504374614305,1,-999,22.8459,-999,2.640217,0.08476234,False,-99,0.003850783
2591190603583726213,0,4.0655871971741,GALEX J004759.5+412612,11.9982421838361,41.4368389374304,3,21.48069,21.02653,9.283815,14.10548,0.08549193,False,0.003029068,0.002392362
2591190603581629188,0,4.06597653483916,GALEX J004800.9+412701,12.0040221617097,41.4502891364924,1,-999,22.67015,-999,3.104128,0.08476234,False,-99,0.003909412
2496227983112536290,0,4.06916337069482,GALEX J004824.8+412922,12.1034782129593,41.4894776098392,1,-999,24.34667,-999,0.6627232,0.09174448,False,-99,0.002328772
6372252785249879745,0,4.07227115912478,GALEX J004759.6+412618,11.9985830246752,41.4384926832628,1,-999,20.05991,-999,34.35853,0.08476234,False,-99,0.005794105
2496227983114633284,0,4.07401942064616,GALEX J004841.4+412639,12.1726258372216,41.4442214279484,3,21.59141,21.39149,8.38377,10.07873,0.08209001,False,0.005062633,0.006128451
2591155419209531594,0,4.07643987239969,GALEX J004811.6+412904,12.0484922634227,41.4844613075169,1,-999,24.51695,-999,0.5665247,0.08719864,False,-99,0.002790623
2591155419209531409,0,4.07691381923656,GALEX J004759.6+412618,11.9984354028383,41.4383601819325,1,-999,22.33184,-999,4.23901,0.08476234,False,-99,0.001832113
6372252785249879729,0,4.08301268279928,GALEX J004842.1+412434,12.1757074938446,41.4097204099865,1,-999,21.12443,-999,12.88927,0.08209001,False,-99,0.003691523
6372252785249879554,0,4.08794008335512,GALEX J004813.1+412132,12.0546874765801,41.3590702948627,1,-999,21.8355,-999,6.695777,0.07943632,False,-99,0.002128696
2591190603581628740,0,4.08894142698895,GALEX J004759.0+412507,11.9959403479772,41.4188634707683,1,-999,23.20904,-999,1.889658,0.08549193,False,-99,0.005259927
2591155419210598112,0,4.09505735015527,GALEX J004824.2+412924,12.1009226903291,41.4902483757617,2,23.50725,-999,1.435823,-999,0.09174448,False,0.002658328,-99
2496227983113593631,0,4.09768503638124,GALEX J004829.3+412908,12.1224613154092,41.485643795306,2,23.21984,-999,1.870964,-999,0.09565836,False,0.001753581,-99
2591155419211628588,0,4.10028441064936,GALEX J004841.5+412638,12.1732661173197,41.4441636403294,3,22.09679,22.11823,5.263622,5.160689,0.08209001,False,0.003058985,0.002000495
6449719952874147290,0,4.10271591313893,GALEX J004830.3+412903,12.1265602368197,41.4843338296682,1,-999,23.15218,-999,1.991264,0.09565836,False,-99,0.002946715
2496227983112536086,0,4.10520561163916,GALEX J004842.2+412609,12.1761944266917,41.4360866214655,1,-999,23.22556,-999,1.861124,0.08209001,False,-99,0.003169604
2591190603583725371,0,4.12202563660076,GALEX J004803.6+412247,12.0151271797731,41.3799413125718,3,22.73096,22.21739,2.935056,4.710237,0.08071323,False,0.002467827,0.003401549
2496227983112536066,0,4.12990732724203,GALEX J004842.7+412539,12.1782344640845,41.4277088043855,1,-999,23.53696,-999,1.397058,0.08209001,False,-99,0.003842825
6449719952874146556,0,4.13519260298378,GALEX J004803.5+412247,12.0147142461113,41.3799778769538,1,-999,22.73811,-999,2.915798,0.08071323,False,-99,0.004638509
6449719952874146505,0,4.15738905452362,GALEX J004805.0+412226,12.0212253575732,41.3739379319438,1,-999,23.23036,-999,1.852921,0.08397099,False,-99,0.002994242
2591155419210598087,0,4.15913442165973,GALEX J004829.9+412909,12.1249346913598,41.4859459260063,2,23.08778,-999,2.112948,-999,0.09565836,False,0.003318799,-99
2496227983112536074,0,4.16061613617884,GALEX J004842.8+412555,12.1783323088223,41.4320405961571,1,-999,23.26388,-999,1.796588,0.08209001,False,-99,0.003237404
2496227983113593605,0,4.16389284094957,GALEX J004836.2+412821,12.1510819110936,41.4726872472017,2,22.40107,-999,3.977187,-999,0.09037939,False,0.003509095,-99
2591155419211628585,0,4.17823314590038,GALEX J004759.6+412641,11.9985047269244,41.4447603471048,3,23.04518,22.76406,2.197502,2.84692,0.08476234,False,0.00321717,0.004057063
6449719952874146946,0,4.17979925066882,GALEX J004758.6+412546,11.9941828541306,41.429488896476,1,-999,22.00283,-999,5.739403,0.08549193,False,-99,0.005039787
2591190603581629062,0,4.18559002685641,GALEX J004759.5+412640,11.9982263390169,41.4445181860867,1,-999,23.02287,-999,2.243117,0.08476234,False,-99,0.003160146
2591190603583726121,0,4.18598573442916,GALEX J004758.5+412545,11.9940383161427,41.4294383388395,3,21.68626,21.28527,7.682405,11.11452,0.08549193,False,0.005067705,0.005183225
6449719952874146416,0,4.1936590838863,GALEX J004810.9+412136,12.0454628874638,41.3601515857929,1,-999,22.04129,-999,5.539655,0.08397099,False,-99,0.003695345
2496227983112536302,0,4.19894676380229,GALEX J004826.6+412925,12.1110574969816,41.4903917475331,1,-999,23.92416,-999,0.9779916,0.09565836,False,-99,0.001400567
2591155419210598048,0,4.20079171931032,GALEX J004833.1+412852,12.1380504068096,41.4813079117683,2,19.91189,-999,39.37738,-999,0.09565836,False,0.01027332,-99
6449719952874146361,0,4.2285299853971,GALEX J004815.4+412115,12.0644489240002,41.3543629756083,1,-999,22.88941,-999,2.536515,0.07943632,False,-99,0.002084084
2591155419210598099,0,4.23519145844812,GALEX J004828.7+412920,12.1198701357844,41.4888934193797,2,22.32481,-999,4.26656,-999,0.09565836,False,0.004635121,-99
6449719952874146358,0,4.24224122096474,GALEX J004814.4+412118,12.0600131171991,41.3550215051607,1,-999,23.15142,-999,1.992654,0.07943632,False,-99,0.003232644
2496227983112536362,0,4.24471116721608,GALEX J004821.8+412936,12.0911711330485,41.4935034852328,1,-999,21.98281,-999,5.846238,0.09174448,False,-99,0.00551809
6449719952874147348,0,4.25052958435113,GALEX J004822.0+412936,12.0919647172121,41.493569689931,1,-999,22.43121,-999,3.868257,0.09174448,False,-99,0.003964442
6372252785249879996,0,4.25436893791514,GALEX J004834.6+412844,12.144170785509,41.4791418145659,1,-999,21.63532,-999,8.05142,0.09037939,False,-99,0.00267856
2591155419209531704,0,4.25720770098861,GALEX J004821.9+412937,12.0913407732699,41.4937058279112,1,-999,22.5038,-999,3.618086,0.09174448,False,-99,0.001873654
6449719952874146532,0,4.26330156136675,GALEX J004828.4+412121,12.1186708875395,41.3559635843952,1,-999,19.85264,-999,41.58571,0.08078841,False,-99,0.01346404
2496227983112536106,0,4.26333610736098,GALEX J004759.0+412635,11.9958725472533,41.4432161086065,1,-999,23.48976,-999,1.45914,0.08476234,False,-99,0.00329276
6372252785249879914,0,4.27727117093429,GALEX J004801.0+412731,12.0044180828107,41.4586213757059,1,-999,21.85938,-999,6.550079,0.08476234,False,-99,0.002083507
6372252785249880015,0,4.29395927568981,GALEX J004832.9+412900,12.1373321274183,41.4834993846801,1,-999,21.16569,-999,12.40866,0.09565836,False,-99,0.00239329
6449719952874146385,0,4.30493077659847,GALEX J004817.5+412106,12.0730288067851,41.3518233614643,1,-999,21.99603,-999,5.775476,0.07943632,False,-99,0.005525477
6372252785249879607,0,4.30574957889261,GALEX J004837.5+412225,12.1563396983923,41.3736622800274,1,-999,21.80771,-999,6.869346,0.07592946,False,-99,0.002109244
6372252785249879772,0,4.31707535165509,GALEX J004757.8+412504,11.9909361888618,41.4179642649283,1,-999,21.4995,-999,9.124269,0.08326878,False,-99,0.002405649
2496087245624183579,0,4.32813889776666,GALEX J004757.8+412548,11.9909519925161,41.4301187211858,1,-999,22.51219,-999,3.59025,0.08549193,False,-99,0.004482601
2591190603581628965,0,4.33271413877856,GALEX J004758.2+412618,11.9926228365016,41.4384238506189,1,-999,23.10418,-999,2.081273,0.08476234,False,-99,0.002656598
6372252785249880058,0,4.34296451714983,GALEX J004821.4+412942,12.089276792392,41.4951951946729,1,-999,21.60064,-999,8.312723,0.09174448,False,-99,0.002067076
6449719952874147440,0,4.35119382669811,GALEX J004833.3+412901,12.1391369014853,41.48376987946,1,-999,20.56899,-999,21.49828,0.09565836,False,-99,0.01027802
2496227983112536282,0,4.35436863420708,GALEX J004809.3+412909,12.0389850662213,41.4860030696311,1,-999,23.08826,-999,2.111999,0.08719864,False,-99,0.003962481
2591155419209531617,0,4.3563763789016,GALEX J004809.3+412909,12.0388366669178,41.4859784920713,1,-999,23.32238,-999,1.702346,0.08719864,False,-99,0.002174078
2591155419209531616,0,4.36860368727123,GALEX J004836.2+412838,12.1510024526931,41.4773913250085,1,-999,21.99178,-999,5.798152,0.09037939,False,-99,0.001808216
2496227983112536258,0,4.37845923513538,GALEX J004836.3+412838,12.1514614487467,41.4773055166916,1,-999,21.493,-999,9.179078,0.09037939,False,-99,0.005124991
6372252785249879948,0,4.38241786920741,GALEX J004839.2+412804,12.163396085356,41.4678595944772,1,-999,22.19276,-999,4.81832,0.09037939,False,-99,0.001871441
6372252785249879907,0,4.392446408573,GALEX J004840.8+412738,12.170323319547,41.46060925694,1,-999,20.76235,-999,17.99116,0.09037939,False,-99,0.004514689
2591190603581628935,0,4.39310735286375,GALEX J004757.7+412611,11.9907082690769,41.4364265968692,1,-999,23.23857,-999,1.838958,0.08476234,False,-99,0.003232324
2496227983112536124,0,4.39475888281923,GALEX J004843.0+412646,12.1792585956673,41.446210022527,1,-999,22.08487,-999,5.321708,0.08209001,False,-99,0.004535484
2591155419209531439,0,4.39606599883774,GALEX J004843.0+412645,12.1794041806688,41.4459520287004,1,-999,22.52425,-999,3.550597,0.08209001,False,-99,0.002968197
2591155419209531674,0,4.40310249579904,GALEX J004825.9+412940,12.1079220780415,41.4944741791555,1,-999,24.80657,-999,0.4338821,0.09565836,False,-99,0.002025912
2591155419209531667,0,4.40662860673272,GALEX J004815.7+412940,12.0655853937708,41.4945632557849,1,-999,24.51565,-999,0.5672039,0.09089699,False,-99,0.002515471
6449719952874146413,0,4.40733813240251,GALEX J004810.9+412122,12.0457081133828,41.3561193722508,1,-999,20.19242,-999,30.41104,0.07943632,False,-99,0.002805974
6372252785249879530,0,4.40916914661036,GALEX J004810.9+412121,12.0457282275389,41.3560788357491,1,-999,20.20161,-999,30.15481,0.07943632,False,-99,0.002875905
2591155419209531680,0,4.432497452201,GALEX J004817.6+412945,12.0733700100153,41.4960386930092,1,-999,24.30829,-999,0.6865683,0.09089699,False,-99,0.002943892
6449719952874146397,0,4.43303835943879,GALEX J004831.0+412122,12.1291719048008,41.3561909579802,1,-999,22.11708,-999,5.166172,0.07615313,False,-99,0.00393133
2496227983113593566,0,4.43877408599758,GALEX J004844.2+412555,12.1845474945315,41.4321568068265,2,22.86727,-999,2.588765,-999,0.08209001,False,0.00251691,-99
2496227983112536332,0,4.44020586283773,GALEX J004817.6+412946,12.0737288048509,41.4962043889664,1,-999,24.16005,-999,0.787008,0.09089699,False,-99,0.0008265136
2591190603581628047,0,4.44623297384632,GALEX J004804.4+412209,12.0183594786016,41.3693062955457,1,-999,22.24359,-999,4.597939,0.08071323,False,-99,0.00433924
6449719952874146487,0,4.44756643624641,GALEX J004804.3+412209,12.0181641632175,41.3694160428671,1,-999,22.80359,-999,2.745131,0.08071323,False,-99,0.004133394
2591190603581629278,0,4.44914030799026,GALEX J004800.8+412747,12.003587840909,41.4630897163318,1,-999,23.98985,-999,0.9205721,0.08476234,False,-99,0.002758435
6449719952874147291,0,4.45075873313452,GALEX J004807.1+412900,12.0299045100649,41.4836061595755,1,-999,22.2283,-999,4.663142,0.08719864,False,-99,0.002831329
2496087245624183707,0,4.45332903296152,GALEX J004758.2+412647,11.992810515769,41.4464544813439,1,-999,23.09037,-999,2.107914,0.08476234,False,-99,0.004545801
2591155419210598021,0,4.45467064776763,GALEX J004841.3+412736,12.1722542403171,41.460199979997,2,22.96224,-999,2.371957,-999,0.09037939,False,0.0025211,-99
2591155419209531504,0,4.4616521225015,GALEX J004800.8+412748,12.0035404861873,41.4634183863973,1,-999,23.91033,-999,0.9905301,0.08476234,False,-99,0.003572829
2496227983112536368,0,4.46190536988567,GALEX J004807.0+412901,12.0294906369535,41.4836152659864,1,-999,21.66696,-999,7.820192,0.08719864,False,-99,0.007422558
2591155419209531626,0,4.46277202370245,GALEX J004807.0+412901,12.0295376827497,41.4836577884071,1,-999,21.92505,-999,6.165679,0.08719864,False,-99,0.001738428
2591155419210598050,0,4.46487549475194,GALEX J004838.1+412825,12.1591386663438,41.4736984025804,2,22.37319,-999,4.080622,-999,0.09037939,False,0.00341559,-99
6372252785249879978,0,4.4675631375982,GALEX J004838.1+412826,12.1587480594503,41.4740746057716,1,-999,22.20019,-999,4.785463,0.09037939,False,-99,0.001323874
6372252785249880056,0,4.46816751391241,GALEX J004814.6+412941,12.0608699712724,41.494755094054,1,-999,21.84352,-999,6.646457,0.09089699,False,-99,0.00205829
2496087245625237777,0,4.46964957495657,GALEX J004757.3+412613,11.9891129484244,41.4369655736255,2,23.05141,-999,2.184922,-999,0.08476234,False,0.002098475,-99
6372252785249879533,0,4.4717569368965,GALEX J004807.3+412140,12.0307428643017,41.3612397043121,1,-999,20.82039,-999,17.05462,0.08397099,False,-99,0.004403724
6449719952874146321,0,4.47608198906821,GALEX J004814.0+412104,12.0583264667173,41.3513317615819,1,-999,22.98836,-999,2.315559,0.07943632,False,-99,0.00261021
6449719952874146442,0,4.48455456937262,GALEX J004807.2+412140,12.0302023799866,41.3612587633696,1,-999,21.86458,-999,6.518816,0.08397099,False,-99,0.004110289
6449719952874147293,0,4.48558072327363,GALEX J004805.8+412852,12.0244851944737,41.4812933682465,1,-999,20.82481,-999,16.98532,0.08719864,False,-99,0.002529131
2496227983112536307,0,4.4882046293587,GALEX J004834.6+412902,12.1442189490334,41.4839528206125,1,-999,23.08111,-999,2.125959,0.09037939,False,-99,0.003577054
2496227983112536288,0,4.49383442346713,GALEX J004805.8+412852,12.0243412550596,41.4813833045268,1,-999,20.67183,-999,19.5555,0.08719864,False,-99,0.001888357
6372252785249880003,0,4.49441827476553,GALEX J004805.7+412851,12.023783456478,41.481059683901,1,-999,21.38789,-999,10.11215,0.08719864,False,-99,0.002635987
2591155419209531620,0,4.4946499285098,GALEX J004805.8+412853,12.0243829627993,41.481425625944,1,-999,20.73056,-999,18.52569,0.08719864,False,-99,0.001697568
2591155419209531605,0,4.49465680065552,GALEX J004834.6+412902,12.1444556160173,41.483959085394,1,-999,22.54336,-999,3.48864,0.09037939,False,-99,0.003421139
2591190603581629393,0,4.50155369215854,GALEX J004803.0+412824,12.0127327639076,41.4734133963961,1,-999,24.66278,-999,0.4953231,0.08719864,False,-99,0.001133889
2496087245624183536,0,4.50344308105441,GALEX J004756.8+412534,11.9866727112208,41.4262854040426,1,-999,23.30625,-999,1.72782,0.08326878,False,-99,0.004031404
2591190603581628815,0,4.50606526476029,GALEX J004756.7+412533,11.9865905746238,41.4258662896064,1,-999,23.09245,-999,2.103883,0.08326878,False,-99,0.004050985
2496227983112536259,0,4.52063030981396,GALEX J004835.6+412855,12.1486248456496,41.4821702602254,1,-999,22.43172,-999,3.866433,0.09037939,False,-99,0.003257219
6372252785249880044,0,4.52304109900992,GALEX J004828.9+412937,12.1205622495307,41.4938139366125,1,-999,21.39819,-999,10.01664,0.09565836,False,-99,0.002615105
2496227983112536178,0,4.52458339727967,GALEX J004841.2+412746,12.1718711678592,41.4629283829785,1,-999,23.65298,-999,1.255476,0.09037939,False,-99,0.001504409
2591155419210598133,0,4.52704382574911,GALEX J004826.1+412947,12.1089314373006,41.4964214932598,2,22.99852,-999,2.294012,-999,0.09565836,False,0.002446474,-99
2591190603583725343,0,4.53375507176136,GALEX J004805.2+412153,12.0220109635288,41.3648982973461,3,20.79124,20.73842,17.5189,18.39215,0.08071323,False,0.006509254,0.002325473
6372252785249879528,0,4.53866961333393,GALEX J004828.9+412105,12.1205593304076,41.3515963932548,1,-999,21.19084,-999,12.12446,0.07615313,False,-99,0.001284229
2591190603581628099,0,4.5448210145922,GALEX J004806.8+412139,12.0284642851617,41.3609430670019,1,-999,22.12623,-999,5.122784,0.08397099,False,-99,0.005417475
2591155419209531700,0,4.54683581301312,GALEX J004822.5+412954,12.0939302421331,41.4984237302995,1,-999,24.7081,-999,0.4750735,0.09174448,False,-99,0.002726716
2496227983112536356,0,4.54854127169411,GALEX J004822.5+412954,12.0939728240612,41.4984499242131,1,-999,23.89994,-999,1.000056,0.09174448,False,-99,0.003156571
6449719952874146481,0,4.55386316755856,GALEX J004805.2+412152,12.0216702246368,41.3646753114964,1,-999,21.29829,-999,10.98208,0.08071323,False,-99,0.005099239
6449719952874147385,0,4.55472771314571,GALEX J004822.5+412954,12.0938245966915,41.4985612526211,1,-999,23.44584,-999,1.519375,0.09174448,False,-99,0.002075271
2496227983112536297,0,4.55871590569738,GALEX J004833.2+412916,12.138718886617,41.4880373659248,1,-999,23.01005,-999,2.269755,0.09565836,False,-99,0.004459906
2591155419210597991,0,4.55912227727373,GALEX J004844.3+412632,12.1846073785403,41.4423806520831,2,23.41339,-999,1.565467,-999,0.08209001,False,0.002541222,-99
6449719952874147337,0,4.55955209355872,GALEX J004809.6+412925,12.0401071078494,41.4903462658517,1,-999,22.60689,-999,3.290369,0.08719864,False,-99,0.003818681
2591155419211628848,0,4.56078249111894,GALEX J004809.5+412924,12.0397889348794,41.4902455847905,3,22.4103,21.92693,3.943511,6.154973,0.08719864,False,0.004601188,0.002835622
2496087245624183410,0,4.56118205327194,GALEX J004756.6+412447,11.9860923013608,41.4133165443563,1,-999,23.721,-999,1.179237,0.08326878,False,-99,0.001657248
2591155419209531697,0,4.56197178257561,GALEX J004829.4+412938,12.1225585578404,41.4939546858146,1,-999,22.91924,-999,2.467762,0.09565836,False,-99,0.003563439
2496227983114633475,0,4.56676027517353,GALEX J004809.5+412925,12.0397356038074,41.4903371152787,3,22.85996,22.42374,2.606268,3.89498,0.08719864,False,0.00309463,0.003044851
6449719952874147380,0,4.5683210573467,GALEX J004816.7+412952,12.0696253481045,41.4978988706998,1,-999,23.45376,-999,1.508324,0.09089699,False,-99,0.002461625
6372252785249879573,0,4.58393785991332,GALEX J004804.8+412154,12.020062501101,41.365043703586,1,-999,21.78834,-999,6.993017,0.08071323,False,-99,0.002106159
2591155419210598063,0,4.58403460674836,GALEX J004837.8+412839,12.1578315291255,41.4775367926863,2,23.29443,-999,1.746748,-999,0.09037939,False,0.003233653,-99
6372252785249879867,0,4.59591998563785,GALEX J004843.9+412654,12.1829711966151,41.4484238944118,1,-999,21.3364,-999,10.60328,0.08119558,False,-99,0.003011313
2496227983112536353,0,4.59648064063213,GALEX J004825.7+412952,12.1072786176886,41.4978734219876,1,-999,23.73342,-999,1.165826,0.09565836,False,-99,0.003192529
2496087245624183664,0,4.6003928436586,GALEX J004757.2+412637,11.9883233485318,41.4438767294951,1,-999,23.38135,-999,1.612356,0.08476234,False,-99,0.002705079
2591190603582686479,0,4.60344442282675,GALEX J004802.5+412217,12.0105315794202,41.3716062857584,2,23.2502,-999,1.81938,-999,0.08071323,False,0.002890343,-99
6372252785249880073,0,4.6218635867419,GALEX J004821.2+412959,12.0884254781984,41.4998586713807,1,-999,21.96744,-999,5.929595,0.09174448,False,-99,0.002084531
6449719952874146459,0,4.62257445009573,GALEX J004830.7+412108,12.1281050177365,41.3523472901041,1,-999,21.93228,-999,6.124763,0.07615313,False,-99,0.004450981
6449755137246236987,0,4.62337486688419,GALEX J004758.2+412330,11.9925688141506,41.3919080280929,1,-999,22.72084,-999,2.962523,0.08326878,False,-99,0.00337159
2591155419211628879,0,4.63444658163719,GALEX J004831.5+412932,12.131608333853,41.4923493535584,3,21.72327,21.02394,7.424933,14.13911,0.09565836,False,0.002601022,0.001922243
6449755137246236945,0,4.63907785222142,GALEX J004759.0+412309,11.9960911923476,41.3859251912286,1,-999,22.38053,-999,4.053113,0.08326878,False,-99,0.00346991
2591155419210598088,0,4.64714910490283,GALEX J004835.0+412910,12.1459794944257,41.4862639946455,2,22.25062,-999,4.5683,-999,0.09565836,False,0.004493757,-99
2591190603582686381,0,4.65256555255676,GALEX J004805.9+412138,12.0249719215157,41.360624017074,2,22.59654,-999,3.32189,-999,0.08071323,False,0.002657946,-99
2591155419209531463,0,4.65441011839714,GALEX J004845.5+412548,12.1896773660623,41.4300456470957,1,-999,20.99976,-999,14.45764,0.08209001,False,-99,0.002321799
6372252785249879799,0,4.6578061360387,GALEX J004845.5+412548,12.1897555648085,41.4300263217346,1,-999,20.56222,-999,21.63269,0.08209001,False,-99,0.002627209
6449719952874147509,0,4.65864260438854,GALEX J004831.9+412931,12.1331937937648,41.4922125783157,1,-999,19.85408,-999,41.53068,0.09565836,False,-99,0.01275529
6372252785249880050,0,4.6591340720916,GALEX J004831.5+412934,12.1314562506519,41.4928611030209,1,-999,21.15395,-999,12.54358,0.09565836,False,-99,0.002965618
2496227983114633552,0,4.66068449612351,GALEX J004831.7+412933,12.1323521476047,41.4925640093828,3,22.18533,20.69042,4.851429,19.22346,0.09565836,False,0.00153703,0.006836487
6372252785249879892,0,4.66187816577459,GALEX J004758.0+412714,11.9916709311892,41.4539091621791,1,-999,21.58153,-999,8.460326,0.08476234,False,-99,0.001256966
2496227983112536089,0,4.66195032684393,GALEX J004845.5+412549,12.1897936018398,41.4304558068593,1,-999,21.23985,-999,11.5893,0.08209001,False,-99,0.004093541
2591155419210598137,0,4.67998085257368,GALEX J004828.2+412950,12.1174811355873,41.4973417003855,2,22.71009,-999,2.992025,-999,0.09565836,False,0.003028437,-99
2591155419209531705,0,4.68815090297662,GALEX J004812.9+412949,12.0539807632519,41.4970358219831,1,-999,24.14067,-999,0.8011827,0.09089699,False,-99,0.002887031
2496227983112536373,0,4.70019410534878,GALEX J004818.3+413002,12.0765309104858,41.5008063387144,1,-999,23.49083,-999,1.457705,0.09089699,False,-99,0.003604823
2591155419209531739,0,4.70073528809508,GALEX J004818.3+413002,12.0766321407541,41.5008227536614,1,-999,23.70296,-999,1.198994,0.09089699,False,-99,0.002856274
2591155419210597974,0,4.7007888413569,GALEX J004845.5+412608,12.1897427896699,41.435699689153,2,22.89696,-999,2.518938,-999,0.08209001,False,0.001752826,-99
2591155419209531641,0,4.70999401727516,GALEX J004806.5+412914,12.0272437892976,41.4874824369815,1,-999,23.51074,-999,1.431206,0.08719864,False,-99,0.003330096
2591155419209531718,0,4.71278090574849,GALEX J004824.5+413001,12.1024144870867,41.5004936112532,1,-999,24.16861,-999,0.7808305,0.09565836,False,-99,0.00294
2591155419209531394,0,4.7172420670051,GALEX J004845.9+412530,12.19147137291,41.4251704607685,1,-999,24.22427,-999,0.7418082,0.08209001,False,-99,0.003204374
2591155419210598033,0,4.72008628885874,GALEX J004842.4+412746,12.1770156752231,41.4628602989308,2,23.56737,-999,1.358481,-999,0.09131064,False,0.001718495,-99
2496087245624183465,0,4.72661642952777,GALEX J004755.6+412513,11.9816596929206,41.4204480279406,1,-999,23.52301,-999,1.415122,0.08326878,False,-99,0.003155873
2591155419211628753,0,4.728920756225,GALEX J004837.2+412857,12.1552265025554,41.4825997805845,3,22.85179,23.06292,2.625937,2.161872,0.09037939,False,0.002671228,0.003601532
2496087245624183790,0,4.72960013733997,GALEX J004758.6+412738,11.9944365380695,41.4607009065457,1,-999,23.81903,-999,1.077427,0.08476234,False,-99,0.002447475
6449719952874146862,0,4.73323951881136,GALEX J004755.5+412516,11.9814865277279,41.4211881113922,1,-999,23.2926,-999,1.749681,0.08326878,False,-99,0.002206684
2496227983114633409,0,4.74179676169843,GALEX J004837.2+412858,12.1551756544079,41.4829152225837,3,23.00635,22.5982,2.277522,3.316813,0.09037939,False,0.00250523,0.003523894
6372252785249880042,0,4.76228598834208,GALEX J004833.6+412928,12.1402278313624,41.4913113913474,1,-999,21.70902,-999,7.523035,0.09565836,False,-99,0.001685702
2496227983112536137,0,4.76389216917752,GALEX J004844.3+412708,12.184913676996,41.4524909701892,1,-999,23.2237,-999,1.864318,0.08119558,False,-99,0.003809898
2591190603581629261,0,4.76840461744319,GALEX J004757.4+412715,11.9893665837577,41.4543891262302,1,-999,22.93051,-999,2.442272,0.08476234,False,-99,0.005769211
2591155419210598144,0,4.77701840747476,GALEX J004825.4+413003,12.1061827173349,41.5011010444184,2,23.07602,-999,2.135968,-999,0.09565836,False,0.003106565,-99
6449719952874147399,0,4.77756793265316,GALEX J004826.8+413000,12.1117548429285,41.5002135621433,1,-999,22.81571,-999,2.714652,0.09565836,False,-99,0.002840219
2591155419209531656,0,4.77848091077618,GALEX J004807.6+412927,12.0318944602831,41.4910862896274,1,-999,23.71113,-999,1.189998,0.08719864,False,-99,0.00392379
2591155419209531497,0,4.77916977155719,GALEX J004757.4+412716,11.9892888052088,41.4547055507137,1,-999,22.96787,-999,2.359663,0.08476234,False,-99,0.004831887
6449755137246237175,0,4.78377342855281,GALEX J004755.3+412508,11.9804727598927,41.4188887142584,1,-999,23.40285,-999,1.580731,0.08326878,False,-99,0.002596778
2591190603581628828,0,4.78388323190466,GALEX J004755.3+412543,11.9806173551805,41.4286789122045,1,-999,23.82673,-999,1.069812,0.08345482,False,-99,0.002415865
2591155419209531453,0,4.7870610631554,GALEX J004844.9+412656,12.1872240616818,41.4489590588295,1,-999,22.72243,-999,2.958213,0.08119558,False,-99,0.003672196
2496227983112536175,0,4.78834814981666,GALEX J004757.5+412721,11.98986712101,41.4560517777082,1,-999,22.85323,-999,2.622445,0.08476234,False,-99,0.004797504
2496087245624183727,0,4.79845502547406,GALEX J004757.1+412713,11.9882284517774,41.4536611947627,1,-999,23.18748,-999,1.927567,0.08476234,False,-99,0.002460406
6372252785249879960,0,4.80676237948065,GALEX J004841.3+412815,12.1721547645546,41.4709210209359,1,-999,21.60225,-999,8.300371,0.09131064,False,-99,0.002552954
2591155419211628854,0,4.80787237204831,GALEX J004833.0+412935,12.1375203307132,41.4933264957878,3,23.3403,22.90875,1.674483,2.491719,0.09565836,False,0.003205104,0.003643677
6449755137246237289,0,4.80907762790989,GALEX J004755.4+412606,11.9810204311117,41.4350795679396,1,-999,23.31934,-999,1.707116,0.08345482,False,-99,0.003462191
2591190603581629277,0,4.81417549847859,GALEX J004758.5+412747,11.9940609694582,41.4630746052852,1,-999,23.69328,-999,1.209732,0.08476234,False,-99,0.003490093
6449755137246237386,0,4.81806873794893,GALEX J004756.2+412647,11.9843279368992,41.4465377790558,1,-999,23.40676,-999,1.575054,0.08476234,False,-99,0.0003308605
2591190603581628056,0,4.82457864336978,GALEX J004759.9+412233,11.9996622505004,41.375866863233,1,-999,23.43834,-999,1.529899,0.08071323,False,-99,0.003794148
6449719952874146271,0,4.83278748000136,GALEX J004820.0+412032,12.0836987513062,41.3423232197226,1,-999,23.51906,-999,1.420281,0.07943632,False,-99,0.002644591
2591155419209531555,0,4.83361033412476,GALEX J004802.3+412844,12.009573040996,41.4789727820693,1,-999,25.18689,-999,0.3056638,0.08719864,False,-99,0.001929462
2591155419209531500,0,4.83392840423243,GALEX J004758.5+412748,11.993752511828,41.4633322769651,1,-999,24.09251,-999,0.8375202,0.08476234,False,-99,0.003062873
6372252785249879613,0,4.83987214795462,GALEX J004759.5+412237,11.9980121547959,41.3771834091378,1,-999,21.36056,-999,10.36991,0.08071323,False,-99,0.003518304
2591155419209531610,0,4.85428895836908,GALEX J004836.7+412911,12.1532853478039,41.4864993169152,1,-999,23.1196,-999,2.05192,0.09037939,False,-99,0.0037755
2591155419209531545,0,4.85488530062819,GALEX J004840.7+412827,12.1698576437949,41.4744039683167,1,-999,24.03781,-999,0.8807968,0.09131064,False,-99,0.002385721
2591190603583725100,0,4.85709256300164,GALEX J004801.0+412213,12.004511949906,41.3703498921645,3,23.72412,24.00222,1.175851,0.9101478,0.08071323,False,0.001789558,0.002391455
2496227983112536204,0,4.85719558601105,GALEX J004759.3+412805,11.9971306275945,41.4681049190484,1,-999,22.72536,-999,2.950242,0.08476234,False,-99,0.003775448
6449755137246236968,0,4.86158662996557,GALEX J004757.1+412321,11.988253557021,41.3894202020968,1,-999,22.97133,-999,2.352169,0.08326878,False,-99,0.003635346
2591155419209531396,0,4.86275829346042,GALEX J004846.7+412535,12.1946396490128,41.4265504256906,1,-999,24.26298,-999,0.7158245,0.08209001,False,-99,0.002340034
2591190603581629352,0,4.87046162054029,GALEX J004759.3+412806,11.9970647717336,41.468426757208,1,-999,22.88698,-999,2.542188,0.08476234,False,-99,0.003962578
2591190603581629435,0,4.87652124452538,GALEX J004759.6+412812,11.9983805349226,41.4700223584353,1,-999,22.40014,-999,3.980535,0.08476234,False,-99,0.006197419
2496227983112536335,0,4.87897730978799,GALEX J004835.9+412920,12.1498711944095,41.4889332036199,1,-999,21.5603,-999,8.627383,0.09565836,False,-99,0.008070102
2496227983112536221,0,4.88035037821872,GALEX J004840.8+412828,12.1703054405768,41.4746642216562,1,-999,23.5941,-999,1.325437,0.09131064,False,-99,0.002876087
2496227983112536181,0,4.88461965820246,GALEX J004758.1+412747,11.9923587185894,41.4632111392546,1,-999,23.74694,-999,1.151395,0.08476234,False,-99,0.001929232
2591155419209531556,0,4.88597416610653,GALEX J004759.4+412811,11.9978648633377,41.4697493012288,1,-999,22.31245,-999,4.315394,0.08476234,False,-99,0.006103737
6372252785249879598,0,4.8936433787622,GALEX J004800.1+412223,12.0004166342234,41.3731782308924,1,-999,21.47754,-999,9.31071,0.08071323,False,-99,0.002695524
2496227983112536225,0,4.89722653379342,GALEX J004759.6+412814,11.9984000535426,41.4706350265916,1,-999,22.8006,-999,2.752713,0.08476234,False,-99,0.004367864
2591155419209531644,0,4.90044637607407,GALEX J004834.8+412930,12.1451904781592,41.4917366737428,1,-999,24.06985,-999,0.8551841,0.09565836,False,-99,0.002299677
2591155419210598000,0,4.90366406248602,GALEX J004845.9+412644,12.1912865882816,41.4458031681359,2,23.43617,-999,1.532975,-999,0.08119558,False,0.001378407,-99
6449755137246237101,0,4.9056217953012,GALEX J004755.3+412414,11.9806152020304,41.4038890053543,1,-999,22.63058,-999,3.219348,0.08326878,False,-99,0.006006311
6449719952874146600,0,4.90638696764415,GALEX J004756.9+412321,11.9871849452263,41.3893814972082,1,-999,23.62206,-999,1.291738,0.08326878,False,-99,0.001536842
6449719952874147205,0,4.90909136627954,GALEX J004759.5+412815,11.9982907971415,41.4708593223567,1,-999,23.6149,-999,1.300288,0.08476234,False,-99,0.00327033
2591190603583725441,0,4.90964702855438,GALEX J004756.9+412320,11.9873367873037,41.3889975537495,3,22.55202,22.5529,3.460951,3.458106,0.08326878,False,0.003720158,0.002761792
6449719952874146295,0,4.91994296214824,GALEX J004824.6+412030,12.1027486961579,41.3417325300606,1,-999,20.39069,-999,25.33508,0.08078841,False,-99,0.003751473
2591155419209531695,0,4.92169767182555,GALEX J004835.8+412924,12.1493333468378,41.490090854591,1,-999,22.52391,-999,3.551685,0.09565836,False,-99,0.003312828
6449719952874146699,0,4.9219481064356,GALEX J004755.3+412409,11.9806884337529,41.402534495975,1,-999,22.87106,-999,2.579729,0.08326878,False,-99,0.003536513
2591155419209531752,0,4.93011856178892,GALEX J004830.9+412955,12.1289501864532,41.4986516699564,1,-999,22.03131,-999,5.590799,0.09565836,False,-99,0.006680434
2496087245625237977,0,4.93162730936149,GALEX J004759.4+412815,11.9978250031691,41.4710176832865,2,22.41811,-999,3.915226,-999,0.08476234,False,0.002934796,-99
2591190603583725615,0,4.93503023064944,GALEX J004755.2+412410,11.9802805716593,41.4028538286554,3,22.95925,23.16623,2.378492,1.965648,0.08326878,False,0.002480404,0.002842668
6372252785249879479,0,4.94127093091466,GALEX J004824.6+412028,12.1027220762919,41.3413702177134,1,-999,20.37906,-999,25.60798,0.08078841,False,-99,0.002119979
2496227983112536385,0,4.94389040273806,GALEX J004811.2+412958,12.0466954952756,41.4995994511756,1,-999,23.16575,-999,1.966525,0.08719864,False,-99,0.003140508
2496087245624183854,0,4.94391182400722,GALEX J004759.2+412814,11.9970579575974,41.4705668420649,1,-999,23.11029,-999,2.069582,0.08476234,False,-99,0.003913825
6449755137246236864,0,4.94870799094763,GALEX J004759.7+412223,11.9987789158196,41.3732782428556,1,-999,22.51184,-999,3.591407,0.08071323,False,-99,0.004005168
6372252785249879938,0,4.95374510508636,GALEX J004758.1+412754,11.9921168140366,41.4651863962092,1,-999,21.72238,-999,7.431024,0.08476234,False,-99,0.002568408
2591155419209531655,0,4.9538989001272,GALEX J004837.5+412912,12.1564882825606,41.4867025631995,1,-999,23.62523,-999,1.287979,0.09037939,False,-99,0.004681987
2496087245625237606,0,4.96051800930155,GALEX J004755.1+412410,11.9796313575042,41.403051216491,2,22.82198,-999,2.699042,-999,0.08326878,False,0.00308562,-99
2496087245624183632,0,4.96187801375986,GALEX J004754.7+412613,11.9779882198463,41.4369602174837,1,-999,22.85197,-999,2.625488,0.08345482,False,-99,0.005100558
6449755137246236951,0,4.96463685272698,GALEX J004757.2+412306,11.9885625173712,41.3849987906945,1,-999,22.31741,-999,4.295731,0.08326878,False,-99,0.003294219
2591190603582686344,0,4.96536911231115,GALEX J004806.0+412114,12.0253394774066,41.3540520702905,2,23.56955,-999,1.355759,-999,0.08071323,False,0.001043946,-99
2591155419209531755,0,4.96836459075774,GALEX J004811.2+413000,12.0467713664257,41.5000592274224,1,-999,23.19501,-999,1.914235,0.08719864,False,-99,0.00463945
2591190603581629346,0,4.97498944964482,GALEX J004757.9+412754,11.9916314526216,41.4652677040619,1,-999,23.12799,-999,2.036123,0.08476234,False,-99,0.003503294
2591155419211628671,0,4.9760526314822,GALEX J004758.0+412756,11.991914385314,41.4656564787742,3,23.65921,23.14414,1.248295,2.006066,0.08476234,False,0.002157855,0.005253077
6372252785249879993,0,4.97902816318292,GALEX J004840.7+412839,12.1699425139189,41.4775227189086,1,-999,21.75345,-999,7.221335,0.09131064,False,-99,0.002268314
2496227983112536342,0,4.97975210059424,GALEX J004806.6+412935,12.0277128562902,41.4930971777416,1,-999,22.76583,-999,2.84228,0.08719864,False,-99,0.004579353
2496087245624183693,0,4.98142872107661,GALEX J004755.6+412659,11.982014236606,41.4499951540317,1,-999,23.53344,-999,1.401604,0.08476234,False,-99,0.003125825
6449755137246237293,0,4.9876523003019,GALEX J004754.4+412601,11.9767397999433,41.4336501209567,1,-999,23.23369,-999,1.847242,0.08345482,False,-99,0.00355529
2591155419209531725,0,4.98963024966416,GALEX J004806.7+412936,12.0281468432904,41.4934945958787,1,-999,23.07733,-999,2.133386,0.08719864,False,-99,0.003863135
2591155419211628956,0,4.99115835614322,GALEX J004815.8+413016,12.0661613314839,41.504593316258,3,22.5863,22.34527,3.353385,4.186907,0.09089699,False,0.003020386,0.002977939
2496227983114633558,0,4.99134278766306,GALEX J004815.9+413016,12.0663126325653,41.5046176728995,3,22.29278,22.51413,4.394293,3.583848,0.09089699,False,0.004139376,0.003707405
2496227983113593600,0,5.00190080845974,GALEX J004757.8+412755,11.9911268030209,41.4655093022544,2,23.48907,-999,1.460071,-999,0.08476234,False,0.002134351,-99
6449719952874147439,0,5.00445641044034,GALEX J004816.2+413018,12.0678498373582,41.5050459201365,1,-999,23.56449,-999,1.362086,0.09089699,False,-99,0.002500213
2591155419209531505,0,5.00944217176788,GALEX J004844.0+412751,12.1833369895764,41.4643062926736,1,-999,24.33675,-999,0.6688049,0.09131064,False,-99,0.002646381
2591190603583726123,0,5.00969868227925,GALEX J004754.5+412617,11.9772163809344,41.4382453611508,3,23.09062,23.68342,2.107434,1.220759,0.08345482,False,0.002318079,0.003686303
2496227983112536091,0,5.01951567010307,GALEX J004847.3+412559,12.197403773,41.4330801258456,1,-999,22.77847,-999,2.8094,0.08119558,False,-99,0.004970044
6449719952874147402,0,5.02493803829343,GALEX J004833.6+412947,12.1400608872694,41.4964099686507,1,-999,22.12483,-999,5.129398,0.09565836,False,-99,0.006245549
6372252785249879649,0,5.02645148528519,GALEX J004844.9+412312,12.187411504484,41.3866704683233,1,-999,21.38864,-999,10.1052,0.07401838,False,-99,0.003137226
2591155419209531440,0,5.03149454912387,GALEX J004846.1+412700,12.1923800741514,41.4502486692934,1,-999,24.45347,-999,0.6006352,0.08119558,False,-99,0.002600115
2496227983112536131,0,5.03208957510288,GALEX J004755.5+412704,11.9814022614296,41.4512342262473,1,-999,23.56579,-999,1.360454,0.08476234,False,-99,0.002088328
2591155419209531553,0,5.03828847122862,GALEX J004800.3+412838,12.0013371678087,41.477250974577,1,-999,24.4421,-999,0.6069587,0.08476234,False,-99,0.003394836
6449755137246237000,0,5.03903128219223,GALEX J004755.8+412328,11.9828663483709,41.3913403664014,1,-999,22.52406,-999,3.551198,0.08326878,False,-99,0.004628561
6372252785249880094,0,5.04463923977611,GALEX J004821.4+413024,12.0893210904471,41.5068926766543,1,-999,22.03929,-999,5.549897,0.09089699,False,-99,0.001812254
2496227983113593585,0,5.05152742692453,GALEX J004755.0+412651,11.9793026738877,41.447526224423,2,22.90689,-999,2.496005,-999,0.08476234,False,0.00153632,-99
2496227983112536358,0,5.05569448322933,GALEX J004831.5+413000,12.1314837282477,41.500117587934,1,-999,22.47994,-999,3.698487,0.09565836,False,-99,0.003358043
2496227983113593626,0,5.06454548074257,GALEX J004839.7+412859,12.1654427036164,41.4831619515248,2,23.02802,-999,2.232508,-999,0.09131064,False,0.002193097,-99
2591155419211628562,0,5.06503821556,GALEX J004847.6+412558,12.1984386656994,41.4329847202876,3,21.68286,22.70668,7.706501,3.001436,0.08119558,False,0.006723662,0.003778685
2496227983113593557,0,5.06668886553428,GALEX J004847.7+412551,12.1987714290783,41.4309307605401,2,22.05724,-999,5.458899,-999,0.08119558,False,0.004915857,-99
2591155419211628732,0,5.07207358086417,GALEX J004839.8+412858,12.1660104993593,41.482919019115,3,21.70331,23.80812,7.562727,1.088308,0.09131064,False,0.00515243,0.001818891
2591190603583726077,0,5.07343032825666,GALEX J004753.9+412557,11.9746336797902,41.4325179406724,3,23.64446,22.94794,1.26537,2.403399,0.08345482,False,0.002589188,0.004042918
2591155419209531582,0,5.07347882712678,GALEX J004801.8+412859,12.0077832713269,41.4832915814783,1,-999,24.9317,-999,0.3866501,0.08719864,False,-99,0.00243909
6449719952874146570,0,5.07576409022597,GALEX J004756.6+412304,11.9860908507816,41.3845571356902,1,-999,23.35826,-999,1.64701,0.08326878,False,-99,0.002355782
6449719952874146948,0,5.0780464926822,GALEX J004753.8+412556,11.9744903797775,41.4322521440789,1,-999,22.98753,-999,2.317337,0.08345482,False,-99,0.003220143
2496227983114633551,0,5.07808473284121,GALEX J004812.1+413010,12.0504582147138,41.503006114263,3,22.90989,22.20822,2.489121,4.750199,0.09089699,False,0.00314535,0.003062209
2496227983112536125,0,5.08600935502415,GALEX J004847.2+412632,12.1967227011153,41.4422563552623,1,-999,21.18851,-999,12.15051,0.08119558,False,-99,0.007459113
2591155419211628933,0,5.08628293538705,GALEX J004812.0+413011,12.0503194718937,41.5031151569617,3,22.30681,22.25416,4.337868,4.55338,0.09089699,False,0.002693335,0.002052529
2496227983114633629,0,5.08675161532113,GALEX J004827.9+413016,12.1162988897634,41.5046583329569,3,23.15935,22.30704,1.978156,4.336939,0.09565836,False,0.002088389,0.004451117
2591190603581628205,0,5.08767050842636,GALEX J004756.5+412305,11.9856804551237,41.3847261234563,1,-999,23.27723,-999,1.774633,0.08326878,False,-99,0.003544702
2496087245624183463,0,5.08787029078314,GALEX J004754.4+412409,11.9768796759884,41.4025558725215,1,-999,20.84985,-999,16.59821,0.08326878,False,-99,0.0123424
6449719952874147449,0,5.09119964389176,GALEX J004812.0+413011,12.0503479412816,41.5032089204345,1,-999,22.20062,-999,4.78355,0.09089699,False,-99,0.003162648
2496227983112536188,0,5.09540219106886,GALEX J004844.3+412754,12.1848263797973,41.4652399545171,1,-999,23.73851,-999,1.160366,0.09131064,False,-99,0.002659939
6449755137246236825,0,5.10159631925124,GALEX J004759.7+412208,11.9988232799152,41.3691062903381,1,-999,21.53904,-999,8.797999,0.08071323,False,-99,0.004109152
2496227983112536398,0,5.10534631551237,GALEX J004830.6+413008,12.1275500820573,41.5022208464669,1,-999,23.18845,-999,1.925843,0.09565836,False,-99,0.005163128
6449755137246237380,0,5.1070639560703,GALEX J004754.5+412642,11.9770629134955,41.4450376584716,1,-999,23.5883,-999,1.332543,0.08476234,False,-99,0.00324972
2591155419209531435,0,5.10935517620089,GALEX J004847.3+412629,12.197455150327,41.4416048390807,1,-999,22.34108,-999,4.203083,0.08119558,False,-99,0.002610397
2496087245626280777,0,5.11399454737572,GALEX J004753.7+412559,11.973827107112,41.4331625555897,3,23.2679,22.35007,1.789959,4.16843,0.08345482,False,0.002333133,0.005190158
6449755137246237154,0,5.11811516194553,GALEX J004753.6+412455,11.9733570855361,41.4153189723607,1,-999,22.44438,-999,3.821624,0.08326878,False,-99,0.004146892
2591155419211628887,0,5.11947410914438,GALEX J004808.4+412956,12.0350485500292,41.4988908805272,3,23.21774,23.35857,1.87459,1.646533,0.08719864,False,0.002734766,0.003122741
6449719952874146905,0,5.12157181891591,GALEX J004753.5+412540,11.9730184325219,41.4277942028659,1,-999,23.76349,-999,1.133978,0.08345482,False,-99,0.002360485
2591190603581627732,0,5.12256221359217,GALEX J004803.9+412120,12.0163052289365,41.3557379270662,1,-999,23.97105,-999,0.9366557,0.08071323,False,-99,0.002412163
2496227983112536403,0,5.13340428819807,GALEX J004819.6+413029,12.0818886754347,41.5083206772844,1,-999,23.73047,-999,1.168991,0.09089699,False,-99,0.001660952
2496227983112536357,0,5.13393202701871,GALEX J004808.3+412956,12.0349332504183,41.4991173057409,1,-999,23.34,-999,1.674937,0.08719864,False,-99,0.0036217
2591155419209531650,0,5.13612997138393,GALEX J004837.3+412927,12.1555878607587,41.4911007256945,1,-999,24.20187,-999,0.7572685,0.09037939,False,-99,0.003363967
2591155419210598097,0,5.13785614547871,GALEX J004838.3+412918,12.1598989997886,41.4885676123685,2,22.92537,-999,2.45388,-999,0.09131064,False,0.003485755,-99
2591190603582686508,0,5.14032161030898,GALEX J004757.4+412241,11.9891487895952,41.3782409586915,2,23.67572,-999,1.229462,-999,0.08326878,False,0.002209633,-99
2591190603583724801,0,5.14105617212338,GALEX J004805.7+412104,12.0239819003754,41.351214999484,3,22.75594,23.79948,2.868303,1.097002,0.08071323,False,0.001514721,0.001985001
6449719952874147393,0,5.14799202817263,GALEX J004808.6+412959,12.0358662446455,41.4997303241241,1,-999,23.48887,-999,1.460331,0.08719864,False,-99,0.001907289
2496087245626280592,0,5.1507745074435,GALEX J004753.4+412455,11.9726189167578,41.4153996532564,3,21.98063,22.31273,5.858,4.314289,0.08326878,False,0.00267032,0.004800335
2591155419209531760,0,5.15930890738821,GALEX J004813.1+413019,12.0548721350949,41.5054605995519,1,-999,23.9534,-999,0.9520081,0.09089699,False,-99,0.003151067
2591190603583725813,0,5.16386799147589,GALEX J004753.3+412455,11.9723379729819,41.4153045233974,3,22.40047,22.70903,3.979379,2.994945,0.08326878,False,0.002321499,0.002089183
2591155419209531764,0,5.16859598450947,GALEX J004819.7+413032,12.082352997375,41.5089214865986,1,-999,24.88636,-999,0.4031402,0.09089699,False,-99,0.001679486
6449719952874147637,0,5.16918346292316,GALEX J004832.1+413004,12.1341383868325,41.5013039586491,1,-999,20.15696,-999,31.42063,0.09565836,False,-99,0.012504
2591190603583725962,0,5.16991846838361,GALEX J004753.2+412540,11.9719496462377,41.4278938159089,3,23.57783,23.58714,1.345458,1.333967,0.08345482,False,0.001282873,0.004315048
2591155419209531489,0,5.17250228966116,GALEX J004755.9+412736,11.9829844565369,41.4601342154127,1,-999,24.65488,-999,0.4989374,0.08476234,False,-99,0.003315652
2591155419209531624,0,5.17527831751091,GALEX J004840.6+412858,12.1693110585291,41.4828642899815,1,-999,21.70836,-999,7.527591,0.09131064,False,-99,0.00365481
6449719952874146812,0,5.17911048357692,GALEX J004753.2+412455,11.9719859608265,41.4154066279361,1,-999,22.81406,-999,2.718779,0.08326878,False,-99,0.004718038
6449719952874146289,0,5.18621197430956,GALEX J004809.8+412036,12.041164659302,41.3434300447814,1,-999,22.8196,-999,2.70494,0.07943632,False,-99,0.003917614
6449755137246236841,0,5.19024032116394,GALEX J004758.0+412224,11.9918961469241,41.3735529777463,1,-999,23.16854,-999,1.961472,0.08071323,False,-99,0.002490288
2496087245624183528,0,5.19274050531896,GALEX J004753.1+412541,11.9714549709293,41.4280655397196,1,-999,23.98449,-999,0.9251298,0.08345482,False,-99,0.002825117
2591190603583725794,0,5.19461071854231,GALEX J004753.8+412408,11.9745028036125,41.4023562681026,3,22.06688,22.43251,5.410652,3.863631,0.08326878,False,0.002444523,0.003827315
2591190603581629361,0,5.19951386614215,GALEX J004757.4+412811,11.9894914375581,41.4697857389041,1,-999,24.12955,-999,0.8094286,0.08476234,False,-99,0.003133312
6372252785249880008,0,5.20958903850653,GALEX J004840.9+412857,12.170519259794,41.4827472721309,1,-999,20.78601,-999,17.60338,0.09131064,False,-99,0.001652692
2591155419209531518,0,5.21164941549804,GALEX J004757.3+412810,11.9890341307715,41.4696260095137,1,-999,24.57595,-999,0.5365598,0.08476234,False,-99,0.001882419
6372252785249879522,0,5.21609307168723,GALEX J004805.3+412102,12.0222671847532,41.3505673388211,1,-999,21.59198,-999,8.37926,0.08071323,False,-99,0.001793547
6449719952874146689,0,5.22278796422138,GALEX J004753.7+412406,11.9739986596934,41.4019277530291,1,-999,22.96987,-999,2.35534,0.08326878,False,-99,0.003203615
6372252785249879564,0,5.22661214961728,GALEX J004800.5+412147,12.0020790661675,41.3631613633072,1,-999,21.02716,-999,14.09734,0.08071323,False,-99,0.001985534
2591155419210598116,0,5.23282418762286,GALEX J004836.6+412940,12.1528906313967,41.4945539966452,2,23.44794,-999,1.516437,-999,0.09565836,False,0.003442639,-99
2591155419210598139,0,5.23439520214139,GALEX J004835.2+412950,12.146994265112,41.4974499858189,2,23.34982,-999,1.659868,-999,0.09565836,False,0.002089869,-99
2496227983112536361,0,5.23737936008577,GALEX J004840.7+412901,12.1699353967164,41.4838679061468,1,-999,20.45515,-999,23.87486,0.09131064,False,-99,0.009762398
2591155419209531554,0,5.24062318498667,GALEX J004842.8+412835,12.1785003705581,41.4766067209337,1,-999,24.59009,-999,0.5296203,0.09131064,False,-99,0.003458889
6449719952874146498,0,5.25799346428372,GALEX J004800.3+412146,12.0015657295506,41.3628075919978,1,-999,21.29683,-999,10.99682,0.08071323,False,-99,0.004788609
2591190603583725140,0,5.25941744431731,GALEX J004800.3+412146,12.0013647533022,41.3629335398056,3,20.7711,21.06072,17.84694,13.66825,0.08071323,False,0.006331418,0.002201653
6372252785249879517,0,5.26204827013457,GALEX J004806.1+412052,12.0256334880903,41.3480422816341,1,-999,22.01386,-999,5.681396,0.08071323,False,-99,0.002258078
2591155419209531685,0,5.2628579562958,GALEX J004805.3+412946,12.022391097861,41.4961429392558,1,-999,24.65832,-999,0.4973626,0.08719864,False,-99,0.002877395
6372252785249879510,0,5.26773890198813,GALEX J004834.7+412047,12.1446229286221,41.3465681185797,1,-999,21.17515,-999,12.30098,0.07592946,False,-99,0.003831314
6449755137246237064,0,5.26989454987681,GALEX J004753.4+412409,11.9726704784358,41.4027059609614,1,-999,22.81479,-999,2.716965,0.08326878,False,-99,0.003265671
6449755137246237406,0,5.27170958160078,GALEX J004753.8+412653,11.974423965863,41.4481119760818,1,-999,23.10101,-999,2.087359,0.08345482,False,-99,0.002981089
6449719952874147479,0,5.27412692677213,GALEX J004816.4+413034,12.0684390443411,41.5096733255884,1,-999,23.26421,-999,1.796041,0.09089699,False,-99,0.003340031
2496227983112536430,0,5.27812853763505,GALEX J004816.2+413034,12.0677136689669,41.5096536611105,1,-999,22.63364,-999,3.210275,0.09089699,False,-99,0.004756867
2591155419211628958,0,5.28049252003562,GALEX J004816.2+413034,12.0677391177268,41.5096967012261,3,23.14602,22.82437,2.002604,2.693086,0.09089699,False,0.003768626,0.002914928
2591190603582686465,0,5.29242162640285,GALEX J004757.7+412219,11.9904976259513,41.3720820057619,2,23.84936,-999,1.047753,-999,0.08071323,False,0.00213379,-99
6449755137246236856,0,5.30465415611448,GALEX J004759.7+412149,11.9989872280687,41.3637627138485,1,-999,20.55997,-999,21.67772,0.08071323,False,-99,0.007700566
2496227983112536359,0,5.31882294549812,GALEX J004806.8+413000,12.0286092421751,41.5000744205389,1,-999,24.05428,-999,0.867533,0.08719864,False,-99,0.002453913
6449719952874146251,0,5.32768270303403,GALEX J004827.5+412011,12.1146631631531,41.3365648754564,1,-999,22.99676,-999,2.297722,0.07615313,False,-99,0.002806403
2591190603581628596,0,5.33197441783005,GALEX J004752.5+412444,11.9689885254509,41.412372613116,1,-999,23.67413,-999,1.23125,0.08326878,False,-99,0.004159994
6372252785249879492,0,5.33466039642902,GALEX J004831.9+412027,12.1329252360876,41.3409824752219,1,-999,21.26705,-999,11.30265,0.07615313,False,-99,0.001391983
2591190603581628326,0,5.33630786576405,GALEX J004753.8+412338,11.9744187566614,41.3941590064258,1,-999,24.20665,-999,0.753947,0.08326878,False,-99,0.00325571
6372252785249880088,0,5.3364532263772,GALEX J004824.9+413039,12.103903854952,41.5108368749662,1,-999,19.72597,-999,46.73188,0.09565836,False,-99,0.00326956
2591190603581627939,0,5.33921496617867,GALEX J004757.9+412210,11.9916410423763,41.3695728234043,1,-999,24.01961,-999,0.8956855,0.08071323,False,-99,0.003375132
2496087245625237574,0,5.34107936746228,GALEX J004753.5+412350,11.972914287775,41.3974264665441,2,22.3503,-999,4.167571,-999,0.08326878,False,0.002444885,-99
2591155419209531710,0,5.34350927371835,GALEX J004806.6+413000,12.0277799312026,41.5001950783116,1,-999,24.48874,-999,0.5814378,0.08719864,False,-99,0.002316813
2591190603581627687,0,5.34508079680496,GALEX J004803.8+412104,12.0161659487409,41.3511568697621,1,-999,23.20387,-999,1.898687,0.08071323,False,-99,0.003762573
2496087245624183880,0,5.34867302598302,GALEX J004757.8+412832,11.9909594954147,41.475759809856,1,-999,23.73396,-999,1.16524,0.08476234,False,-99,0.001728559
2591155419209532004,0,5.3576268645705,GALEX J004825.0+413040,12.1043221889031,41.5111471450033,1,-999,19.57648,-999,53.62987,0.09565836,False,-99,0.001609989
6449719952874147565,0,5.35905667117003,GALEX J004825.3+413039,12.1054899945437,41.5110357358355,1,-999,19.18371,-999,77.00423,0.09565836,False,-99,0.005590552
2591155419209531513,0,5.36058754333073,GALEX J004756.1+412805,11.9839235659842,41.4681259732399,1,-999,24.49149,-999,0.579967,0.08476234,False,-99,0.002729055
6449719952874146238,0,5.36495364863406,GALEX J004816.9+412003,12.0704738799088,41.3342523771403,1,-999,23.69418,-999,1.208722,0.07943632,False,-99,0.003212514
2496227983112536487,0,5.37000734627208,GALEX J004825.4+413040,12.106073133451,41.511149718341,1,-999,19.17926,-999,77.32092,0.09565836,False,-99,0.004848696
2496087245626280578,0,5.37394468689263,GALEX J004754.0+412325,11.9753019250285,41.3905092329569,3,22.65231,21.54528,3.15558,8.747556,0.08326878,False,0.001191014,0.01057248
2496227983113593658,0,5.37794846044769,GALEX J004826.1+413039,12.1088632904579,41.5109146005831,2,20.44452,-999,24.10988,-999,0.09565836,False,0.00717171,-99
2496087245624183940,0,5.38651031477776,GALEX J004759.5+412859,11.9980423819651,41.4832331354234,1,-999,23.03619,-999,2.215757,0.08476234,False,-99,0.004731639
2591155419211629019,0,5.3877040255756,GALEX J004826.2+413039,12.1095241770555,41.5109852764939,3,20.49639,20.49677,22.98506,22.97702,0.09565836,False,0.007243066,0.002651741
6372252785249880095,0,5.40007492283998,GALEX J004826.1+413040,12.1091231029967,41.5112530421113,1,-999,20.34481,-999,26.42861,0.09565836,False,-99,0.00515594
2591190603581628469,0,5.41049507604302,GALEX J004752.5+412418,11.9687803853207,41.4050793892099,1,-999,23.85373,-999,1.043537,0.08326878,False,-99,0.0035221
2496227983113593646,0,5.41328097100508,GALEX J004836.2+412956,12.1511911911973,41.4990075939567,2,22.93147,-999,2.44013,-999,0.09565836,False,0.00276785,-99
2591155419209531567,0,5.41928038946218,GALEX J004846.0+412800,12.191975692036,41.4667317082342,1,-999,20.32666,-999,26.87416,0.09131064,False,-99,0.001773995
2496227983112536341,0,5.42489362021715,GALEX J004846.1+412800,12.192088767078,41.4667718269433,1,-999,20.24339,-999,29.01637,0.09131064,False,-99,0.001860335
2496087245624183686,0,5.42522095159413,GALEX J004753.0+412655,11.971116475389,41.4487518021389,1,-999,23.47129,-999,1.484174,0.08345482,False,-99,0.003188866
2591155419209531810,0,5.4259199965994,GALEX J004821.4+413047,12.0895350838461,41.5132453421671,1,-999,24.14758,-999,0.7961039,0.09089699,False,-99,0.00195615
6372252785249879860,0,5.42879693782382,GALEX J004848.9+412640,12.2038125276876,41.4445891676672,1,-999,22.03844,-999,5.55421,0.08119558,False,-99,0.002230904
2591155419209531444,0,5.43015366448669,GALEX J004753.0+412656,11.9711266829297,41.4490632074484,1,-999,24.61576,-999,0.5172448,0.08345482,False,-99,0.003018433
2591155419209531464,0,5.43150125979808,GALEX J004848.4+412700,12.2017650853915,41.4502095277619,1,-999,23.5919,-999,1.328123,0.08119558,False,-99,0.00446294
2591190603582686531,0,5.43432222656047,GALEX J004755.0+412253,11.979232136624,41.3814948401478,2,23.3593,-999,1.645444,-999,0.08326878,False,0.002983453,-99
6372252785249879614,0,5.43635863069056,GALEX J004845.6+412234,12.1902818933019,41.3762716403227,1,-999,21.42671,-999,9.756982,0.07401838,False,-99,0.002540552
6372252785249879923,0,5.44259562313851,GALEX J004846.1+412801,12.1923949138106,41.4669664027423,1,-999,20.45408,-999,23.89828,0.09131064,False,-99,0.00470418
6372252785249879440,0,5.44278750816223,GALEX J004825.0+411959,12.1044659409433,41.333114368112,1,-999,21.07674,-999,13.468,0.07615313,False,-99,0.003560381
6372252785249879957,0,5.44374149437706,GALEX J004845.6+412811,12.1901616261142,41.4698869419185,1,-999,21.5224,-999,8.933839,0.09131064,False,-99,0.002833687
6449755137246236830,0,5.44641035443366,GALEX J004757.2+412211,11.9884780977596,41.3697865598014,1,-999,21.23993,-999,11.58854,0.08071323,False,-99,0.006709076
2591155419209531790,0,5.4479389428539,GALEX J004813.4+413038,12.0558616115839,41.5106546573858,1,-999,24.78958,-999,0.4407239,0.09089699,False,-99,0.002720803
2591190603581629109,0,5.44844557882097,GALEX J004753.0+412658,11.9709231052726,41.4496080849706,1,-999,24.23134,-999,0.7369959,0.08345482,False,-99,0.003290464
6372252785249880033,0,5.44900538014358,GALEX J004840.6+412921,12.1693272651833,41.4892447784811,1,-999,21.51683,-999,8.979829,0.09131064,False,-99,0.002505906
2496227983112536375,0,5.47712765363016,GALEX J004806.1+413006,12.0257712964614,41.5018992176154,1,-999,24.29252,-999,0.6966119,0.08719864,False,-99,0.001774251
6449719952874146217,0,5.47889490298165,GALEX J004822.8+411954,12.0953737700636,41.3317580120239,1,-999,22.82146,-999,2.700323,0.0756807,False,-99,0.003742413
6449719952874146300,0,5.4805522204865,GALEX J004825.0+411956,12.1043848615882,41.3324691079951,1,-999,20.66545,-999,19.6707,0.07615313,False,-99,0.009525298
2591155419209531393,0,5.4857868875721,GALEX J004850.0+412530,12.2085631334378,41.425086138318,1,-999,25.49208,-999,0.2307643,0.08119558,False,-99,0.001213673
2591155419209531614,0,5.48636841936159,GALEX J004841.4+412915,12.172875994926,41.4875421893303,1,-999,23.92252,-999,0.9794682,0.09131064,False,-99,0.002292311
6449755137246237205,0,5.48759635556794,GALEX J004751.8+412436,11.9658835403231,41.4101663559303,1,-999,21.80032,-999,6.916249,0.08326878,False,-99,0.005478015
6449719952874146242,0,5.49379086124082,GALEX J004827.2+412000,12.1135059035717,41.3335179487786,1,-999,22.84865,-999,2.633539,0.07615313,False,-99,0.00340867
2591155419209531459,0,5.49675086817814,GALEX J004849.2+412642,12.2052179534195,41.4450463051701,1,-999,21.96232,-999,5.95761,0.08119558,False,-99,0.006535537
2591155419209531551,0,5.4998509989499,GALEX J004849.6+412621,12.206927449161,41.4393451698629,1,-999,22.02228,-999,5.637492,0.08119558,False,-99,0.003672761
2591155419211628934,0,5.51150190816949,GALEX J004810.5+413032,12.0439291524187,41.5089338142142,3,23.14175,23.13076,2.010487,2.030934,0.09089699,False,0.002000485,0.002721372
6372252785249879945,0,5.51360724354817,GALEX J004754.8+412758,11.9786001381974,41.4662253314643,1,-999,21.56512,-999,8.589161,0.08476234,False,-99,0.002642811
2496227983112536395,0,5.51456145339632,GALEX J004833.6+413020,12.1401176291428,41.5055611102964,1,-999,23.26535,-999,1.794153,0.09565836,False,-99,0.003789739
6449719952874147480,0,5.51626158889438,GALEX J004810.4+413031,12.0434368362963,41.5088804485279,1,-999,23.5564,-999,1.372271,0.09089699,False,-99,0.002033733
6372252785249879484,0,5.51668009034949,GALEX J004836.2+412040,12.1510072473556,41.3445868661219,1,-999,20.34812,-999,26.34814,0.07592946,False,-99,0.004708558
2496227983112536143,0,5.52113952206503,GALEX J004849.7+412622,12.2073807398263,41.4394594168782,1,-999,21.56794,-999,8.566916,0.08119558,False,-99,0.006274447
6372252785249879501,0,5.5254354133523,GALEX J004804.1+412048,12.0172923413398,41.3468690535532,1,-999,20.8016,-999,17.35241,0.08071323,False,-99,0.003869993
2496227983112536129,0,5.52600173833351,GALEX J004752.6+412700,11.9693752298759,41.4502315551551,1,-999,24.66714,-999,0.4933362,0.08345482,False,-99,0.001862955
2591190603581628679,0,5.5266851350889,GALEX J004751.6+412434,11.9651006906131,41.4096697560742,1,-999,21.94748,-999,6.039582,0.08326878,False,-99,0.002107683
2496227983112536422,0,5.52818678328145,GALEX J004810.4+413033,12.0437021736595,41.5091672290813,1,-999,23.15031,-999,1.994698,0.09089699,False,-99,0.003727667
6449719952874146787,0,5.5324908265572,GALEX J004751.6+412434,11.9650013195167,41.4095104324411,1,-999,22.12578,-999,5.124912,0.08326878,False,-99,0.002588455
6449719952874146391,0,5.53561838316505,GALEX J004804.1+412048,12.0172492870424,41.3466855453337,1,-999,20.8917,-999,15.97053,0.08071323,False,-99,0.003757369
2496227983112536452,0,5.53669151392821,GALEX J004817.7+413052,12.0739798216197,41.5146260980549,1,-999,22.03424,-999,5.57576,0.09089699,False,-99,0.002767674
2591155419210598118,0,5.53822139300344,GALEX J004838.3+412949,12.1597687545945,41.4971267154595,2,22.39755,-999,3.990077,-999,0.09709095,False,0.003702726,-99
2496087245624183434,0,5.53832583349004,GALEX J004751.5+412433,11.9648905581989,41.409407049036,1,-999,21.43818,-999,9.654466,0.08326878,False,-99,0.005651343
2591190603583725097,0,5.53835495759475,GALEX J004804.1+412048,12.0170742102978,41.3467202254448,3,20.52928,20.50612,22.29926,22.77982,0.08071323,False,0.005698279,0.002119203
2591190603581627798,0,5.53921140110839,GALEX J004759.5+412131,11.9980473761147,41.3587847246314,1,-999,23.34096,-999,1.673464,0.08071323,False,-99,0.002413749
6449719952874146215,0,5.5425562257817,GALEX J004818.7+411950,12.0780929184269,41.3306872580917,1,-999,22.22012,-999,4.698426,0.07943632,False,-99,0.004514861
2496227983113593584,0,5.54455302831224,GALEX J004752.2+412648,11.9676386852939,41.4468460510502,2,23.2164,-999,1.876897,-999,0.08345482,False,0.001520414,-99
6449755137246236811,0,5.54729255902145,GALEX J004757.6+412154,11.9903743423615,41.3651346718532,1,-999,21.77728,-999,7.064586,0.08071323,False,-99,0.004301761
6449755137246236708,0,5.54736786781601,GALEX J004800.0+412125,12.0000958182472,41.3570367558163,1,-999,22.06469,-999,5.421529,0.08071323,False,-99,0.00225572
2591155419209531853,0,5.54759927470075,GALEX J004817.8+413053,12.0742454792479,41.5148292243902,1,-999,21.93305,-999,6.120372,0.09089699,False,-99,0.001593753
2591190603583726097,0,5.55137073963854,GALEX J004751.5+412611,11.9646302270577,41.4365649605594,3,22.71357,24.19555,2.982447,0.761695,0.08345482,False,0.003589524,0.003440322
6449719952874147537,0,5.55420327812381,GALEX J004817.9+413053,12.0747337335403,41.5149760917361,1,-999,22.28261,-999,4.435651,0.09089699,False,-99,0.003141123
2591155419209531820,0,5.55746715778061,GALEX J004820.7+413055,12.0866056185555,41.5154633302228,1,-999,24.7037,-999,0.4770007,0.09089699,False,-99,0.002144917
2496227983112536157,0,5.55802799292042,GALEX J004849.6+412641,12.2067146320138,41.4447610221865,1,-999,21.269,-999,11.28229,0.08119558,False,-99,0.007507976
2591155419209531417,0,5.56268019215376,GALEX J004849.7+412634,12.2073997580862,41.4428885935456,1,-999,23.77245,-999,1.124659,0.08119558,False,-99,0.002147628
2591155419210597997,0,5.5642793761445,GALEX J004849.3+412655,12.2053995409216,41.448856146485,2,21.97605,-999,5.882778,-999,0.08119558,False,0.004138699,-99
2591155419210598079,0,5.56432126404274,GALEX J004843.4+412858,12.1810761597351,41.4827845700328,2,22.59298,-999,3.332818,-999,0.09131064,False,0.003076394,-99
6372252785249879894,0,5.56449552854638,GALEX J004848.7+412716,12.2029536548162,41.454482318187,1,-999,21.41063,-999,9.902517,0.08119558,False,-99,0.002594655
6449755137246237218,0,5.57693485948992,GALEX J004751.0+412533,11.9627806776007,41.4260543785338,1,-999,23.38294,-999,1.609998,0.08345482,False,-99,0.002637304
2496087245624183629,0,5.58313800752722,GALEX J004751.2+412605,11.9635930819334,41.4348189680479,1,-999,22.72533,-999,2.950315,0.08345482,False,-99,0.004659029
2591190603581628985,0,5.58328455791921,GALEX J004751.2+412604,11.9635400114898,41.4345261971851,1,-999,23.40302,-999,1.580486,0.08345482,False,-99,0.005031652
2496227983114633337,0,5.59380206484992,GALEX J004849.0+412711,12.2042183586318,41.453265757059,3,22.76443,21.36971,2.845957,10.28291,0.08119558,False,0.002916605,0.007626134
6449719952874147676,0,5.59652346337411,GALEX J004834.0+413023,12.1417053273532,41.506500302218,1,-999,20.22021,-999,29.64266,0.09565836,False,-99,0.01280607
2591190603581627730,0,5.60491309037756,GALEX J004801.3+412107,12.0055607314828,41.3519611669091,1,-999,22.47749,-999,3.706826,0.08071323,False,-99,0.004553359
6372252785249880085,0,5.60548170417467,GALEX J004835.9+413012,12.1497495602091,41.5034206558526,1,-999,21.69603,-999,7.613526,0.09709095,False,-99,0.001776695
6449719952874146237,0,5.60553162500365,GALEX J004830.0+412002,12.1250862013123,41.3339724288031,1,-999,22.88057,-999,2.557242,0.07615313,False,-99,0.002858668
2591190603581627560,0,5.60608290848079,GALEX J004806.5+412026,12.0273865855704,41.3406704368898,1,-999,22.20025,-999,4.7852,0.07773951,False,-99,0.005614798
2591155419209531699,0,5.6070889835049,GALEX J004803.0+412953,12.0128582113198,41.4981625699907,1,-999,24.87314,-999,0.4080801,0.08719864,False,-99,0.001517423
2496227983112536455,0,5.61834657085378,GALEX J004836.1+413011,12.1507862045606,41.5032097278313,1,-999,21.27136,-999,11.25789,0.09709095,False,-99,0.005562524
2591155419209531906,0,5.6248062331399,GALEX J004836.1+413012,12.1507727756745,41.5033411719874,1,-999,20.95475,-999,15.06954,0.09709095,False,-99,0.001840479
2591155419211628636,0,5.62842271515247,GALEX J004849.1+412712,12.2049222281322,41.4535058941007,3,22.38904,21.87892,4.021477,6.43329,0.08119558,False,0.003334092,0.003403988
2591155419209531827,0,5.62863241018119,GALEX J004823.1+413058,12.0964698965552,41.5163613952604,1,-999,24.42699,-999,0.6154672,0.09400718,False,-99,0.002450547
6372252785249880075,0,5.63183746850076,GALEX J004804.0+413002,12.0167936603186,41.5007400871661,1,-999,21.49038,-999,9.201234,0.08719864,False,-99,0.002247825
6372252785249879471,0,5.63992597773662,GALEX J004808.0+412015,12.0334866402516,41.3377300313538,1,-999,21.46869,-999,9.386949,0.07773951,False,-99,0.003243536
2496227983112536444,0,5.64250854865669,GALEX J004823.4+413059,12.097817838349,41.5165087620579,1,-999,23.74432,-999,1.15417,0.09400718,False,-99,0.0024493
6449719952874147311,0,5.64577152039729,GALEX J004759.4+412920,11.9975192204725,41.489096992536,1,-999,23.77236,-999,1.124749,0.08476234,False,-99,0.002112075
6449755137246237522,0,5.65310730122149,GALEX J004754.0+412759,11.9753548523597,41.4666006912093,1,-999,23.39491,-999,1.592346,0.08476234,False,-99,0.002214004
2496227983112536141,0,5.65991997470317,GALEX J004752.2+412711,11.9675734487814,41.4532932386693,1,-999,23.81998,-999,1.076484,0.08345482,False,-99,0.002720514
2591190603581629604,0,5.66481122779176,GALEX J004800.3+412932,12.0012577622071,41.492241412909,1,-999,23.46977,-999,1.486243,0.08719864,False,-99,0.003486464
2591155419209531672,0,5.66672203882363,GALEX J004800.2+412931,12.0011523635065,41.4922118266745,1,-999,24.0943,-999,0.8361419,0.08719864,False,-99,0.003433797
2591190603582686718,0,5.67057639255465,GALEX J004750.9+412427,11.9622574512684,41.4077587983069,2,22.22623,-999,4.672092,-999,0.08326878,False,0.0043644,-99
6449719952874147526,0,5.67208248125646,GALEX J004830.4+413044,12.1267933158756,41.5124643406223,1,-999,22.83983,-999,2.655016,0.09565836,False,-99,0.003157419
2591155419209531593,0,5.6742178923797,GALEX J004844.5+412853,12.1855908724368,41.4815426676832,1,-999,23.0274,-999,2.23377,0.09131064,False,-99,0.002485746
2496227983114633426,0,5.67745631125837,GALEX J004844.6+412852,12.1861045666812,41.4811404199223,3,22.74867,22.36434,2.887568,4.114006,0.09131064,False,0.003033328,0.004893813
2591155419209531821,0,5.68042464668307,GALEX J004814.5+413055,12.0604375243308,41.5154501481965,1,-999,24.72384,-999,0.4682337,0.09089699,False,-99,0.00246154
6449719952874147567,0,5.6813885301558,GALEX J004826.6+413056,12.1112284714927,41.5157228874885,1,-999,21.2044,-999,11.97399,0.09565836,False,-99,0.005412171
6449719952874146234,0,5.69022714652003,GALEX J004826.6+411947,12.1110294878368,41.3297804834349,1,-999,21.06033,-999,13.6731,0.07615313,False,-99,0.00639995
2591190603582686407,0,5.70145170716033,GALEX J004756.8+412151,11.9867474182156,41.3644358293403,2,22.97721,-999,2.339463,-999,0.08071323,False,0.002189968,-99
2591155419210598117,0,5.70558322615306,GALEX J004841.0+412937,12.1710325276024,41.49386739408,2,23.25361,-999,1.813665,-999,0.09131064,False,0.002944901,-99
2496227983113593669,0,5.70694473763366,GALEX J004833.0+413035,12.1375510928614,41.5099773617685,2,23.43613,-999,1.533021,-999,0.09565836,False,0.002126168,-99
6372252785249880011,0,5.71204542172071,GALEX J004844.2+412901,12.1843948581919,41.4836507049009,1,-999,21.4841,-999,9.25465,0.09131064,False,-99,0.0005549015
2496227983112536320,0,5.71254344979181,GALEX J004842.6+412921,12.1776280955939,41.4893017186832,1,-999,22.35987,-999,4.130968,0.09131064,False,-99,0.004121244
2591155419209531571,0,5.7154742520084,GALEX J004846.0+412835,12.1917600610457,41.476403070441,1,-999,22.46219,-999,3.759431,0.09131064,False,-99,0.003294697
6372252785249879983,0,5.71617413262363,GALEX J004846.1+412832,12.1923232179531,41.4757974309387,1,-999,21.2359,-999,11.63165,0.09131064,False,-99,0.003413317
6449719952874146438,0,5.72270521914779,GALEX J004756.4+412155,11.9851496837387,41.3654165472442,1,-999,23.58587,-999,1.335522,0.08071323,False,-99,0.002473643
2496227983112536269,0,5.72431562222549,GALEX J004846.0+412836,12.1917363921706,41.4766908998305,1,-999,22.0709,-999,5.390609,0.09131064,False,-99,0.005580273
6372252785249879590,0,5.73337407104935,GALEX J004755.2+412214,11.9799902157836,41.3706155118994,1,-999,21.26806,-999,11.29209,0.08326878,False,-99,0.003252564
2591155419209531894,0,5.73545137084081,GALEX J004826.2+413100,12.1095409001108,41.5168805853493,1,-999,21.77094,-999,7.105958,0.09400718,False,-99,0.00727231
2591190603582686493,0,5.7394731165989,GALEX J004758.7+412123,11.9947733969361,41.3565248048403,2,21.31411,-999,10.82323,-999,0.08071323,False,0.004756796,-99
2496087245624184093,0,5.74226575222821,GALEX J004759.8+412933,11.999449974107,41.4927451682287,1,-999,22.37516,-999,4.073192,0.08476234,False,-99,0.006622802
6449755137246236845,0,5.7512369789357,GALEX J004755.1+412213,11.9796845341963,41.3704223323438,1,-999,21.66837,-999,7.810043,0.08326878,False,-99,0.00482445
2591190603582686715,0,5.75405165224969,GALEX J004751.1+412354,11.9630343506757,41.3983552018225,2,21.76443,-999,7.148777,-999,0.08326878,False,0.005575265,-99
2496227983112536214,0,5.75753174941659,GALEX J004846.9+412822,12.1957952022257,41.4730103110834,1,-999,23.14658,-999,2.001552,0.09131064,False,-99,0.003000822
2591190603581628458,0,5.75867417711032,GALEX J004750.7+412413,11.9612530457548,41.4037226135215,1,-999,23.72623,-999,1.173562,0.08326878,False,-99,0.002488828
6449719952874146173,0,5.76678545918271,GALEX J004819.7+411936,12.0821734406483,41.3267849574675,1,-999,22.89486,-999,2.523816,0.07943632,False,-99,0.002904817
6372252785249879657,0,5.76892654359752,GALEX J004849.5+412319,12.206460526585,41.3886127884278,1,-999,21.84312,-999,6.648929,0.07401838,False,-99,0.001629207
2591190603581627974,0,5.77134355829699,GALEX J004754.7+412218,11.977988396612,41.3717884082287,1,-999,24.70744,-999,0.4753634,0.08326878,False,-99,0.002596202
6449755137246237140,0,5.78561905368537,GALEX J004750.0+412448,11.9586943806854,41.4134277703076,1,-999,23.27353,-999,1.780686,0.08345482,False,-99,0.002372897
2591155419209531537,0,5.78908631152935,GALEX J004847.2+412821,12.196844548538,41.4727293234187,1,-999,23.05833,-999,2.171031,0.09131064,False,-99,0.004138683
2496087245624183345,0,5.79032057533569,GALEX J004750.4+412415,11.9603660552602,41.4043600029212,1,-999,22.94128,-999,2.41818,0.08326878,False,-99,0.004474844
6449755137246236748,0,5.80357058138093,GALEX J004756.1+412151,11.9841311683642,41.3641945039851,1,-999,22.85744,-999,2.612306,0.08071323,False,-99,0.001505809
2496227983112536492,0,5.80574852065549,GALEX J004826.4+413104,12.1101266317309,41.5179912573884,1,-999,22.69171,-999,3.043095,0.09400718,False,-99,0.004798913
2591155419210598188,0,5.81051751347097,GALEX J004829.7+413056,12.1238340074222,41.5155898856589,2,23.20486,-999,1.896962,-999,0.09565836,False,0.001010401,-99
2496087245624183950,0,5.81447988931682,GALEX J004757.3+412910,11.9889317712709,41.4862859927459,1,-999,22.61872,-999,3.254699,0.08476234,False,-99,0.005425278
6372252785249879884,0,5.8161138643248,GALEX J004751.0+412703,11.9628950550627,41.4508834647647,1,-999,21.61104,-999,8.233483,0.08345482,False,-99,0.002426602
6449719952874146768,0,5.82822184770457,GALEX J004749.8+412445,11.9578413734013,41.4127037431661,1,-999,23.34511,-999,1.667073,0.08345482,False,-99,0.002163891
2496087245624183259,0,5.83087705115292,GALEX J004751.4+412328,11.9641833995675,41.3911401438005,1,-999,22.92506,-999,2.45458,0.08326878,False,-99,0.004998062
2591155419210597970,0,5.8414171750086,GALEX J004851.7+412607,12.2154154524358,41.4354819155282,2,23.23633,-999,1.842759,-999,0.08119558,False,0.00250119,-99
6372252785249879968,0,5.84904226568622,GALEX J004753.6+412814,11.9734611986955,41.4708252611255,1,-999,21.661,-999,7.863231,0.08476234,False,-99,0.002921715
6449755137246236728,0,5.85023218409826,GALEX J004756.9+412136,11.9872396884032,41.3600441820677,1,-999,21.79981,-999,6.919528,0.08071323,False,-99,0.003884649
2591190603581628665,0,5.85233614975615,GALEX J004749.7+412447,11.9572314286011,41.4132236676609,1,-999,23.09734,-999,2.094411,0.08345482,False,-99,0.005481184
2591155419210597982,0,5.85492500493514,GALEX J004851.3+412638,12.2137589028894,41.4438902689648,2,22.52687,-999,3.542042,-999,0.08119558,False,0.003409393,-99
6449755137246236681,0,5.85807162126769,GALEX J004759.6+412104,11.9983151344632,41.3511550425247,1,-999,20.67852,-999,19.43539,0.08071323,False,-99,0.007523786
2496227983112536216,0,5.8614924076501,GALEX J004848.3+412808,12.2014482211711,41.4691109721196,1,-999,22.29745,-999,4.375424,0.09131064,False,-99,0.005140153
2591190603581627440,0,5.86598667782846,GALEX J004806.3+412009,12.0266310241402,41.3360691376939,1,-999,24.70241,-999,0.4775703,0.07773951,False,-99,0.002517671
2591190603581629520,0,5.86863397435294,GALEX J004756.7+412908,11.9866160107642,41.4856397154754,1,-999,23.90702,-999,0.9935514,0.08476234,False,-99,0.003727976
2496227983112536193,0,5.87513882289059,GALEX J004849.1+412752,12.2048071691714,41.4646175909653,1,-999,23.2842,-999,1.763277,0.08119558,False,-99,0.0040334
6449719952874146187,0,5.87892181668635,GALEX J004814.1+411937,12.0591444697761,41.327058169505,1,-999,23.39472,-999,1.592614,0.07943632,False,-99,0.002971574
2496087245624183425,0,5.88138925070154,GALEX J004749.5+412448,11.9565620743127,41.4133797328826,1,-999,22.53327,-999,3.521215,0.08345482,False,-99,0.004306832
2591155419209531602,0,5.88281895250158,GALEX J004756.7+412908,11.9863767387454,41.4857939068777,1,-999,23.80733,-999,1.089095,0.08476234,False,-99,0.002966169
6449719952874147497,0,5.8840085203818,GALEX J004807.3+413041,12.0305936433584,41.5114483067841,1,-999,23.3962,-999,1.590455,0.08719864,False,-99,0.002412042
2496087245624183169,0,5.88669014086067,GALEX J004752.2+412255,11.9676159119133,41.382196952551,1,-999,24.25975,-999,0.7179569,0.08326878,False,-99,0.001581116
6372252785249879428,0,5.89860343843921,GALEX J004824.3+411930,12.101411218856,41.325153450691,1,-999,21.66133,-999,7.860799,0.07615313,False,-99,0.002629679
2591155419211628951,0,5.89872588794836,GALEX J004835.9+413032,12.14982153456,41.5090108509473,3,22.18011,22.66826,4.874799,3.109524,0.09709095,False,0.003830688,0.0037697
2591155419209531815,0,5.90126367479845,GALEX J004806.8+413039,12.0286467463982,41.5110623578029,1,-999,24.61336,-999,0.5183898,0.08719864,False,-99,0.003295441
2591155419209531557,0,5.90755919708124,GALEX J004848.3+412814,12.201445049183,41.4707168461127,1,-999,22.74968,-999,2.884887,0.09131064,False,-99,0.004930574
2496087245625237573,0,5.91234202754181,GALEX J004750.1+412357,11.9591135559575,41.3992046484477,2,22.98396,-999,2.324962,-999,0.08326878,False,0.001431768,-99
2591190603581627761,0,5.91503678687056,GALEX J004800.8+412047,12.0033335484871,41.3466183302757,1,-999,22.16814,-999,4.928826,0.08071323,False,-99,0.005983966
2496227983112536427,0,5.91648408276978,GALEX J004835.8+413034,12.1494387440842,41.5095047638522,1,-999,23.16672,-999,1.964777,0.09709095,False,-99,0.003487784
2496087245624183143,0,5.91829843685625,GALEX J004753.1+412231,11.9714072792036,41.375357958604,1,-999,23.36103,-999,1.642814,0.08326878,False,-99,0.005267441
6449755137246236709,0,5.9223028572176,GALEX J004800.4+412050,12.0017902485483,41.3474241678281,1,-999,21.00324,-999,14.41126,0.08071323,False,-99,0.005915922
2496087245624183540,0,5.92599586571269,GALEX J004749.2+412540,11.9551115046233,41.4277878834668,1,-999,23.49741,-999,1.448891,0.08345482,False,-99,0.003398445
2591155419210598105,0,5.92709203625516,GALEX J004844.5+412917,12.1856564751156,41.4880639021091,2,22.46858,-999,3.737418,-999,0.09131064,False,0.002726569,-99
2496227983113593685,0,5.9281703357674,GALEX J004828.7+413106,12.1197530577171,41.5184808499281,2,22.99887,-999,2.293275,-999,0.09565836,False,0.002802389,-99
2496227983112536152,0,5.92983564092759,GALEX J004751.0+412723,11.9627756731543,41.4566278236192,1,-999,23.79274,-999,1.10383,0.08345482,False,-99,0.001720261
2591155419210597964,0,5.93046660999578,GALEX J004852.3+412552,12.21801814066,41.4311955467594,2,22.16805,-999,4.929285,-999,0.08119558,False,0.002929395,-99
2591155419209531676,0,5.93534653245702,GALEX J004844.1+412923,12.1838106788702,41.4898089954241,1,-999,22.70405,-999,3.008692,0.09131064,False,-99,0.005210795
6372252785249879737,0,5.94454630617481,GALEX J004749.3+412439,11.9554918021659,41.4110346659941,1,-999,21.31124,-999,10.85179,0.08345482,False,-99,0.003418632
2591155419209531843,0,5.94550984177807,GALEX J004812.7+413107,12.052938264426,41.5186537770779,1,-999,24.97146,-999,0.3727492,0.09089699,False,-99,0.001694798
2591155419209531875,0,5.95209548607361,GALEX J004817.1+413117,12.071557100288,41.5213923502904,1,-999,24.32765,-999,0.6744356,0.09089699,False,-99,0.00326149
6449719952874146199,0,5.95308367258435,GALEX J004828.6+411936,12.1193058386314,41.3266913918924,1,-999,23.06549,-999,2.156765,0.07615313,False,-99,0.004327103
2591155419210598013,0,5.95437575894538,GALEX J004847.4+412836,12.1978730870708,41.4766973596326,2,22.15242,-999,5.000719,-999,0.09131064,False,0.004383216,-99
2496227983113593564,0,5.95539114231197,GALEX J004852.4+412552,12.218572662894,41.4312088537785,2,22.94224,-999,2.416052,-999,0.08119558,False,0.002837114,-99
2496227983112536514,0,5.96426026319179,GALEX J004823.5+413118,12.0979407297983,41.5218836476772,1,-999,23.01027,-999,2.269289,0.09400718,False,-99,0.005188031
2591155419209531899,0,5.96730637767976,GALEX J004826.5+413114,12.1106244208448,41.5206605411214,1,-999,22.6743,-999,3.092291,0.09400718,False,-99,0.004809401
2496227983112536138,0,5.96936229296554,GALEX J004851.8+412641,12.2160719063877,41.4448774947422,1,-999,20.84482,-999,16.67528,0.08119558,False,-99,0.003431451
2591155419209531466,0,5.96962775774271,GALEX J004851.3+412702,12.2140799006662,41.4506767601738,1,-999,23.06857,-999,2.150653,0.08119558,False,-99,0.005514815
2496227983112536454,0,5.97030157376096,GALEX J004812.6+413108,12.0525239363983,41.5189990021889,1,-999,24.47834,-999,0.5870335,0.09089699,False,-99,0.001718172
2591155419209531460,0,5.9706132576824,GALEX J004851.8+412641,12.216090448438,41.4449105090345,1,-999,20.95729,-999,15.03437,0.08119558,False,-99,0.001712057
2496227983112536134,0,5.97325761037878,GALEX J004851.4+412702,12.2141488873164,41.4507156089021,1,-999,23.23878,-999,1.838595,0.08119558,False,-99,0.003516128
2496227983112536376,0,5.97801093515373,GALEX J004844.0+412927,12.1836865038491,41.4909551061605,1,-999,21.47933,-999,9.295351,0.09131064,False,-99,0.007323462
2591155419209531808,0,5.98013343500863,GALEX J004808.2+413051,12.0341751437881,41.5144184425659,1,-999,25.25175,-999,0.2879382,0.08719864,False,-99,0.001823534
2591190603581629046,0,5.98060118257029,GALEX J004749.7+412644,11.9572279585879,41.4456038391584,1,-999,23.75662,-999,1.141177,0.08345482,False,-99,0.003734492
2496087245625237492,0,5.98121020338166,GALEX J004751.9+412248,11.966575353836,41.3801410529468,2,23.15422,-999,1.987524,-999,0.08326878,False,0.003221768,-99
6449719952874147051,0,5.98662497822223,GALEX J004749.5+412638,11.956578292443,41.4438923349625,1,-999,22.93725,-999,2.427166,0.08345482,False,-99,0.0039592
2496087245626280583,0,5.98666097719896,GALEX J004749.1+412436,11.9546960237223,41.4101495370918,3,22.53648,22.26431,3.510837,4.511027,0.08345482,False,0.002760692,0.003967102
2591190603583725755,0,5.99038771444521,GALEX J004749.0+412437,11.9545616795038,41.4104488939948,3,22.7664,22.72969,2.840817,2.938484,0.08345482,False,0.003659933,0.00264278
2591155419209531427,0,5.9950372168501,GALEX J004749.7+412648,11.9572745412992,41.446780755948,1,-999,23.68011,-999,1.224495,0.08345482,False,-99,0.002947025
2591155419209531895,0,5.99646588342119,GALEX J004823.2+413120,12.0969143056942,41.522484598016,1,-999,23.90459,-999,0.9957756,0.09400718,False,-99,0.004020951
2496227983112536535,0,5.99863616248273,GALEX J004838.1+413024,12.1591139997067,41.5067920112898,1,-999,20.41204,-999,24.84181,0.09709095,False,-99,0.01526351
6449719952874146773,0,6.00017823297122,GALEX J004749.0+412437,11.9543630183808,41.4103264001568,1,-999,22.8677,-999,2.587725,0.08345482,False,-99,0.00268328
6449755137246237111,0,6.0083275574676,GALEX J004749.0+412436,11.9542016112228,41.4102018980752,1,-999,23.10884,-999,2.072342,0.08345482,False,-99,0.00307121
2496227983112536484,0,6.0096906128003,GALEX J004826.5+413116,12.1106691982962,41.5213725556373,1,-999,22.13988,-999,5.058814,0.09400718,False,-99,0.004374536
2591155419210597979,0,6.0249337784378,GALEX J004852.5+412617,12.2190470880133,41.4380716100052,2,22.87991,-999,2.5588,-999,0.08119558,False,0.002171295,-99
6372252785249879840,0,6.02572030188221,GALEX J004852.0+412646,12.2169763443624,41.4461119284732,1,-999,21.4628,-999,9.438035,0.08119558,False,-99,0.005023848
6449719952874146224,0,6.03166958228374,GALEX J004806.8+411956,12.0285074128184,41.3322777948281,1,-999,22.20883,-999,4.747542,0.07773951,False,-99,0.005075397
2591190603581629472,0,6.03760188953093,GALEX J004754.4+412850,11.9768987750946,41.4807783500027,1,-999,24.97172,-999,0.372659,0.08351722,False,-99,0.00228901
6449755137246237098,0,6.04091664405872,GALEX J004753.4+412211,11.9725049986044,41.3698967803507,1,-999,20.98144,-999,14.70356,0.08326878,False,-99,0.006457441
6449719952874147069,0,6.04231346077107,GALEX J004749.7+412658,11.9571249099136,41.4494829651079,1,-999,23.10019,-999,2.08893,0.08345482,False,-99,0.003534608
6372252785249879833,0,6.0437964212873,GALEX J004852.7+412615,12.219579270792,41.4375298130449,1,-999,22.31732,-999,4.296069,0.08119558,False,-99,0.002079567
2591190603581629250,0,6.05022753174581,GALEX J004749.6+412655,11.9567250774905,41.448879061003,1,-999,22.335,-999,4.226662,0.08345482,False,-99,0.004330159
2496227983112536245,0,6.05041087785541,GALEX J004754.4+412852,11.9769771980566,41.4812315811939,1,-999,23.51048,-999,1.431554,0.08351722,False,-99,0.0009715988
2496227983112536081,0,6.05053992880926,GALEX J004852.8+412606,12.2201640125929,41.4351080873187,1,-999,23.28742,-999,1.758046,0.08119558,False,-99,0.002081996
2496227983113593694,0,6.05258011256453,GALEX J004822.9+413124,12.0957468555838,41.5234855368525,2,23.49546,-999,1.4515,-999,0.09400718,False,0.002176841,-99
2591155419209531469,0,6.05312413241945,GALEX J004749.6+412656,11.9567478008663,41.4491292761889,1,-999,22.62416,-999,3.238438,0.08345482,False,-99,0.005677514
2591155419209531568,0,6.05370200023382,GALEX J004754.3+412851,11.9766256623813,41.4809538652584,1,-999,24.56508,-999,0.5419582,0.08351722,False,-99,0.002615272
2496087245624183174,0,6.05501009002756,GALEX J004751.5+412249,11.964637694405,41.3803428607548,1,-999,23.86136,-999,1.036225,0.08326878,False,-99,0.002989805
2591155419209531506,0,6.05574933729381,GALEX J004850.3+412749,12.209718159618,41.4638064942464,1,-999,24.54206,-999,0.5535734,0.08119558,False,-99,0.003076379
2496227983112536140,0,6.05698974714445,GALEX J004749.6+412659,11.9569428864954,41.4499086248894,1,-999,22.99924,-999,2.292467,0.08345482,False,-99,0.003982974
6449719952874146174,0,6.05795559210037,GALEX J004811.4+411934,12.0478413332146,41.3261678683556,1,-999,22.90832,-999,2.4927,0.07943632,False,-99,0.003858567
2591155419210598207,0,6.06057614126084,GALEX J004825.3+413122,12.1055925660163,41.5228481406638,2,22.72492,-999,2.951442,-999,0.09400718,False,0.002709071,-99
2591190603581627486,0,6.06103457152275,GALEX J004806.5+411955,12.0273631475493,41.3321511388921,1,-999,22.66003,-999,3.133201,0.07773951,False,-99,0.003921339
2496087245624183801,0,6.0611334896308,GALEX J004749.5+412653,11.9562701735007,41.4482973465039,1,-999,22.01798,-999,5.659878,0.08345482,False,-99,0.006591679
2496227983113593663,0,6.0774787986389,GALEX J004839.0+413023,12.1625903756515,41.5066419580796,2,22.97689,-999,2.340153,-999,0.09709095,False,0.002697899,-99
6449719952874147405,0,6.07994199758581,GALEX J004758.6+412948,11.9942315058319,41.4967951799795,1,-999,22.23006,-999,4.655585,0.08351722,False,-99,0.003555248
2496227983112536380,0,6.0835694391707,GALEX J004758.6+412949,11.9944069812307,41.4970009176036,1,-999,22.34894,-999,4.17277,0.08351722,False,-99,0.006541496
2591155419211628756,0,6.08585023147288,GALEX J004846.9+412858,12.1957753903558,41.4828449447319,3,23.86438,23.16129,1.033359,1.97463,0.09131064,False,0.000842283,0.003319216
2496227983112536180,0,6.08731870077207,GALEX J004850.5+412749,12.2105713830823,41.4636605792851,1,-999,23.6608,-999,1.246463,0.08119558,False,-99,0.002446114
2496087245626281264,0,6.08815977792696,GALEX J004758.7+412950,11.9947369302831,41.49733508344,3,22.68033,21.71121,3.075174,7.507817,0.08351722,False,0.002343961,0.008053155
2591190603583727053,0,6.08884087003529,GALEX J004758.6+412949,11.9942992736148,41.4970457976991,3,23.43159,21.93378,1.539445,6.116299,0.08351722,False,0.003018293,0.005319094
2591155419211628905,0,6.09053471087627,GALEX J004758.6+412949,11.9943655657454,41.4971307297002,3,23.47563,22.04335,1.478256,5.529176,0.08351722,False,0.002489722,0.005588909
6372252785249879459,0,6.09260655949895,GALEX J004840.8+412034,12.1701718556269,41.3429297735555,1,-999,21.75502,-999,7.21091,0.07592946,False,-99,0.002713204
2496227983112536068,0,6.10231199208317,GALEX J004853.2+412545,12.2220316581398,41.4293275405488,1,-999,23.76982,-999,1.127386,0.08119558,False,-99,0.002044539
6449719952874146190,0,6.11238974980237,GALEX J004825.8+411919,12.1077259482697,41.3221989786692,1,-999,22.32769,-999,4.255238,0.07615313,False,-99,0.005445084
6372252785249880118,0,6.1137712219475,GALEX J004805.0+413043,12.0212071366723,41.5121520738358,1,-999,21.79186,-999,6.970375,0.08643673,False,-99,0.001640476
6449719952874146176,0,6.11701678833871,GALEX J004815.3+411920,12.0640970390154,41.3223053013963,1,-999,22.71551,-999,2.977104,0.07943632,False,-99,0.004848677
2591155419209531653,0,6.11864982605759,GALEX J004848.0+412844,12.2002326552937,41.478998862964,1,-999,19.94509,-999,38.19135,0.09131064,False,-99,0.001672653
2496227983113593692,0,6.12377326668847,GALEX J004827.2+413122,12.1135432170036,41.5228953895746,2,23.3602,-999,1.644081,-999,0.09400718,False,0.002646544,-99
2496087245624183187,0,6.12956926643073,GALEX J004750.6+412301,11.9608867950212,41.383650338593,1,-999,23.85771,-999,1.039719,0.07959937,False,-99,0.002602167
2496227983112536352,0,6.13041174641743,GALEX J004848.0+412845,12.2003483164279,41.4792234806698,1,-999,19.81103,-999,43.21034,0.09131064,False,-99,0.002185251
2496227983112536325,0,6.1324387672594,GALEX J004846.2+412914,12.1925210722114,41.4872768817116,1,-999,22.42312,-999,3.897191,0.09131064,False,-99,0.006796713
2591155419209531855,0,6.13354164982729,GALEX J004810.6+413112,12.0444074614715,41.5200369855999,1,-999,24.78234,-999,0.4436717,0.09089699,False,-99,0.002237314
6449719952874147621,0,6.13455662748899,GALEX J004830.6+413113,12.1278435785805,41.5203152003369,1,-999,20.93636,-999,15.32696,0.09565836,False,-99,0.00557691
6372252785249879981,0,6.1392275610832,GALEX J004848.1+412844,12.2007404197032,41.4790445749122,1,-999,19.88431,-999,40.39,0.09131064,False,-99,0.004405449
6449719952874146165,0,6.13991309722279,GALEX J004821.0+411913,12.0877094738261,41.3205099962173,1,-999,21.60687,-999,8.265126,0.0756807,False,-99,0.004914519
6449719952874147577,0,6.1500590808466,GALEX J004834.2+413058,12.1428633751342,41.5162911083874,1,-999,22.70906,-999,2.994851,0.09709095,False,-99,0.003401134
6372252785249879880,0,6.15299958515441,GALEX J004749.1+412659,11.9547611932104,41.449997858767,1,-999,21.78495,-999,7.014853,0.08345482,False,-99,0.001139408
6372252785249879758,0,6.15401229822838,GALEX J004748.0+412456,11.950229198012,41.4156261929698,1,-999,21.84312,-999,6.648926,0.08345482,False,-99,0.002062055
2591155419209531886,0,6.1553426618906,GALEX J004825.9+413126,12.1081705557659,41.5241548012239,1,-999,24.08092,-999,0.8465128,0.09400718,False,-99,0.002680812
6449755137246237269,0,6.15627183583506,GALEX J004748.0+412551,11.950244781502,41.4308761843859,1,-999,22.92066,-999,2.464546,0.08345482,False,-99,0.002722058
6372252785249879609,0,6.16064166323207,GALEX J004851.1+412301,12.2132430461554,41.3837396862038,1,-999,18.79272,-999,110.3855,0.07401838,False,-99,0.002630019
2591155419211629033,0,6.16174608706597,GALEX J004830.5+413115,12.1273811908538,41.5208989104503,3,23.43624,22.83514,1.532874,2.666514,0.09565836,False,0.002810438,0.002179995
2496227983112536474,0,6.16300989036381,GALEX J004830.4+413115,12.1267143533207,41.5210749946238,1,-999,22.77281,-999,2.824083,0.09565836,False,-99,0.004454655
2496087245624183082,0,6.165505631588,GALEX J004752.5+412213,11.9688276843446,41.3704434059765,1,-999,24.42038,-999,0.619226,0.07959937,False,-99,0.002288391
2496087245625237995,0,6.16831095815052,GALEX J004752.5+412832,11.9690443633827,41.4757181761976,2,23.36655,-999,1.634482,-999,0.08351722,False,0.002308164,-99
2591155419211629082,0,6.17154988970248,GALEX J004817.9+413131,12.074809277894,41.525313659522,3,23.76042,22.64013,1.137193,3.191147,0.09089699,False,0.002383012,0.002493262
2591155419209531829,0,6.18002083830005,GALEX J004805.2+413049,12.0217544353311,41.5136309686975,1,-999,24.11393,-999,0.8211597,0.08643673,False,-99,0.004092548
2496227983114633654,0,6.18350233968782,GALEX J004817.8+413131,12.0743236642176,41.5254814812034,3,23.1709,22.88207,1.957224,2.553715,0.09089699,False,0.002938555,0.004063029
6449755137246237389,0,6.18585157681861,GALEX J004748.7+412650,11.9530977756035,41.4473666258275,1,-999,22.41511,-999,3.926051,0.08345482,False,-99,0.002803183
2591155419210598038,0,6.2111127211485,GALEX J004849.9+412820,12.2080282771116,41.4722443955988,2,23.53976,-999,1.393468,-999,0.09131064,False,0.002633795,-99
2496087245624183056,0,6.21257353789079,GALEX J004752.8+412202,11.9701177992599,41.3673688774431,1,-999,23.85798,-999,1.039456,0.07959937,False,-99,0.001209912
6449719952874147618,0,6.21611588341283,GALEX J004817.7+413133,12.0739453988555,41.526001440901,1,-999,23.29877,-999,1.739766,0.09089699,False,-99,0.003171145
6449719952874146128,0,6.21721772048497,GALEX J004821.9+411909,12.0914790505483,41.3192815463389,1,-999,22.49713,-999,3.640397,0.0756807,False,-99,0.003318337
6449719952874147686,0,6.22069450432267,GALEX J004833.6+413106,12.1400205194641,41.518499525104,1,-999,21.0934,-999,13.26291,0.09565836,False,-99,0.006854917
2591155419209531642,0,6.22789159454873,GALEX J004755.8+412929,11.9828840429065,41.4915727988282,1,-999,24.97662,-999,0.370981,0.08351722,False,-99,0.002336757
6449755137246236632,0,6.23082635789674,GALEX J004757.5+412054,11.9899433307157,41.348556090082,1,-999,22.73081,-999,2.935453,0.08071323,False,-99,0.003328079
2496087245624183331,0,6.23351943661392,GALEX J004748.0+412420,11.9500613901974,41.4055699708943,1,-999,23.99778,-999,0.9138803,0.08345482,False,-99,0.00239277
2496087245624183877,0,6.23429717820699,GALEX J004752.4+412836,11.968313325097,41.4769386489692,1,-999,23.94156,-999,0.9624402,0.08351722,False,-99,0.002186929
2591190603581628449,0,6.24038825483863,GALEX J004747.9+412420,11.9498886241038,41.4056497978471,1,-999,25.01887,-999,0.3568216,0.08345482,False,-99,0.002376741
2591155419211628574,0,6.24619634665243,GALEX J004853.3+412642,12.2223352291628,41.4450174684902,3,22.52488,24.27509,3.548539,0.7078893,0.08119558,False,0.003184986,0.002648324
2496227983112536119,0,6.24963795807563,GALEX J004853.4+412640,12.2225048239904,41.4446998846863,1,-999,22.9586,-999,2.379904,0.08119558,False,-99,0.003602914
2496227983112536437,0,6.25319109336792,GALEX J004836.0+413055,12.1502841073523,41.5155179888493,1,-999,23.78354,-999,1.113222,0.09709095,False,-99,0.002598708
2591190603581627409,0,6.25672845598443,GALEX J004803.0+412004,12.0125422019279,41.3346316723988,1,-999,23.33166,-999,1.687853,0.08071323,False,-99,0.002622472
6449719952874146203,0,6.25721863350018,GALEX J004804.6+411954,12.0191670163716,41.3316777225179,1,-999,23.33707,-999,1.679467,0.07773951,False,-99,0.002906561
2496227983112536205,0,6.26087554956576,GALEX J004850.6+412811,12.2109960864521,41.4697781945481,1,-999,23.70379,-999,1.198076,0.08119558,False,-99,0.003056569
2496227983113593697,0,6.26693845169065,GALEX J004825.0+413135,12.1043847447151,41.5264408004519,2,23.43142,-999,1.539692,-999,0.09400718,False,0.001991079,-99
2591155419211629284,0,6.2683318264013,GALEX J004841.2+413020,12.1718223564149,41.5055572822704,3,21.62499,17.14393,8.128438,503.9944,0.09709095,False,0.004075305,0.00166492
2591190603581628938,0,6.26856676878539,GALEX J004747.6+412614,11.9486759798281,41.4373719778776,1,-999,23.64505,-999,1.264677,0.08345482,False,-99,0.003910988
2591190603581628999,0,6.26873298672625,GALEX J004748.0+412636,11.9500408247379,41.4434171260299,1,-999,24.86645,-999,0.4106008,0.08345482,False,-99,0.002815918
6372252785249880053,0,6.27777840557034,GALEX J004841.2+413020,12.1719688945863,41.5056714584767,1,-999,17.24654,-999,458.546,0.09709095,False,-99,0.001642688
2496227983114633777,0,6.27851970956141,GALEX J004841.3+413020,12.1721217349468,41.5055985395156,3,21.75187,17.10925,7.231925,520.3525,0.09709095,False,0.001295658,0.001751782
2591190603581627524,0,6.28327450893322,GALEX J004804.4+411953,12.0183867579615,41.3315072738172,1,-999,21.97857,-999,5.869102,0.07773951,False,-99,0.003706164
2496227983112536135,0,6.28513672272368,GALEX J004748.3+412659,11.9516371680486,41.4497726003028,1,-999,22.83205,-999,2.674109,0.08345482,False,-99,0.004050143
2591190603581628324,0,6.29317119490963,GALEX J004748.2+412350,11.9509687400849,41.3974725554287,1,-999,24.43543,-999,0.6106989,0.07959937,False,-99,0.00199733
6372252785249879973,0,6.30351613571819,GALEX J004751.0+412819,11.9628356099548,41.4720517814006,1,-999,21.63345,-999,8.0653,0.08351722,False,-99,0.001546507
2591155419210598074,0,6.31012765797484,GALEX J004848.7+412853,12.2030501661082,41.4815869951604,2,21.99247,-999,5.794492,-999,0.09131064,False,0.004053406,-99
2591155419209531870,0,6.3106999023663,GALEX J004838.8+413041,12.1620221447968,41.5115745624942,1,-999,22.1215,-999,5.145149,0.09709095,False,-99,0.007874276
6372252785249879416,0,6.32624531636763,GALEX J004813.7+411911,12.0570992429776,41.3197626331121,1,-999,22.13548,-999,5.07934,0.07943632,False,-99,0.002218392
2496087245625237478,0,6.33165213482509,GALEX J004749.9+412248,11.9579813710857,41.3801915851912,2,23.79836,-999,1.09814,-999,0.07959937,False,0.002081839,-99
6449719952874146755,0,6.34312728611271,GALEX J004747.1+412439,11.9465777616819,41.4110092986098,1,-999,23.72871,-999,1.170893,0.08345482,False,-99,0.002113543
2591155419209531589,0,6.34627563221062,GALEX J004849.2+412848,12.2052137493988,41.480221105777,1,-999,22.6025,-999,3.303676,0.09131064,False,-99,0.003710722
6372252785249879560,0,6.35170081594804,GALEX J004848.4+412142,12.2019306336541,41.3617695647407,1,-999,20.91684,-999,15.60503,0.07401838,False,-99,0.003944662
2591190603581628392,0,6.35904740760704,GALEX J004747.5+412409,11.9479377185823,41.4026409163712,1,-999,24.86294,-999,0.4119312,0.0816327,False,-99,0.002412563
2496227983112536510,0,6.3600140097945,GALEX J004828.0+413135,12.1167253763933,41.5264189729099,1,-999,23.24582,-999,1.826715,0.09400718,False,-99,0.003193215
2591155419210598216,0,6.36529147656675,GALEX J004831.2+413125,12.1301158029563,41.523808612326,2,23.58867,-999,1.332094,-999,0.09565836,False,0.002823944,-99
6449719952874146163,0,6.3659277638479,GALEX J004807.9+411928,12.0330924607626,41.3246518840499,1,-999,22.60166,-999,3.306264,0.07773951,False,-99,0.003862687
6372252785249879445,0,6.3680967441996,GALEX J004836.2+411942,12.1511121096476,41.3283613866024,1,-999,21.82869,-999,6.737877,0.07592946,False,-99,0.002062629
2496087245624183053,0,6.37344328088396,GALEX J004752.4+412151,11.9683954574501,41.3644318117466,1,-999,23.84787,-999,1.049186,0.07959937,False,-99,0.00360723
6449755137246236698,0,6.3775257109351,GALEX J004759.6+412022,11.9986780205247,41.339536280337,1,-999,20.81016,-999,17.21619,0.08071323,False,-99,0.009680724
2591190603581628228,0,6.37872609956722,GALEX J004748.4+412322,11.9520276958129,41.3896064596226,1,-999,24.54227,-999,0.5534688,0.07959937,False,-99,0.003027428
2591190603581627541,0,6.38002519127115,GALEX J004757.9+412038,11.9914371280592,41.3440884058412,1,-999,24.74647,-999,0.4585773,0.08071323,False,-99,0.001908769
6449755137246236618,0,6.40270797361228,GALEX J004758.0+412036,11.9916867767862,41.3434105633839,1,-999,21.65937,-999,7.875019,0.08071323,False,-99,0.005136622
2591190603582686197,0,6.41988380695507,GALEX J004802.2+411958,12.0094826193739,41.3328706358983,2,23.151,-999,1.993426,-999,0.08071323,False,0.002970543,-99
6449755137246236903,0,6.42199416126194,GALEX J004750.4+412223,11.960340170622,41.3730764229665,1,-999,21.44558,-999,9.588912,0.07959937,False,-99,0.006327859
2591190603581628827,0,6.42337518959129,GALEX J004746.6+412547,11.9441938352922,41.4298395766233,1,-999,24.81886,-999,0.4289975,0.08345482,False,-99,0.002043101
6449719952874147609,0,6.43116651491302,GALEX J004811.0+413132,12.0461680038263,41.5256402434346,1,-999,23.19913,-999,1.906995,0.09089699,False,-99,0.0032382
6372252785249879873,0,6.43270485340747,GALEX J004854.1+412652,12.2257090372028,41.4479046691004,1,-999,21.37398,-999,10.24255,0.08119558,False,-99,0.001303724
2591155419210598178,0,6.43456736925467,GALEX J004837.9+413056,12.158300033877,41.5156825196461,2,22.27913,-999,4.449919,-999,0.09709095,False,0.00444226,-99
2591190603582686320,0,6.43795562649281,GALEX J004755.9+412055,11.9831783532494,41.3487818901077,2,22.85658,-999,2.614377,-999,0.08071323,False,0.00405177,-99
2496227983112536501,0,6.44884767191324,GALEX J004829.2+413137,12.1219951743308,41.5270093031472,1,-999,23.4227,-999,1.5521,0.09400718,False,-99,0.003043887
2591190603583725256,0,6.45031824386675,GALEX J004750.2+412223,11.9595012036179,41.3732613220691,3,22.11798,21.93319,5.161901,6.119625,0.07959937,False,0.002433829,0.002208933
6449719952874146593,0,6.45083677280515,GALEX J004750.2+412223,11.9594936114805,41.3732535511967,1,-999,22.20849,-999,4.749022,0.07959937,False,-99,0.004579366
2496087245626280319,0,6.45298148217647,GALEX J004750.3+412222,11.9596239430561,41.3729891161671,3,21.86826,21.52025,6.496755,8.951589,0.07959937,False,0.005265832,0.007805964
6449755137246236917,0,6.45524324250788,GALEX J004748.8+412259,11.9533312507242,41.3831815900121,1,-999,22.8449,-999,2.642653,0.07959937,False,-99,0.004577878
6372252785249879832,0,6.45715487036225,GALEX J004854.9+412615,12.2288636333265,41.4375142158606,1,-999,21.29213,-999,11.04458,0.08119558,False,-99,0.002143789
2591155419209531926,0,6.45844029705403,GALEX J004810.7+413132,12.0448311403954,41.5258145295037,1,-999,23.65581,-999,1.252208,0.09089699,False,-99,0.002495678
6449719952874147604,0,6.46352436983966,GALEX J004807.0+413117,12.0293062005109,41.5216193614608,1,-999,22.73937,-999,2.912409,0.08643673,False,-99,0.004353111
2496227983112536095,0,6.46722363233616,GALEX J004854.9+412616,12.2290241866241,41.4378686309665,1,-999,22.05334,-999,5.478498,0.08119558,False,-99,0.003000808
6449755137246237439,0,6.46906617923845,GALEX J004747.5+412707,11.9482019832729,41.4519831403917,1,-999,23.16813,-999,1.962211,0.08345482,False,-99,0.002795805
6372252785249880079,0,6.46963528210816,GALEX J004843.3+413016,12.1806667165679,41.5044767093982,1,-999,21.2027,-999,11.9928,0.09131064,False,-99,0.002588749
2591155419209531413,0,6.4765792372169,GALEX J004855.0+412616,12.2292309094844,41.4378862920156,1,-999,22.64983,-999,3.162777,0.08119558,False,-99,0.001953694
2591155419209531934,0,6.47705529879091,GALEX J004816.0+413147,12.066733476884,41.5297517563255,1,-999,24.57478,-999,0.5371393,0.09089699,False,-99,0.002962649
2496227983112536077,0,6.47765652770428,GALEX J004855.1+412603,12.2298400520866,41.4343203729154,1,-999,23.31639,-999,1.711769,0.08119558,False,-99,0.002787659
2496227983112536517,0,6.48164009254419,GALEX J004810.9+413134,12.045397067368,41.5263462980869,1,-999,23.19683,-999,1.911027,0.09089699,False,-99,0.004596079
2496087245624183280,0,6.48502517490374,GALEX J004747.2+412348,11.946837613897,41.3966844309908,1,-999,23.17338,-999,1.952749,0.07959937,False,-99,0.004471797
2496227983112536164,0,6.48591516859181,GALEX J004748.2+412734,11.9510033690703,41.4594832812568,1,-999,23.73703,-999,1.16195,0.08345482,False,-99,0.003073272
2591190603581628188,0,6.48701664820749,GALEX J004748.6+412258,11.952697265939,41.3829446837993,1,-999,22.97696,-999,2.34001,0.07959937,False,-99,0.002836379
2496227983112536431,0,6.48930821640493,GALEX J004840.0+413045,12.1669690244466,41.5127097246078,1,-999,23.20249,-999,1.901095,0.09709095,False,-99,0.004345756
2496087245624183189,0,6.48967518632149,GALEX J004748.6+412257,11.9527654690478,41.3826970029063,1,-999,23.01173,-999,2.26624,0.07959937,False,-99,0.003849775
6449719952874146563,0,6.4915205288597,GALEX J004748.6+412258,11.9525953094796,41.3829339063117,1,-999,22.93981,-999,2.421448,0.07959937,False,-99,0.00354504
2591155419211629074,0,6.49909064263098,GALEX J004806.8+413119,12.0286058569701,41.5220370574359,3,22.99667,22.40571,2.297909,3.96018,0.08643673,False,0.004364956,0.00223571
2496227983113593571,0,6.4997666648048,GALEX J004855.3+412601,12.2304298961975,41.4336211196956,2,23.1311,-999,2.030312,-999,0.08119558,False,0.00231828,-99
2591190603581628953,0,6.50095743553021,GALEX J004746.5+412624,11.9440007049875,41.4401127862821,1,-999,24.53328,-999,0.558068,0.08345482,False,-99,0.002278276
6372252785249879728,0,6.50142308230342,GALEX J004855.1+412426,12.2296596746345,41.4072908063723,1,-999,21.50353,-999,9.090508,0.07283371,False,-99,0.001936563
2496087245625237481,0,6.50248679857949,GALEX J004751.7+412150,11.9654443042751,41.3638889069606,2,22.08726,-999,5.310052,-999,0.07959937,False,0.00933127,-99
2496087245624183061,0,6.50508824651798,GALEX J004751.2+412157,11.9636001896086,41.3659948487521,1,-999,23.80174,-999,1.09472,0.07959937,False,-99,0.002854938
2591190603581628881,0,6.50675515623778,GALEX J004746.2+412603,11.9428304555599,41.4342325328201,1,-999,24.85388,-999,0.415382,0.08345482,False,-99,0.001727686
2496227983112536494,0,6.50860017383192,GALEX J004806.8+413119,12.0286141782496,41.5222128518325,1,-999,22.60911,-999,3.283647,0.08643673,False,-99,0.004273397
2496227983113593560,0,6.51407286750531,GALEX J004855.4+412546,12.2311923963046,41.4294448956156,2,22.63073,-999,3.218909,-999,0.07283371,False,0.001974047,-99
2591155419209531863,0,6.53746100137609,GALEX J004805.4+413114,12.0228808727288,41.5207549591244,1,-999,24.67286,-999,0.4907453,0.08643673,False,-99,0.002273443
2591190603582686530,0,6.54265213909962,GALEX J004748.7+412246,11.9532873664273,41.3794668193171,2,23.67075,-999,1.235102,-999,0.07959937,False,0.002953989,-99
2591155419209531956,0,6.54324137673522,GALEX J004817.5+413153,12.0730029430376,41.5314113579338,1,-999,24.96596,-999,0.3746431,0.09089699,False,-99,0.002526556
2496087245625237505,0,6.55301573834852,GALEX J004747.9+412308,11.9497492581458,41.3856668411304,2,23.14548,-999,2.003588,-999,0.07959937,False,0.00169825,-99
2591155419211628773,0,6.57278945392675,GALEX J004851.7+412828,12.2154801927232,41.4745897419517,3,22.06404,21.77448,5.424826,7.08286,0.08119558,False,0.004089147,0.002749598
2496227983114633392,0,6.57384671503334,GALEX J004851.7+412828,12.2155617509899,41.4745127906972,3,22.41041,21.90841,3.943086,6.260882,0.08119558,False,0.003374144,0.004053174
6372252785249879473,0,6.58953437677823,GALEX J004845.3+412039,12.1890531931943,41.3443516418525,1,-999,17.88169,-999,255.4612,0.07592946,False,-99,0.002130969
2591155419210598197,0,6.59181272244015,GALEX J004838.1+413106,12.1588814655695,41.5184531548621,2,22.73121,-999,2.934385,-999,0.09709095,False,0.004016916,-99
2496227983112536485,0,6.5939616086114,GALEX J004835.0+413123,12.1461776978191,41.5232860551233,1,-999,23.98608,-999,0.9237784,0.09709095,False,-99,0.002922812
2591155419209531458,0,6.59912041284405,GALEX J004746.8+412705,11.9450355577974,41.4515260989725,1,-999,22.69712,-999,3.02797,0.08345482,False,-99,0.004169841
6372252785249879662,0,6.60092849022523,GALEX J004747.2+412323,11.9467113608495,41.3899094994956,1,-999,21.86722,-999,6.502948,0.07959937,False,-99,0.002465697
2591190603581629848,0,6.60404125289401,GALEX J004758.7+413031,11.9948121732919,41.5087288201713,1,-999,23.7544,-999,1.143511,0.08643673,False,-99,0.003781337
2591190603581629585,0,6.60408511872065,GALEX J004753.1+412928,11.9715031384597,41.4911443316504,1,-999,24.89165,-999,0.4011788,0.08351722,False,-99,0.002767694
2591155419211629070,0,6.61156538669148,GALEX J004836.5+413117,12.1523503091054,41.5214304697743,3,21.66381,22.9822,7.842928,2.328724,0.09709095,False,0.00534391,0.002549852
2591190603581627368,0,6.6152319753068,GALEX J004801.1+411952,12.0046382227302,41.331366189195,1,-999,24.83921,-999,0.4210342,0.08071323,False,-99,0.001248288
2496087245624184243,0,6.61605440329195,GALEX J004759.2+413036,11.9966856496236,41.510089008291,1,-999,22.8571,-999,2.613112,0.08643673,False,-99,0.005765929
2591155419209531651,0,6.61976377704591,GALEX J004753.0+412928,11.971024354479,41.4911115260346,1,-999,24.18676,-999,0.7678871,0.08351722,False,-99,0.003511044
6372252785249880142,0,6.62098370728034,GALEX J004837.8+413110,12.1575553916571,41.5195639779884,1,-999,21.53591,-999,8.823372,0.09709095,False,-99,0.00194194
6449755137246237423,0,6.62159058783459,GALEX J004746.7+412708,11.9447753104546,41.4522349803172,1,-999,22.93271,-999,2.437329,0.08345482,False,-99,0.002072251
2591155419210598234,0,6.62475912693264,GALEX J004828.9+413148,12.1206699360477,41.5302722153896,2,22.92812,-999,2.447684,-999,0.09400718,False,0.002864606,-99
2591190603583726345,0,6.62593494796908,GALEX J004746.6+412706,11.9444721615186,41.451676677573,3,23.56508,22.85016,1.361349,2.629877,0.08345482,False,0.002804448,0.005115579
2496227983112536187,0,6.62840519666013,GALEX J004853.5+412753,12.2230191559921,41.4647600480019,1,-999,23.86055,-999,1.036999,0.08119558,False,-99,0.001767487
2591155419209531976,0,6.63828279145471,GALEX J004824.5+413158,12.1024375769749,41.5328441862076,1,-999,23.99179,-999,0.918936,0.09400718,False,-99,0.003608768
2496227983114633650,0,6.6384550938287,GALEX J004836.5+413118,12.1524136094342,41.5219076334815,3,22.22942,22.56809,4.658369,3.410068,0.09709095,False,0.00277948,0.004657931
2496087245624184177,0,6.64337609740421,GALEX J004759.7+413042,11.9988399575327,41.5118805843953,1,-999,23.51461,-999,1.426121,0.08643673,False,-99,0.004064573
2591155419209531783,0,6.64478271482912,GALEX J004758.5+413032,11.9940219490877,41.509124341873,1,-999,24.01334,-999,0.9008706,0.08643673,False,-99,0.004116694
2591190603582686171,0,6.64555880682381,GALEX J004802.6+411939,12.0111352665808,41.3276802028267,2,22.49796,-999,3.637611,-999,0.07773951,False,0.003257978,-99
6372252785249879906,0,6.6481388526817,GALEX J004854.5+412726,12.2271396737833,41.4573053557591,1,-999,21.56312,-999,8.605037,0.08119558,False,-99,0.003239344
2496227983114633690,0,6.64990935115127,GALEX J004830.5+413145,12.1271443424621,41.5294407534977,3,22.14774,21.90206,5.022336,6.297606,0.09400718,False,0.002858846,0.00229816
2591155419211629139,0,6.65392488884672,GALEX J004830.5+413146,12.1271605474743,41.5295068848709,3,21.96354,21.8325,5.950953,6.714305,0.09400718,False,0.003910629,0.001740401
2591155419209531850,0,6.66095455310031,GALEX J004842.6+413037,12.1777265225535,41.5104090263519,1,-999,22.14122,-999,5.052571,0.09709095,False,-99,0.004644348
2591155419210598124,0,6.66855062821848,GALEX J004848.1+412938,12.2006954072614,41.4939001468673,2,22.8682,-999,2.586544,-999,0.09131064,False,0.002948488,-99
2591155419209531890,0,6.67315734569075,GALEX J004803.9+413115,12.0165301108965,41.5208593956328,1,-999,23.41687,-999,1.560451,0.08643673,False,-99,0.002994225
2496227983112536256,0,6.67470153281921,GALEX J004851.4+412846,12.2142896263542,41.4796315950304,1,-999,23.63771,-999,1.27325,0.09131064,False,-99,0.003315684
2496087245624183717,0,6.67797585307665,GALEX J004746.4+412706,11.9433333471012,41.4518426432591,1,-999,23.54432,-999,1.387619,0.08345482,False,-99,0.003351334
2496227983112536115,0,6.68281560430909,GALEX J004855.9+412627,12.2332603452125,41.4408911221102,1,-999,22.65452,-999,3.149124,0.08119558,False,-99,0.00393413
2591155419209531418,0,6.68493596696368,GALEX J004855.9+412627,12.233292489449,41.4409626800947,1,-999,22.75629,-999,2.867369,0.08119558,False,-99,0.00199509
2496227983112536542,0,6.68875460321689,GALEX J004823.7+413202,12.0988838777123,41.5339417271708,1,-999,23.83928,-999,1.057519,0.09400718,False,-99,0.001787979
2496227983112536172,0,6.6902302435103,GALEX J004746.6+412718,11.944282961283,41.4550845105895,1,-999,22.82847,-999,2.682948,0.08345482,False,-99,0.0044503
6372252785249879644,0,6.69066131605489,GALEX J004854.2+412302,12.226020658998,41.3839912894911,1,-999,21.35318,-999,10.44066,0.07283371,False,-99,0.001454802
2591155419210598044,0,6.69440518389786,GALEX J004853.5+412803,12.2229437261818,41.4677127725563,2,23.24743,-999,1.824031,-999,0.08142885,False,0.003027183,-99
6372252785249880180,0,6.69878962172862,GALEX J004830.4+413149,12.1268027258036,41.5303594728999,1,-999,21.37429,-999,10.23959,0.09400718,False,-99,0.002772182
2591190603582686753,0,6.70125768395055,GALEX J004745.0+412517,11.9377332810839,41.4214129170378,2,23.83288,-999,1.063772,-999,0.0816327,False,0.002353304,-99
2496227983112536476,0,6.70384161173332,GALEX J004803.9+413116,12.0162921833851,41.5213441629983,1,-999,23.26885,-999,1.788376,0.08643673,False,-99,0.003851188
