objid,specObjID,distance_arcmin,IAUName,ra,dec,band,fuv_mag,nuv_mag,fuv_flux,nuv_flux,e_bv,isThereSpectrum,fuv_fwhm_world,nuv_fwhm_world
2591190603581630237,0,0.0357943444709054,GALEX J004244.1+411609,10.6841264131016,41.2691905566973,1,-999,13.82489,-999,10716.26,0.6699267,False,-99,0.01252754
2590838759861797961,0,0.316136347717134,GALEX J004244.5+411550,10.6854872163135,41.2641526182322,2,12.86305,-999,25988.54,-999,0.6699267,False,0.2567701,-99
6372252786323621034,0,0.320213351173267,GALEX J004243.6+411550,10.6817493607006,41.2639642751345,1,-999,11.27032,-999,112686.2,0.6699267,False,-99,0.183181
2496087245625236738,0,0.354188448608833,GALEX J004244.7+411549,10.6864203166223,41.2637386717155,2,12.47673,-999,37094.45,-999,0.6699267,False,0.3024333,-99
2495840955020615648,0,0.354752869283081,GALEX J004244.3+411548,10.6847832156648,41.263355424072,2,12.60159,-999,33064.67,-999,0.6699267,False,0.1463407,-99
2591190603582686439,0,0.368570860766927,GALEX J004244.9+411549,10.6872840790616,41.2637892899441,2,12.93117,-999,24408.17,-999,0.6699267,False,0.1903972,-99
2496087245624183591,0,0.443731581504534,GALEX J004244.5+411543,10.6855806421726,41.2619666411443,1,-999,11.61801,-999,81808.25,0.6699267,False,-99,0.2876633
6449719952874146882,0,0.53886336377723,GALEX J004246.8+411608,10.6952817668218,41.2690842267288,1,-999,11.63117,-999,80822.27,0.7400936,False,-99,0.2360596
2495840955019563553,0,0.564183892723483,GALEX J004243.9+411535,10.6829385564792,41.259768285286,1,-999,11.38154,-999,101714.6,0.6699267,False,-99,0.3150015
6449755137246237015,0,0.57250298842836,GALEX J004244.4+411535,10.6852198450783,41.259730909502,1,-999,11.63249,-999,80723.88,0.6699267,False,-99,0.2910781
6449227371664904086,0,0.617356175478478,GALEX J004244.6+411532,10.6859572036694,41.2590681971619,1,-999,11.50946,-999,90409.68,0.6699267,False,-99,0.3222562
6449192187292813271,0,0.625823836071767,GALEX J004244.2+411531,10.6842519621148,41.2587591512329,1,-999,10.92087,-999,155472,0.6699267,False,-99,0.2787536
2591190603581630238,0,0.672127852167444,GALEX J004240.9+411630,10.6706311617539,41.2750272951425,1,-999,13.50187,-999,14429.52,0.6699267,False,-99,0.04965474
2591190603581630250,0,0.90570986809298,GALEX J004247.9+411537,10.6997648775501,41.2604882628062,1,-999,16.64868,-999,795.296,0.7400936,False,-99,0.02077171
2495946508136885479,3138661632107883751,1.17755103951876,GALEX J004241.2+411505,10.6717850892919,41.2515651509739,2,12.56326,-999,34252.82,-999,0.6699267,True,0.1712597,-99
2591190603581630262,0,1.4449756712112,GALEX J004244.4+411442,10.6853413664854,41.2451310959292,1,-999,-999,-999,0,0.4760365,False,-99,0.02773386
2591190603581630263,0,2.00071191485204,GALEX J004233.4+411550,10.6395122337816,41.2639720042221,1,-999,16.30148,-999,1094.988,0.6699267,False,-99,0.001565461
2591190603581630276,0,2.05496185787028,GALEX J004233.2+411628,10.6383437098078,41.2746123757941,1,-999,16.84269,-999,665.1591,0.7003024,False,-99,0.01258112
2591190603581630329,0,2.38116393977334,GALEX J004236.1+411801,10.6507855419806,41.3004205516974,1,-999,16.82681,-999,674.9561,0.7003024,False,-99,0.02352796
2591190603581630419,0,3.43384074589751,GALEX J004243.5+411243,10.6815270628749,41.2119521067813,1,-999,-999,-999,0,0.4760365,False,-99,0.02770409
2495840955020617281,0,3.51289502520946,GALEX J004227.9+411757,10.6165866549514,41.2993697381852,2,21.88028,-999,6.425259,-999,0.7003024,False,0.003883298,-99
2591190603581626974,0,3.53125745251416,GALEX J004227.9+411759,10.6164031210057,41.2997332464445,1,-999,23.83788,-999,1.058881,0.7003024,False,-99,0.001595714
2496087245625237111,0,3.53646679777378,GALEX J004227.9+411800,10.6165109229224,41.3000324480145,2,21.71761,-999,7.46374,-999,0.7003024,False,0.003368609,-99
2591190603582686033,0,3.58626443271561,GALEX J004229.2+411825,10.6219790964568,41.3072090836857,2,23.44001,-999,1.52756,-999,0.7003024,False,0.002850489,-99
2591190603581627116,0,3.63948704245401,GALEX J004230.1+411841,10.625710415442,41.3116499518033,1,-999,23.30948,-999,1.722689,0.7003024,False,-99,0.001530087
2495840955020617432,0,3.66336495481194,GALEX J004237.7+411937,10.6573966994668,41.3270298477273,2,21.21982,-999,11.80521,-999,0.7432944,False,0.001895976,-99
2496087245625237232,0,3.67049371166623,GALEX J004238.0+411938,10.6584725034621,41.327420571778,2,20.89932,-999,15.8589,-999,0.7432944,False,0.00645227,-99
2591190603581630478,0,3.69505167437399,GALEX J004245.8+411228,10.6909806312069,41.2078515448826,1,-999,-999,-999,0,0.4760365,False,-99,0.04650073
2591190603581626991,0,3.70825102990764,GALEX J004227.1+411804,10.6129784439259,41.3011795580452,1,-999,24.06969,-999,0.8553099,0.5679231,False,-99,0.002747923
6372252786323622641,0,3.82538825494801,GALEX J004233.9+411928,10.6413798624306,41.3245868768334,1,-999,18.51135,-999,143.0406,0.7003024,False,-99,0.00527705
2591190603583727621,0,3.82938588775419,GALEX J004233.9+411928,10.6415045638324,41.324716636868,3,18.79577,18.92561,110.0758,97.66894,0.7003024,False,0.001263566,0.001543992
2495840955020617438,0,3.83024873802706,GALEX J004233.9+411928,10.6413435660922,41.3246645695889,2,18.77939,-999,111.7496,-999,0.7003024,False,0.001204855,-99
2591190603581626291,0,3.83767808374518,GALEX J004303.7+411509,10.7655560760069,41.2527099947762,1,-999,23.78237,-999,1.114427,0.5966773,False,-99,0.003127712
2496087245625237235,0,3.8465312681658,GALEX J004233.9+411930,10.6414591862712,41.3250255722338,2,18.77288,-999,112.422,-999,0.7003024,False,0.001341124,-99
2591190603581630446,0,3.84960332096824,GALEX J004250.8+411231,10.71190343538,41.2087103998258,1,-999,-999,-999,0,0.3798815,False,-99,0.001436234
2591190603581630420,0,3.8657860828726,GALEX J004303.3+411729,10.7637355670854,41.2915371102788,1,-999,15.61605,-999,2058.633,0.5966773,False,-99,0.06503209
2590838759861797603,0,3.87845229981294,GALEX J004236.0+411943,10.6502222438119,41.328829462358,2,22.87377,-999,2.573311,-999,0.7432944,False,0.003930445,-99
2591190603582686034,0,3.93154078557235,GALEX J004224.9+411746,10.6039255839385,41.2962381638663,2,21.59721,-999,8.339108,-999,0.5679231,False,0.003573059,-99
2591190603581630394,0,3.93482256333185,GALEX J004224.1+411454,10.6005178781664,41.2485502344853,1,-999,-999,-999,0,0.5679231,False,-99,0.001714732
2495946508136887406,0,3.9486226520725,GALEX J004224.2+411729,10.6010020404037,41.2915935901885,2,21.79218,-999,6.968365,-999,0.5679231,False,0.003610758,-99
2495840955020617364,0,3.94990252045788,GALEX J004227.0+411829,10.6128595694996,41.3082784848572,2,20.17373,-999,30.93934,-999,0.7003024,False,0.005785848,-99
2591190603582686222,0,3.96188319112083,GALEX J004229.5+411901,10.6229954182517,41.3171763685084,2,20.14573,-999,31.74769,-999,0.7003024,False,0.01147695,-99
2496087245625237220,0,3.97520597875298,GALEX J004227.2+411834,10.6135714591996,41.3096865601622,2,20.34801,-999,26.35109,-999,0.7003024,False,0.01240338,-99
6372252786323622171,0,3.97773022243208,GALEX J004302.8+411420,10.7619344170113,41.239112253344,1,-999,20.21235,-999,29.85784,0.4566421,False,-99,0.003570486
2591190603581630624,0,3.97967029581812,GALEX J004227.5+411839,10.6147641621388,41.3109389833619,1,-999,-999,-999,-419.3062,0.7003024,False,-99,0.05363079
2591190603581626862,0,3.98026245737792,GALEX J004224.1+411730,10.6004056982145,41.2919046464985,1,-999,23.77583,-999,1.121164,0.5679231,False,-99,0.002396609
2496087245625237174,0,3.98514725546332,GALEX J004229.3+411902,10.6224700183599,41.3173366195646,2,20.68443,-999,19.33001,-999,0.7003024,False,0.00810797,-99
2591190603582686233,0,3.9934071017156,GALEX J004227.2+411836,10.6135055455941,41.3101175346302,2,20.28667,-999,27.88265,-999,0.7003024,False,0.01277335,-99
2495840955020617414,0,4.01970827579335,GALEX J004231.3+411923,10.6304264127662,41.3230956179638,2,21.28417,-999,11.1259,-999,0.7003024,False,0.005323279,-99
2591190603582686065,0,4.02645051816638,GALEX J004225.5+411812,10.6065991758148,41.3034999942497,2,21.20103,-999,12.01132,-999,0.5679231,False,0.005179576,-99
2591190603581630524,0,4.04337675101506,GALEX J004305.4+411556,10.7728764642006,41.2657725071633,1,-999,18.68307,-999,122.1158,0.5966773,False,-99,0.01473696
2496087245625237136,0,4.04646713538854,GALEX J004225.6+411815,10.6068230522728,41.3044240401516,2,21.48766,-999,9.224375,-999,0.5679231,False,0.005999648,-99
2495840955020617315,0,4.04996218707503,GALEX J004225.4+411812,10.6059878745748,41.303493651611,2,20.99666,-999,14.49897,-999,0.5679231,False,0.004863161,-99
2591190603581626234,0,4.05022544280696,GALEX J004304.6+411457,10.7691994428402,41.249411555178,1,-999,23.90625,-999,0.9942621,0.4566421,False,-99,0.001633216
2496087245625237198,0,4.05216818369752,GALEX J004231.1+411924,10.6299067985361,41.3234799660567,2,20.91134,-999,15.68433,-999,0.7003024,False,0.007080059,-99
2590838759860738469,0,4.05322196713224,GALEX J004304.6+411457,10.7692390609577,41.24933842586,1,-999,23.72272,-999,1.177368,0.4566421,False,-99,0.001436809
2591190603581627375,0,4.05733489565195,GALEX J004237.0+411959,10.6542149142798,41.3331529365239,1,-999,23.86752,-999,1.030364,0.7432944,False,-99,0.00126555
2590838759860739740,0,4.05911116074947,GALEX J004236.9+411959,10.6540808470613,41.3331497176308,1,-999,23.72223,-999,1.1779,0.7432944,False,-99,0.001221579
2591190603582685865,0,4.06014600982473,GALEX J004222.5+411641,10.5940984833769,41.2781810830815,2,23.48894,-999,1.460249,-999,0.5679231,False,0.002073904,-99
2496087245625237227,0,4.07557135855305,GALEX J004236.9+412000,10.6539721416881,41.3334117504462,2,22.90729,-999,2.495099,-999,0.7432944,False,0.002202652,-99
6372252786323622614,0,4.07734563856015,GALEX J004231.1+411926,10.6298439852747,41.3239664062177,1,-999,19.30931,-999,68.59259,0.7003024,False,-99,0.008427968
2591190603581630470,0,4.08723633192707,GALEX J004234.1+411947,10.6421710518219,41.3298636595336,1,-999,19.75202,-999,45.62387,0.7003024,False,-99,0.001652372
2591190603581630477,0,4.09069139888397,GALEX J004243.1+411203,10.6797694038292,41.201041175285,1,-999,-999,-999,0,0.4760365,False,-99,0.02288964
2590838759860739789,0,4.09749726413386,GALEX J004240.1+412010,10.6671294406393,41.3363646307953,1,-999,24.67459,-999,0.4899651,0.7432944,False,-99,0.002276913
2591190603583724581,0,4.09906192748371,GALEX J004238.2+412006,10.6592955827083,41.3350545453338,3,22.30237,22.30237,4.355678,4.355654,0.7432944,False,0.001993104,0.001247535
2495840955020617462,0,4.10075685672501,GALEX J004238.1+412006,10.6589843211866,41.3350193291395,2,22.19704,-999,4.799407,-999,0.7432944,False,0.0015419,-99
2590838759860739807,0,4.10084494543859,GALEX J004238.2+412006,10.659244953353,41.3350749272334,1,-999,22.09122,-999,5.290659,0.7432944,False,-99,0.001305133
2591190603581630572,0,4.1115541009489,GALEX J004302.0+411349,10.7586014844917,41.2305220992133,1,-999,15.83904,-999,1676.426,0.4310056,False,-99,0.09814686
6372252786323622043,0,4.11547182461288,GALEX J004255.9+411241,10.7329866905572,41.2116278810413,1,-999,19.81747,-999,42.95493,0.4310056,False,-99,0.005226905
2496087245625237247,0,4.12832679308913,GALEX J004238.1+412007,10.6589512962518,41.3354892740132,2,21.91467,-999,6.22494,-999,0.7432944,False,0.002757717,-99
6372252786323622724,0,4.158431918515,GALEX J004234.2+411953,10.6428203773196,41.331433437444,1,-999,18.53301,-999,140.2154,0.7003024,False,-99,0.008858415
2591190603581630421,0,4.19714390125455,GALEX J004303.8+411804,10.7659896292783,41.301347311714,1,-999,18.54322,-999,138.9035,0.5966773,False,-99,0.001663824
2495840955020617496,0,4.19809115574488,GALEX J004233.8+411953,10.6410207655532,41.3314971260305,2,20.61583,-999,20.59072,-999,0.7003024,False,0.005068993,-99
2496087245625237202,0,4.20884875259589,GALEX J004223.9+411802,10.599932647675,41.3006799523617,2,20.95958,-999,15.00271,-999,0.5679231,False,0.01130418,-99
6372252786323622674,0,4.21497626963041,GALEX J004243.2+412021,10.6801686108363,41.3393760318964,1,-999,18.8075,-999,108.8923,0.7432944,False,-99,0.005279518
2591190603582686009,0,4.21954682272808,GALEX J004223.6+411756,10.5985203876047,41.2988968131023,2,21.61796,-999,8.181244,-999,0.5679231,False,0.006887914,-99
2495840955020617445,0,4.23512630606094,GALEX J004231.2+411938,10.6302454423906,41.3274038113813,2,20.93103,-999,15.4025,-999,0.6338962,False,0.002433081,-99
2591190603582686016,0,4.23746604623432,GALEX J004223.0+411743,10.596118380061,41.2954805740745,2,21.15119,-999,12.5755,-999,0.5679231,False,0.004266798,-99
2496087245625237099,0,4.23854377857265,GALEX J004223.0+411744,10.5961804802817,41.2956446715754,2,21.57633,-999,8.500977,-999,0.5679231,False,0.003894506,-99
6372252786323622621,0,4.24698540626666,GALEX J004231.2+411939,10.6299963109025,41.3275151403611,1,-999,20.73029,-999,18.53037,0.6338962,False,-99,0.002980843
6372252786323622392,0,4.24824257400961,GALEX J004221.5+411637,10.5897101059173,41.2770414327531,1,-999,19.06284,-999,86.07215,0.5679231,False,-99,0.006568921
2591190603581630476,0,4.2628204147134,GALEX J004249.6+411201,10.7068525483291,41.2003563896861,1,-999,-999,-999,0,0.3798815,False,-99,0.001881907
2495840955020617483,0,4.26610715905025,GALEX J004236.0+412008,10.6501956291639,41.3357680306435,2,21.66261,-999,7.85159,-999,0.7432944,False,0.003005429,-99
2591190603582686441,0,4.26650222929193,GALEX J004232.0+411946,10.6333809855985,41.3295658981369,2,18.68253,-999,122.1771,-999,0.6338962,False,0.03490239,-99
2591190603581627485,0,4.26671319894786,GALEX J004236.1+412009,10.6504524044136,41.3358505914563,1,-999,21.82365,-999,6.769215,0.7432944,False,-99,0.00216121
2495840955020617261,0,4.27464502713465,GALEX J004222.9+411745,10.5954460365099,41.2958851179042,2,20.96745,-999,14.89437,-999,0.5679231,False,0.00354784,-99
2495840955020617441,0,4.28887005680222,GALEX J004232.1+411948,10.6339102643209,41.3302479643151,2,21.82099,-999,6.785873,-999,0.6338962,False,0.002932827,-99
2591190603581630560,0,4.29306647641763,GALEX J004230.9+411940,10.6289463090342,41.3279035973024,1,-999,17.4253,-999,388.9372,0.6338962,False,-99,0.07123893
2591190603582686022,0,4.296561631242,GALEX J004223.7+411809,10.5990900557665,41.3026432011048,2,23.2122,-999,1.884175,-999,0.5241854,False,0.003000412,-99
2496087245625237274,0,4.29829949034384,GALEX J004236.1+412011,10.6506250723534,41.3364592518695,2,21.30851,-999,10.87919,-999,0.7432944,False,0.00303873,-99
2495840955020617288,0,4.31040620487895,GALEX J004223.7+411810,10.598916328717,41.302889789794,2,22.46134,-999,3.762424,-999,0.5241854,False,0.001560083,-99
2495840955020617485,0,4.3137091502159,GALEX J004234.6+412005,10.6443269904941,41.3348190653647,2,21.29409,-999,11.02465,-999,0.6338962,False,0.003363036,-99
2495840955020617201,0,4.31699619910753,GALEX J004221.1+411634,10.588069297561,41.2762705738123,2,20.83479,-999,16.83009,-999,0.5679231,False,0.0035412,-99
2496087245625237070,0,4.32111354444029,GALEX J004221.1+411633,10.5879366316159,41.275951347996,2,19.60897,-999,52.04921,-999,0.5679231,False,0.02137721,-99
2496087245625237267,0,4.32349642747539,GALEX J004231.2+411944,10.629995317597,41.3290554928393,2,19.89488,-999,39.9989,-999,0.6338962,False,0.00941416,-99
2591190603581630571,0,4.32611015328912,GALEX J004259.6+411259,10.7487143413077,41.2164236502049,1,-999,-999,-999,0,0.4310056,False,-99,0.01217353
2591190603581627469,0,4.33210150382807,GALEX J004237.5+412018,10.6565577028718,41.338509985705,1,-999,23.37172,-999,1.626722,0.7432944,False,-99,0.001663286
6372252786323622656,0,4.33799160899343,GALEX J004237.7+412019,10.6573942282885,41.338791148383,1,-999,20.89397,-999,15.93717,0.7432944,False,-99,0.001525678
2591190603581630422,0,4.37022358419773,GALEX J004300.5+411913,10.7523279165324,41.3203343270203,1,-999,14.82801,-999,4253.983,0.681494,False,-99,0.0722126
6372252786323622228,0,4.37049973508578,GALEX J004306.1+411448,10.775506349386,41.2467016724785,1,-999,19.17723,-999,77.4654,0.4566421,False,-99,0.0055271
2591190603581627206,0,4.37051768787781,GALEX J004227.3+411912,10.6139095957686,41.3200124915056,1,-999,24.74219,-999,0.4603876,0.6338962,False,-99,0.002308909
2590838759860739860,0,4.37379057175257,GALEX J004238.6+412024,10.6611949794258,41.3401407855192,1,-999,26.35226,-999,0.104495,0.7432944,False,-99,0.001819392
2590838759860737675,0,4.38150646129818,GALEX J004246.0+411147,10.6920592171478,41.1964370029188,1,-999,22.73641,-999,2.920356,0.4760365,False,-99,0.003299804
2591190603582686257,0,4.3889365730089,GALEX J004245.2+412031,10.6885990631267,41.3422085793614,2,22.21579,-999,4.717233,-999,0.7432944,False,0.004181738,-99
6372252786323622125,0,4.40456431885553,GALEX J004303.9+411349,10.7662979881631,41.2304608817647,1,-999,20.16319,-999,31.24076,0.4566421,False,-99,0.002372964
2591190603581627543,0,4.42997187693123,GALEX J004247.0+412032,10.6960605499849,41.3423779076967,1,-999,23.00219,-999,2.286253,0.6754947,False,-99,0.002510849
2495840955020617343,0,4.43710449921901,GALEX J004224.0+411831,10.6002475773627,41.3088071765584,2,21.50573,-999,9.072112,-999,0.5241854,False,0.004196618,-99
2495946508136886972,0,4.43791263990392,GALEX J004224.1+411832,10.6005064402836,41.3091370332364,2,21.60297,-999,8.294989,-999,0.5241854,False,0.005649275,-99
2495840955020617202,0,4.44086028433903,GALEX J004220.7+411653,10.5862387039576,41.2815487927137,2,21.22672,-999,11.73038,-999,0.5679231,False,0.004132573,-99
2591190603582686287,0,4.44217710144333,GALEX J004243.6+412035,10.681844396085,41.3431945026823,2,22.45283,-999,3.792021,-999,0.7432944,False,0.005616254,-99
2495840955020617478,0,4.4549061271207,GALEX J004234.8+412015,10.6451163258771,41.3376399546741,2,21.73443,-999,7.349011,-999,0.6035298,False,0.004568609,-99
2591190603583724270,0,4.45655568529811,GALEX J004224.0+411833,10.6001259954769,41.3092669909926,3,21.95695,21.59044,5.987185,8.391153,0.5241854,False,0.001720097,0.00146151
2496087245625237323,0,4.45822490388818,GALEX J004238.3+412028,10.6595676787112,41.3412937963923,2,20.41408,-999,24.79532,-999,0.7432944,False,0.01545724,-99
2590838759862837072,0,4.46113679792707,GALEX J004243.5+412036,10.6812840727955,41.3435030092368,3,22.82303,23.93946,2.696435,0.9643064,0.7432944,False,0.002185226,0.001244043
6372252786323622450,0,4.46258981263119,GALEX J004220.7+411701,10.5863118713037,41.283838640232,1,-999,18.67529,-999,122.9941,0.5679231,False,-99,0.01176221
6372252786323622501,0,4.4650737060309,GALEX J004224.0+411834,10.6001109096575,41.3095119613015,1,-999,21.16531,-999,12.41294,0.5241854,False,-99,0.002953793
2495840955020617447,0,4.4684980987812,GALEX J004230.1+411946,10.6255700582384,41.3296920431054,2,21.77607,-999,7.072543,-999,0.6338962,False,0.004271805,-99
6449719952874146085,0,4.47209191097546,GALEX J004223.9+411834,10.5999204817512,41.3095058551028,1,-999,21.58849,-999,8.406306,0.5241854,False,-99,0.002696795
2591190603581630475,0,4.47396774915897,GALEX J004247.9+411144,10.6997142880671,41.1956252110597,1,-999,-999,-999,0,0.3798815,False,-99,0.01820811
2496087245625237130,0,4.475552966224,GALEX J004223.9+411834,10.5999024404151,41.3095913885813,2,21.89952,-999,6.312373,-999,0.5241854,False,0.001551593,-99
2496087245625237103,0,4.47793285753679,GALEX J004221.4+411735,10.5893088048091,41.2931972083435,2,21.77071,-999,7.107538,-999,0.5679231,False,0.006563327,-99
2495840955020617495,0,4.48169047300429,GALEX J004239.1+412032,10.662911688211,41.3422692124581,2,22.03022,-999,5.596464,-999,0.7432944,False,0.003560141,-99
2591190603581627507,0,4.48290035760677,GALEX J004239.1+412032,10.6630242153708,41.3423075000532,1,-999,24.08222,-999,0.8454964,0.7432944,False,-99,0.001563301
2590838759860739912,0,4.48341355739183,GALEX J004239.1+412032,10.6629835761749,41.3423098638861,1,-999,23.62737,-999,1.285441,0.7432944,False,-99,0.001516491
2495946508136887214,0,4.48747650230388,GALEX J004226.3+411909,10.6095658910588,41.3193856815734,2,21.75235,-999,7.228748,-999,0.6338962,False,0.005703555,-99
6372252786323622467,0,4.48756014041898,GALEX J004220.2+411632,10.5842008058065,41.2757067924494,1,-999,18.74002,-999,115.8751,0.5679231,False,-99,0.01100415
6372252786323622644,0,4.49169153097626,GALEX J004230.4+411951,10.6270591068663,41.3309479201844,1,-999,19.17109,-999,77.90444,0.6338962,False,-99,0.006164792
2591190603581630565,0,4.49260993577087,GALEX J004220.3+411646,10.5846817902484,41.2796278941162,1,-999,16.92349,-999,617.4517,0.5679231,False,-99,0.08838331
2591190603582686127,0,4.50241889788261,GALEX J004226.2+411910,10.6094984537593,41.3197004120046,2,22.46873,-999,3.736899,-999,0.6338962,False,0.001800203,-99
2495840955020617385,0,4.50370986144234,GALEX J004226.2+411910,10.6092309566561,41.3195108958767,2,22.38336,-999,4.042566,-999,0.6338962,False,0.00319009,-99
2590838759861797568,0,4.50482372733181,GALEX J004226.2+411911,10.6094856948121,41.3197494204748,2,22.04664,-999,5.512477,-999,0.6338962,False,0.002538115,-99
2591190603581630596,0,4.50527329622859,GALEX J004305.4+411407,10.7725812603739,41.2354608610268,1,-999,-999,-999,0,0.4566421,False,-99,0.01499509
2590838759860739891,0,4.50545573346494,GALEX J004238.0+412030,10.6585939202139,41.3419215515304,1,-999,24.25127,-999,0.7235905,0.7432944,False,-99,0.001468285
2496087245625237172,0,4.51545569081778,GALEX J004226.2+411911,10.6094045470073,41.3199455481944,2,22.26638,-999,4.502469,-999,0.6338962,False,0.002855856,-99
2591190603582686093,0,4.52063700217339,GALEX J004221.1+411735,10.5883059944277,41.2931905665529,2,21.95066,-999,6.021945,-999,0.5679231,False,0.008268966,-99
2495946508136887492,0,4.52680718520709,GALEX J004227.2+411924,10.6136782766341,41.323513245449,2,23.11219,-999,2.065984,-999,0.6338962,False,0.003399359,-99
2591190603583724411,0,4.53607380829461,GALEX J004227.2+411925,10.6136049854484,41.3236746435549,3,23.01098,23.70188,2.267825,1.200181,0.6338962,False,0.002767877,0.001770704
2590838759861797567,0,4.53836047109288,GALEX J004227.2+411924,10.6134357172547,41.3236050719359,2,23.22023,-999,1.870297,-999,0.6338962,False,0.002047971,-99
2495840955020616756,0,4.55476088076191,GALEX J004254.8+411204,10.7284837413901,41.2012704819974,2,21.00111,-999,14.43965,-999,0.4310056,False,0.002062941,-99
2496087245625236930,0,4.56008173718346,GALEX J004219.9+411532,10.5831212131978,41.2590659857782,2,21.46349,-999,9.432034,-999,0.46271,False,0.004610979,-99
2590838759861797724,0,4.58488384539347,GALEX J004240.7+412041,10.6697028949071,41.3448923222474,2,22.48639,-999,3.676606,-999,0.7432944,False,0.00507846,-99
2495840955020617290,0,4.58910705174212,GALEX J004221.2+411750,10.5887283806726,41.2973795704317,2,21.99985,-999,5.755206,-999,0.5241854,False,0.004113433,-99
2591190603582686004,0,4.59714849837031,GALEX J004221.3+411752,10.5888934272727,41.2980484630765,2,22.77558,-999,2.816889,-999,0.5241854,False,0.001829678,-99
6449719952874145999,0,4.59777637621662,GALEX J004221.2+411751,10.5887198882968,41.2977536019911,1,-999,22.48423,-999,3.683895,0.5241854,False,-99,0.002033029
2496087245625237333,0,4.59855641132686,GALEX J004234.1+412021,10.6420863211162,41.3392665579029,2,20.38291,-999,25.51752,-999,0.6035298,False,0.01896344,-99
2496087245625237107,0,4.61282627994955,GALEX J004221.3+411755,10.5889093679396,41.2987643411224,2,22.04973,-999,5.49682,-999,0.5241854,False,0.003421186,-99
2495840955020617121,0,4.61416086859601,GALEX J004308.4+411543,10.7851929353865,41.261955678346,2,20.04072,-999,34.9715,-999,0.4566421,False,0.007019888,-99
2495840955020617230,0,4.61863828057551,GALEX J004220.3+411724,10.5847599241051,41.2900948073821,2,22.02739,-999,5.611093,-999,0.5679231,False,0.004125542,-99
2591190603582685964,0,4.6325649485841,GALEX J004220.2+411724,10.5844961687422,41.2902470588177,2,22.4046,-999,3.964266,-999,0.5679231,False,0.007109869,-99
2496087245625237049,0,4.63737879718222,GALEX J004219.3+411627,10.5807369428615,41.2744288319249,2,20.85781,-999,16.477,-999,0.5679231,False,0.008550706,-99
2495840955020617141,0,4.64101282023823,GALEX J004219.3+411626,10.5806114976035,41.273905801329,2,21.49563,-999,9.1569,-999,0.5679231,False,0.004171766,-99
2591190603582686241,0,4.654932530151,GALEX J004232.9+412018,10.6371505149188,41.3385594968054,2,22.40634,-999,3.957921,-999,0.6338962,False,0.004995168,-99
2496087245625237072,0,4.65960734682227,GALEX J004220.1+411726,10.58408746391,41.2908117851222,2,22.11416,-999,5.18008,-999,0.5679231,False,0.004523,-99
2591190603581627126,0,4.66891246074804,GALEX J004223.2+411842,10.5967139103214,41.3118203772222,1,-999,22.00589,-999,5.723266,0.5241854,False,-99,0.001328353
6449719952874146082,0,4.67024246447535,GALEX J004223.2+411843,10.5968067960343,41.3119671173238,1,-999,22.05119,-999,5.489405,0.5241854,False,-99,0.002365942
2590838759861797733,0,4.68452709453887,GALEX J004241.7+412048,10.6737533122806,41.3469097712359,2,23.02557,-999,2.237562,-999,0.7432944,False,0.003105967,-99
6449192187292813908,0,4.68723939771395,GALEX J004231.4+412012,10.6311747209361,41.3367501036416,1,-999,21.66205,-999,7.855612,0.6338962,False,-99,0.005188266
6372252786323621963,0,4.68908802941662,GALEX J004254.0+411151,10.725076082654,41.1975970885413,1,-999,19.11927,-999,81.71329,0.3798815,False,-99,0.00592989
2591190603582686274,0,4.69039059023579,GALEX J004241.7+412049,10.6739643904829,41.3470224092384,2,22.71799,-999,2.970331,-999,0.7432944,False,0.00311541,-99
2495840955020617562,0,4.69380050657298,GALEX J004246.4+412049,10.693332564467,41.3470352557626,2,22.74516,-999,2.896934,-999,0.6754947,False,0.002384633,-99
2591190603583724716,0,4.69555126419069,GALEX J004246.2+412049,10.6927661818563,41.3471044218088,3,22.55655,23.98877,3.446538,0.9214922,0.6754947,False,0.002452334,0.001213902
2591190603581627287,0,4.69602919647281,GALEX J004226.1+411926,10.6089960469038,41.3239986010845,1,-999,25.51718,-999,0.2254911,0.6338962,False,-99,0.002702017
2590838759860739614,0,4.69614887969199,GALEX J004226.1+411926,10.6089575416067,41.3239719564336,1,-999,24.84892,-999,0.4172853,0.6338962,False,-99,0.001483984
2495840955019563215,0,4.69828900896769,GALEX J004242.0+412050,10.6751193931531,41.347228018686,1,-999,22.83494,-999,2.667014,0.7432944,False,-99,0.003044546
2495840955020617207,0,4.69908726656814,GALEX J004309.0+411618,10.7874798523192,41.2717043405817,2,19.27002,-999,71.12055,-999,0.5315093,False,0.01200246,-99
2496087245625237300,0,4.69999443662015,GALEX J004246.3+412049,10.6931022155826,41.3471554415753,2,21.81815,-999,6.803669,-999,0.6754947,False,0.004479385,-99
6372252786323622338,0,4.71547244826213,GALEX J004308.9+411541,10.7873899615993,41.2614916831245,1,-999,17.63397,-999,320.93,0.4566421,False,-99,0.01042794
2591190603582686299,0,4.71605159551262,GALEX J004248.0+412048,10.7003937773155,41.3467157630715,2,21.51245,-999,9.016182,-999,0.6754947,False,0.004044333,-99
2496087245625237286,0,4.71852251103255,GALEX J004248.0+412048,10.7000346880836,41.3468015746134,2,22.53995,-999,3.499624,-999,0.6754947,False,0.003388082,-99
2590838759860740081,0,4.72150655891764,GALEX J004246.2+412051,10.6927165966146,41.3475421450049,1,-999,23.58483,-999,1.336801,0.6754947,False,-99,0.003070191
2495840955020616806,0,4.72298623589653,GALEX J004258.3+411216,10.7431980968465,41.204593603275,2,20.45575,-999,23.86184,-999,0.4310056,False,0.006047646,-99
2591190603581630628,0,4.7259164669698,GALEX J004308.0+411447,10.7836533799115,41.2464409669999,1,-999,-999,-999,-243.2097,0.4566421,False,-99,0.1481278
2495840955020616735,0,4.74558230782974,GALEX J004249.7+411131,10.7071322954514,41.1921253821774,2,20.0095,-999,35.99174,-999,0.3798815,False,0.006334028,-99
6449719952874146298,0,4.74774359413135,GALEX J004237.3+412043,10.6554735902895,41.3454781384935,1,-999,22.98785,-999,2.316644,0.6035298,False,-99,0.002717471
2495840955020616884,0,4.74974724407311,GALEX J004305.0+411331,10.7711783404686,41.2255278118149,2,20.49682,-999,22.97603,-999,0.4566421,False,0.005729216,-99
2495840955020617204,0,4.75692378881645,GALEX J004219.2+411707,10.5800868069726,41.2854475326035,2,22.00704,-999,5.717218,-999,0.5679231,False,0.003293444,-99
6372252786323622387,0,4.75737172912833,GALEX J004218.8+411637,10.5783715441398,41.2771513233429,1,-999,19.29555,-999,69.46703,0.5679231,False,-99,0.005728999
2495840955020617094,0,4.76875081942197,GALEX J004218.6+411600,10.5776417946631,41.2667123912636,2,22.28636,-999,4.420362,-999,0.46271,False,0.00306128,-99
2590838759860739977,0,4.77069547467474,GALEX J004240.1+412051,10.6673200708743,41.3477631381018,1,-999,23.99362,-999,0.9173884,0.7432944,False,-99,0.001104021
2495840955020617509,0,4.77226817583132,GALEX J004233.4+412029,10.6395079029713,41.3415712251648,2,21.3881,-999,10.11024,-999,0.6338962,False,0.00458053,-99
6372252786323622319,0,4.77585167419084,GALEX J004218.7+411540,10.5779807826063,41.2611211480106,1,-999,18.73139,-999,116.8006,0.46271,False,-99,0.006999102
2591190603582686264,0,4.7761695036761,GALEX J004233.4+412029,10.6394852110205,41.3416349089495,2,21.67727,-999,7.746329,-999,0.6338962,False,0.00285179,-99
6372252786323622341,0,4.78275874467189,GALEX J004308.1+411438,10.7839551737554,41.2440248252718,1,-999,16.95012,-999,602.4935,0.4566421,False,-99,0.01532658
6449719952874146305,0,4.78898529468789,GALEX J004239.8+412052,10.6660434245084,41.3479193417485,1,-999,22.01005,-999,5.701357,0.7432944,False,-99,0.004761848
6372252786323622723,0,4.78977443911143,GALEX J004252.6+412039,10.7194624119533,41.3442412857532,1,-999,18.38711,-999,160.382,0.6754947,False,-99,0.00786722
2591190603582685738,0,4.7905874299356,GALEX J004218.9+411514,10.5790211030712,41.2541178705423,2,21.16293,-999,12.44028,-999,0.46271,False,0.005545124,-99
2496087245625237015,0,4.79111717385288,GALEX J004218.5+411558,10.5771664419709,41.2662549336575,2,20.41521,-999,24.76958,-999,0.46271,False,0.01061599,-99
6372252786323622559,0,4.79218534839318,GALEX J004224.6+411915,10.6025700409715,41.3211014993302,1,-999,21.19578,-999,12.06945,0.6338962,False,-99,0.002750615
2591190603581630654,0,4.79619946966384,GALEX J004244.5+411121,10.6856786299289,41.1892494713629,1,-999,-999,-999,0,0.3798815,False,-99,0.001652245
2591190603581630662,0,4.79911012671316,GALEX J004242.7+411121,10.67812422391,41.1892774986636,1,-999,-999,-999,0,0.3545871,False,-99,0.06351334
6449719952874146158,0,4.79974118991138,GALEX J004224.6+411916,10.6026625081498,41.3213758659663,1,-999,21.42469,-999,9.775161,0.6338962,False,-99,0.002289522
2591190603582685854,0,4.800020516966,GALEX J004218.4+411556,10.5769993670408,41.2656902736425,2,20.61234,-999,20.65696,-999,0.46271,False,0.009136001,-99
2590838759860737639,0,4.80052851520597,GALEX J004244.5+411121,10.6857112911521,41.1891778485014,1,-999,20.72766,-999,18.57531,0.3798815,False,-99,0.001462763
2496087245625236729,0,4.80090086223484,GALEX J004254.8+411148,10.7285884365551,41.1967503248933,2,21.89741,-999,6.324697,-999,0.4310056,False,0.002685036,-99
2495840955020617506,0,4.80198736698298,GALEX J004252.9+412038,10.7206654274485,41.3441257792592,2,21.37829,-999,10.20203,-999,0.6754947,False,0.002822667,-99
2495840955020617387,0,4.80732993058829,GALEX J004224.5+411916,10.6021376917342,41.3211097530162,2,21.76139,-999,7.168767,-999,0.6338962,False,0.001356983,-99
2495946508136886821,0,4.80747251207325,GALEX J004224.5+411916,10.6023324033384,41.3212848226177,2,21.30212,-999,10.94345,-999,0.6338962,False,0.005744375,-99
2591190603583724450,0,4.80967033981413,GALEX J004224.5+411916,10.6022871777683,41.3213014686325,3,21.32397,21.57152,10.72541,8.538705,0.6338962,False,0.006588048,0.001632559
2496087245625237209,0,4.81081941692537,GALEX J004224.5+411917,10.6024402264387,41.3214649265787,2,21.6804,-999,7.724017,-999,0.6338962,False,0.001919739,-99
2590838759862836770,0,4.81326544973441,GALEX J004224.5+411916,10.6021915339942,41.3213096579602,3,21.43786,21.39032,9.657352,10.08953,0.6338962,False,0.007096543,0.001365965
6449755137246236444,0,4.81720569058832,GALEX J004224.4+411916,10.6019494124966,41.3211975511064,1,-999,21.22562,-999,11.74223,0.6338962,False,-99,0.005771799
2591190603581627335,0,4.82656349658262,GALEX J004225.1+411925,10.6047754358502,41.3238253008509,1,-999,22.34164,-999,4.200905,0.6338962,False,-99,0.004943998
2495840955020617173,0,4.82713092179714,GALEX J004218.5+411650,10.5774151750155,41.2808249136908,2,22.50446,-999,3.615906,-999,0.5679231,False,0.003045066,-99
6449192187292813826,0,4.82889855418888,GALEX J004224.5+411918,10.6022439168306,41.3217554993918,1,-999,20.89317,-999,15.94889,0.6338962,False,-99,0.005162368
2590838759860739676,0,4.83129151539358,GALEX J004225.1+411926,10.6049140334175,41.3240533061141,1,-999,22.38374,-999,4.041134,0.6338962,False,-99,0.00345358
2496087245625237019,0,4.83359805250863,GALEX J004218.5+411652,10.577341018645,41.2811845045534,2,21.86866,-999,6.494373,-999,0.5679231,False,0.002500472,-99
2495946508136886927,0,4.83382393170933,GALEX J004218.5+411650,10.577245894167,41.2807250159021,2,21.39866,-999,10.0124,-999,0.5679231,False,0.00326209,-99
2591190603581625389,0,4.8503562258686,GALEX J004240.2+411121,10.6675053695317,41.1892086446674,1,-999,23.27467,-999,1.778814,0.3545871,False,-99,0.002859731
2590838759861797769,0,4.85185370563764,GALEX J004239.3+412055,10.6640144092221,41.3487181361966,2,22.0803,-999,5.344175,-999,0.7432944,False,0.006790382,-99
6372252786323621946,0,4.85534854027155,GALEX J004256.0+411151,10.7333306962454,41.1975097175822,1,-999,19.36439,-999,65.19968,0.4310056,False,-99,0.003814055
2590838759860739962,0,4.86144776372106,GALEX J004236.4+412047,10.6517833771885,41.3466472748401,1,-999,24.81197,-999,0.4317301,0.6035298,False,-99,0.00165247
2591190603582686276,0,4.87147095492835,GALEX J004236.3+412048,10.651621970282,41.3467848531031,2,23.29461,-999,1.746465,-999,0.6035298,False,0.002908447,-99
2496087245624182855,0,4.88208041957549,GALEX J004224.5+411922,10.6021808083051,41.3230492917945,1,-999,21.24365,-999,11.54884,0.6338962,False,-99,0.008564279
2590838759860737552,0,4.88300013147836,GALEX J004240.1+411119,10.6671786617465,41.1886953450591,1,-999,23.35365,-999,1.654013,0.3545871,False,-99,0.00365164
2495840955020617147,0,4.88383499540472,GALEX J004309.6+411524,10.7903727423667,41.2568529605464,2,18.61437,-999,130.0933,-999,0.4566421,False,0.01489679,-99
2591190603583727713,0,4.885261694715,GALEX J004234.9+412043,10.645474970499,41.3454597813224,3,23.04217,17.3025,2.203612,435.5121,0.6035298,False,0.003527073,0.001493781
2495840955020616931,0,4.88938058830142,GALEX J004307.6+411406,10.7817720556719,41.2350577183833,2,21.78303,-999,7.027299,-999,0.4566421,False,0.002285822,-99
2591190603583724589,0,4.89124339810838,GALEX J004228.3+412003,10.6181890200451,41.3343631233608,3,21.60831,21.58057,8.254262,8.467836,0.6338962,False,0.001292446,0.001445394
2495946508136887236,0,4.891752425655,GALEX J004228.3+412003,10.6181425502464,41.3343475112584,2,21.67083,-999,7.792364,-999,0.6338962,False,0.004117541,-99
2495840955020617541,0,4.89300042433369,GALEX J004251.6+412049,10.7151985171947,41.3471247532445,2,21.33667,-999,10.60073,-999,0.6754947,False,0.003336317,-99
2590838759861797653,0,4.89514583669477,GALEX J004228.3+412003,10.6180931876828,41.3343904025883,2,21.64469,-999,7.982237,-999,0.6338962,False,0.001453387,-99
2496087245625237242,0,4.89809244161523,GALEX J004228.4+412004,10.6183326674656,41.3345865513056,2,21.53222,-999,8.853465,-999,0.6338962,False,0.001915709,-99
6372252786323622748,0,4.89914445788443,GALEX J004234.9+412044,10.6454394172252,41.345696754899,1,-999,17.24892,-999,457.5422,0.6035298,False,-99,0.001668465
2495840955020617466,0,4.90112375623188,GALEX J004228.2+412003,10.6178546162749,41.3343801787598,2,21.58138,-999,8.461524,-999,0.6338962,False,0.001432995,-99
2591190603581627619,0,4.90197102616435,GALEX J004244.7+412103,10.6863801448815,41.3508341226427,1,-999,24.41133,-999,0.624406,0.7432944,False,-99,0.001952115
6449227371664903722,0,4.90361444331222,GALEX J004228.3+412004,10.6180958427378,41.3345684121501,1,-999,21.45822,-999,9.477915,0.6338962,False,-99,0.001578309
2590838759861797415,0,4.90384712130756,GALEX J004219.2+411743,10.5803335053564,41.2954153714854,2,23.85781,-999,1.039623,-999,0.5241854,False,0.001414092,-99
6372252786323622256,0,4.90420868299651,GALEX J004309.2+411456,10.7887117045955,41.2490263076032,1,-999,17.59778,-999,331.8088,0.4566421,False,-99,0.01063216
6449227371664903482,0,4.90629429257644,GALEX J004219.2+411744,10.5803845627993,41.2956548355767,1,-999,23.02859,-999,2.231328,0.5241854,False,-99,0.002167297
2496087245625237335,0,4.90761754895805,GALEX J004244.7+412103,10.6865531570131,41.3509245272596,2,22.52586,-999,3.545342,-999,0.6754947,False,0.004127087,-99
6449192187292813878,0,4.90817595762779,GALEX J004228.2+412003,10.6176255489016,41.3343974810934,1,-999,21.22324,-999,11.76803,0.6338962,False,-99,0.003447344
2591190603582685527,0,4.91256237924549,GALEX J004303.1+411247,10.7629414460826,41.2133061393452,2,22.5075,-999,3.605791,-999,0.4310056,False,0.003365485,-99
6372252786323622300,0,4.91353963775862,GALEX J004217.8+411552,10.5745476685847,41.2646596791809,1,-999,18.56359,-999,136.3208,0.46271,False,-99,0.006099123
6372252786323622126,0,4.91556949691097,GALEX J004306.7+411343,10.7781759048479,41.2288289054446,1,-999,19.84063,-999,42.04833,0.4566421,False,-99,0.003430042
2496087245625236719,0,4.91801706365244,GALEX J004253.6+411134,10.7234775091729,41.1929623293761,2,21.84862,-999,6.615351,-999,0.3798815,False,0.003300125,-99
2591190603581627284,0,4.91884405748489,GALEX J004223.4+411911,10.5975118862277,41.3197944020727,1,-999,23.76854,-999,1.12871,0.5241854,False,-99,0.00321896
2496087245625237307,0,4.920433597971,GALEX J004246.9+412102,10.6955637225458,41.3506576903533,2,22.97389,-999,2.346629,-999,0.6754947,False,0.003289948,-99
2590838759860739589,0,4.92234909539283,GALEX J004223.3+411911,10.5973874084175,41.3197698094845,1,-999,22.79242,-999,2.773524,0.5241854,False,-99,0.002583644
2591190603581625442,0,4.92345066925553,GALEX J004252.0+411127,10.7167727589342,41.1910579206639,1,-999,22.58879,-999,3.34567,0.3798815,False,-99,0.00350843
2591190603582686326,0,4.92943854428627,GALEX J004239.4+412100,10.6643624940773,41.3500787227301,2,21.92915,-999,6.142463,-999,0.6035298,False,0.004645986,-99
2591190603581625433,0,4.9297061862998,GALEX J004253.7+411134,10.7238289516956,41.1928577818002,1,-999,23.33031,-999,1.68995,0.3798815,False,-99,0.003024707
2495840955020616910,0,4.9303796895061,GALEX J004306.8+411343,10.778459748861,41.2287049544511,2,20.99002,-999,14.58795,-999,0.4566421,False,0.00372533,-99
2496087245625236991,0,4.93314985571892,GALEX J004217.7+411625,10.5741124653637,41.2737807048083,2,21.93828,-999,6.091013,-999,0.46271,False,0.005189859,-99
2495840955020617505,0,4.9439416871184,GALEX J004255.0+412038,10.7291582169092,41.3440308774765,2,21.38168,-999,10.17019,-999,0.6754947,False,0.00210175,-99
2496087245625237179,0,4.95122280695416,GALEX J004223.2+411912,10.5969286822233,41.3201103709229,2,22.63727,-999,3.199588,-999,0.5241854,False,0.003818021,-99
6449755137246236489,0,4.95391763062518,GALEX J004224.4+411929,10.6020395078166,41.324725210509,1,-999,22.2307,-999,4.652842,0.6338962,False,-99,0.008837074
2496087245625236806,0,4.95804772079987,GALEX J004305.5+411317,10.7730012842127,41.2213876426795,2,21.5062,-999,9.068243,-999,0.4566421,False,0.003467871,-99
2591190603583724543,0,4.95879989889021,GALEX J004226.4+411951,10.6101743703147,41.3308893202143,3,22.66452,22.96701,3.120287,2.361542,0.6338962,False,0.003263893,0.003058805
2591190603581626308,0,4.9597474768978,GALEX J004218.1+411511,10.5754455645876,41.2531729190803,1,-999,24.18077,-999,0.7721298,0.46271,False,-99,0.002486271
2495946508136887446,0,4.96289647690602,GALEX J004226.4+411951,10.6100589196944,41.3309034895595,2,22.7937,-999,2.770269,-999,0.6338962,False,0.002145367,-99
2590838759860739730,0,4.96310924080114,GALEX J004226.4+411951,10.6100501143761,41.33090234143,1,-999,22.92817,-999,2.447547,0.6338962,False,-99,0.001701789
2495840955020616853,0,4.96471168042173,GALEX J004301.5+411226,10.7564439817772,41.2073260999178,2,19.63763,-999,50.69337,-999,0.4310056,False,0.004733799,-99
2496087245625237217,0,4.96786416400579,GALEX J004226.4+411952,10.6102105203127,41.3311156366795,2,23.01038,-999,2.269081,-999,0.6338962,False,0.00138938,-99
2495840955020617537,0,4.9700586640398,GALEX J004252.4+412051,10.7184265529542,41.347694547389,2,21.45874,-999,9.473372,-999,0.6754947,False,0.002419234,-99
2590838759860737566,0,4.97124312680779,GALEX J004241.2+411112,10.6717499063443,41.1867718960202,1,-999,22.74331,-999,2.901853,0.3545871,False,-99,0.002299295
2495840955020616988,0,4.97213667271061,GALEX J004308.3+411412,10.7847792470133,41.2367550429806,2,20.13442,-999,32.07988,-999,0.4566421,False,0.005396276,-99
2591190603581630445,0,4.97313014282796,GALEX J004301.4+411225,10.7561910552688,41.2069705635503,1,-999,-999,-999,0,0.4310056,False,-99,0.003583556
2495946508136887464,0,4.97638469031606,GALEX J004224.5+411931,10.6021998222626,41.3254113322555,2,21.27915,-999,11.17746,-999,0.6338962,False,0.01082883,-99
6372252786323622189,0,4.9924741328703,GALEX J004308.2+411406,10.7843720413358,41.2352067932455,1,-999,18.66262,-999,124.4379,0.4566421,False,-99,0.008875475
2495840955019562955,0,4.99378668800944,GALEX J004220.8+411837,10.587026154278,41.3102849998124,1,-999,22.26661,-999,4.501486,0.5241854,False,-99,0.00181161
2495840955019563108,0,4.99996086610299,GALEX J004225.6+411946,10.6070470376761,41.3296621968508,1,-999,21.40283,-999,9.973948,0.6338962,False,-99,0.005257705
2591190603583724254,0,5.00646184375507,GALEX J004220.8+411838,10.5869173806713,41.3105685323074,3,22.61048,23.0486,3.279534,2.190585,0.5241854,False,0.001856306,0.001350337
2590838759862836617,0,5.0077860550179,GALEX J004220.8+411838,10.586908979444,41.3106019911534,3,22.35166,22.17072,4.162346,4.917142,0.5241854,False,0.002076485,0.001479722
2590838759860739576,0,5.01111467123774,GALEX J004223.3+411919,10.5973338103117,41.3220869327267,1,-999,24.51349,-999,0.5683314,0.5241854,False,-99,0.002654643
2495946508136886921,0,5.01203311226496,GALEX J004220.8+411838,10.5868175182132,41.3106244274609,2,22.297,-999,4.377236,-999,0.5241854,False,0.002078295,-99
6449227371664903574,0,5.01395551123087,GALEX J004220.8+411838,10.5867659298294,41.3106211708816,1,-999,22.48713,-999,3.674085,0.5241854,False,-99,0.002826643
2496087245625237131,0,5.01634952390106,GALEX J004220.8+411838,10.5868549757624,41.3108184009541,2,22.34867,-999,4.17384,-999,0.5241854,False,0.002103575,-99
6449755137246236338,0,5.02021149370593,GALEX J004220.7+411838,10.5865985419518,41.3106111434037,1,-999,22.60825,-999,3.286236,0.5241854,False,-99,0.002045473
6449192187292813728,0,5.02073466947585,GALEX J004220.7+411838,10.5865546253213,41.3105708041349,1,-999,22.00733,-999,5.715697,0.5241854,False,-99,0.002382498
2591190603581627412,0,5.02417611838094,GALEX J004225.5+411947,10.6065004336698,41.3298288972527,1,-999,21.79358,-999,6.95933,0.6338962,False,-99,0.001946751
2590838759862836918,0,5.0242457714395,GALEX J004225.5+411947,10.6064825484739,41.3298177070741,3,20.91933,21.76577,15.56938,7.139871,0.6338962,False,0.01116461,0.001865343
2590838759860739757,0,5.02618039169857,GALEX J004226.7+411959,10.611587284608,41.3332933675984,1,-999,24.232,-999,0.7365428,0.6338962,False,-99,0.002618353
2591190603581627377,0,5.02683642190766,GALEX J004226.7+411959,10.611469107382,41.3332329194457,1,-999,24.62493,-999,0.5128924,0.6338962,False,-99,0.002036286
6449719952874146207,0,5.03217823058709,GALEX J004224.0+411930,10.6003094488884,41.3252327776221,1,-999,21.97499,-999,5.888463,0.6338962,False,-99,0.00707461
2496087245624182866,0,5.03232415411997,GALEX J004225.4+411947,10.6062285545334,41.3298218015389,1,-999,21.08918,-999,13.31463,0.6338962,False,-99,0.007866353
2495946508136887223,0,5.03334983317373,GALEX J004227.1+412003,10.6130582761708,41.3343603623957,2,22.32914,-999,4.249573,-999,0.6338962,False,0.005560992,-99
6449719952874146253,0,5.03500247572764,GALEX J004225.3+411945,10.6054445341035,41.3293158402099,1,-999,22.09758,-999,5.259768,0.6338962,False,-99,0.007664336
6372252786323622751,0,5.04062899914565,GALEX J004248.1+412107,10.7007462948551,41.3521527233282,1,-999,18.91981,-999,98.19212,0.6754947,False,-99,0.004811567
2496087245625236804,0,5.04092427492029,GALEX J004303.4+411240,10.764366073105,41.2113238509307,2,21.18783,-999,12.15827,-999,0.4310056,False,0.005252059,-99
6449755137246236505,0,5.04200131993376,GALEX J004225.4+411947,10.6061263779334,41.3299715587884,1,-999,21.03275,-999,14.02496,0.6338962,False,-99,0.006432765
2496087245626280011,0,5.04388221251198,GALEX J004221.5+411855,10.5898418843631,41.3153456668734,3,21.02526,22.17379,14.12199,4.903249,0.5241854,False,0.004816334,0.01159722
2591190603582686332,0,5.04868262197003,GALEX J004243.7+412111,10.6823055224867,41.353307835314,2,23.1529,-999,1.989952,-999,0.7432944,False,0.003166981,-99
2591190603581627641,0,5.05444162337913,GALEX J004248.1+412108,10.7006481889454,41.352397320171,1,-999,24.30482,-999,0.688765,0.6754947,False,-99,0.001902096
6449227371664903707,0,5.05482297988663,GALEX J004225.3+411947,10.6057216322591,41.3299764428594,1,-999,20.92172,-999,15.53501,0.6338962,False,-99,0.006850109
2496087245625237211,0,5.05551943122572,GALEX J004224.0+411932,10.6001127116427,41.3256500983019,2,22.46252,-999,3.758319,-999,0.6338962,False,0.008360188,-99
2495840955020616750,0,5.05584618947173,GALEX J004255.6+411135,10.7318297430363,41.1932046311965,2,20.19389,-999,30.37001,-999,0.4310056,False,0.005355444,-99
2591190603581625469,0,5.05879285423971,GALEX J004251.4+411117,10.7144751256265,41.1881718399217,1,-999,21.83287,-999,6.712012,0.3798815,False,-99,0.006576019
2495946508136886788,0,5.06162642746766,GALEX J004225.1+411946,10.6047862696742,41.3294533121221,2,21.48746,-999,9.226135,-999,0.6338962,False,0.005147876,-99
2591190603582686372,0,5.06727205287171,GALEX J004242.6+412112,10.6774821719384,41.3535067657012,2,22.65311,-999,3.153247,-999,0.7432944,False,0.005552605,-99
2591190603583724558,0,5.07077601771792,GALEX J004223.9+411932,10.5998536702436,41.3258140732825,3,22.32576,21.6755,4.262811,7.758927,0.6338962,False,0.004074785,0.004701503
2590838759862836873,0,5.0713488585552,GALEX J004223.9+411932,10.5998487990349,41.3258242704089,3,21.92707,22.31976,6.154255,4.286424,0.6338962,False,0.006858754,0.004045981
2495840955021660188,0,5.07190309198727,GALEX J004221.3+411854,10.5889806570402,41.3152090230718,3,21.00641,20.78862,14.3694,17.56102,0.5241854,False,0.004609542,0.004758219
2590838759860739604,0,5.0729212044008,GALEX J004223.4+411927,10.5978794754109,41.324181432968,1,-999,23.89044,-999,1.00884,0.5241854,False,-99,0.001513328
6449755137246236419,0,5.07454415876301,GALEX J004221.4+411856,10.5893513175423,41.3157154591648,1,-999,20.88203,-999,16.1134,0.5241854,False,-99,0.006344589
2591190603583724446,0,5.07839442180854,GALEX J004221.4+411856,10.5891580648309,41.3156114027476,3,21.07642,21.07194,13.47207,13.52774,0.5241854,False,0.006405534,0.003195722
6449227371664903637,0,5.07849454028421,GALEX J004221.4+411856,10.5891499037806,41.315605095776,1,-999,20.93775,-999,15.3074,0.5241854,False,-99,0.006414566
2590838759862836860,0,5.08022824850504,GALEX J004221.3+411856,10.5891235305552,41.3156275839613,3,21.00872,20.6255,14.33889,20.40791,0.5241854,False,0.005590465,0.00375227
2495946508136887495,0,5.08071376971163,GALEX J004221.3+411855,10.5889062566792,41.3153925398265,2,21.03161,-999,14.03974,-999,0.5241854,False,0.00516729,-99
2591190603581627544,0,5.08403846548158,GALEX J004231.7+412041,10.6324138679546,41.3447761498698,1,-999,23.84384,-999,1.053087,0.6338962,False,-99,0.003473715
2495840955021660211,0,5.08447041342453,GALEX J004223.9+411933,10.5996527202275,41.3259875226999,3,22.10782,22.24218,5.210444,4.603928,0.6338962,False,0.00389806,0.00378406
2496087245625237348,0,5.08759559737008,GALEX J004243.9+412114,10.6832097708367,41.3539598758288,2,21.73973,-999,7.313249,-999,0.7432944,False,0.006321123,-99
2496087245625237213,0,5.08997798422135,GALEX J004225.0+411947,10.6042889279653,41.3297489022835,2,21.62672,-999,8.11547,-999,0.6338962,False,0.004416218,-99
6449719952874146346,0,5.09044493039377,GALEX J004242.5+412113,10.67722755247,41.3538833654172,1,-999,23.17837,-999,1.943807,0.7432944,False,-99,0.001786957
2590838759860739934,0,5.09058671115332,GALEX J004231.7+412041,10.632295687275,41.3448535461661,1,-999,24.14907,-999,0.7950093,0.6338962,False,-99,0.00169136
6449192187292813853,0,5.09104324979828,GALEX J004225.0+411947,10.6043631677656,41.3298283946561,1,-999,20.93138,-999,15.39739,0.6338962,False,-99,0.005350904
6449719952874146132,0,5.09164013196588,GALEX J004221.3+411857,10.5890023907671,41.3158355387899,1,-999,21.18334,-999,12.20849,0.5241854,False,-99,0.005016093
6372252786323621894,0,5.09293219114248,GALEX J004252.6+411119,10.7192360387717,41.1886937373712,1,-999,19.075,-999,85.11385,0.3798815,False,-99,0.003870166
6372252786323621880,0,5.09432130379789,GALEX J004243.3+411103,10.680397187623,41.184290034169,1,-999,19.98248,-999,36.8984,0.3407273,False,-99,0.004640174
2495840955021660250,0,5.09435294388894,GALEX J004224.8+411945,10.6036522577374,41.3293790161099,3,21.3205,21.74556,10.75974,7.274038,0.6338962,False,0.004530116,0.003700119
6449192187292813780,0,5.09514407361626,GALEX J004221.2+411856,10.5886757561759,41.3155674146757,1,-999,20.54572,-999,21.964,0.5241854,False,-99,0.005737542
2591190603583724551,0,5.09760012536051,GALEX J004224.8+411945,10.6036352979998,41.3294426817989,3,21.72809,21.71398,7.392096,7.488735,0.6338962,False,0.005018658,0.001844281
2591190603581630444,0,5.09791843335507,GALEX J004300.2+411203,10.7509223051272,41.2010810241412,1,-999,-999,-999,0,0.4310056,False,-99,0.0115992
2496087245625236935,0,5.10289406150082,GALEX J004216.9+411539,10.570728065421,41.2608605379776,2,22.83752,-999,2.660696,-999,0.46271,False,0.003161885,-99
2495840955020617576,0,5.10407899917961,GALEX J004235.5+412100,10.6482806076195,41.3500573004902,2,21.39482,-999,10.04782,-999,0.6035298,False,0.002661132,-99
2495840955020617517,0,5.10476293039605,GALEX J004255.3+412047,10.7307325662731,41.3464374889523,2,21.48373,-999,9.257884,-999,0.6754947,False,0.003352892,-99
2590838759860739765,0,5.10556824655868,GALEX J004224.8+411945,10.6033625947176,41.3294261456427,1,-999,21.87646,-999,6.447888,0.6338962,False,-99,0.001633131
2495840955020616862,0,5.10824664184714,GALEX J004300.1+411202,10.7507175248679,41.2007520948311,2,18.36679,-999,163.4135,-999,0.4310056,False,0.01053311,-99
2590838759860737449,0,5.10987923941496,GALEX J004242.7+411102,10.6780424536774,41.1840950301517,1,-999,23.15855,-999,1.979603,0.3407273,False,-99,0.002089154
6372252786323622542,0,5.11583097476074,GALEX J004221.2+411857,10.5884146754985,41.3158977046421,1,-999,20.71223,-999,18.84109,0.5241854,False,-99,0.003816299
2591190603582686512,0,5.11950228749357,GALEX J004245.8+412115,10.6910363990316,41.3542953011124,2,20.37502,-999,25.70368,-999,0.6754947,False,0.01099552,-99
2590838759860739782,0,5.12247497799829,GALEX J004227.1+412010,10.6130367879027,41.3362488672317,1,-999,24.71084,-999,0.4738741,0.6338962,False,-99,0.001658613
2496087245625236724,0,5.12609175766186,GALEX J004247.6+411104,10.6984513918937,41.1844918174078,2,20.35736,-999,26.12512,-999,0.3798815,False,0.009266965,-99
2496087245625236816,0,5.12720386658223,GALEX J004307.1+411326,10.7798475902885,41.2240411696712,2,22.42937,-999,3.874822,-999,0.4566421,False,0.002444181,-99
2591190603582685587,0,5.12734335759155,GALEX J004307.1+411326,10.7798131401493,41.2239951850207,2,22.70543,-999,3.004889,-999,0.4566421,False,0.002923432,-99
2495840955021660392,0,5.12949314266395,GALEX J004230.1+412034,10.6254983606668,41.3427961957029,3,21.17083,20.44757,12.35011,24.04202,0.6338962,False,0.004650601,0.003718056
2495840955020617577,0,5.1320133263875,GALEX J004250.6+412107,10.7109734546905,41.3521422275186,2,22.67402,-999,3.093103,-999,0.6754947,False,0.002536567,-99
2495840955020616719,0,5.13355258475222,GALEX J004253.1+411118,10.7216221636709,41.1885990060234,2,21.53153,-999,8.859118,-999,0.3798815,False,0.003071151,-99
2591190603582685765,0,5.13410182173924,GALEX J004216.8+411532,10.5702991408538,41.2590252029415,2,21.48807,-999,9.220914,-999,0.46271,False,0.003229925,-99
2591190603581625952,0,5.13552100132746,GALEX J004308.1+411344,10.7839554468765,41.2291333740596,1,-999,24.09385,-999,0.8364873,0.4566421,False,-99,0.002572344
2496087245626280077,0,5.13565231200787,GALEX J004230.0+412034,10.6253916205287,41.3428680812828,3,20.73887,20.54632,18.38462,21.9519,0.6338962,False,0.00548332,0.003312848
2591190603581625356,0,5.13592134628187,GALEX J004242.1+411101,10.6755024899226,41.1837708382866,1,-999,21.61422,-999,8.209424,0.3545871,False,-99,0.003705948
2496087245624182500,0,5.13809951367576,GALEX J004216.9+411650,10.5704487316762,41.2808180279759,1,-999,23.65149,-999,1.257199,0.46271,False,-99,0.002216478
2495840955020616734,0,5.13923228630279,GALEX J004251.6+411112,10.7151315339521,41.1869191748832,2,20.26883,-999,28.34471,-999,0.3798815,False,0.005538411,-99
2591190603582686366,0,5.14035920180495,GALEX J004235.9+412103,10.6496489059875,41.3510178329394,2,21.04409,-999,13.87927,-999,0.6035298,False,0.008513479,-99
2590838759860737496,0,5.14077570383792,GALEX J004241.9+411101,10.6748406009779,41.1837254986647,1,-999,21.96291,-999,5.954377,0.3545871,False,-99,0.001500624
2496087245625237355,0,5.14283918780372,GALEX J004235.6+412102,10.6486396247583,41.3508229998758,2,21.01769,-999,14.22086,-999,0.6035298,False,0.005572338,-99
6449227371664903477,0,5.14573862413601,GALEX J004217.7+411737,10.5740431900091,41.2938647917005,1,-999,22.5143,-999,3.583284,0.5241854,False,-99,0.002485145
2591190603583724767,0,5.14709077359105,GALEX J004230.0+412035,10.6253267679869,41.3430607312615,3,20.79601,20.62851,17.44214,20.35142,0.6338962,False,0.004560354,0.00309367
2495840955019562849,0,5.14767340924854,GALEX J004217.7+411736,10.5738754905272,41.2935548046305,1,-999,23.22783,-999,1.857244,0.5241854,False,-99,0.002352411
6449755137246236606,0,5.14992519622392,GALEX J004230.0+412034,10.625080190363,41.3430060995711,1,-999,20.44408,-999,24.11936,0.6338962,False,-99,0.003707137
6372252786323622244,0,5.15022280852668,GALEX J004310.9+411515,10.7957872947293,41.2542567459807,1,-999,19.88266,-999,40.45168,0.4566421,False,-99,0.004095592
2591190603581630447,0,5.15103644498825,GALEX J004221.4+411313,10.5894507737627,41.2203063214493,1,-999,-999,-999,0,0.3680691,False,-99,0.06877045
2590838759862837180,0,5.15108542431953,GALEX J004230.0+412035,10.6252450040823,41.3431018046735,3,20.68228,20.51587,19.36819,22.57617,0.6338962,False,0.004664136,0.00314387
2591190603581626895,0,5.15587492236075,GALEX J004217.7+411738,10.5738417107602,41.2939480891753,1,-999,23.55014,-999,1.380202,0.5241854,False,-99,0.001431572
6372252786323622693,0,5.15695871708872,GALEX J004230.0+412035,10.6250885766875,41.3431460854691,1,-999,20.31595,-999,27.14064,0.6338962,False,-99,0.004321062
6449227371664903822,0,5.16098991690844,GALEX J004230.0+412035,10.6252874714154,41.343312232162,1,-999,20.50278,-999,22.84999,0.6338962,False,-99,0.004026412
2591190603581630564,0,5.16276546297281,GALEX J004216.6+411540,10.5693543755596,41.2611733146517,1,-999,16.31519,-999,1081.241,0.46271,False,-99,0.08890965
2590838759860739216,0,5.16293401109769,GALEX J004217.6+411738,10.5737029173323,41.2940098646221,1,-999,23.34458,-999,1.667886,0.5241854,False,-99,0.001177564
6449719952874146318,0,5.16547841409253,GALEX J004230.0+412036,10.6252320563899,41.3433745494019,1,-999,20.69972,-999,19.05951,0.6338962,False,-99,0.004167022
2495840955020617608,0,5.16732610875951,GALEX J004246.2+412118,10.6927266875079,41.3549992665755,2,21.68468,-999,7.693599,-999,0.6754947,False,0.003104832,-99
6449192187292813958,0,5.17019366278161,GALEX J004229.9+412035,10.6247415192411,41.3432479900516,1,-999,20.37839,-999,25.62388,0.6338962,False,-99,0.004724099
6372252786323622264,0,5.17065371997502,GALEX J004217.3+411451,10.5723482826764,41.2475882447397,1,-999,18.3991,-999,158.6204,0.46271,False,-99,0.007437502
2591190603581630448,0,5.17125652749921,GALEX J004218.8+411403,10.5785202062164,41.2342558084797,1,-999,-999,-999,0,0.46271,False,-99,0.003203494
2591190603581630621,0,5.17547123517393,GALEX J004217.2+411453,10.5720496240218,41.2481424212841,1,-999,-999,-999,0,0.46271,False,-99,0.001671077
2495840955019563149,0,5.17625078814161,GALEX J004228.0+412022,10.6168611180026,41.3395169986844,1,-999,22.83827,-999,2.658841,0.6338962,False,-99,0.002146986
2591190603581630523,0,5.19057032088341,GALEX J004311.4+411648,10.7975343502531,41.279999704454,1,-999,17.80975,-999,272.9612,0.5315093,False,-99,0.006703065
2591190603582685883,0,5.19198925011791,GALEX J004216.3+411612,10.5682102538022,41.2701028101238,2,21.81698,-999,6.810957,-999,0.46271,False,0.007797334,-99
2591190603581627671,0,5.19233894683555,GALEX J004237.4+412111,10.6560909468417,41.3532515834907,1,-999,24.77425,-999,0.4469925,0.6035298,False,-99,0.001162144
6449719952874146341,0,5.19245990801272,GALEX J004237.2+412111,10.6551774768369,41.3530837073013,1,-999,22.80715,-999,2.736146,0.6035298,False,-99,0.001668126
6449755137246236639,0,5.19449903408465,GALEX J004237.1+412111,10.6548661766478,41.3530595022341,1,-999,22.67074,-999,3.102441,0.6035298,False,-99,0.003665882
2495946508136886732,0,5.1945953553767,GALEX J004304.9+411245,10.7706388090658,41.2127243184247,2,21.42233,-999,9.796478,-999,0.4566421,False,0.006385876,-99
2495840955020617174,0,5.19578559618109,GALEX J004311.5+411548,10.7982892494362,41.2634398666668,2,19.19146,-999,76.45728,-999,0.4591042,False,0.01221218,-99
6372252786323622757,0,5.19808565908173,GALEX J004246.2+412119,10.6928846361087,41.3555038706147,1,-999,19.65405,-999,49.93217,0.6754947,False,-99,0.003279382
2591190603581630449,0,5.20346689737122,GALEX J004302.0+412005,10.758657525937,41.3348864303029,1,-999,18.67777,-999,122.7134,0.5610557,False,-99,0.002016621
6449755137246236555,0,5.20611168224775,GALEX J004227.9+412023,10.6164797234644,41.3399240537923,1,-999,23.03778,-999,2.212531,0.6338962,False,-99,0.001715564
2591190603581625305,0,5.20646922016693,GALEX J004239.1+411101,10.6631443265489,41.1837310378886,1,-999,24.69108,-999,0.48258,0.3545871,False,-99,0.002223001
2591190603583724644,0,5.20713760405434,GALEX J004228.0+412024,10.6166902124747,41.3400569877733,3,23.16815,23.53459,1.962198,1.400115,0.6338962,False,0.002157458,0.001553161
2496087245625236983,0,5.20914697928554,GALEX J004216.2+411614,10.5678395345638,41.2706548412864,2,22.02076,-999,5.645463,-999,0.46271,False,0.005394156,-99
2590838759862837024,0,5.20928309101132,GALEX J004227.9+412024,10.6166313171325,41.3400695167669,3,22.81372,23.06135,2.719651,2.165013,0.6338962,False,0.004121189,0.001511238
2495840955020617588,0,5.2146179079958,GALEX J004253.5+412102,10.7231998388131,41.3507549960647,2,20.75616,-999,18.09414,-999,0.6754947,False,0.004537154,-99
2496087245625236787,0,5.21729665449099,GALEX J004304.9+411244,10.7707340331924,41.212228489747,2,22.0092,-999,5.705843,-999,0.4310056,False,0.004120408,-99
6449227371664903757,0,5.21911737925432,GALEX J004227.9+412024,10.6165248609988,41.3402137413776,1,-999,23.16854,-999,1.961471,0.6338962,False,-99,0.001849398
6372252786323622028,0,5.22932263277681,GALEX J004304.3+411235,10.768282390061,41.2098739962129,1,-999,19.73267,-999,46.4444,0.4310056,False,-99,0.00500531
2495946508135831888,0,5.23488237367969,GALEX J004217.3+411741,10.5723280343615,41.2947354629707,1,-999,21.33937,-999,10.57434,0.5241854,False,-99,0.004331772
2495840955020616743,0,5.2367386399211,GALEX J004247.5+411057,10.6979107389004,41.1825790670163,2,19.78646,-999,44.19948,-999,0.3798815,False,0.009643327,-99
6449755137246236263,0,5.24003967601206,GALEX J004217.3+411741,10.5722934507339,41.2949436970079,1,-999,22.27426,-999,4.469874,0.5241854,False,-99,0.003719225
2496087245624182631,0,5.2458830738198,GALEX J004217.3+411741,10.5721454140801,41.2949134092775,1,-999,21.98872,-999,5.8145,0.5241854,False,-99,0.005185351
2590838759860739449,0,5.24646908252618,GALEX J004219.5+411841,10.5816028022142,41.3116310868493,1,-999,24.3137,-999,0.6831583,0.5241854,False,-99,0.001463264
6449192187292813673,0,5.24655388939903,GALEX J004217.3+411741,10.5721323661632,41.2949195680431,1,-999,21.57402,-999,8.519031,0.5241854,False,-99,0.004971371
2495840955020616812,0,5.25138700670002,GALEX J004305.1+411243,10.7714340137897,41.2119686661715,2,22.52711,-999,3.541271,-999,0.4566421,False,0.002086458,-99
2591190603582685542,0,5.27021939510564,GALEX J004306.5+411301,10.777281725492,41.216964200826,2,22.78975,-999,2.780379,-999,0.4566421,False,0.001433193,-99
6449192187292814008,0,5.27100537640522,GALEX J004233.9+412104,10.6415998461169,41.3512333695157,1,-999,21.84916,-999,6.61201,0.6035298,False,-99,0.004531201
2496087245625237365,0,5.27162846498225,GALEX J004239.1+412120,10.6630083880406,41.3556906363485,2,22.21814,-999,4.707003,-999,0.6035298,False,0.005558947,-99
2496087245625237356,0,5.27294973267886,GALEX J004237.9+412117,10.6578981450899,41.3549473858488,2,22.13647,-999,5.074769,-999,0.6035298,False,0.005705013,-99
2591190603581626979,0,5.2740665055474,GALEX J004217.2+411743,10.5716749677541,41.2953601459944,1,-999,22.57777,-999,3.379812,0.5241854,False,-99,0.001465322
6449227371664903484,0,5.2779287808794,GALEX J004217.1+411743,10.5715764624931,41.2953389620027,1,-999,22.41335,-999,3.932401,0.5241854,False,-99,0.001465591
2590838759860739253,0,5.27939563612881,GALEX J004217.1+411743,10.5715698165619,41.2954051692365,1,-999,22.31267,-999,4.314517,0.5241854,False,-99,0.001230184
2495840955019562864,0,5.28111822582959,GALEX J004217.1+411742,10.5714614212095,41.2952397419474,1,-999,22.37148,-999,4.087008,0.5241854,False,-99,0.003145723
2495946508136887567,0,5.2867443667663,GALEX J004215.8+411554,10.566224208342,41.2652232280572,2,22.52064,-999,3.562433,-999,0.46271,False,0.004407587,-99
2495840955020617619,0,5.28803982230805,GALEX J004240.6+412124,10.6692926842512,41.3566674112184,2,22.03175,-999,5.588588,-999,0.6035298,False,0.003678969,-99
6372252786323622335,0,5.2918837537674,GALEX J004312.1+411556,10.8005842999616,41.2657126168343,1,-999,18.06699,-999,215.3797,0.4591042,False,-99,0.008856824
2590838759860740156,0,5.29194307436433,GALEX J004240.6+412124,10.6695276242467,41.3567540093423,1,-999,22.39675,-999,3.993002,0.6035298,False,-99,0.001341982
2496087245625237367,0,5.29399292124914,GALEX J004240.7+412124,10.6696241262795,41.3567969601566,2,21.84891,-999,6.613605,-999,0.6035298,False,0.003134558,-99
2591190603583724896,0,5.29441758113988,GALEX J004240.7+412124,10.6695965882799,41.3568016537418,3,21.61852,22.81925,8.176987,2.705832,0.6035298,False,0.00534242,0.001287843
2590838759860737485,0,5.29498453501302,GALEX J004240.8+411053,10.6703527327543,41.1814586252594,1,-999,23.06918,-999,2.149452,0.3545871,False,-99,0.004161771
6449192187292814037,0,5.29809633186608,GALEX J004240.6+412124,10.6695099161659,41.3568557061101,1,-999,21.09073,-999,13.29562,0.6035298,False,-99,0.005778162
2496087245626280118,0,5.30431667576699,GALEX J004230.8+412050,10.6286895125425,41.3474652099091,3,21.93903,21.77434,6.086823,7.083732,0.6338962,False,0.003260569,0.005870692
2591190603581625340,0,5.30716377942841,GALEX J004240.8+411052,10.6700319144965,41.1812815207287,1,-999,22.78274,-999,2.798357,0.3545871,False,-99,0.004922766
2591190603583724834,0,5.30950709854077,GALEX J004233.9+412106,10.6416168888808,41.3519248345361,3,22.44893,22.8149,3.80567,2.716681,0.6035298,False,0.002298417,0.001469094
2591190603583724675,0,5.31345528148658,GALEX J004228.5+412036,10.6189998150089,41.3433756035981,3,23.21802,25.08641,1.874103,0.3353026,0.6338962,False,0.001684083,0.001435093
2590838759862837220,0,5.31508286816471,GALEX J004233.9+412107,10.6415064628674,41.3519927852842,3,22.48536,22.97081,3.680092,2.353286,0.6035298,False,0.001780692,0.001323426
2496087245626280080,0,5.31624696690752,GALEX J004232.7+412101,10.636390833578,41.3504523249029,3,23.09962,22.70489,2.090028,3.006387,0.6035298,False,0.002990486,0.002827237
2590838759862837074,0,5.31904726393153,GALEX J004228.5+412036,10.6188721865322,41.3434243810012,3,23.60616,24.24088,1.310811,0.7305433,0.6338962,False,0.002567208,0.001287917
6449755137246236741,0,5.32058070390819,GALEX J004240.7+412126,10.6695667373313,41.3572380771922,1,-999,21.09623,-999,13.22843,0.6035298,False,-99,0.005422133
6449227371664903839,0,5.32179510809922,GALEX J004233.9+412107,10.6412617870283,41.3520425806679,1,-999,22.39632,-999,3.994577,0.6035298,False,-99,0.001701427
2496087245624182899,0,5.32294841495081,GALEX J004227.7+412030,10.6156735918693,41.341879871407,1,-999,22.66601,-999,3.115989,0.6338962,False,-99,0.004857771
2495840955021660400,0,5.32337979901841,GALEX J004232.7+412102,10.636640932471,41.3506630226043,3,22.50476,22.85474,3.614924,2.618803,0.6035298,False,0.002849393,0.001900905
6449719952874146315,0,5.32389858498698,GALEX J004232.8+412102,10.6368393779572,41.3507364260869,1,-999,22.80651,-999,2.737748,0.6035298,False,-99,0.002468022
6449755137246236633,0,5.32687210717667,GALEX J004233.8+412107,10.6411984782912,41.3521150119582,1,-999,22.68765,-999,3.054499,0.6035298,False,-99,0.002141822
2591190603583724827,0,5.32717403370163,GALEX J004232.7+412102,10.6366211563219,41.3507254808928,3,22.81959,22.79439,2.704994,2.768507,0.6035298,False,0.001887462,0.001446006
2495840955020617578,0,5.32724645519585,GALEX J004233.8+412107,10.6410386494751,41.3520757832049,2,22.75436,-999,2.872493,-999,0.6035298,False,0.002110931,-99
2496087245625237320,0,5.32841424652353,GALEX J004233.9+412108,10.641599972879,41.352256937469,2,23.0422,-999,2.203549,-999,0.6035298,False,0.001579051,-99
2590838759862837191,0,5.32960198430715,GALEX J004232.7+412102,10.6364940284694,41.3507284049986,3,22.85606,22.96852,2.615648,2.358248,0.6035298,False,0.002127295,0.00130477
2495840955021660389,0,5.33013223069047,GALEX J004230.8+412052,10.6286110633617,41.347920028855,3,21.80824,21.7108,6.866006,7.510652,0.6338962,False,0.004101106,0.004574414
6449719952874146334,0,5.33120094368241,GALEX J004233.9+412108,10.6415268280691,41.3522858421899,1,-999,23.06334,-999,2.161049,0.6035298,False,-99,0.002009641
6449755137246236622,0,5.3325532698006,GALEX J004232.7+412102,10.6363657457754,41.3507403662564,1,-999,22.286,-999,4.421823,0.6035298,False,-99,0.002932361
6449227371664903832,0,5.3333251855854,GALEX J004232.8+412103,10.6366776285037,41.3508552993331,1,-999,22.23846,-999,4.619721,0.6035298,False,-99,0.003139295
2495840955019563196,0,5.33372867761221,GALEX J004227.7+412031,10.6156126144715,41.3420670836003,1,-999,22.40766,-999,3.953093,0.6338962,False,-99,0.002661181
2590838759860739646,0,5.33448146858004,GALEX J004222.5+411939,10.5940682294544,41.3275374086485,1,-999,25.24878,-999,0.2887262,0.5241854,False,-99,0.001022284
2591190603581627307,0,5.33526999089771,GALEX J004222.6+411939,10.5941506005651,41.3276284772636,1,-999,24.50566,-999,0.5724473,0.5241854,False,-99,0.002260444
6449192187292813970,0,5.34645017688938,GALEX J004232.7+412103,10.6363865271067,41.3509994121513,1,-999,22.11041,-999,5.198005,0.6035298,False,-99,0.003379838
6449755137246236629,0,5.34924271034715,GALEX J004230.7+412053,10.6281580684952,41.3481014365468,1,-999,21.45745,-999,9.484601,0.6338962,False,-99,0.00361602
2591190603581630595,0,5.34929893529628,GALEX J004247.7+411050,10.6987306641975,41.180767023402,1,-999,-999,-999,0,0.3798815,False,-99,0.001486998
6372252786323621908,0,5.34989678908451,GALEX J004247.5+411050,10.6981794816745,41.1807036597264,1,-999,17.9103,-999,248.8167,0.3798815,False,-99,0.002111619
2590838759860737429,0,5.3510852403913,GALEX J004243.3+411048,10.6807117181107,41.1800037127581,1,-999,23.03276,-999,2.22278,0.3407273,False,-99,0.002515133
6449192187292813961,0,5.35290683039356,GALEX J004227.9+412034,10.6164202749588,41.3428741542159,1,-999,21.58044,-999,8.468805,0.6338962,False,-99,0.004540897
2591190603581625252,0,5.35357416164452,GALEX J004243.3+411047,10.6804000627242,41.179967710139,1,-999,23.25589,-999,1.809853,0.3407273,False,-99,0.001908217
2591190603583724877,0,5.35416956509767,GALEX J004230.7+412053,10.628159613993,41.3481947943425,3,21.75607,21.84175,7.203996,6.657352,0.6338962,False,0.006617557,0.002438768
6449192187292813979,0,5.3577498493666,GALEX J004230.6+412053,10.6278454773862,41.3481380656879,1,-999,21.70779,-999,7.531541,0.6338962,False,-99,0.002559287
6449227371664903861,0,5.35928817873866,GALEX J004230.7+412053,10.6280077525792,41.3482312625821,1,-999,21.51456,-999,8.998647,0.6338962,False,-99,0.004112118
2590838759862837275,0,5.36062552260952,GALEX J004230.7+412053,10.6280142414576,41.3482590079528,3,21.92571,21.96321,6.161932,5.952728,0.6338962,False,0.004652914,0.002631363
2590838759860739591,0,5.36204772608098,GALEX J004221.3+411924,10.5887319381526,41.323341657528,1,-999,24.42792,-999,0.6149393,0.5241854,False,-99,0.001050864
6449719952874146366,0,5.36209538895362,GALEX J004230.7+412054,10.6282546475284,41.3483812801081,1,-999,21.9895,-999,5.810336,0.6338962,False,-99,0.004949668
2591190603581627534,0,5.36257635745429,GALEX J004227.6+412033,10.6153706929256,41.3425265894801,1,-999,22.56992,-999,3.404325,0.6338962,False,-99,0.001377122
2590838759860739959,0,5.36337227203467,GALEX J004227.6+412032,10.6152237299385,41.3424657979198,1,-999,22.3701,-999,4.092218,0.6338962,False,-99,0.001248622
2591190603581625409,0,5.3646070772449,GALEX J004250.6+411056,10.7111437547643,41.1822376221306,1,-999,21.58967,-999,8.397156,0.3798815,False,-99,0.004541119
2495840955020616659,0,5.36603456294771,GALEX J004243.3+411047,10.6805848371725,41.179756652216,2,21.57075,-999,8.544843,-999,0.3407273,False,0.003907576,-99
2495840955020617570,0,5.36648479394808,GALEX J004259.2+412041,10.7469863398306,41.3447542463977,2,20.17249,-999,30.97471,-999,0.5610557,False,0.006009433,-99
6449227371664903780,0,5.36857237278409,GALEX J004227.7+412033,10.6154902357178,41.3427106678254,1,-999,22.67563,-999,3.088495,0.6338962,False,-99,0.003367399
6449755137246236576,0,5.36903163663606,GALEX J004227.6+412033,10.6151671159923,41.3425511629484,1,-999,22.20144,-999,4.779951,0.6338962,False,-99,0.002055949
2495840955020617293,0,5.36939760545447,GALEX J004312.2+411658,10.8010203618112,41.2827921323587,2,19.57975,-999,53.46922,-999,0.5315093,False,0.008627867,-99
2591190603583724996,0,5.37040516069316,GALEX J004238.7+412125,10.6614738280236,41.3571546039047,3,21.94828,20.1736,6.035152,30.94292,0.6035298,False,0.007121226,0.001468456
6449719952874146272,0,5.37722097448776,GALEX J004227.7+412034,10.6157055109856,41.342997580798,1,-999,22.78008,-999,2.805235,0.6338962,False,-99,0.001396757
6372252786323622773,0,5.37823021729875,GALEX J004238.7+412126,10.6612371435119,41.3572539621669,1,-999,19.79971,-999,43.66337,0.6035298,False,-99,0.004166251
6372252786323621855,0,5.38689886114292,GALEX J004236.1+411058,10.6504875635791,41.1828505861102,1,-999,20.38393,-999,25.49336,0.3545871,False,-99,0.003485413
6449192187292814144,0,5.38753224800176,GALEX J004238.7+412126,10.6614509525558,41.3574417759644,1,-999,19.68019,-999,48.74419,0.6035298,False,-99,0.006631468
2590838759860737390,0,5.39062446170539,GALEX J004245.2+411045,10.688331935603,41.1794016232695,1,-999,24.57819,-999,0.5354546,0.3798815,False,-99,0.001867716
6449755137246236891,0,5.39584653784479,GALEX J004238.8+412127,10.6617578044294,41.3576252637182,1,-999,19.80725,-999,43.36113,0.6035298,False,-99,0.007052855
2591190603583723411,0,5.3981491946484,GALEX J004215.9+411500,10.5663624119173,41.2501221756728,3,22.55035,24.45442,3.466279,0.6001106,0.46271,False,0.003769434,0.001085244
2591190603581630522,0,5.40205428917693,GALEX J004312.7+411625,10.8029635368452,41.2738348566558,1,-999,19.73389,-999,46.39219,0.4591042,False,-99,0.001482206
2590838759862835636,0,5.40239914808576,GALEX J004215.9+411500,10.5662581185091,41.2501494983529,3,21.69755,24.11551,7.602955,0.8199615,0.46271,False,0.006687531,0.001640651
2496087245625236741,0,5.40300061621848,GALEX J004250.8+411054,10.7118590752997,41.1817098539236,2,19.91886,-999,39.12531,-999,0.3798815,False,0.01162617,-99
6372252786323622327,0,5.40435256757863,GALEX J004312.5+411532,10.802405466923,41.25906077347,1,-999,17.77391,-999,282.1198,0.4591042,False,-99,0.01124964
2591190603583722877,0,5.40789829072958,GALEX J004306.5+411247,10.7773481415684,41.2132548500126,3,22.87012,23.47119,2.581982,1.484313,0.4566421,False,0.002911849,0.001749426
2496087245624182728,0,5.40907992819263,GALEX J004219.7+411903,10.5821121701061,41.3175756016362,1,-999,23.55016,-999,1.380185,0.5241854,False,-99,0.001826397
2496087245625236856,0,5.41022220359924,GALEX J004311.2+411422,10.7966739300214,41.2396665331944,2,22.945,-999,2.409926,-999,0.4566421,False,0.003230527,-99
6449719952874145462,0,5.41254504698362,GALEX J004307.4+411301,10.781185206395,41.2169733287529,1,-999,22.14712,-999,5.025184,0.4566421,False,-99,0.002530322
2590838759862835049,0,5.41603351214343,GALEX J004306.5+411247,10.7774536288652,41.2131366676753,3,23.50289,23.62391,1.441602,1.289545,0.4566421,False,0.002170231,0.001462057
2496087245625236785,0,5.41796855701988,GALEX J004306.6+411248,10.7777316095769,41.2133493733639,2,22.79417,-999,2.769073,-999,0.4566421,False,0.002775107,-99
2591190603581627177,0,5.41807797226304,GALEX J004219.6+411903,10.5819733806112,41.3176911488807,1,-999,23.96549,-999,0.941466,0.5241854,False,-99,0.001455909
2590838759862836701,0,5.4221043352288,GALEX J004219.6+411903,10.5819189560824,41.3177519002832,3,23.24646,23.19861,1.825651,1.907902,0.5241854,False,0.002089844,0.001506325
6372252786323622278,0,5.42240394288867,GALEX J004215.3+411533,10.563823869268,41.2592928347688,1,-999,19.10041,-999,83.14508,0.46271,False,-99,0.005315535
2495840955019562992,0,5.42570119327245,GALEX J004219.5+411903,10.5816362123284,41.3175290932114,1,-999,23.23349,-999,1.847581,0.5241854,False,-99,0.002670412
2495946508136886735,0,5.42682224673103,GALEX J004306.5+411246,10.7774100904676,41.2128065472025,2,22.11602,-999,5.171235,-999,0.4566421,False,0.002971413,-99
2590838759860737393,0,5.43127914611081,GALEX J004240.2+411045,10.6678035432126,41.179402113445,1,-999,24.28262,-999,0.7029949,0.3545871,False,-99,0.002336991
2495840955020617633,0,5.43470113784102,GALEX J004255.5+412108,10.7314440947548,41.3522237941694,2,19.64172,-999,50.50277,-999,0.6754947,False,0.008627173,-99
2591190603582685690,0,5.43696287674767,GALEX J004311.1+411416,10.7964210079318,41.23781394808,2,21.12009,-999,12.94094,-999,0.4566421,False,0.006551564,-99
2495840955020617642,0,5.44287907257663,GALEX J004243.3+412135,10.6805691818266,41.3598575568703,2,21.04651,-999,13.84832,-999,0.7432944,False,0.004203786,-99
6449227371664903614,0,5.44430116363642,GALEX J004219.6+411905,10.5816636086248,41.3181389614334,1,-999,23.26909,-999,1.787979,0.5241854,False,-99,0.001760894
2591190603581630481,0,5.44667220256212,GALEX J004252.6+412120,10.7193413798011,41.355821822258,1,-999,18.74129,-999,115.7402,0.6754947,False,-99,0.001566756
2591190603581625205,0,5.4555378085633,GALEX J004242.0+411042,10.6752776490353,41.1784431381997,1,-999,23.77324,-999,1.123841,0.3407273,False,-99,0.002302997
6372252786323622778,0,5.45792154033568,GALEX J004252.6+412121,10.719369989676,41.3560115288617,1,-999,18.67284,-999,123.272,0.6754947,False,-99,0.003729913
2590838759860737374,0,5.4592385410882,GALEX J004242.0+411042,10.6753697611986,41.1783767249375,1,-999,23.75484,-999,1.143043,0.3407273,False,-99,0.001879444
2495946508135832326,0,5.47066530104445,GALEX J004218.0+411836,10.5750157171037,41.3102687763774,1,-999,21.39729,-999,10.02503,0.5241854,False,-99,0.002174997
2590838759860737426,0,5.47101867364379,GALEX J004238.8+411045,10.6618045181346,41.1794322954625,1,-999,22.59659,-999,3.321729,0.3545871,False,-99,0.0022554
2590838759862835325,0,5.47115289145957,GALEX J004309.8+411338,10.7912031934923,41.2274871602145,3,23.19568,24.04781,1.913064,0.8727255,0.4566421,False,0.003809869,0.004955526
6372252786323621924,0,5.4740831712645,GALEX J004255.4+411107,10.7310237179186,41.1852782916733,1,-999,19.28197,-999,70.34161,0.3798815,False,-99,0.006840974
2496087245624182710,0,5.47569811451011,GALEX J004217.9+411837,10.5749690193418,41.3103854202381,1,-999,21.76195,-999,7.165066,0.5241854,False,-99,0.001613515
6449719952874146074,0,5.47644302735817,GALEX J004218.0+411837,10.5750625119632,41.3105514886611,1,-999,22.32224,-999,4.276628,0.5241854,False,-99,0.001432866
2591190603581625325,0,5.476785823906,GALEX J004238.8+411045,10.6616872134284,41.179350575785,1,-999,22.59307,-999,3.332506,0.3545871,False,-99,0.002196779
2591190603581627113,0,5.47690334682837,GALEX J004218.0+411837,10.5749836571342,41.310451653223,1,-999,21.73327,-999,7.35686,0.5241854,False,-99,0.001440355
2496087245625236909,0,5.47718085652621,GALEX J004216.0+411434,10.5670165138408,41.2429591621908,2,21.33085,-999,10.6577,-999,0.46271,False,0.006630724,-99
2495840955019562964,0,5.47850523953742,GALEX J004217.9+411836,10.5747470574424,41.3101583381161,1,-999,21.47038,-999,9.372298,0.5241854,False,-99,0.001696167
2590838759860739482,0,5.47883371697698,GALEX J004217.9+411837,10.5749396395304,41.3104575737143,1,-999,21.38576,-999,10.13204,0.5241854,False,-99,0.001265054
6449755137246236346,0,5.48012224480086,GALEX J004217.9+411837,10.5748899153064,41.3104313191124,1,-999,22.01279,-999,5.686986,0.5241854,False,-99,0.002593152
6449227371664903573,0,5.48034752998601,GALEX J004217.9+411837,10.5749241526392,41.3104904505027,1,-999,21.71241,-999,7.499559,0.5241854,False,-99,0.001463159
6372252786323621905,0,5.49946725194834,GALEX J004238.7+411044,10.6614401291865,41.1790001670247,1,-999,18.48131,-999,147.0533,0.3545871,False,-99,0.008595556
2591190603582685862,0,5.49983069279051,GALEX J004214.7+411547,10.5616417182355,41.263207303254,2,21.54011,-999,8.789366,-999,0.46271,False,0.01110745,-99
2495840955020616697,0,5.50126888573842,GALEX J004251.3+411049,10.7139573255354,41.1804191223425,2,20.82872,-999,16.92446,-999,0.3798815,False,0.004734484,-99
6449192187292813741,0,5.50154766757906,GALEX J004217.8+411838,10.574483188985,41.3106184665499,1,-999,21.52742,-999,8.892677,0.5241854,False,-99,0.002184584
6372252786323621918,0,5.50170744764745,GALEX J004244.1+411038,10.6840217186401,41.1774730043639,1,-999,18.08815,-999,211.2222,0.3407273,False,-99,0.01247488
2495840955020617111,0,5.50181379246547,GALEX J004312.9+411516,10.8037526776469,41.2545202811462,2,20.01619,-999,35.77074,-999,0.4591042,False,0.006502153,-99
2591190603581625286,0,5.50559312078039,GALEX J004251.3+411049,10.7140143629665,41.1803558045896,1,-999,22.24853,-999,4.577075,0.3798815,False,-99,0.001986739
2591190603582686498,0,5.50636023023418,GALEX J004248.9+412134,10.7039814328467,41.3596194267539,2,20.18267,-999,30.68557,-999,0.6754947,False,0.01198293,-99
2496087245624182593,0,5.5121969918319,GALEX J004214.8+411647,10.5619044910772,41.2797280719894,1,-999,-999,-999,-2.982577,0.4256197,False,-99,0.01011546
6449755137246236161,0,5.51392949810296,GALEX J004214.9+411658,10.562406145688,41.2828015947116,1,-999,22.44521,-999,3.818687,0.4256197,False,-99,0.002766974
2496087245624182547,0,5.51393253160566,GALEX J004214.9+411658,10.5624209026114,41.2828759948485,1,-999,22.03436,-999,5.57514,0.4256197,False,-99,0.003472222
2495840955019562780,0,5.51436835824425,GALEX J004214.9+411656,10.5623195858757,41.2824096829802,1,-999,21.93593,-999,6.104205,0.4256197,False,-99,0.002310743
2591190603581626786,0,5.51622574493944,GALEX J004214.9+411657,10.5623360698652,41.2827077006137,1,-999,22.24854,-999,4.57705,0.4256197,False,-99,0.001835263
2591190603583723929,0,5.51794510115814,GALEX J004214.8+411646,10.5617741523333,41.279714864855,3,22.21612,23.22118,4.715801,1.868644,0.4256197,False,0.003838425,0.004492151
2590838759860739077,0,5.5193064424515,GALEX J004214.9+411657,10.5622740049083,41.2827432059889,1,-999,22.44195,-999,3.830176,0.4256197,False,-99,0.001358222
2590838759860739060,0,5.52273514055793,GALEX J004214.8+411647,10.5616844987471,41.279827493637,1,-999,-999,-999,-1.006865,0.4256197,False,-99,0.003398476
2591190603581627376,0,5.52345990650341,GALEX J004222.7+411957,10.5945708087618,41.3326329487557,1,-999,24.48835,-999,0.5816464,0.6338962,False,-99,0.002563063
6449192187292813649,0,5.52539753558667,GALEX J004214.8+411651,10.5618160001518,41.2810003255525,1,-999,21.56809,-999,8.565705,0.4256197,False,-99,0.006609387
2590838759860739731,0,5.52875470584944,GALEX J004222.6+411957,10.594499630005,41.3327048034502,1,-999,24.88258,-999,0.4045465,0.6338962,False,-99,0.001603832
2591190603582685777,0,5.52883227165107,GALEX J004215.8+411434,10.5658651950785,41.2428491494724,2,20.02606,-999,35.44691,-999,0.46271,False,0.01444758,-99
2495840955020617446,0,5.53438490234422,GALEX J004309.6+411852,10.7901386853761,41.3146449368818,2,19.10994,-999,82.4187,-999,0.5315093,False,0.01246282,-99
2495946508137929458,0,5.53829605564953,GALEX J004215.8+411747,10.5660488251619,41.2965977695608,3,21.78622,21.97104,7.006695,5.909918,0.5241854,False,0.004331892,0.005844224
2496087245625237017,0,5.53999787013595,GALEX J004214.7+411647,10.561292111531,41.2797819868171,2,22.24946,-999,4.573184,-999,0.4256197,False,0.003777028,-99
2496087245625236944,0,5.54031292471904,GALEX J004214.5+411549,10.5606919865183,41.2638154435061,2,23.11914,-999,2.052797,-999,0.46271,False,0.00302274,-99
2496087245626279800,0,5.54183189655507,GALEX J004215.8+411747,10.5659653715141,41.2965945631495,3,21.65904,22.76259,7.877486,2.850772,0.5241854,False,0.003368357,0.004282923
6449755137246236129,0,5.54544791847502,GALEX J004214.6+411646,10.5611237570389,41.2794720362382,1,-999,22.34246,-999,4.197735,0.4256197,False,-99,0.003735832
6449227371664903516,0,5.54571794643663,GALEX J004215.8+411747,10.5658551491334,41.2965461297007,1,-999,22.50111,-999,3.627053,0.5241854,False,-99,0.002412141
2495840955021660045,0,5.54729609777161,GALEX J004215.7+411746,10.5657186207077,41.2963023220185,3,21.50515,22.00231,9.07698,5.742184,0.5241854,False,0.003857531,0.003228894
6449755137246236254,0,5.5483889461218,GALEX J004215.7+411747,10.5657643587035,41.296476138231,1,-999,22.64139,-999,3.187459,0.5241854,False,-99,0.001830838
6449227371664903475,0,5.55065694812055,GALEX J004214.7+411652,10.561305235718,41.2813128355002,1,-999,21.43839,-999,9.652603,0.4256197,False,-99,0.00813836
6449719952874145576,0,5.5515066666446,GALEX J004305.2+411218,10.7720344323017,41.2050439905395,1,-999,20.34742,-999,26.36522,0.4310056,False,-99,0.009130539
2590838759862836426,0,5.55359759341543,GALEX J004215.7+411747,10.5656099450819,41.2963942923128,3,21.74949,22.61554,7.247766,3.264266,0.5241854,False,0.003430413,0.001232115
2590838759860739270,0,5.55471206015787,GALEX J004215.9+411755,10.5665515740572,41.2986580889341,1,-999,24.44729,-999,0.6040658,0.5241854,False,-99,0.001547888
2495840955020616714,0,5.5547288918668,GALEX J004259.5+411125,10.7481071590105,41.1904410237875,2,22.29036,-999,4.404096,-999,0.4310056,False,0.001712154,-99
2591190603583724174,0,5.55564095513851,GALEX J004215.7+411747,10.5656675629258,41.2966500909931,3,21.93216,22.46037,6.12543,3.765748,0.5241854,False,0.003673668,0.003016739
2495946508137929119,0,5.55794334094102,GALEX J004214.6+411647,10.5609056446356,41.2798742835914,3,22.36883,20.62149,4.097038,20.48346,0.4256197,False,0.002230651,0.01144785
2591190603581625807,0,5.55927753775832,GALEX J004308.9+411309,10.7872432792589,41.2193619692671,1,-999,23.45455,-999,1.507227,0.4566421,False,-99,0.001901998
2495840955020616655,0,5.55971080584428,GALEX J004245.6+411035,10.6900604688371,41.1766430695003,2,21.02893,-999,14.0744,-999,0.3798815,False,0.004428676,-99
2590838759860737468,0,5.55998186838509,GALEX J004245.7+411036,10.6907368558043,41.1766677685187,1,-999,22.14869,-999,5.017934,0.3798815,False,-99,0.003332631
2590838759862835141,0,5.56028943920198,GALEX J004308.9+411309,10.7871934298157,41.2192719715773,3,23.98532,23.61675,0.9244332,1.298073,0.4566421,False,0.002587349,0.001788543
2590838759861797362,0,5.56114632654058,GALEX J004214.5+411646,10.5607977286415,41.2796348584921,2,22.09485,-999,5.273055,-999,0.4256197,False,0.006429725,-99
2495840955020616704,0,5.5693021219988,GALEX J004238.6+411040,10.661115587859,41.1778616146092,2,18.789,-999,110.7649,-999,0.3545871,False,0.01085448,-99
2590838759860738440,0,5.57003198683137,GALEX J004312.4+411436,10.8019751147422,41.2434161386288,1,-999,23.34543,-999,1.666587,0.4566421,False,-99,0.002928045
2496087245625236979,0,5.57077495045563,GALEX J004214.4+411628,10.5600102969324,41.2745833495436,2,23.29913,-999,1.739201,-999,0.4256197,False,0.001826662,-99
2495840955019562760,0,5.5709275945311,GALEX J004214.5+411644,10.5604873798655,41.2790018907137,1,-999,22.08345,-999,5.328684,0.4256197,False,-99,0.005473221
2495840955020617098,0,5.57143357487633,GALEX J004313.5+411546,10.8065937597386,41.2629560780212,2,21.19083,-999,12.12462,-999,0.4591042,False,0.004108521,-99
6449192187292813659,0,5.57175983967563,GALEX J004215.6+411746,10.5651475494927,41.2962934190809,1,-999,22.47506,-999,3.715134,0.5241854,False,-99,0.00293269
6372252786323622696,0,5.57176400088669,GALEX J004225.6+412031,10.6067728351271,41.3420764464147,1,-999,19.71112,-999,47.37529,0.6338962,False,-99,0.004534043
2591190603583723757,0,5.573522729447,GALEX J004214.3+411627,10.5599268749562,41.2742833278225,3,22.89813,23.92196,2.516231,0.9799812,0.46271,False,0.001826076,0.001324938
2591190603581625681,0,5.57353974893259,GALEX J004307.1+411239,10.7797196368186,41.2110639726062,1,-999,23.8055,-999,1.090935,0.4566421,False,-99,0.001456741
2495946508136887254,0,5.57592299769715,GALEX J004214.3+411627,10.5598742397498,41.2742926007288,2,23.15427,-999,1.987436,-999,0.46271,False,0.001312206,-99
2590838759862835011,0,5.57621803389625,GALEX J004307.1+411239,10.7797042992517,41.2109783267049,3,23.80855,23.90534,1.087881,0.9950931,0.4566421,False,0.00162643,0.001259347
2495946508136887256,0,5.57731209054758,GALEX J004214.3+411547,10.5599138735435,41.2632798549158,2,21.54836,-999,8.722822,-999,0.46271,False,0.006919956,-99
2591190603581626168,0,5.57929569710512,GALEX J004312.5+411435,10.8021282757439,41.2432589818541,1,-999,24.02952,-999,0.8875453,0.4566421,False,-99,0.002792753
2590838759862836031,0,5.57979389649338,GALEX J004214.3+411627,10.5597829048687,41.2742180380913,3,22.98021,23.90983,2.333019,0.99099,0.46271,False,0.001489574,0.001094606
2590838759860738145,0,5.58063185850443,GALEX J004310.7+411344,10.7948462437834,41.2288971638877,1,-999,24.308,-999,0.6867532,0.4566421,False,-99,0.004056749
6372252786323622830,0,5.58128834726445,GALEX J004246.8+412142,10.6951145205489,41.3617663166848,1,-999,18.71758,-999,118.2948,0.6754947,False,-99,0.006143292
2590838759860737373,0,5.5850675316361,GALEX J004239.4+411037,10.6642544118966,41.1771949917827,1,-999,23.93677,-999,0.9666981,0.3545871,False,-99,0.002304257
2591190603581627783,0,5.58856481602091,GALEX J004225.5+412031,10.6063909710254,41.3422067173913,1,-999,19.34989,-999,66.07607,0.6338962,False,-99,0.003385781
2590838759860740183,0,5.59109183577502,GALEX J004225.5+412032,10.6063403252132,41.3422303266028,1,-999,19.30515,-999,68.85548,0.6338962,False,-99,0.003667494
6449755137246236537,0,5.5911737568231,GALEX J004223.0+412007,10.596143537976,41.3354493400704,1,-999,22.02753,-999,5.610332,0.6338962,False,-99,0.003412838
2496087245624182848,0,5.59526325710835,GALEX J004222.9+412007,10.5958112509963,41.335297799561,1,-999,22.43649,-999,3.849475,0.6338962,False,-99,0.001784489
2495840955019563131,0,5.5957347586177,GALEX J004222.9+412007,10.5958047135195,41.3353040011863,1,-999,22.14847,-999,5.018956,0.6338962,False,-99,0.002089862
2495946508136887319,0,5.59889178808465,GALEX J004225.4+412031,10.6059255696382,41.3421488706298,2,19.57287,-999,53.80875,-999,0.6338962,False,0.008311308,-99
6449227371664903723,0,5.60123432364305,GALEX J004223.0+412007,10.5958765590649,41.3354867942875,1,-999,22.05574,-999,5.466407,0.6338962,False,-99,0.001793885
6449755137246235586,0,5.60282521854564,GALEX J004306.1+411224,10.775720111992,41.2067693248112,1,-999,23.0322,-999,2.223914,0.4566421,False,-99,0.002342592
2591190603581627532,0,5.6039995598568,GALEX J004222.9+412007,10.5957147770938,41.3354311196666,1,-999,21.91694,-999,6.211891,0.6338962,False,-99,0.00159254
2590838759860739852,0,5.6068832583624,GALEX J004222.9+412007,10.5956317678657,41.3354369098926,1,-999,21.96598,-999,5.937574,0.6338962,False,-99,0.001358967
2591190603581625269,0,5.60770445654627,GALEX J004240.5+411034,10.6689003746999,41.1763375291525,1,-999,22.7175,-999,2.971672,0.3407273,False,-99,0.002064077
6449192187292813135,0,5.6093057797845,GALEX J004308.1+411251,10.7840907373298,41.2143938368197,1,-999,21.23373,-999,11.65489,0.4566421,False,-99,0.004695381
6449192187292813867,0,5.61046730082036,GALEX J004222.8+412007,10.59535501567,41.3353139687399,1,-999,22.55172,-999,3.461863,0.6338962,False,-99,0.002911013
2495840955020617620,0,5.61389088703674,GALEX J004259.1+412059,10.7464452577976,41.3498324940156,2,19.65553,-999,49.8644,-999,0.5610557,False,0.007718203,-99
2590838759860738104,0,5.61859635033591,GALEX J004310.3+411330,10.7932758268868,41.2251673710522,1,-999,24.46971,-999,0.5917195,0.4566421,False,-99,0.00257335
2591190603581627578,0,5.62035998696117,GALEX J004226.9+412046,10.6122543057794,41.3461327143764,1,-999,-999,-999,-0.1952088,0.6338962,False,-99,0.002526499
2495840955020617685,0,5.6214576753101,GALEX J004246.5+412145,10.6940264607776,41.3625127576068,2,20.20777,-999,29.98435,-999,0.6754947,False,0.007933224,-99
2495840955021660514,0,5.62200902898662,GALEX J004225.4+412033,10.6060331292832,41.3427049255839,3,19.68875,19.26603,48.3616,71.38171,0.6338962,False,0.004408122,0.007058619
6449192187292814023,0,5.62366490244976,GALEX J004225.4+412033,10.6059515633346,41.3426916819262,1,-999,19.411,-999,62.45956,0.6338962,False,-99,0.00680172
2590838759860737381,0,5.62416940607947,GALEX J004240.6+411033,10.6692432059887,41.1760315475985,1,-999,22.8033,-999,2.745865,0.3407273,False,-99,0.00178044
2496087245626280160,0,5.62518688124924,GALEX J004225.4+412034,10.6062041166877,41.3428736066747,3,19.42241,19.2823,61.80704,70.32043,0.6338962,False,0.008167791,0.006074059
2591190603581625226,0,5.62586606001887,GALEX J004236.1+411043,10.6507884681442,41.1786537797388,1,-999,23.32664,-999,1.695676,0.3545871,False,-99,0.003271849
2590838759860739978,0,5.62844276911474,GALEX J004226.8+412046,10.6119134852176,41.3461187523064,1,-999,25.30739,-999,0.2735551,0.6338962,False,-99,0.002510341
6372252786323622736,0,5.62967241012082,GALEX J004256.0+412118,10.7335325315037,41.3550848839494,1,-999,21.06617,-999,13.59975,0.6754947,False,-99,0.003373614
6449719952874146247,0,5.63497637046019,GALEX J004222.9+412009,10.5954072540525,41.335929324379,1,-999,22.4248,-999,3.891157,0.6338962,False,-99,0.00383665
2591190603581627717,0,5.63547480034689,GALEX J004232.3+412120,10.6346015492894,41.3556652997472,1,-999,24.49718,-999,0.5769382,0.6035298,False,-99,0.001333983
2495840955020616639,0,5.6368037833976,GALEX J004243.8+411030,10.6828670787636,41.1752205915131,2,22.85687,-999,2.613696,-999,0.3407273,False,0.002976399,-99
2591190603583722769,0,5.63851343616702,GALEX J004305.4+411212,10.772781042429,41.2035401010656,3,23.05892,22.37858,2.169869,4.060383,0.4310056,False,0.002747891,0.001599186
6449755137246236736,0,5.63856548101175,GALEX J004225.4+412034,10.6059853282297,41.3430280798125,1,-999,19.30834,-999,68.65382,0.6338962,False,-99,0.007687556
2591190603582686408,0,5.63861254151917,GALEX J004225.4+412035,10.6061433882913,41.3431223573745,2,19.42766,-999,61.50892,-999,0.6338962,False,0.008869427,-99
2590838759860737385,0,5.63900882262872,GALEX J004243.9+411030,10.6830116060809,41.1751834978304,1,-999,22.75317,-999,2.875632,0.3407273,False,-99,0.001619594
6372252786323621832,0,5.63906549105104,GALEX J004240.2+411033,10.667792510781,41.1759119792932,1,-999,19.62289,-999,51.38596,0.3407273,False,-99,0.004777821
2590838759862834946,0,5.63927830153739,GALEX J004305.4+411212,10.7727591347644,41.2035049897518,3,23.11843,22.20033,2.054148,4.784837,0.4310056,False,0.002218042,0.001575296
2495840955020617353,0,5.63979167322328,GALEX J004310.4+411848,10.7935730997074,41.3136022397823,2,21.25098,-999,11.47122,-999,0.5315093,False,0.002378617,-99
2590838759861797891,0,5.64096049150099,GALEX J004225.4+412035,10.6061965716707,41.3432033905289,2,19.36826,-999,64.96755,-999,0.6338962,False,0.008798194,-99
6449719952874146415,0,5.64471189189144,GALEX J004225.4+412035,10.605984679675,41.3431580365739,1,-999,19.26165,-999,71.67017,0.6338962,False,-99,0.00638086
6449227371664903912,0,5.64908690456728,GALEX J004225.4+412035,10.6058564360829,41.3431750759054,1,-999,19.14478,-999,79.81525,0.6338962,False,-99,0.007500957
2496087245625236726,0,5.64913798489802,GALEX J004302.0+411137,10.7583715947672,41.1938008699431,2,22.79952,-999,2.755446,-999,0.4310056,False,0.002948673,-99
2591190603581625209,0,5.65281210108047,GALEX J004237.1+411038,10.6548150171867,41.1774274196124,1,-999,23.13931,-999,2.015002,0.3545871,False,-99,0.003000513
2591190603581625183,0,5.65582401186253,GALEX J004246.9+411031,10.6957479539172,41.1753665726811,1,-999,23.58267,-999,1.339463,0.3798815,False,-99,0.00270988
2590838759861797878,0,5.65768638164168,GALEX J004238.8+412143,10.6617342395107,41.3620554556898,2,22.58699,-999,3.351252,-999,0.6035298,False,0.004149364,-99
2496087245625237401,0,5.66467887483473,GALEX J004238.8+412143,10.6619390521329,41.3622004630637,2,22.75865,-999,2.86115,-999,0.6035298,False,0.0038416,-99
2591190603583723197,0,5.66756161154906,GALEX J004311.8+411358,10.7993575722327,41.2329250186837,3,22.14915,22.80231,5.015823,2.748385,0.4566421,False,0.004571212,0.003698122
6449227371664903930,0,5.66879820697974,GALEX J004238.7+412143,10.6613818802554,41.3621969384653,1,-999,22.27951,-999,4.448321,0.6035298,False,-99,0.003798264
2495840955020617305,0,5.66937428617626,GALEX J004313.6+411711,10.8069249033938,41.2865251680717,2,18.87026,-999,102.7774,-999,0.5315093,False,0.01023122,-99
2590838759862835540,0,5.67066812372711,GALEX J004311.8+411359,10.7995124492001,41.2330705428866,3,22.00007,21.84029,5.754036,6.666304,0.4566421,False,0.006025829,0.004845509
2591190603581625447,0,5.67152937672833,GALEX J004251.3+411039,10.7140501412737,41.1775080885005,1,-999,19.66201,-999,49.56724,0.3798815,False,-99,0.001413551
2495840955020616718,0,5.67174361069221,GALEX J004233.0+411051,10.6376959333855,41.1810898060593,2,19.17235,-999,77.81503,-999,0.3545871,False,0.00925708,-99
2496087245625236654,0,5.6735707065512,GALEX J004250.0+411035,10.7084267976832,41.1765099366337,2,21.94202,-999,6.070063,-999,0.3798815,False,0.002860503,-99
2591190603581625156,0,5.67744141150586,GALEX J004242.2+411028,10.676167057066,41.1746962928424,1,-999,23.58271,-999,1.339419,0.3407273,False,-99,0.003588363
2590838759860737761,0,5.68076585770917,GALEX J004304.8+411202,10.7700984537632,41.2005604048234,1,-999,23.50165,-999,1.44325,0.4310056,False,-99,0.003939948
2496087245625236840,0,5.68081978842024,GALEX J004311.9+411359,10.7998600344468,41.233260638875,2,22.3046,-999,4.346725,-999,0.4566421,False,0.002642057,-99
2591190603583724978,0,5.68147960537915,GALEX J004238.7+412144,10.661640929279,41.3624457803302,3,23.01322,23.29923,2.263154,1.739038,0.6035298,False,0.003694839,0.001786557
2590838759860737413,0,5.6839203840463,GALEX J004242.3+411028,10.6762644449731,41.1745839885159,1,-999,23.43185,-999,1.539077,0.3407273,False,-99,0.0042956
2591190603582685454,0,5.68773256305601,GALEX J004256.0+411056,10.7335879783035,41.1822325225116,2,20.87766,-999,16.17854,-999,0.3798815,False,0.01002365,-99
2495840955019562187,0,5.68838998301131,GALEX J004304.6+411159,10.7693886087858,41.1998829768933,1,-999,21.52806,-999,8.887394,0.4310056,False,-99,0.002935788
2495840955020617677,0,5.68979082754719,GALEX J004241.7+412149,10.6740718530852,41.3637410455444,2,20.81787,-999,17.0944,-999,0.6035298,False,0.005905711,-99
2496087245625236723,0,5.69411173286429,GALEX J004256.1+411055,10.7337885053895,41.1821822493918,2,20.77309,-999,17.81416,-999,0.3798815,False,0.008437381,-99
2591190603582685845,0,5.69539632074007,GALEX J004213.9+411523,10.558169754902,41.2565749566165,2,20.90784,-999,15.73505,-999,0.46271,False,0.01059283,-99
6449719952874146409,0,5.69904642711474,GALEX J004238.7+412145,10.6614555510351,41.3627186362429,1,-999,22.42914,-999,3.875626,0.6035298,False,-99,0.002169492
6372252786323621870,0,5.70156234265959,GALEX J004251.4+411037,10.7142808072159,41.1770356502955,1,-999,19.01628,-999,89.84344,0.3798815,False,-99,0.005010674
2495946508136887569,0,5.70502818844471,GALEX J004213.9+411522,10.5579972975112,41.256336592852,2,20.80912,-999,17.23271,-999,0.46271,False,0.008761626,-99
2591190603581625316,0,5.70572907039628,GALEX J004253.7+411044,10.7238630751271,41.1790895807374,1,-999,22.03615,-999,5.56596,0.3798815,False,-99,0.003936574
6372252786323622367,0,5.71290196069763,GALEX J004314.4+411604,10.8100003694586,41.2678777059105,1,-999,18.49212,-999,145.5966,0.4591042,False,-99,0.00895948
2590838759860737401,0,5.71325765712626,GALEX J004247.0+411027,10.6958906901022,41.1744153091809,1,-999,23.75204,-999,1.145992,0.3798815,False,-99,0.005671592
2590838759861796804,0,5.71398084148213,GALEX J004255.9+411053,10.7332761568117,41.181654730027,2,21.14301,-999,12.67062,-999,0.3798815,False,0.0105314,-99
2590838759860739662,0,5.71656591152891,GALEX J004220.2+411943,10.5844989210211,41.3288675651507,1,-999,24.53465,-999,0.5573659,0.5241854,False,-99,0.001625182
2496087245625236690,0,5.71821278610581,GALEX J004257.8+411103,10.7408624602978,41.1842511888322,2,22.17015,-999,4.919743,-999,0.4310056,False,0.005157879,-99
2591190603582685327,0,5.71905262891577,GALEX J004252.5+411039,10.7189189354532,41.1776842098695,2,23.19015,-999,1.922834,-999,0.3798815,False,0.003571738,-99
2591190603581630485,0,5.71927038244835,GALEX J004241.9+412151,10.674767258909,41.3642704684922,1,-999,19.9308,-999,38.69726,0.6035298,False,-99,0.01357119
2495840955020617461,0,5.7205341929045,GALEX J004305.9+412006,10.7749323743745,41.335158665216,2,20.39904,-999,25.1411,-999,0.5610557,False,0.00362167,-99
2496087245625236657,0,5.72239665615817,GALEX J004248.8+411030,10.7035810328791,41.1750171911106,2,22.02345,-999,5.631456,-999,0.3798815,False,0.003849026,-99
2591190603581627323,0,5.72335080538398,GALEX J004220.2+411944,10.5844505611005,41.3290028828459,1,-999,24.02264,-999,0.8931888,0.5241854,False,-99,0.001986937
6372252786323622831,0,5.72476778206884,GALEX J004241.9+412151,10.6746445713452,41.3643560288239,1,-999,19.48411,-999,58.39207,0.6035298,False,-99,0.005906562
6372252786323622383,0,5.72988491925933,GALEX J004314.1+411660,10.8089977701176,41.28333274879,1,-999,18.8415,-999,105.5362,0.5315093,False,-99,0.005231064
2591190603583723327,0,5.72994857279716,GALEX J004313.5+411442,10.8063260779194,41.2452685300414,3,22.8275,24.49544,2.685369,0.5778594,0.4591042,False,0.003002909,0.001291507
2591190603581630676,0,5.735014952781,GALEX J004257.1+412119,10.7379668595256,41.3554929794895,1,-999,14.76389,-999,4512.784,0.5178159,False,-99,0.1197206
2590838759860738393,0,5.73719183464076,GALEX J004313.5+411442,10.8064640074927,41.2451875660582,1,-999,24.47118,-999,0.5909207,0.4591042,False,-99,0.001580476
2591190603581630473,0,5.74021594409631,GALEX J004314.5+411603,10.8106014807212,41.267652567101,1,-999,19.64098,-999,50.53673,0.4591042,False,-99,0.01002083
6372252786323622806,0,5.7438399405959,GALEX J004248.7+412149,10.7033105518306,41.3637141625998,1,-999,18.78445,-999,111.2291,0.6754947,False,-99,0.005369182
2495840955020617206,0,5.74618071681037,GALEX J004314.5+411607,10.8107503266087,41.2688828699356,2,18.75202,-999,114.6023,-999,0.4591042,False,0.01035312,-99
2495840955020617037,0,5.74895528472769,GALEX J004213.6+411523,10.5569674838478,41.2565990151783,2,22.11167,-999,5.192015,-999,0.46271,False,0.003677336,-99
6372252786323622170,0,5.75425770328015,GALEX J004214.8+411423,10.5618183102057,41.239974462738,1,-999,19.29605,-999,69.43529,0.46271,False,-99,0.00278854
2590838759860739910,0,5.76711832197384,GALEX J004223.5+412026,10.5979280005587,41.3407394448841,1,-999,24.23151,-999,0.7368761,0.6338962,False,-99,0.003761245
2591190603581627589,0,5.76724611116089,GALEX J004221.6+412006,10.5901777298959,41.3350582179215,1,-999,22.99314,-999,2.305384,0.5241854,False,-99,0.004716862
2591190603581627510,0,5.76981121730842,GALEX J004223.4+412026,10.5977210635614,41.3406601388003,1,-999,23.90354,-999,0.9967468,0.6338962,False,-99,0.002521255
6372252786323621962,0,5.77087331715601,GALEX J004303.0+411137,10.7628796266027,41.1938537261703,1,-999,19.98952,-999,36.65976,0.4310056,False,-99,0.003207455
2590838759860739870,0,5.77218144915501,GALEX J004221.6+412006,10.5900548709019,41.3350801793376,1,-999,23.16902,-999,1.960607,0.5241854,False,-99,0.002986405
2591190603581630663,0,5.77930204259799,GALEX J004303.1+411137,10.7631135632971,41.1938141695453,1,-999,-999,-999,0,0.4310056,False,-99,0.001658468
2495840955020616869,0,5.77996618772365,GALEX J004218.3+411257,10.5764446114692,41.2160601578041,2,19.19044,-999,76.52928,-999,0.3680691,False,0.008187126,-99
2496087245625236815,0,5.78553948294988,GALEX J004311.1+411326,10.7965688294487,41.2238987952869,2,23.30884,-999,1.723724,-999,0.4566421,False,0.00223327,-99
6372252786323622188,0,5.78714390369812,GALEX J004215.1+411408,10.5629552577101,41.2358120398654,1,-999,18.524,-999,141.3833,0.46271,False,-99,0.007541177
2496087245625236737,0,5.79162007295252,GALEX J004253.9+411040,10.7248039031312,41.1778182688991,2,20.85688,-999,16.49105,-999,0.3798815,False,0.01217191,-99
2591190603581630627,0,5.79260074673204,GALEX J004257.0+411054,10.7378722622276,41.1817711057538,1,-999,-999,-999,0,0.4310056,False,-99,0.02057027
6449227371664903732,0,5.79427248792078,GALEX J004221.5+412007,10.5896782993355,41.3353169350131,1,-999,22.62176,-999,3.245594,0.5241854,False,-99,0.003696078
2590838759860737282,0,5.79673798762009,GALEX J004240.7+411023,10.6696432211893,41.173104698076,1,-999,24.7256,-999,0.467476,0.3407273,False,-99,0.001781342
2495840955020616617,0,5.80234762787589,GALEX J004244.7+411020,10.6862661259204,41.1724860365785,2,21.65525,-999,7.904964,-999,0.3407273,False,0.003711697,-99
2495840955020617551,0,5.80252362585011,GALEX J004225.6+412048,10.6068023479244,41.3469337718129,2,21.29642,-999,11.00101,-999,0.6338962,False,0.002332313,-99
2591190603581627622,0,5.80280260179415,GALEX J004225.6+412049,10.6068987792785,41.3469930642825,1,-999,21.45488,-999,9.507076,0.6338962,False,-99,0.002093708
2591190603582685584,0,5.80373642558502,GALEX J004217.5+411309,10.573140999707,41.2192502280584,2,23.44719,-999,1.517497,-999,0.3680691,False,0.002893634,-99
2591190603583723055,0,5.80545932157488,GALEX J004311.2+411325,10.7968909524849,41.2236475642777,3,22.39879,23.32173,3.985512,1.703363,0.4566421,False,0.004321276,0.002064269
2590838759860738124,0,5.80581656311425,GALEX J004311.2+411324,10.7968683276353,41.223603078595,1,-999,22.7382,-999,2.91554,0.4566421,False,-99,0.002096673
2590838759860740034,0,5.80741883511611,GALEX J004225.6+412049,10.6067548673671,41.347008888053,1,-999,21.47703,-999,9.315119,0.6338962,False,-99,0.001606398
2495840955020617382,0,5.8079506367015,GALEX J004217.4+411907,10.5726830999833,41.3187510703149,2,22.24488,-999,4.592496,-999,0.5241854,False,0.002639376,-99
2496087245625237318,0,5.80825671619095,GALEX J004244.0+412157,10.6836041650569,41.3659707315594,2,18.54934,-999,138.1225,-999,0.5379065,False,0.03607086,-99
2590838759860737349,0,5.80947237599854,GALEX J004244.8+411020,10.686990510615,41.1723812114171,1,-999,21.72499,-999,7.413127,0.3407273,False,-99,0.002192967
6372252786323621799,0,5.81346736315636,GALEX J004244.9+411020,10.6874473084264,41.1723249703652,1,-999,19.86341,-999,41.17503,0.3407273,False,-99,0.005390767
2590838759861796786,0,5.81474543417282,GALEX J004257.8+411056,10.7409557329945,41.1824846956646,2,21.36226,-999,10.35379,-999,0.4310056,False,0.008927601,-99
2591190603581625121,0,5.81573259998154,GALEX J004239.0+411024,10.6628769704537,41.1734668335265,1,-999,23.50193,-999,1.442869,0.3407273,False,-99,0.001880729
2590838759860737276,0,5.83178386138971,GALEX J004239.0+411023,10.6625444838911,41.1732363207343,1,-999,24.29153,-999,0.6972458,0.3407273,False,-99,0.002863066
6449719952874145450,0,5.83647319443789,GALEX J004309.7+411253,10.7906045327689,41.2147957210446,1,-999,23.7879,-999,1.108762,0.4566421,False,-99,0.002055297
2591190603583723337,0,5.83752232820038,GALEX J004313.3+411414,10.805612391515,41.2373127448637,3,22.75846,19.15894,2.861671,78.78175,0.4566421,False,0.002651997,0.001379112
2590838759862835619,0,5.83881116262018,GALEX J004313.3+411414,10.8056216043949,41.2372672437667,3,23.06441,19.1182,2.158931,81.79372,0.4566421,False,0.004124934,0.001344843
6372252786323622173,0,5.84000835429942,GALEX J004313.3+411413,10.8055447595388,41.2370411748029,1,-999,18.94786,-999,95.68792,0.4566421,False,-99,0.004232444
2495946508136887281,0,5.84112960914196,GALEX J004213.9+411738,10.558045065468,41.29392539616,2,23.14524,-999,2.004045,-999,0.4256197,False,0.003229364,-99
6372252786323622800,0,5.84282322275233,GALEX J004251.5+412149,10.7147418662784,41.3636465280556,1,-999,18.65501,-999,125.3123,0.6754947,False,-99,0.006443459
2591190603581625418,0,5.84630580378174,GALEX J004254.0+411037,10.7252633392138,41.1769732517818,1,-999,21.85647,-999,6.567679,0.3798815,False,-99,0.005074765
2590838759862836384,0,5.84823560717414,GALEX J004213.8+411736,10.5577605106974,41.2935738091447,3,23.17279,24.673,1.953825,0.4906822,0.4256197,False,0.003923075,0.002135701
2591190603582685420,0,5.85267882001684,GALEX J004257.5+411052,10.7398404119761,41.1813675799872,2,21.97129,-999,5.908625,-999,0.4310056,False,0.008508598,-99
2591190603581625237,0,5.85375723343613,GALEX J004249.7+411023,10.7071952171505,41.1732691862686,1,-999,21.94407,-999,6.058591,0.3798815,False,-99,0.001717845
2590838759862837363,0,5.85448311806853,GALEX J004234.9+412145,10.6455548928541,41.3625245975214,3,23.69523,23.97405,1.207566,0.9340734,0.6035298,False,0.002025821,0.001939696
6372252786323621843,0,5.85539380678195,GALEX J004257.5+411052,10.7397599826888,41.181288082821,1,-999,20.28119,-999,28.02357,0.4310056,False,-99,0.002374091
2591190603581627801,0,5.85830446338125,GALEX J004234.9+412145,10.6456557951256,41.3626141511354,1,-999,24.37739,-999,0.6442348,0.6035298,False,-99,0.002199004
6372252786323621781,0,5.85843469018226,GALEX J004249.2+411022,10.7052039156512,41.1729218481809,1,-999,21.29062,-999,11.05989,0.3798815,False,-99,0.002744079
2591190603581633080,0,5.85850930654363,GALEX J004218.4+411930,10.5769484201963,41.3252529239199,1,-999,-999,-999,0,0.5241854,False,-99,0.003548505
6372252786323622667,0,5.85856249377173,GALEX J004305.6+412022,10.7735694088215,41.3394451891994,1,-999,19.65664,-999,49.81336,0.5610557,False,-99,0.004228768
2495946508136886768,0,5.85913546411906,GALEX J004218.4+411931,10.5769749736945,41.3252995402655,2,20.76405,-999,17.96309,-999,0.5241854,False,0.003047637,-99
2591190603582686175,0,5.8595076176891,GALEX J004218.4+411930,10.5769297188372,41.3252618755759,2,20.9903,-999,14.58412,-999,0.5241854,False,0.003978274,-99
2590838759861797681,0,5.85972902577572,GALEX J004218.4+411931,10.5769458604365,41.325285596614,2,20.72915,-999,18.54993,-999,0.5241854,False,0.008708153,-99
2590838759860737417,0,5.86052350513798,GALEX J004243.6+411017,10.6820592861438,41.1714959761373,1,-999,22.30061,-999,4.36271,0.3407273,False,-99,0.007838476
2495946508135832674,3138661632107879522,5.86059889979054,GALEX J004221.8+412016,10.5909304310193,41.3378853352518,1,-999,17.31729,-999,429.6195,0.5241854,True,-99,0.07195401
2590838759861797481,0,5.86145912695999,GALEX J004312.3+411835,10.8015044467864,41.3099038526498,2,23.49862,-999,1.447288,-999,0.5315093,False,0.002271669,-99
2495946508135830826,3138661632107877674,5.86671965211835,GALEX J004215.9+411842,10.5662802118612,41.3118909471191,1,-999,13.76654,-999,11307.93,0.5241854,True,-99,0.2359436
2496087245625237229,0,5.86774322501692,GALEX J004218.4+411931,10.5769086071678,41.3254781716626,2,20.84624,-999,16.65359,-999,0.5241854,False,0.005450957,-99
2495840955021660239,0,5.87027050794467,GALEX J004218.3+411930,10.5765040953496,41.3251175314416,3,20.87481,20.99158,16.22102,14.56685,0.5241854,False,0.003187264,0.00559497
2495946508136886707,0,5.87037079060242,GALEX J004309.8+411251,10.7911654676765,41.2144111014786,2,23.13667,-999,2.019919,-999,0.4566421,False,0.003101144,-99
2496087245625237406,0,5.87200989625067,GALEX J004248.3+412157,10.7016261690311,41.366064322424,2,21.5772,-999,8.494212,-999,0.6754947,False,0.004612881,-99
2496087245625236663,0,5.87420440802093,GALEX J004257.7+411052,10.7406138264946,41.1812518689202,2,22.56545,-999,3.41839,-999,0.4310056,False,0.003399735,-99
6449755137246236479,0,5.87788379274736,GALEX J004218.4+411931,10.5766837837483,41.3255318783271,1,-999,21.0256,-999,14.11755,0.5241854,False,-99,0.005396246
2496087245625236918,0,5.88208412439631,GALEX J004314.5+411453,10.810699361514,41.2481077368223,2,21.59947,-999,8.321727,-999,0.4591042,False,0.004382791,-99
6449192187292813834,0,5.88272422170239,GALEX J004218.3+411931,10.5764763541057,41.3254502705747,1,-999,20.4941,-999,23.03342,0.5241854,False,-99,0.005956101
6372252786323622863,0,5.88383210940185,GALEX J004245.5+412201,10.6895907856125,41.3671178546162,1,-999,18.89757,-999,100.224,0.6754947,False,-99,0.007841323
2591190603582686459,0,5.88438495423438,GALEX J004252.5+412148,10.7190926973213,41.3634904594604,2,21.16364,-999,12.43211,-999,0.6754947,False,0.008364754,-99
2591190603581626607,0,5.88740520864278,GALEX J004212.6+411622,10.5528800648997,41.2730057511979,1,-999,22.41032,-999,3.943393,0.4256197,False,-99,0.001648294
2496087245625236847,0,5.88832775438129,GALEX J004313.6+411413,10.806666891247,41.2370150269733,2,23.28997,-999,1.753942,-999,0.4566421,False,0.00281687,-99
2590838759860738892,0,5.89029823256089,GALEX J004212.6+411623,10.5528188046088,41.2730629167107,1,-999,22.28325,-999,4.433025,0.4256197,False,-99,0.001423945
2495840955020616981,0,5.89085739492256,GALEX J004213.9+411428,10.5581145197541,41.2412787722968,2,21.03486,-999,13.99775,-999,0.46271,False,0.004539935,-99
2590838759861797176,0,5.89212179952558,GALEX J004213.1+411505,10.55480467058,41.2515974170253,2,22.01186,-999,5.69191,-999,0.46271,False,0.006262596,-99
2591190603583724905,0,5.89315450548458,GALEX J004230.6+412129,10.6277541428662,41.3580727850042,3,23.41696,23.72462,1.560339,1.175314,0.6338962,False,0.001621732,0.001240134
2590838759862835791,0,5.89326509734243,GALEX J004212.7+411534,10.5532834622968,41.2596106560396,3,23.57257,24.55626,1.351988,0.5463832,0.46271,False,0.002965162,0.00211416
2590838759862837285,0,5.89682306668326,GALEX J004230.6+412129,10.6277437240898,41.3581366653561,3,23.098,24.03372,2.093153,0.8841245,0.6338962,False,0.001387475,0.001165415
6449192187292813230,0,5.89986373874785,GALEX J004312.3+411337,10.8015116899422,41.2270476888042,1,-999,21.168,-999,12.3823,0.4566421,False,-99,0.004088711
2495840955020617150,0,5.90232271540643,GALEX J004212.6+411623,10.5525575541717,41.2731697098229,2,21.67196,-999,7.784294,-999,0.4256197,False,0.002959698,-99
2591190603581627606,0,5.90379267753485,GALEX J004224.0+412042,10.6001265427261,41.3451614420338,1,-999,22.55365,-999,3.455721,0.6338962,False,-99,0.002585363
2496087245625236634,0,5.90577880942908,GALEX J004250.8+411023,10.7118266577486,41.1730986161636,2,21.68484,-999,7.692439,-999,0.3798815,False,0.003889967,-99
2591190603583722544,0,5.90601528451994,GALEX J004302.5+411123,10.7606342441852,41.1897351987163,3,23.31034,23.99736,1.721328,0.914227,0.4310056,False,0.002644209,0.00154124
2590838759860737269,0,5.90649285876593,GALEX J004242.8+411014,10.6784190895003,41.1707945426491,1,-999,23.08348,-999,2.121323,0.3407273,False,-99,0.003869674
2495840955020617681,0,5.90752409673641,GALEX J004244.3+412203,10.6847218803533,41.3676198784345,2,19.64583,-999,50.31193,-999,0.5379065,False,0.01320236,-99
6372252786323622812,0,5.90999812102072,GALEX J004247.2+412201,10.6966635502289,41.3671565094216,1,-999,19.7332,-999,46.42139,0.6754947,False,-99,0.00406354
2495840955019562586,0,5.91138540308513,GALEX J004212.7+411533,10.5529104256777,41.2593788733758,1,-999,22.75061,-999,2.88242,0.46271,False,-99,0.003224512
2590838759860739989,0,5.91182625754913,GALEX J004223.9+412042,10.5999139628927,41.3452034224124,1,-999,22.52088,-999,3.561634,0.6338962,False,-99,0.003119965
2591190603583722320,0,5.9137173709547,GALEX J004250.9+411023,10.7123925196046,41.1730588687287,3,20.98667,23.04376,14.63305,2.200362,0.3798815,False,0.009487528,0.00244916
2495840955020617101,0,5.9153465846897,GALEX J004315.3+411532,10.8137945892959,41.2590124778816,2,19.95059,-999,37.99841,-999,0.4591042,False,0.004430776,-99
6449227371664903940,0,5.91810896549957,GALEX J004238.0+412157,10.6583461676153,41.3660000104441,1,-999,22.63705,-999,3.200227,0.6035298,False,-99,0.003261759
6449719952874145472,0,5.91911686375896,GALEX J004310.5+411258,10.7939896400997,41.2161656139033,1,-999,22.68984,-999,3.048343,0.4566421,False,-99,0.003505339
2590838759860739861,0,5.91981868618505,GALEX J004221.5+412018,10.5896757408172,41.3383355427138,1,-999,24.06638,-999,0.857922,0.5241854,False,-99,0.003037002
6372252786323622663,0,5.92585659000698,GALEX J004219.9+411958,10.5830460985925,41.3330268916551,1,-999,20.19551,-999,30.32472,0.5241854,False,-99,0.004822688
2590838759862837421,0,5.92809296028469,GALEX J004238.0+412158,10.6586235029028,41.3662095735025,3,23.85824,24.07316,1.039221,0.8525843,0.6035298,False,0.002723297,0.001675116
2496087245624182932,0,5.92877494942785,GALEX J004217.5+411923,10.573170596432,41.3231458537098,1,-999,19.71138,-999,47.36406,0.5241854,False,-99,0.00759073
2591190603581630486,0,5.9288068159879,GALEX J004244.7+412204,10.6865219549389,41.3679510893226,1,-999,18.872,-999,102.6127,0.5379065,False,-99,0.03702885
2591190603581627862,0,5.92989518300579,GALEX J004238.1+412158,10.6588307262002,41.3662697818441,1,-999,24.87567,-999,0.4071276,0.6035298,False,-99,0.002042948
6449227371664903791,0,5.9300533453731,GALEX J004217.6+411924,10.5734856474056,41.3235461774277,1,-999,19.43856,-999,60.89386,0.5241854,False,-99,0.006112274
2495840955020617680,0,5.93681420095782,GALEX J004240.8+412203,10.6703740387103,41.3676336987562,2,22.25348,-999,4.556257,-999,0.6035298,False,0.003668483,-99
2496087245624183038,0,5.9396065849782,GALEX J004237.7+412158,10.657333309815,41.3662149818042,1,-999,23.57467,-999,1.349371,0.6035298,False,-99,0.003354549
2495840955020617607,0,5.94162284357696,GALEX J004300.2+412114,10.7512156901334,41.3540579549707,2,21.18734,-999,12.16372,-999,0.5178159,False,0.004170704,-99
2495840955020616640,0,5.94165265101948,GALEX J004234.6+411028,10.6444422390441,41.1745582705489,2,20.83517,-999,16.82419,-999,0.3545871,False,0.0037566,-99
6372252786323622331,0,5.94311073795582,GALEX J004315.4+411531,10.8143679696576,41.2586882172657,1,-999,18.41163,-999,156.8006,0.4591042,False,-99,0.008018843
2591190603581630597,0,5.9439235100861,GALEX J004315.4+411531,10.8144076451232,41.2588405612425,1,-999,-999,-999,0,0.4591042,False,-99,0.003017933
2495840955021660363,0,5.94691626168975,GALEX J004219.8+412000,10.5827863788121,41.3333396518624,3,20.71166,20.39003,18.85118,25.35051,0.5241854,False,0.005766944,0.006702991
2495840955019563360,0,5.94758720578563,GALEX J004238.0+412159,10.6584778127519,41.3665194356961,1,-999,22.94729,-999,2.404822,0.6035298,False,-99,0.001725686
2495840955021660314,0,5.9484755151558,GALEX J004217.2+411919,10.5717752339702,41.3221195178272,3,20.28957,20.01395,27.80829,35.84417,0.5241854,False,0.00172058,0.002441864
2496087245626280146,0,5.95105364218901,GALEX J004232.5+412141,10.6356258459212,41.3616520552974,3,22.97128,22.80898,2.352278,2.731542,0.6035298,False,0.002118886,0.001876514
2495840955019563320,0,5.95171114331172,GALEX J004232.5+412141,10.6354373485338,41.3616088321621,1,-999,22.84877,-999,2.633238,0.6035298,False,-99,0.001704974
2496087245624183051,0,5.95180130257278,GALEX J004239.4+412202,10.6644506766597,41.3673443479986,1,-999,23.40851,-999,1.572514,0.6035298,False,-99,0.002805479
2590838759861797827,0,5.95350009005463,GALEX J004217.2+411920,10.5718788084862,41.3223990319615,2,19.89542,-999,39.97924,-999,0.5241854,False,0.01037497,-99
2590838759860737291,0,5.95361496472783,GALEX J004244.8+411011,10.6868330719075,41.1699746760985,1,-999,22.02801,-999,5.607838,0.3407273,False,-99,0.00308291
2495946508136887296,3138661632107885568,5.95422680622047,GALEX J004217.2+411920,10.5718499396265,41.3223874738756,2,20.05869,-999,34.39746,-999,0.5241854,True,0.002183583,-99
2591190603583724873,0,5.95429987895275,GALEX J004219.8+412000,10.5826672375233,41.3334244231007,3,20.72982,20.15712,18.53843,31.41596,0.5241854,False,0.005598414,0.004432501
2591190603583724973,0,5.95431116653082,GALEX J004232.5+412142,10.6356410102865,41.3617146933434,3,22.71693,22.45758,2.973239,3.775448,0.6035298,False,0.001535426,0.001379142
2496087245626280035,0,5.95477297220803,GALEX J004219.8+412000,10.582721648449,41.3334847080486,3,20.64215,20.39621,20.09759,25.20676,0.5241854,False,0.004872347,0.005223392
2495840955020617513,0,5.95609030137112,GALEX J004304.0+412046,10.7666840121516,41.346199355001,2,21.67385,-999,7.770739,-999,0.5610557,False,0.003365421,-99
2590838759862837353,0,5.9562645043487,GALEX J004232.5+412142,10.6355298965191,41.3617172688967,3,22.89333,22.46062,2.52737,3.764877,0.6035298,False,0.001693258,0.001356371
2590838759862835584,0,5.95742342173263,GALEX J004314.3+411424,10.8096654960328,41.2402118009993,3,22.40123,23.18048,3.976572,1.940035,0.4591042,False,0.005313389,0.0053875
2591190603581625754,0,5.95789086407757,GALEX J004310.7+411257,10.7948140479599,41.2159363345375,1,-999,24.01742,-999,0.8974935,0.4566421,False,-99,0.002684233
2590838759862837380,0,5.95791908839876,GALEX J004219.8+412000,10.5827079439546,41.3335535502372,3,20.61456,20.06786,20.61466,34.10809,0.5241854,False,0.006677391,0.004747318
2590838759860738042,0,5.95891466797998,GALEX J004312.0+411321,10.8000990457261,41.222737824206,1,-999,23.84567,-999,1.051314,0.4566421,False,-99,0.001804446
6449755137246236711,0,5.95902670537261,GALEX J004232.5+412142,10.6355822817901,41.3617818999057,1,-999,22.51931,-999,3.56678,0.6035298,False,-99,0.001855727
2590838759860737931,0,5.96161413009537,GALEX J004310.7+411256,10.7947693193399,41.2157680224455,1,-999,24.17836,-999,0.7738503,0.4566421,False,-99,0.001826996
6449192187292813900,0,5.96262422328777,GALEX J004219.7+412000,10.5823416479307,41.3333504098379,1,-999,20.42472,-999,24.55332,0.5241854,False,-99,0.006918316
2591190603581633079,0,5.96276754179526,GALEX J004217.2+411921,10.5718339128657,41.3226338134724,1,-999,-999,-999,0,0.5241854,False,-99,0.001829649
2590838759860737350,0,5.96301168368936,GALEX J004246.2+411012,10.6928567207756,41.1700416369911,1,-999,22.16459,-999,4.944992,0.3407273,False,-99,0.00461891
6372252786323622602,0,5.96305009643784,GALEX J004217.2+411921,10.5719046414494,41.322725810601,1,-999,19.24621,-999,72.69675,0.5241854,False,-99,0.003518155
2591190603582686213,0,5.96449201400676,GALEX J004217.2+411921,10.5718318763348,41.3226848722455,2,20.02323,-999,35.53938,-999,0.5241854,False,0.00157544,-99
2495946508136887344,3138661632107885616,5.9649815841426,GALEX J004219.7+412000,10.5822848773347,41.3333608324325,2,20.61861,-999,20.53794,-999,0.5241854,True,0.005052714,-99
6449227371664903776,0,5.96511846349898,GALEX J004219.7+412000,10.5824600228442,41.3335197401063,1,-999,20.30742,-999,27.35462,0.5241854,False,-99,0.005818913
6449755137246236587,0,5.96513190767871,GALEX J004219.7+412000,10.5824244618129,41.333488592587,1,-999,20.46175,-999,23.73007,0.5241854,False,-99,0.005724436
6449227371664903903,0,5.96520405633417,GALEX J004232.4+412142,10.6353450909035,41.3618231984299,1,-999,22.4824,-999,3.690107,0.6035298,False,-99,0.002200514
6449719952874146406,0,5.96542067166896,GALEX J004232.6+412143,10.6358721929968,41.3619801141896,1,-999,23.20508,-999,1.896572,0.6035298,False,-99,0.002280388
2591190603581625864,0,5.96761244107418,GALEX J004312.1+411322,10.8004334827842,41.2229037707232,1,-999,23.78699,-999,1.109692,0.4566421,False,-99,0.002122947
6449755137246236526,0,5.96762792692112,GALEX J004217.2+411921,10.571782569429,41.3227240044525,1,-999,20.041,-999,34.96219,0.5241854,False,-99,0.006654108
2496087245626279691,0,5.9684414320156,GALEX J004212.3+411640,10.5514870377669,41.2778809925081,3,20.16325,20.29601,31.23939,27.64364,0.4256197,False,0.001768707,0.001900891
6372252786323622369,0,5.96864007361249,GALEX J004212.3+411640,10.5514899786673,41.2779442342203,1,-999,20.36265,-999,25.99789,0.4256197,False,-99,0.00407193
2590838759860738117,0,5.96921193409853,GALEX J004312.4+411330,10.8019322864884,41.2250519565669,1,-999,23.98221,-999,0.9270748,0.4566421,False,-99,0.002094949
6449719952874146227,0,5.97085204999585,GALEX J004217.2+411922,10.5718525177739,41.3229059081138,1,-999,19.83825,-999,42.14058,0.5241854,False,-99,0.008468938
2496087245625237240,0,5.97124287437899,GALEX J004217.2+411922,10.5718199130107,41.3228797532238,2,19.98655,-999,36.76051,-999,0.5241854,False,0.001609921,-99
6449192187292814040,0,5.97153960970684,GALEX J004232.3+412142,10.6349394306278,41.3618175349807,1,-999,22.21219,-999,4.732859,0.6035298,False,-99,0.002921135
2591190603581626205,0,5.97257265684386,GALEX J004314.4+411425,10.8101502084025,41.2405435477544,1,-999,22.74603,-999,2.894594,0.4591042,False,-99,0.005405423
2591190603582686449,0,5.97270428848279,GALEX J004240.9+412205,10.6706767344044,41.3682568408119,2,22.35641,-999,4.144164,-999,0.6035298,False,0.003397739,-99
2495946508137929144,3138661632107878840,5.97358743948645,GALEX J004212.3+411639,10.5513541157584,41.2777210439585,3,20.09807,20.06887,33.17225,34.07624,0.4256197,True,0.001569833,0.004708601
2591190603583723903,0,5.97551104623413,GALEX J004212.3+411640,10.5513193959546,41.2777919507807,3,20.10167,20.2775,33.06244,28.119,0.4256197,False,0.001681189,0.001807189
2590838759860740267,0,5.97589240410527,GALEX J004237.5+412200,10.6562583853569,41.3666669079955,1,-999,24.16497,-999,0.783447,0.6035298,False,-99,0.001376768
6449719952874146267,0,5.97653836959673,GALEX J004219.7+412001,10.5824105563595,41.3337699773191,1,-999,20.63693,-999,20.19415,0.5241854,False,-99,0.005405053
6449755137246236150,0,5.97676724687422,GALEX J004212.3+411640,10.5513017420121,41.2778814045418,1,-999,20.46885,-999,23.5753,0.4256197,False,-99,0.002357987
2590838759860738995,0,5.97679668707143,GALEX J004212.4+411654,10.5518630213707,41.2818226964188,1,-999,24.38663,-999,0.6387773,0.4256197,False,-99,0.001120126
2590838759862836221,0,5.97866506232277,GALEX J004212.3+411640,10.5512506097585,41.2778043362476,3,19.9535,20.15185,37.89662,31.56888,0.4256197,False,0.001591559,0.001573206
6449227371664903405,0,5.97971431018088,GALEX J004212.3+411640,10.5512428201308,41.2779389327801,1,-999,20.14958,-999,31.63512,0.4256197,False,-99,0.001673219
2590838759860738456,0,5.980336567458,GALEX J004314.9+411444,10.8122297944945,41.2458156683846,1,-999,24.68348,-999,0.4859677,0.4591042,False,-99,0.003050621
2591190603581627867,0,5.98057357073734,GALEX J004237.4+412200,10.6561315266313,41.3667267031145,1,-999,24.75821,-999,0.4536456,0.6035298,False,-99,0.001313858
2591190603581626204,0,5.98064165184703,GALEX J004314.9+411443,10.8121433718586,41.2455271274669,1,-999,23.66809,-999,1.238124,0.4591042,False,-99,0.003473699
2590838759860738138,0,5.98084155280901,GALEX J004312.8+411338,10.8036571634394,41.2273095059026,1,-999,23.52776,-999,1.408953,0.4566421,False,-99,0.005001654
2495840955020616606,0,5.98086293385876,GALEX J004244.7+411010,10.686274548116,41.1695101717586,2,20.82632,-999,16.96188,-999,0.3407273,False,0.00581548,-99
2495840955020617412,0,5.98341242943729,GALEX J004311.2+411914,10.7970426202424,41.3206068375883,2,21.53204,-999,8.854915,-999,0.5315093,False,0.004093627,-99
2495840955021659915,0,5.98455703709232,GALEX J004212.2+411638,10.5510821136113,41.2774721161615,3,20.20639,20.17472,30.02239,30.91095,0.4256197,False,0.001900434,0.002160479
6449192187292813875,0,5.98458787105716,GALEX J004217.1+411922,10.5713906700025,41.3227881495026,1,-999,19.90248,-999,39.71992,0.5241854,False,-99,0.007362477
6449755137246235725,0,5.98790116720108,GALEX J004311.2+411302,10.7967175123954,41.2172898808228,1,-999,20.39269,-999,25.28843,0.4566421,False,-99,0.01061862
6372252786323622852,0,5.99033238468163,GALEX J004254.0+412150,10.7251287360586,41.3639420873651,1,-999,18.27292,-999,178.1685,0.6754947,False,-99,0.009660912
6449192187292813579,0,5.99580651573313,GALEX J004212.2+411640,10.5508753502441,41.2778592030693,1,-999,20.16871,-999,31.08258,0.4256197,False,-99,0.001997255
2495840955020617627,0,6.00012028872647,GALEX J004258.5+412129,10.744090342098,41.3581489630876,2,19.49884,-999,57.60562,-999,0.5178159,False,0.01062955,-99
2591190603581630677,0,6.00177323703796,GALEX J004302.2+412104,10.7595571255702,41.3511895203351,1,-999,13.81,-999,10864.23,0.5610557,False,-99,0.1367358
2496087245626279940,0,6.00516187281884,GALEX J004214.0+411814,10.5584494291903,41.3039696595398,3,19.87587,20.06818,40.70562,34.09804,0.4256197,False,0.003329589,0.004081042
2495840955021660171,0,6.00551006107293,GALEX J004214.0+411813,10.5583142609228,41.3037108752696,3,19.90334,20.01846,39.68877,35.69563,0.4256197,False,0.003089651,0.004699627
2495840955020617490,0,6.00600011527287,GALEX J004309.1+411951,10.7881347100454,41.3309813958714,2,19.51373,-999,56.82133,-999,0.5610557,False,0.007447428,-99
2496087245626279678,0,6.00695176117172,GALEX J004212.0+411609,10.5501330525962,41.2692953412781,3,19.66856,19.73414,49.26954,46.38124,0.4256197,False,0.008910804,0.006653714
2591190603581633231,0,6.009437781323,GALEX J004213.9+411813,10.5582948285349,41.3038608691838,1,-999,-999,-999,0,0.4256197,False,-99,0.00379374
6372252786323622323,0,6.01024204004659,GALEX J004212.0+411610,10.5500606979346,41.269549827286,1,-999,20.17462,-999,30.91388,0.4256197,False,-99,0.005145825
2495946508135832151,3138661632107878999,6.01061670144954,GALEX J004212.0+411608,10.5500518097712,41.2691631964074,1,-999,19.49915,-999,57.58888,0.4256197,True,-99,0.00673084
2495840955020617383,0,6.0119763231331,GALEX J004312.3+411856,10.8014195390247,41.3157282308052,2,21.47861,-999,9.301648,-999,0.5315093,False,0.004857709,-99
2495840955020616598,0,6.01214863247686,GALEX J004241.8+411009,10.6741459661821,41.1692027786522,2,21.33829,-999,10.58488,-999,0.3407273,False,0.002378717,-99
6449227371664903418,0,6.0126785628659,GALEX J004212.0+411609,10.5500061636581,41.2693764572559,1,-999,19.62332,-999,51.36568,0.4256197,False,-99,0.007090102
6372252786323621912,0,6.01280181381275,GALEX J004240.5+411010,10.668943277937,41.1695395749155,1,-999,16.80559,-999,688.2748,0.3407273,False,-99,0.01083399
2591190603581626677,0,6.01293351105415,GALEX J004212.0+411609,10.5500004236163,41.269175800042,1,-999,20.11141,-999,32.76688,0.4256197,False,-99,0.004254743
6449755137246236151,0,6.01346788765718,GALEX J004212.0+411609,10.5499885557493,41.2692862824304,1,-999,19.95541,-999,37.82992,0.4256197,False,-99,0.007071161
6372252786323621801,0,6.01406635385815,GALEX J004246.5+411009,10.6937900020344,41.1692413063025,1,-999,20.18499,-999,30.61978,0.3798815,False,-99,0.004060683
2495840955021660164,0,6.01524768555423,GALEX J004216.2+411908,10.5676309900978,41.319105857358,3,22.68287,23.12038,3.067996,2.050442,0.5241854,False,0.00278432,0.002330345
6449227371664903597,0,6.01577919108747,GALEX J004213.9+411814,10.5582916570776,41.3041589897171,1,-999,19.98532,-999,36.80217,0.4256197,False,-99,0.00451948
2590838759860738988,0,6.0158399280731,GALEX J004211.9+411609,10.549935962193,41.2691929546059,1,-999,19.87725,-999,40.65376,0.4256197,False,-99,0.00421517
2590838759860737263,0,6.016974043391,GALEX J004241.8+411008,10.6741899368457,41.1691198844779,1,-999,21.211,-999,11.90148,0.3407273,False,-99,0.002013438
2495840955020616594,0,6.01746396025831,GALEX J004238.2+411013,10.6592508403211,41.1705250833957,2,21.88841,-999,6.377311,-999,0.3407273,False,0.003468507,-99
2591190603582685313,0,6.01909708241706,GALEX J004252.5+411021,10.7189874467642,41.1724994752618,2,22.96977,-999,2.35556,-999,0.3798815,False,0.003467949,-99
6449192187292813588,0,6.01922249703639,GALEX J004211.9+411610,10.5498613613527,41.2694961790944,1,-999,19.70499,-999,47.64327,0.4256197,False,-99,0.008583751
6372252786323622504,0,6.02180965034021,GALEX J004214.0+411816,10.5583666570079,41.3045965049831,1,-999,20.05611,-999,34.47921,0.4256197,False,-99,0.004625832
6449227371664902866,0,6.02226313303332,GALEX J004309.0+411223,10.7876857760785,41.2065833461175,1,-999,21.97308,-999,5.898868,0.4566421,False,-99,0.003373554
2495946508136887268,3138661632107885540,6.02232859413985,GALEX J004213.9+411815,10.5581585944074,41.3042033669201,2,19.86407,-999,41.15058,-999,0.4256197,True,0.002355857,-99
2590838759860737268,0,6.02237140260017,GALEX J004238.0+411013,10.6587223196939,41.1705156981552,1,-999,22.87195,-999,2.577633,0.3407273,False,-99,0.001408733
2495840955020617440,0,6.02256378695377,GALEX J004310.2+411936,10.7926195994543,41.3269080973169,2,21.125,-999,12.88255,-999,0.5610557,False,0.004562626,-99
6449755137246236360,0,6.02338821773885,GALEX J004213.9+411813,10.5579711788849,41.3038734266093,1,-999,20.14098,-999,31.88665,0.4256197,False,-99,0.004597364
6449719952874145425,0,6.02480659030956,GALEX J004309.3+411227,10.7889116742916,41.2076868870184,1,-999,21.80793,-999,6.867972,0.4566421,False,-99,0.003553001
2495840955021659934,0,6.02487333279407,GALEX J004211.9+411607,10.5497368089907,41.2688229268394,3,19.86577,19.68469,41.08584,48.54256,0.4256197,False,0.006039079,0.008292674
2590838759861797550,0,6.02572035954366,GALEX J004213.9+411815,10.5580900498724,41.3042270862398,2,19.87593,-999,40.70319,-999,0.4256197,False,0.002755572,-99
6449755137246236405,0,6.02651004810874,GALEX J004216.2+411910,10.5677379944627,41.3196208584466,1,-999,22.77524,-999,2.817748,0.5241854,False,-99,0.002323642
2591190603581625120,0,6.02652169157751,GALEX J004238.0+411013,10.658610629356,41.1704611124429,1,-999,22.3815,-999,4.049466,0.3407273,False,-99,0.00208069
2591190603582686140,0,6.02823970570566,GALEX J004213.9+411814,10.5579670227875,41.304098638477,2,19.9028,-999,39.70851,-999,0.4256197,False,0.003047178,-99
6449192187292813750,0,6.03101417736897,GALEX J004213.8+411814,10.5578357638994,41.3039650312664,1,-999,19.82829,-999,42.52882,0.4256197,False,-99,0.005368728
2591190603581625241,0,6.03221999731929,GALEX J004255.7+411032,10.7322772666188,41.1756121245962,1,-999,23.27306,-999,1.781452,0.3798815,False,-99,0.004336588
2591190603581627715,0,6.03422761178957,GALEX J004224.7+412058,10.6029542349164,41.3495968092462,1,-999,23.00338,-999,2.283737,0.6338962,False,-99,0.004559622
2590838759860740138,0,6.03539736088325,GALEX J004224.7+412058,10.6029149956304,41.3495990585505,1,-999,23.10011,-999,2.089086,0.6338962,False,-99,0.003452501
2495946508136886757,0,6.03542147419999,GALEX J004216.1+411909,10.5673719920251,41.3194421241936,2,22.63408,-999,3.208991,-999,0.5241854,False,0.002040097,-99
6372252786323621783,0,6.03760395090375,GALEX J004253.0+411021,10.7208754154831,41.1725833172858,1,-999,20.5983,-999,20.92578,0.3798815,False,-99,0.003445196
6449192187292813177,0,6.04588743503746,GALEX J004311.9+411309,10.7997923743343,41.2193099205603,1,-999,21.16121,-999,12.45996,0.4566421,False,-99,0.005283325
2496087245625236664,0,6.04679108086139,GALEX J004237.8+411012,10.657829380614,41.1702295077312,2,20.27974,-999,28.06129,-999,0.3407273,False,0.006964738,-99
2591190603581625118,0,6.04974268894888,GALEX J004251.5+411016,10.7146997128807,41.1711368005499,1,-999,23.0196,-999,2.24989,0.3798815,False,-99,0.00379062
2496087245625236619,0,6.05053325435571,GALEX J004251.9+411017,10.7164553638681,41.1714504559275,2,21.16329,-999,12.43619,-999,0.3798815,False,0.005280131,-99
2495840955020617284,0,6.05141397620664,GALEX J004314.6+411801,10.8109026837524,41.3005174531449,2,21.51084,-999,9.029577,-999,0.5315093,False,0.003359814,-99
2590838759860737245,0,6.05284919369481,GALEX J004236.3+411016,10.6514729216121,41.1711736781221,1,-999,24.35784,-999,0.6559421,0.3545871,False,-99,0.002017669
6449719952874145498,0,6.05764720619747,GALEX J004311.8+411305,10.7993371681764,41.2183243248452,1,-999,21.90261,-999,6.294436,0.4566421,False,-99,0.00474749
2591190603581627597,0,6.05783413405756,GALEX J004223.2+412047,10.59705953073,41.3465864221255,1,-999,22.69913,-999,3.022357,0.6338962,False,-99,0.002026367
2496087245624182896,0,6.05852963794391,GALEX J004223.2+412046,10.5966669607316,41.3463536856616,1,-999,23.1514,-999,1.992684,0.6338962,False,-99,0.002870779
2591190603581625539,0,6.06386483961502,GALEX J004307.6+411201,10.7819752415417,41.2005275407472,1,-999,24.60472,-999,0.5225327,0.4064336,False,-99,0.002439069
2590838759862835189,0,6.06507773425235,GALEX J004312.0+411309,10.8002473296684,41.2192645427132,3,23.82688,22.77584,1.069671,2.816196,0.4566421,False,0.002615029,0.001534155
2591190603583722985,0,6.06513004738478,GALEX J004312.0+411309,10.8001793449125,41.2191729446228,3,23.39243,23.1431,1.59599,2.007986,0.4566421,False,0.00125437,0.001637539
2590838759860740006,0,6.06593825697463,GALEX J004223.2+412047,10.5968306728048,41.3466185962562,1,-999,22.62926,-999,3.223256,0.6338962,False,-99,0.001893234
2590838759861797411,0,6.06873296916485,GALEX J004211.7+411611,10.5487656088627,41.2698657066209,2,19.2238,-999,74.2132,-999,0.4256197,False,0.01086874,-99
2495946508136887075,3138661632107885347,6.07836708390208,GALEX J004211.6+411611,10.5485510066509,41.2697330058174,2,19.23157,-999,73.68396,-999,0.4256197,True,0.01020641,-99
2590838759860737689,0,6.07870996359461,GALEX J004307.6+411200,10.7820161174995,41.2001970209883,1,-999,24.75657,-999,0.4543306,0.4064336,False,-99,0.001358111
6449227371664902895,0,6.07906487167984,GALEX J004307.7+411201,10.7821658549436,41.200309609066,1,-999,20.79324,-999,17.48659,0.4064336,False,-99,0.007541109
2591190603582685940,0,6.08056478773006,GALEX J004211.6+411611,10.5485037732789,41.2699282434438,2,19.32112,-999,67.85086,-999,0.4256197,False,0.009490322,-99
6449719952874145214,0,6.08280531728656,GALEX J004258.0+411040,10.7418932469378,41.1778544773293,1,-999,23.35681,-999,1.649205,0.4310056,False,-99,0.002353641
2591190603581630653,0,6.08434559311525,GALEX J004240.7+411005,10.669869402839,41.1682679022228,1,-999,-999,-999,0,0.3407273,False,-99,0.001615263
2495840955020616632,0,6.08529972272825,GALEX J004240.7+411005,10.6697128319327,41.1682638089932,2,21.3805,-999,10.18123,-999,0.3407273,False,0.004660887,-99
6372252786323622403,0,6.08650741549142,GALEX J004316.3+411630,10.8180701981073,41.2751330934723,1,-999,16.47988,-999,929.0691,0.4591042,False,-99,0.00157479
2591190603581630474,0,6.08790484793013,GALEX J004316.3+411630,10.8181045794799,41.275089760574,1,-999,16.49282,-999,918.0638,0.4591042,False,-99,0.00142623
2590838759860737362,0,6.08848397147489,GALEX J004240.7+411005,10.6697377282334,41.1682085671769,1,-999,18.2393,-999,183.7727,0.3407273,False,-99,0.001357851
2591190603581625219,0,6.09292576680142,GALEX J004254.6+411023,10.7274958358518,41.1732045280207,1,-999,23.01644,-999,2.256444,0.3798815,False,-99,0.003632688
2590838759860737351,0,6.10134153901325,GALEX J004237.2+411010,10.6551877658968,41.1697058540855,1,-999,22.49691,-999,3.64112,0.3545871,False,-99,0.003330553
6449227371664902704,0,6.10190500651013,GALEX J004260.0+411050,10.7499807192702,41.1806804250765,1,-999,22.69457,-999,3.035101,0.4310056,False,-99,0.002313208
2590838759860737679,0,6.1126926790717,GALEX J004304.8+411128,10.7703886227437,41.1911112255461,1,-999,22.37357,-999,4.079175,0.3856158,False,-99,0.008423575
2591190603581625441,0,6.11421018037142,GALEX J004304.8+411127,10.7703423793217,41.1910490978411,1,-999,22.99563,-999,2.300096,0.3856158,False,-99,0.003589711
2591190603581625200,0,6.11488083758307,GALEX J004237.2+411010,10.6553751070962,41.1694453427202,1,-999,22.07422,-999,5.374164,0.3545871,False,-99,0.004413243
2591190603582686042,0,6.11505303452151,GALEX J004314.0+411830,10.808425146677,41.3085684389896,2,22.40059,-999,3.97893,-999,0.5315093,False,0.00302847,-99
2495840955020617143,0,6.11527600300903,GALEX J004316.4+411630,10.8187130208957,41.2750839478842,2,20.62972,-999,20.32892,-999,0.4591042,False,0.004430752,-99
6449755137246236284,0,6.1157503572735,GALEX J004212.6+411748,10.5528041810726,41.2968871142885,1,-999,22.55818,-999,3.44133,0.4256197,False,-99,0.003495342
2495840955020617580,0,6.11629617148997,GALEX J004302.5+412110,10.7605605423822,41.3529906761315,2,18.57917,-999,134.3797,-999,0.5610557,False,0.01902869,-99
6449755137246235944,0,6.11677102136101,GALEX J004211.8+411512,10.5493113765143,41.2535663827549,1,-999,22.45506,-999,3.784233,0.46271,False,-99,0.003972459
2496087245625237435,0,6.11726960778514,GALEX J004255.5+412152,10.7314151746583,41.3645112151803,2,20.94671,-999,15.18159,-999,0.5178159,False,0.005105378,-99
6449719952874145605,0,6.1228510180496,GALEX J004314.2+411351,10.8092637900812,41.2310940953221,1,-999,20.79091,-999,17.52408,0.4566421,False,-99,0.005724709
2591190603582686420,0,6.12442691345663,GALEX J004255.7+412151,10.7323906200644,41.3643584032627,2,21.21371,-999,11.87179,-999,0.5178159,False,0.006264517,-99
2495840955020616904,0,6.1255934511328,GALEX J004214.0+411343,10.5585922482638,41.2288296566149,2,20.68114,-999,19.38851,-999,0.46271,False,0.004745582,-99
2495840955020617332,0,6.12784874108605,GALEX J004315.7+411732,10.815676442134,41.2923964378091,2,18.91658,-999,98.48481,-999,0.5315093,False,0.01267132,-99
6449755137246235849,0,6.13388845766957,GALEX J004212.2+411443,10.5510798162516,41.2453661771496,1,-999,23.10413,-999,2.081353,0.46271,False,-99,0.002745055
2496087245625237008,0,6.13479096723348,GALEX J004211.5+411653,10.5482698331351,41.2814437568822,2,23.314,-999,1.715544,-999,0.4256197,False,0.001888353,-99
2495946508137929538,0,6.1362417494484,GALEX J004211.5+411652,10.54819290647,41.2811619651133,3,23.50044,23.59738,1.444859,1.321442,0.4256197,False,0.001538299,0.001977069
2495840955020617589,0,6.13645260946992,GALEX J004307.9+412019,10.7832805075564,41.3386121333056,2,19.0098,-999,90.38203,-999,0.5610557,False,0.009605673,-99
2496087245625236833,0,6.13799595745155,GALEX J004314.2+411351,10.809515861411,41.2308893832092,2,22.17975,-999,4.876446,-999,0.4566421,False,0.002027742,-99
2590838759860738992,0,6.13805840868706,GALEX J004211.5+411652,10.5481770835963,41.2813194580819,1,-999,24.11195,-999,0.8226553,0.4256197,False,-99,0.001114883
6449227371664903512,0,6.13872372875694,GALEX J004212.6+411751,10.5525250459945,41.2975485209641,1,-999,22.53821,-999,3.505209,0.4256197,False,-99,0.003865419
2590838759862835402,0,6.13932146708133,GALEX J004314.3+411351,10.8095639159125,41.2309198536955,3,21.99007,21.9529,5.807312,6.009493,0.4566421,False,0.005273767,0.002368725
2495840955020616892,0,6.14036610172121,GALEX J004314.3+411352,10.8097040191483,41.231135009816,2,21.93998,-999,6.081491,-999,0.4566421,False,0.003407822,-99
2496087245626279224,0,6.14109696889327,GALEX J004308.0+411159,10.783610215878,41.1999626638368,3,22.98674,20.95223,2.319019,15.10447,0.4064336,False,0.002963655,0.008434162
6449192187292813185,0,6.14133803966122,GALEX J004313.2+411324,10.8050723826238,41.2233594911733,1,-999,22.53601,-999,3.512328,0.4566421,False,-99,0.002076185
6372252786323622141,0,6.14153731436971,GALEX J004214.0+411341,10.5585832807304,41.2281782379553,1,-999,18.83603,-999,106.0693,0.46271,False,-99,0.005905555
2591190603582685896,0,6.14311978384418,GALEX J004211.5+411653,10.5480982950373,41.2815342857975,2,23.40066,-999,1.583935,-999,0.4256197,False,0.002320347,-99
2591190603581625061,0,6.14376699201211,GALEX J004250.8+411008,10.71167411384,41.1690142015374,1,-999,23.1587,-999,1.979343,0.3798815,False,-99,0.002088859
6372252786323621755,0,6.14529492141997,GALEX J004245.6+411000,10.690055911435,41.1668699926676,1,-999,20.20224,-999,30.13732,0.3407273,False,-99,0.004353764
6372252786323622870,0,6.15055021585207,GALEX J004240.9+412216,10.6705928592786,41.3712282850399,1,-999,17.1607,-999,496.2706,0.6035298,False,-99,0.001594344
2591190603581626669,0,6.15370878854726,GALEX J004211.2+411621,10.5469482499439,41.272519200954,1,-999,20.29731,-999,27.6106,0.4256197,False,-99,0.001739108
2495840955020616656,0,6.1542818218107,GALEX J004229.8+411035,10.6245607772613,41.1766100548462,2,19.92422,-999,38.93266,-999,0.3083685,False,0.006467767,-99
6449227371664903706,0,6.15448105387267,GALEX J004217.8+411951,10.574294569259,41.330901546002,1,-999,21.91498,-999,6.22311,0.5241854,False,-99,0.004261375
2591190603583727639,0,6.15548160720896,GALEX J004240.9+412216,10.6707321771777,41.3713205831335,3,23.38865,17.13647,1.601561,507.4689,0.6035298,False,0.00116539,0.001566607
2591190603583723218,0,6.15594487323591,GALEX J004314.4+411352,10.810085348271,41.231152718644,3,21.87773,22.02626,6.440351,5.616902,0.4566421,False,0.005468905,0.003541177
2590838759860738960,0,6.1572134565124,GALEX J004211.2+411621,10.5468714670263,41.2725420770774,1,-999,20.21168,-999,29.87634,0.4256197,False,-99,0.001366815
2495840955020617289,0,6.15824219002894,GALEX J004316.2+411718,10.8174907400327,41.2883935261425,2,19.74322,-999,45.99557,-999,0.5315093,False,0.004263221,-99
2591190603581630568,0,6.15845065610068,GALEX J004316.1+411722,10.8171785612312,41.2896074217499,1,-999,18.5292,-999,140.7087,0.5315093,False,-99,0.03179821
2496087245625236866,0,6.15964345915182,GALEX J004214.0+411339,10.558500397851,41.2275716603225,2,20.9948,-999,14.52388,-999,0.46271,False,0.006511975,-99
6372252786323622423,0,6.16392426707046,GALEX J004316.2+411718,10.8176080208608,41.2884370526588,1,-999,18.9777,-999,93.09384,0.5315093,False,-99,0.002448794
6449192187292813082,0,6.16606910739644,GALEX J004308.9+411209,10.7874116574564,41.2025672640149,1,-999,21.62429,-999,8.133633,0.4064336,False,-99,0.003996794
6372252786323622326,0,6.16619053072484,GALEX J004211.2+411621,10.5466785840304,41.2726863189669,1,-999,20.42327,-999,24.58628,0.4256197,False,-99,0.003156058
2590838759860738228,0,6.1664289300582,GALEX J004315.0+411408,10.8125236194889,41.2355686161699,1,-999,24.43739,-999,0.609598,0.4591042,False,-99,0.001766462
2591190603581626102,0,6.16723919641267,GALEX J004315.0+411407,10.812535854548,41.2355539318246,1,-999,23.84595,-999,1.051035,0.4591042,False,-99,0.003219861
6449192187292813565,0,6.16809082681483,GALEX J004211.1+411621,10.5466364732787,41.2726875078576,1,-999,19.85508,-999,41.49215,0.4256197,False,-99,0.007357666
2495840955020617701,0,6.17037346871837,GALEX J004250.0+412212,10.7085916063835,41.3702414797434,2,20.9842,-999,14.66629,-999,0.6754947,False,0.006050536,-99
2495840955020617023,0,6.17040279814196,GALEX J004316.1+411453,10.8172473540104,41.2481447657976,2,21.41896,-999,9.826915,-999,0.4591042,False,0.004313998,-99
6449719952874146201,0,6.17054783078614,GALEX J004217.7+411951,10.5739870761314,41.3310400524945,1,-999,22.48861,-999,3.66906,0.5241854,False,-99,0.002577242
2495946508135832052,3138661632107878900,6.17308272819699,GALEX J004211.1+411618,10.5464903989725,41.2717722287793,1,-999,19.34399,-999,66.43605,0.4256197,True,-99,0.005166773
2591190603583722238,0,6.17318444675088,GALEX J004253.3+411013,10.7223032591514,41.1705442465413,3,23.31269,23.14348,1.717612,2.00727,0.3798815,False,0.003247044,0.002835344
6449755137246236149,0,6.17321567025117,GALEX J004211.1+411619,10.5464958006883,41.2720161459544,1,-999,19.88796,-999,40.25457,0.4256197,False,-99,0.005993573
2591190603583722188,0,6.17381738493719,GALEX J004248.5+411002,10.7020717660534,41.1672396808122,3,22.25806,23.19334,4.537095,1.917184,0.3798815,False,0.004361091,0.002594627
2591190603582686186,0,6.17444348317906,GALEX J004217.7+411951,10.5738889412442,41.3310500861692,2,22.03199,-999,5.587362,-999,0.5241854,False,0.002245345,-99
2496087245624182560,0,6.17564755270861,GALEX J004211.1+411618,10.5464321808985,41.2717312948174,1,-999,19.60233,-999,52.36831,0.4256197,False,-99,0.004726266
2495840955019563264,0,6.17569763739329,GALEX J004225.2+412113,10.6053252250302,41.3537889732163,1,-999,22.63811,-999,3.197094,0.6338962,False,-99,0.003190318
2590838759860738680,0,6.17588591750381,GALEX J004316.1+411452,10.8173383588122,41.2480259992507,1,-999,22.20607,-999,4.759597,0.4591042,False,-99,0.006856142
2591190603581633300,0,6.17638662762202,GALEX J004217.7+411951,10.5737985333345,41.3310136289234,1,-999,-999,-999,0,0.5241854,False,-99,0.004737473
2496087245625236926,0,6.17734863546749,GALEX J004316.2+411454,10.8175318461549,41.2486067174692,2,21.04821,-999,13.8267,-999,0.4591042,False,0.006099272,-99
2495840955021660272,0,6.17976242429792,GALEX J004217.6+411950,10.5734352554936,41.3307427509541,3,22.18148,22.02741,4.868678,5.610927,0.5241854,False,0.001970133,0.002656328
2495946508136887455,0,6.17988176035593,GALEX J004217.7+411952,10.5738411396025,41.331153152754,2,21.86388,-999,6.523023,-999,0.5241854,False,0.002552285,-99
2591190603581626413,0,6.17992580451859,GALEX J004316.1+411452,10.8173814802311,41.2478538868064,1,-999,21.9456,-999,6.050063,0.4591042,False,-99,0.007732001
6449227371664903403,0,6.18067585043968,GALEX J004211.1+411618,10.5463261070942,41.2718960653149,1,-999,19.56271,-999,54.31454,0.4256197,False,-99,0.005361058
2591190603581625507,0,6.18427022947327,GALEX J004307.9+411155,10.7832951805871,41.1986502260375,1,-999,24.17138,-999,0.7788371,0.4064336,False,-99,0.001403647
6449227371664903850,0,6.18593529009865,GALEX J004225.0+412112,10.604454569334,41.3535408860681,1,-999,22.86169,-999,2.602106,0.6338962,False,-99,0.002657316
6449755137246236649,0,6.18737965683662,GALEX J004225.1+412113,10.6046550055453,41.3536758260291,1,-999,22.7463,-999,2.893875,0.6338962,False,-99,0.003308547
2495840955019562749,0,6.18779461063146,GALEX J004211.0+411617,10.546155857793,41.2715063769306,1,-999,19.64612,-999,50.29791,0.4256197,False,-99,0.007008716
2591190603581627767,0,6.18865500743921,GALEX J004225.2+412113,10.6050077160568,41.3538864237846,1,-999,22.87542,-999,2.569406,0.6338962,False,-99,0.002794867
6372252786323622588,0,6.18950040145658,GALEX J004311.6+411930,10.7985593731579,41.3252690247726,1,-999,19.51163,-999,56.93071,0.5315093,False,-99,0.003580409
2496087245625236599,0,6.18990757090241,GALEX J004248.6+411001,10.7025903050569,41.1670235236079,2,22.32481,-999,4.266562,-999,0.3798815,False,0.003240312,-99
2496087245624182939,0,6.19040885349079,GALEX J004225.0+412112,10.6043899607799,41.3535979319612,1,-999,23.14592,-999,2.002781,0.6338962,False,-99,0.003937701
6449719952874145377,0,6.1905422550804,GALEX J004301.5+411055,10.7566138314225,41.181945819199,1,-999,18.9914,-999,91.92643,0.3856158,False,-99,0.002096717
2591190603581630479,0,6.19069873480638,GALEX J004308.3+412019,10.7846444747873,41.338833936515,1,-999,17.41885,-999,391.254,0.5610557,False,-99,0.04989518
6449192187292813249,0,6.19229166229563,GALEX J004314.2+411341,10.8092470771383,41.2280688233203,1,-999,21.54056,-999,8.785654,0.4566421,False,-99,0.003063584
2591190603582686473,0,6.19253787578896,GALEX J004253.3+412205,10.722423353338,41.3681119419221,2,21.60925,-999,8.247092,-999,0.6754947,False,0.00508098,-99
2590838759860738736,0,6.19277947613011,GALEX J004211.1+411548,10.5462380402335,41.2633338545464,1,-999,24.03964,-999,0.8793128,0.46271,False,-99,0.004414259
6449755137246236498,0,6.1927886002193,GALEX J004217.6+411952,10.5735854967108,41.3312558070793,1,-999,22.53951,-999,3.501021,0.5241854,False,-99,0.002657633
2590838759860738418,0,6.19391250954218,GALEX J004315.6+411427,10.8153894258423,41.240867902978,1,-999,23.39779,-999,1.588115,0.4591042,False,-99,0.003719402
2495840955020617699,0,6.19394669152308,GALEX J004256.2+412154,10.7342619899194,41.3650510372412,2,21.38684,-999,10.12199,-999,0.5178159,False,0.005446445,-99
2496087245625237230,0,6.1941986815733,GALEX J004217.6+411952,10.5736763732099,41.3313854742005,2,22.12885,-999,5.110463,-999,0.5241854,False,0.002149259,-99
2590838759860737703,0,6.19642697175434,GALEX J004308.0+411155,10.7836704072201,41.1986551625411,1,-999,24.00632,-999,0.9067168,0.4064336,False,-99,0.002151277
6372252786323621761,0,6.19731390132127,GALEX J004236.5+411006,10.6521720160202,41.1685728349418,1,-999,21.42754,-999,9.749548,0.3545871,False,-99,0.002300282
2590838759860740164,0,6.19749498650547,GALEX J004225.1+412114,10.604853827432,41.3539855498906,1,-999,22.75706,-999,2.865322,0.6338962,False,-99,0.002958151
2591190603583723343,0,6.19784263722927,GALEX J004315.7+411426,10.8154595170786,41.2408139824297,3,21.48965,23.53369,9.207515,1.401275,0.4591042,False,0.007382711,0.003994599
6372252786323622324,0,6.20243682529448,GALEX J004317.0+411610,10.8208677930492,41.2695534138866,1,-999,19.12658,-999,81.16479,0.4591042,False,-99,0.004641759
6449192187292813117,0,6.20563855070465,GALEX J004311.6+411245,10.7985059557034,41.2126241373442,1,-999,22.052,-999,5.485312,0.4064336,False,-99,0.003111105
6449192187292813836,0,6.20811648245252,GALEX J004217.5+411951,10.5729391709107,41.3310337331273,1,-999,21.93703,-999,6.097992,0.5241854,False,-99,0.002225012
6372252786323622794,0,6.21002690060243,GALEX J004300.4+412132,10.7519652009359,41.35891625059,1,-999,19.54986,-999,54.9612,0.5178159,False,-99,0.00687075
6449755137246235572,0,6.21028739735245,GALEX J004308.2+411156,10.7844485283591,41.1989454860629,1,-999,21.53726,-999,8.81242,0.4064336,False,-99,0.00517301
6449755137246236652,0,6.21210315300123,GALEX J004223.6+412102,10.5985333489045,41.3507886362487,1,-999,21.29633,-999,11.00187,0.6338962,False,-99,0.005755993
2591190603581625062,0,6.21364478182351,GALEX J004252.2+411008,10.7177994711361,41.1689034730811,1,-999,23.34262,-999,1.670912,0.3798815,False,-99,0.003575147
6372252786323622877,0,6.21487992499594,GALEX J004249.8+412215,10.7078758260371,41.3710948108526,1,-999,18.86676,-999,103.109,0.6754947,False,-99,0.006905113
2591190603583722598,0,6.21499364295073,GALEX J004301.6+411053,10.7569163648686,41.1816076271381,3,22.72368,19.17083,2.954821,77.92313,0.3856158,False,0.004846666,0.001673376
2495840955021660452,0,6.21613777642285,GALEX J004223.6+412103,10.5984771406545,41.3508410040153,3,21.9136,21.2676,6.23104,11.29691,0.6338962,False,0.002978773,0.003315528
2496087245625236699,0,6.21681315902604,GALEX J004302.3+411058,10.7599217022685,41.1830409606735,2,21.97658,-999,5.879897,-999,0.3856158,False,0.006687008,-99
2495840955020616590,0,6.21702505767865,GALEX J004239.7+410959,10.6657900816005,41.1663933230731,2,21.20629,-999,11.95321,-999,0.3407273,False,0.00443397,-99
2590838759860737704,0,6.21801593560415,GALEX J004301.6+411053,10.7569563044896,41.1815670350974,1,-999,19.14616,-999,79.71431,0.3856158,False,-99,0.001661667
2496087245626280101,0,6.21824545960941,GALEX J004223.6+412102,10.5983439710854,41.3508074251029,3,21.71461,21.60477,7.48441,8.281181,0.6338962,False,0.002554592,0.002817753
2495840955019562185,0,6.21831402817203,GALEX J004308.1+411153,10.7838342442726,41.1982532932231,1,-999,22.23914,-999,4.616836,0.4064336,False,-99,0.004973909
2591190603582685695,0,6.21909311848541,GALEX J004212.2+411422,10.5511422717684,41.2397164873008,2,22.17412,-999,4.901777,-999,0.46271,False,0.005490387,-99
6372252786323622720,0,6.21978033474909,GALEX J004223.6+412103,10.5986988453394,41.3510476468811,1,-999,21.1775,-999,12.27439,0.6338962,False,-99,0.003119522
2591190603583725051,0,6.22039955752426,GALEX J004223.5+412102,10.598293161722,41.3508231595506,3,21.81263,21.19035,6.838313,12.12997,0.6338962,False,0.002905895,0.00253341
2590838759862837291,0,6.22064729106473,GALEX J004223.6+412103,10.5983587097537,41.3508669083335,3,21.60249,21.29033,8.298657,11.06281,0.6338962,False,0.001926566,0.00223273
2495946508136886597,0,6.22136408639681,GALEX J004302.2+411057,10.7591664074485,41.1825730175927,2,21.98004,-999,5.861204,-999,0.3856158,False,0.004189989,-99
2590838759860738394,0,6.22285576243004,GALEX J004316.0+411435,10.8168749081507,41.2431280033829,1,-999,23.52087,-999,1.417914,0.4591042,False,-99,0.00338253
2591190603582686422,0,6.22418949236628,GALEX J004254.4+412203,10.7270475988808,41.3675706274253,2,22.18982,-999,4.831428,-999,0.6754947,False,0.003602257,-99
2590838759861796736,0,6.22442467500158,GALEX J004302.3+411058,10.7597105153502,41.1827826251616,2,22.2758,-999,4.463573,-999,0.3856158,False,0.005001354,-99
2590838759860738183,0,6.22489095305179,GALEX J004314.9+411356,10.812396403629,41.2324491289398,1,-999,24.1446,-999,0.7982872,0.4591042,False,-99,0.001659432
6449192187292813011,0,6.2251411837765,GALEX J004306.1+411130,10.7754106943573,41.1919056685383,1,-999,21.41362,-999,9.875352,0.3856158,False,-99,0.003229861
6449719952874145245,0,6.22724090096229,GALEX J004259.3+411038,10.7473715814859,41.1772328432601,1,-999,22.48545,-999,3.679758,0.3856158,False,-99,0.00402834
2591190603581626164,0,6.23103474804842,GALEX J004316.0+411434,10.8170334600271,41.2430448939918,1,-999,23.28113,-999,1.768273,0.4591042,False,-99,0.00307412
2591190603582685795,0,6.23162629242689,GALEX J004213.7+411335,10.5573708192601,41.2265330501322,2,19.57149,-999,53.87754,-999,0.46271,False,0.01273455,-99
6449227371664903838,0,6.23307096581625,GALEX J004223.5+412103,10.5981279493081,41.3509942781553,1,-999,21.58905,-999,8.40195,0.6338962,False,-99,0.003165795
6449719952874146333,0,6.23535245239011,GALEX J004223.5+412103,10.5981930141152,41.3510807608115,1,-999,21.70574,-999,7.5458,0.6338962,False,-99,0.003946787
2591190603581625039,0,6.23540654933464,GALEX J004236.4+411004,10.6518364505279,41.1679798511471,1,-999,23.93636,-999,0.9670627,0.3545871,False,-99,0.00222978
6372252786323621873,0,6.23600276166365,GALEX J004301.6+411052,10.7569709703396,41.1812196259589,1,-999,19.32126,-999,67.84177,0.3856158,False,-99,0.002804952
6449192187292813996,0,6.23679890315967,GALEX J004223.5+412103,10.5980284750883,41.3510147107508,1,-999,21.18534,-999,12.18604,0.6338962,False,-99,0.004662617
2495840955020617724,0,6.23814776752795,GALEX J004246.1+412222,10.69220560341,41.3729220558886,2,21.09757,-999,13.21212,-999,0.5379065,False,0.006562503,-99
6372252786323622230,0,6.23824318459151,GALEX J004212.8+411401,10.5533759055757,41.2336190950667,1,-999,19.49581,-999,57.76657,0.46271,False,-99,0.007870751
6372252786323622719,0,6.24567565059462,GALEX J004305.3+412056,10.7723143305923,41.3489679436926,1,-999,19.66283,-999,49.5299,0.5610557,False,-99,0.003402789
2591190603581632928,0,6.2458605275523,GALEX J004211.3+411721,10.5474652774389,41.2894363381648,1,-999,-999,-999,0,0.4256197,False,-99,0.002852895
6449755137246236220,0,6.24801455669796,GALEX J004211.3+411721,10.5474159624207,41.2894340131615,1,-999,21.35085,-999,10.4631,0.4256197,False,-99,0.00320353
2591190603581625352,0,6.24856940469809,GALEX J004304.1+411110,10.7672564144501,41.1863305432274,1,-999,23.912,-999,0.9890046,0.3856158,False,-99,0.003314076
2495840955021660041,0,6.24927980969971,GALEX J004211.3+411721,10.5473408699732,41.2892564102862,3,20.81925,20.91323,17.07265,15.65694,0.4256197,False,0.006703738,0.006243157
2496087245625237162,0,6.24974862186085,GALEX J004214.1+411855,10.5590664468932,41.3153421742895,2,20.89,-999,15.99562,-999,0.5241854,False,0.001451346,-99
6449192187292813640,0,6.25164466706261,GALEX J004211.3+411721,10.5473092041734,41.2893398785126,1,-999,20.9724,-999,14.82648,0.4256197,False,-99,0.004100734
2591190603581633081,0,6.25253322129764,GALEX J004214.1+411854,10.5589209841737,41.3152254471456,1,-999,-999,-999,0,0.5241854,False,-99,0.001649088
2495840955021660155,0,6.25406924551548,GALEX J004214.1+411854,10.5588284581499,41.3151420336334,3,20.91141,21.12996,15.68334,12.82373,0.5241854,False,0.002206001,0.00226238
2496087245625236900,0,6.25416476080477,GALEX J004316.2+411434,10.8175165642175,41.2429101753338,2,21.65122,-999,7.934374,-999,0.4591042,False,0.008028515,-99
2590838759861797545,0,6.25539943285006,GALEX J004214.1+411855,10.5589142352291,41.3153232996215,2,20.8454,-999,16.66646,-999,0.5241854,False,0.001402196,-99
2591190603582686130,0,6.25604935731626,GALEX J004214.1+411855,10.5588697854131,41.3152800315066,2,20.90957,-999,15.70988,-999,0.5241854,False,0.001447198,-99
2495840955020617555,0,6.25636847501164,GALEX J004305.5+412055,10.7729088025288,41.3488251596336,2,21.73358,-999,7.354771,-999,0.5610557,False,0.002231424,-99
2591190603581626597,0,6.25660242607964,GALEX J004210.7+411610,10.5445985326518,41.269709236154,1,-999,21.09984,-999,13.18446,0.4256197,False,-99,0.002240792
2495840955020617720,0,6.25665979659016,GALEX J004249.3+412219,10.7056675959741,41.372086426147,2,21.49441,-999,9.167246,-999,0.6754947,False,0.003169921,-99
2496087245625236999,0,6.25691484170349,GALEX J004210.7+411612,10.5445938415917,41.2699993192077,2,20.42693,-999,24.50355,-999,0.4256197,False,0.006960119,-99
6449755137246236843,0,6.25744295233999,GALEX J004243.7+412224,10.6823219264369,41.3734546163432,1,-999,22.12072,-999,5.148851,0.5379065,False,-99,0.003146439
2591190603582685249,0,6.25872621331219,GALEX J004246.0+410954,10.6919539602978,41.1650563163102,2,22.19975,-999,4.787424,-999,0.3407273,False,0.003560009,-99
2495946508136887125,0,6.25945210572843,GALEX J004214.1+411854,10.5587454471772,41.3152186184769,2,20.83244,-999,16.86652,-999,0.5241854,False,0.001398132,-99
6449755137246236378,0,6.26110554610432,GALEX J004214.1+411855,10.5587616532113,41.3153058480582,1,-999,21.44855,-999,9.56264,0.5241854,False,-99,0.001929206
6449227371664903618,0,6.26128006609988,GALEX J004214.1+411855,10.5587955261855,41.3153640962851,1,-999,21.14466,-999,12.6513,0.5241854,False,-99,0.001593436
2496087245625236646,0,6.26138025169001,GALEX J004234.9+411007,10.6455518907628,41.1687545082271,2,20.83364,-999,16.84796,-999,0.3545871,False,0.006946384,-99
2590838759860738586,0,6.26199838952143,GALEX J004317.0+411524,10.8212158398965,41.2569134975035,1,-999,23.41616,-999,1.561479,0.4591042,False,-99,0.001209833
2591190603581626338,0,6.26329851817482,GALEX J004317.1+411525,10.82126398771,41.2570348891941,1,-999,23.53802,-999,1.395698,0.4591042,False,-99,0.001372287
6372252786323622409,0,6.26458832598896,GALEX J004211.2+411722,10.5470546868186,41.2894851941911,1,-999,21.24118,-999,11.57515,0.4256197,False,-99,0.003807595
2495840955020617144,0,6.26596715106,GALEX J004210.6+411611,10.5443909495729,41.2697222752024,2,20.6203,-999,20.50603,-999,0.4256197,False,0.006204103,-99
2590838759860738889,0,6.26680833022958,GALEX J004210.6+411611,10.5443724606438,41.2697488057623,1,-999,21.05912,-999,13.68841,0.4256197,False,-99,0.001925163
6449192187292813762,0,6.26904382437758,GALEX J004214.0+411854,10.5585191623311,41.3152351492433,1,-999,21.47213,-999,9.357252,0.5241854,False,-99,0.002276309
6449192187292813236,0,6.27366716868176,GALEX J004302.5+411056,10.7607727181911,41.1823293999146,1,-999,17.89305,-999,252.8002,0.3856158,False,-99,0.01686735
2495946508136887510,3138661632107885782,6.27533215168503,GALEX J004211.4+411732,10.5476082948209,41.2923131639014,2,19.16541,-999,78.31387,-999,0.4256197,True,0.005202779,-99
2591190603582686139,0,6.27628762622724,GALEX J004211.4+411733,10.5476442457665,41.2925040291065,2,19.25144,-999,72.34814,-999,0.4256197,False,0.004615636,-99
2591190603581630554,0,6.27744959291419,GALEX J004213.6+411333,10.5566618646726,41.2258595382456,1,-999,-999,-999,-0.07001195,0.46271,False,-99,0.1447933
2495840955019562216,0,6.27800969754562,GALEX J004310.5+411220,10.7939264288763,41.2056696559908,1,-999,21.99571,-999,5.777149,0.4064336,False,-99,0.004650086
6449755137246236584,0,6.27843696605061,GALEX J004220.8+412041,10.5870369995235,41.3447783653185,1,-999,23.00085,-999,2.28908,0.6338962,False,-99,0.002925202
