objid,specObjID,distance_arcmin,IAUName,ra,dec,band,fuv_mag,nuv_mag,fuv_flux,nuv_flux,e_bv,isThereSpectrum,fuv_fwhm_world,nuv_fwhm_world
6457284592873247924,0,0.0973971913074001,GALEX J004715.0+405527,11.8125134918353,40.9244149983866,1,-999,22.62652,-999,3.231407,0.08146177,False,-99,0.001544495
6372252797061041657,0,0.102009896050968,GALEX J004715.0+405527,11.8125193921889,40.9242717330469,1,-999,21.38546,-999,10.13484,0.08146177,False,-99,0.002067507
6449755137246233571,0,0.113922122524719,GALEX J004715.0+405525,11.8128805173806,40.9237285508018,1,-999,21.56403,-999,8.597771,0.08146177,False,-99,0.009000206
2590873944232837148,0,0.118945885866577,GALEX J004714.8+405527,11.8120555814638,40.9242938119559,1,-999,21.73066,-999,7.374558,0.08146177,False,-99,0.004253354
2496052061252100930,0,0.129031969569349,GALEX J004714.8+405528,11.8116913930929,40.9244777134008,1,-999,22.629,-999,3.224032,0.08146177,False,-99,0.002606841
6449262556036995810,0,0.136790061419431,GALEX J004714.8+405525,11.8119558133626,40.9238739858491,1,-999,22.07319,-999,5.37929,0.08146177,False,-99,0.002825617
6372252785249878113,0,0.156089101333088,GALEX J004716.2+405528,11.8176658790566,40.9246238875448,1,-999,21.87539,-999,6.454241,0.08146177,False,-99,0.001255449
6372252785249878119,0,0.203430117822362,GALEX J004716.0+405540,11.817001926928,40.9280036220523,1,-999,21.42675,-999,9.756625,0.08146177,False,-99,0.002394381
2496052061252100977,0,0.304133289655715,GALEX J004715.4+405512,11.8141521604958,40.9202107384559,1,-999,22.71471,-999,2.979298,0.08146177,False,-99,0.004209597
2590873944232837293,0,0.324562780500358,GALEX J004715.3+405511,11.8140338034754,40.9198731347562,1,-999,22.06745,-999,5.407811,0.08146177,False,-99,0.007193483
6449262556036995800,0,0.328936413288847,GALEX J004715.4+405511,11.8145573572008,40.9197981180724,1,-999,22.62001,-999,3.250845,0.08146177,False,-99,0.005079084
6457284592873247893,0,0.330257536252761,GALEX J004715.7+405511,11.8154872111479,40.9198429746702,1,-999,23.08793,-999,2.112648,0.08146177,False,-99,0.002997864
6449262556036995827,0,0.366262507447889,GALEX J004716.1+405551,11.8173615512447,40.9309371801875,1,-999,20.7187,-999,18.72919,0.08146177,False,-99,0.003877949
6449755137246233620,0,0.366292339424683,GALEX J004716.0+405551,11.8170561145806,40.9310256130512,1,-999,20.48144,-999,23.30358,0.08146177,False,-99,0.008668982
2590873944232836979,0,0.367709936165683,GALEX J004716.1+405551,11.8174536816346,40.9309346834387,1,-999,20.51452,-999,22.60424,0.08146177,False,-99,0.003600128
2496052061252100341,0,0.375329340197267,GALEX J004716.2+405551,11.8176475461125,40.9310102433538,1,-999,20.65821,-999,19.80237,0.08146177,False,-99,0.00366062
6457284592875345150,0,0.386268000255692,GALEX J004716.3+405552,11.8179051853591,40.9311226543438,3,21.52139,20.68782,8.942214,19.26958,0.08146177,False,0.004910307,0.004091754
2496052061253152700,0,0.394856807910343,GALEX J004715.8+405554,11.8158821786519,40.931753849414,2,22.30331,-999,4.351883,-999,0.08146177,False,0.003133145,-99
2590873944233891711,0,0.421986745306371,GALEX J004715.8+405555,11.815848271757,40.9322171308819,2,22.60023,-999,3.310624,-999,0.08146177,False,0.002588319,-99
6449755137246233523,0,0.465410542870056,GALEX J004713.4+405547,11.8060685775704,40.9298796073149,1,-999,23.17323,-999,1.95302,0.08146177,False,-99,0.003575325
2496052061252101041,0,0.498054757586209,GALEX J004715.3+405501,11.8141164672108,40.9169784827381,1,-999,23.74403,-999,1.154482,0.08146177,False,-99,0.002707717
2590873944232837168,0,0.568880243901784,GALEX J004715.4+405456,11.8143479880115,40.9157964468458,1,-999,23.72083,-999,1.179418,0.08146177,False,-99,0.003079923
6372252785249878110,0,0.621787277928989,GALEX J004718.4+405516,11.8269173683737,40.9211564164607,1,-999,21.96403,-999,5.948249,0.07988232,False,-99,0.002242083
2590873944233891609,0,0.635017001955021,GALEX J004714.1+405455,11.809072964048,40.9154689265585,2,23.72573,-999,1.174115,-999,0.08146177,False,0.003189065,-99
6372252785249878123,0,0.652339467529516,GALEX J004712.3+405548,11.801471836545,40.9301543434015,1,-999,21.69836,-999,7.597265,0.08146177,False,-99,0.001643479
6449755137246233489,0,0.654045676788859,GALEX J004712.0+405525,11.8000334675914,40.9238329796619,1,-999,22.99626,-999,2.298763,0.08146177,False,-99,0.002704946
6457284592874299803,0,0.654662650691439,GALEX J004713.3+405459,11.8057423765526,40.9165078334341,2,22.39205,-999,4.010339,-999,0.08146177,False,0.002666993,-99
2496052061253152712,0,0.708335944992266,GALEX J004711.6+405530,11.7987124966327,40.9250105428959,2,22.99444,-999,2.302641,-999,0.08146177,False,0.002370625,-99
2590873944234934283,0,0.713056136287536,GALEX J004711.6+405530,11.7986081870292,40.9250160421923,3,22.01031,23.26542,5.700061,1.79404,0.08146177,False,0.004277614,0.003083418
2590873944232837134,0,0.731501198162197,GALEX J004712.0+405551,11.7999941046265,40.9308694672251,1,-999,22.69878,-999,3.023337,0.08146177,False,-99,0.003561932
2496052061253152710,0,0.743140746394526,GALEX J004714.0+405449,11.8083568584069,40.913744749887,2,22.89474,-999,2.524101,-999,0.08146177,False,0.001914011,-99
6449755137246233556,0,0.780582545098963,GALEX J004717.1+405613,11.8213734037468,40.9371505799987,1,-999,23.39636,-999,1.59022,0.07988232,False,-99,0.0029349
2590873944232836992,0,0.804647974765062,GALEX J004715.7+405619,11.8155629318455,40.9386563652545,1,-999,22.1145,-999,5.178443,0.07988232,False,-99,0.003822558
6449262556036995935,0,0.823324945128556,GALEX J004715.8+405620,11.8158767734535,40.9389502273772,1,-999,22.55212,-999,3.460593,0.07988232,False,-99,0.002493064
2590873944233891661,0,0.823642725618029,GALEX J004713.2+405448,11.8053084326135,40.9133641209996,2,22.77251,-999,2.824877,-999,0.08146177,False,0.00260324,-99
6457284592873248034,0,0.839615222356685,GALEX J004715.8+405621,11.8162064984696,40.9391996251489,1,-999,22.04321,-999,5.529891,0.07988232,False,-99,0.004680682
6449755137246233578,0,0.843226619161333,GALEX J004715.6+405621,11.8150290997946,40.9393217212958,1,-999,22.63218,-999,3.214609,0.07988232,False,-99,0.004133685
2496052061254198050,0,0.853557846910414,GALEX J004715.7+405622,11.8156867908809,40.9394669468389,3,22.24125,21.95788,4.607876,5.981993,0.07988232,False,0.003793339,0.005548682
2496052061252100330,0,0.908253392187214,GALEX J004718.2+405446,11.8259031373582,40.9129200505352,1,-999,23.50259,-999,1.44199,0.07828937,False,-99,0.003406202
2590873944232837387,0,0.942801062475579,GALEX J004718.2+405444,11.8261273945572,40.9123361850515,1,-999,23.79419,-999,1.102365,0.07828937,False,-99,0.00275765
6449262556036995725,0,0.979495969581041,GALEX J004718.2+405441,11.8258889376744,40.911484407018,1,-999,23.53978,-999,1.393436,0.07828937,False,-99,0.004036401
6449755137246233425,0,0.984413142495645,GALEX J004712.7+405440,11.8032171383806,40.9111842470034,1,-999,22.99266,-999,2.306398,0.08146177,False,-99,0.002300199
6372252797061041568,0,0.98709242996951,GALEX J004719.3+405610,11.8307057229172,40.9361245092224,1,-999,21.71678,-999,7.469432,0.07988232,False,-99,0.00221348
6457284592873247838,0,1.01689877984745,GALEX J004713.1+405435,11.8049419673275,40.9098867592785,1,-999,22.99585,-999,2.299641,0.08146177,False,-99,0.002864422
6449262556036995734,0,1.06039720923929,GALEX J004713.8+405429,11.8077079686336,40.9083284503593,1,-999,23.09214,-999,2.104477,0.08146177,False,-99,0.002888865
6449262556036995852,0,1.08309532286477,GALEX J004721.1+405527,11.8381854076638,40.9242432900479,1,-999,23.08045,-999,2.12726,0.07988232,False,-99,0.001269191
6372252797061041902,0,1.08485341731367,GALEX J004710.4+405603,11.7935518677761,40.9342447985476,1,-999,18.81898,-999,107.7472,0.08146177,False,-99,0.002152243
6457284592873247994,0,1.08735382594716,GALEX J004710.4+405603,11.7935594815759,40.9343385245718,1,-999,18.59937,-999,131.9025,0.08146177,False,-99,0.00130075
6449262556036995834,0,1.0970786932326,GALEX J004710.3+405603,11.7931977875127,40.9341853625715,1,-999,18.58988,-999,133.0595,0.08146177,False,-99,0.001391734
2590873944232838643,0,1.09895643209855,GALEX J004710.3+405602,11.7931119215717,40.9341329620237,1,-999,18.60949,-999,130.6782,0.08146177,False,-99,0.002194165
6372252785249878120,0,1.09997002572976,GALEX J004710.5+405607,11.7940719397081,40.9353658651382,1,-999,19.32986,-999,67.30606,0.08146177,False,-99,0.005405026
2496052061252101293,0,1.10124999848894,GALEX J004721.2+405527,11.8385954178244,40.924369847899,1,-999,22.77758,-999,2.811693,0.07988232,False,-99,0.002659328
2496052061252100258,0,1.10262379198594,GALEX J004710.3+405603,11.7932009741258,40.934377827482,1,-999,18.60314,-999,131.4448,0.08146177,False,-99,0.001458823
2590873944232836740,0,1.10443555944796,GALEX J004721.2+405527,11.8386629765788,40.9243281542368,1,-999,22.42187,-999,3.901686,0.07988232,False,-99,0.004482237
6372252797061041860,0,1.10593692909105,GALEX J004720.4+405456,11.8351759309154,40.9157009376645,1,-999,21.42531,-999,9.76961,0.07680786,False,-99,0.003119335
6457284592873247937,0,1.10700848999854,GALEX J004721.2+405526,11.8387039995828,40.9241198887197,1,-999,22.50824,-999,3.603316,0.07988232,False,-99,0.003502173
6449262556036995979,0,1.10701670846867,GALEX J004714.7+405636,11.8114857597731,40.9436022149347,1,-999,23.45175,-999,1.511117,0.07988232,False,-99,0.0008578472
6449755137246233682,0,1.11017416908078,GALEX J004710.3+405604,11.7931078463477,40.9345082027971,1,-999,18.67335,-999,123.2135,0.08146177,False,-99,0.002480655
6449262556036995783,0,1.13436052338341,GALEX J004720.7+405459,11.8365824882448,40.9166289930368,1,-999,23.37534,-999,1.621308,0.07680786,False,-99,0.002394774
2590873944232838647,0,1.13643351781744,GALEX J004720.7+405458,11.8363753186551,40.9162585510328,1,-999,24.47927,-999,0.586534,0.07680786,False,-99,0.002662514
2496052061252100896,0,1.14716904356481,GALEX J004720.8+405459,11.8368740291579,40.9165908177105,1,-999,24.07123,-999,0.8541013,0.07680786,False,-99,0.002571449
6372252797061041609,0,1.16438843360168,GALEX J004715.2+405421,11.8136885610651,40.9058774214005,1,-999,19.35294,-999,65.89062,0.08146177,False,-99,0.002989308
2496052061252100207,0,1.18419511680756,GALEX J004715.2+405419,11.8134906023783,40.9055514693874,1,-999,19.36845,-999,64.95593,0.08146177,False,-99,0.001486524
6457284592873247868,0,1.18659475478246,GALEX J004715.3+405419,11.8138748666899,40.9055042334056,1,-999,19.35798,-999,65.58556,0.08146177,False,-99,0.001375019
2590873944232837262,0,1.19274515474561,GALEX J004715.2+405419,11.813474910461,40.9054092786842,1,-999,19.37157,-999,64.7695,0.08146177,False,-99,0.001921972
6449262556036995595,0,1.20076059994977,GALEX J004715.2+405419,11.8134136098605,40.9052771732699,1,-999,19.31742,-999,68.0817,0.08146177,False,-99,0.001483263
6449262556036995737,0,1.20100382921326,GALEX J004712.7+405425,11.8032329500616,40.9071034153637,1,-999,23.98126,-999,0.9278843,0.08146177,False,-99,0.002481669
6449262556036995964,0,1.20879007161073,GALEX J004712.0+405632,11.8001498697519,40.9423384728584,1,-999,22.69863,-999,3.023774,0.08146177,False,-99,0.004670355
2590873944232836777,0,1.21086618366859,GALEX J004711.9+405631,11.7997849249876,40.9422034405542,1,-999,21.63625,-999,8.044527,0.08146177,False,-99,0.004908706
2496052061254197962,0,1.21673242038899,GALEX J004712.0+405632,11.8000758108001,40.9424596461775,3,23.14818,22.19349,1.99861,4.815063,0.08146177,False,0.002518231,0.005561606
6457284592873248071,0,1.22081247874653,GALEX J004712.1+405633,11.8005204925523,40.9427449962705,1,-999,21.92199,-999,6.183076,0.08146177,False,-99,0.00473575
6449755137246233598,0,1.23514700575535,GALEX J004711.9+405633,11.7998499496106,40.9427149209629,1,-999,21.88716,-999,6.384624,0.08146177,False,-99,0.004959452
2590873944232837645,0,1.24674669812736,GALEX J004712.3+405424,11.8014257737563,40.9069301912063,1,-999,23.38023,-999,1.614018,0.08146177,False,-99,0.003058594
6372252797061041586,0,1.26292232042101,GALEX J004709.1+405505,11.7880388873988,40.9183277556236,1,-999,21.49624,-999,9.151707,0.08146177,False,-99,0.00208522
6449755137246233408,0,1.26923435016685,GALEX J004711.5+405429,11.7979796034096,40.9081089117127,1,-999,23.68893,-999,1.214584,0.08146177,False,-99,0.002691126
6449755137246233697,0,1.29087529755673,GALEX J004719.2+405635,11.8303121358233,40.9430867380675,1,-999,21.04807,-999,13.82845,0.07988232,False,-99,0.01247052
2590873944232836882,0,1.30578707191916,GALEX J004722.3+405522,11.8429604352715,40.9228745095262,1,-999,22.57641,-999,3.384038,0.07680786,False,-99,0.004594209
2496052061252101134,0,1.31258538987145,GALEX J004722.3+405522,11.8431220597908,40.9229490451071,1,-999,23.19645,-999,1.9117,0.07680786,False,-99,0.003515243
2496052061252100854,0,1.31317572065561,GALEX J004718.8+405639,11.828588757105,40.9443311183966,1,-999,21.99271,-999,5.793177,0.07988232,False,-99,0.006278158
6457284592873248090,0,1.31414058358411,GALEX J004718.8+405639,11.8286390229184,40.9443280955473,1,-999,23.17644,-999,1.947263,0.07988232,False,-99,0.003260694
6449262556036995817,0,1.31711059530764,GALEX J004722.3+405522,11.8431986752271,40.9227866748646,1,-999,22.78489,-999,2.792826,0.07680786,False,-99,0.003854512
6449262556036995972,0,1.31941245499145,GALEX J004718.9+405639,11.8290862597742,40.9442344123032,1,-999,22.44381,-999,3.823637,0.07988232,False,-99,0.004165396
2496052061253152731,0,1.3195461589315,GALEX J004709.3+405452,11.7889669789333,40.9144946936047,2,23.1466,-999,2.001529,-999,0.08146177,False,0.002367617,-99
6457284592873247915,0,1.3282513766835,GALEX J004722.4+405521,11.8434113222568,40.9225655543192,1,-999,22.71546,-999,2.977262,0.07680786,False,-99,0.00304754
6449755137246233448,0,1.33314007873175,GALEX J004709.6+405444,11.7903826765594,40.9123880423903,1,-999,22.78668,-999,2.788231,0.08146177,False,-99,0.003831389
2496052061253152686,0,1.36218712177265,GALEX J004721.6+405613,11.840023585062,40.9370559648413,2,23.26713,-999,1.791228,-999,0.07988232,False,0.002543119,-99
2590873944232836762,0,1.40253222751167,GALEX J004711.8+405644,11.7992426168878,40.9456848856424,1,-999,22.32385,-999,4.270306,0.08146177,False,-99,0.004905642
6457284592873248084,0,1.43278971881085,GALEX J004709.7+405628,11.7908000111699,40.9412201910192,1,-999,23.20216,-999,1.901668,0.08146177,False,-99,0.002873627
6449262556036996002,0,1.43336330510096,GALEX J004712.0+405647,11.8001661715976,40.9466356782096,1,-999,23.4682,-999,1.4884,0.08146177,False,-99,0.003263959
6449755137246233401,0,1.44272333093403,GALEX J004710.3+405426,11.793237009213,40.9072766782674,1,-999,22.90796,-999,2.493524,0.08146177,False,-99,0.003172062
2590873944232837221,0,1.4591857049452,GALEX J004709.0+405620,11.7878671954349,40.9391218946956,1,-999,23.20918,-999,1.889413,0.08146177,False,-99,0.003478626
6449755137246233651,0,1.46722037684671,GALEX J004715.4+405659,11.8144911686824,40.9497311600424,1,-999,22.91326,-999,2.481388,0.07988232,False,-99,0.004467977
2496052061252100953,0,1.47075643891463,GALEX J004715.3+405659,11.8140409890046,40.9497893902361,1,-999,23.25322,-999,1.814314,0.07988232,False,-99,0.003188653
2591190603581621634,0,1.4723341886383,GALEX J004709.5+405629,11.7899020345702,40.9414484569088,1,-999,23.79976,-999,1.096723,0.08146177,False,-99,0.004198696
2591190603581621599,0,1.47512730234026,GALEX J004708.9+405619,11.7870926296171,40.9387279670296,1,-999,24.59644,-999,0.5265332,0.08146177,False,-99,0.002552052
6449262556036996032,0,1.48262453125909,GALEX J004715.4+405659,11.8143906163038,40.9499881487423,1,-999,24.08803,-999,0.8409863,0.07988232,False,-99,0.002187216
6449262556036995871,0,1.49445679343198,GALEX J004707.5+405533,11.7813837462633,40.926057927796,1,-999,23.81172,-999,1.084708,0.08146177,False,-99,0.002047584
2590873944232836902,0,1.49940700509561,GALEX J004707.5+405532,11.7812646933232,40.9257633034783,1,-999,24.33042,-999,0.6727161,0.08146177,False,-99,0.002980158
6449262556036995681,0,1.50154468924824,GALEX J004711.3+405413,11.7972210250877,40.9038520233789,1,-999,22.61249,-999,3.273421,0.08146177,False,-99,0.004348994
6449262556036995872,0,1.52950723995319,GALEX J004723.5+405534,11.8480415043803,40.9263674172891,1,-999,23.74886,-999,1.149356,0.07680786,False,-99,0.001551112
2496052061252100961,0,1.53552794298682,GALEX J004711.0+405648,11.7962055630405,40.9468976534066,1,-999,22.33387,-999,4.231086,0.08146177,False,-99,0.005856561
2590873944232838632,0,1.53598005584989,GALEX J004723.5+405534,11.8481906620529,40.9262497590119,1,-999,23.12549,-999,2.040811,0.07680786,False,-99,0.003957045
2496052061252101064,0,1.53928025499686,GALEX J004721.8+405627,11.8411789020401,40.940988830302,1,-999,23.20935,-999,1.889127,0.07988232,False,-99,0.003825946
6449262556036996020,0,1.55155566836614,GALEX J004713.3+405701,11.8056934806498,40.9502998316655,1,-999,24.31279,-999,0.6837292,0.08146177,False,-99,0.003075955
2496052061254198101,0,1.55765767014318,GALEX J004723.6+405535,11.8486576040072,40.9264613074986,3,22.87269,23.7197,2.575875,1.180647,0.07680786,False,0.002528235,0.001726278
6457284592873247948,0,1.57555221617329,GALEX J004723.7+405535,11.8490495309878,40.9265141266382,1,-999,23.06917,-999,2.149476,0.07680786,False,-99,0.003485881
6449262556036995988,0,1.58134142669399,GALEX J004710.8+405650,11.795258616342,40.9473454207511,1,-999,23.23285,-999,1.848675,0.08146177,False,-99,0.004217662
6449755137246233565,0,1.5839608682129,GALEX J004708.2+405619,11.784369511592,40.938860096611,1,-999,23.52892,-999,1.40744,0.08146177,False,-99,0.002258939
6457284592873248131,0,1.59484309533911,GALEX J004710.6+405649,11.7943427707347,40.9471518366864,1,-999,22.85407,-999,2.620425,0.08146177,False,-99,0.003113047
2590873944232838603,0,1.59559438103663,GALEX J004710.5+405649,11.793994522695,40.9469831815799,1,-999,22.52137,-999,3.560027,0.08146177,False,-99,0.005326943
2591190603581621771,0,1.61987660853172,GALEX J004710.5+405651,11.794141260364,40.9475535324445,1,-999,22.71434,-999,2.980325,0.08146177,False,-99,0.006940808
6457284592873248171,0,1.62323585131958,GALEX J004715.1+405708,11.813272448265,40.9523198362759,1,-999,23.19998,-999,1.905501,0.07988232,False,-99,0.002253732
2590873944234934578,0,1.62887808498863,GALEX J004713.3+405356,11.8057923076225,40.8989082778645,3,22.58211,23.0221,3.366335,2.2447,0.08146177,False,0.004037919,0.003899375
6449262556036995978,0,1.62898759941626,GALEX J004722.0+405633,11.8420288288046,40.9425792107635,1,-999,23.47731,-999,1.475962,0.07988232,False,-99,0.002825908
6449262556036995661,0,1.63093953566296,GALEX J004712.8+405357,11.8036612592289,40.8993194609349,1,-999,22.33292,-999,4.234775,0.08146177,False,-99,0.004392155
2496052061252100241,0,1.63627926998181,GALEX J004713.2+405355,11.8053664750426,40.8988617704197,1,-999,23.91814,-999,0.9834262,0.08146177,False,-99,0.001985566
6457284592873247770,0,1.64633419775121,GALEX J004719.1+405401,11.829587683904,40.9003779214055,1,-999,23.81028,-999,1.086141,0.07828937,False,-99,0.001136681
6449755137246233479,0,1.67145054019834,GALEX J004706.7+405511,11.7781845294875,40.9198012408815,1,-999,22.18803,-999,4.839355,0.08146177,False,-99,0.005763719
2590873944232837032,0,1.69415392022448,GALEX J004721.2+405413,11.8384109649809,40.9036860767959,1,-999,24.07691,-999,0.8496404,0.07680786,False,-99,0.003528628
6457284592873247749,0,1.69648304751052,GALEX J004718.1+405353,11.8255160684531,40.8982955576254,1,-999,23.38346,-999,1.609213,0.07828937,False,-99,0.002045579
2496052061252100275,0,1.70845222343505,GALEX J004721.2+405412,11.8385554196598,40.9034665339135,1,-999,23.59136,-999,1.328783,0.07680786,False,-99,0.003156978
2590873944232837122,0,1.72081360856055,GALEX J004718.0+405351,11.8249870678082,40.8977508341919,1,-999,23.37097,-999,1.627846,0.07828937,False,-99,0.002897967
6449755137246233434,0,1.7253904133815,GALEX J004709.8+405409,11.7909633480372,40.9025832587493,1,-999,21.28007,-999,11.16787,0.08146177,False,-99,0.008200864
6449262556036995664,0,1.73555702717453,GALEX J004718.0+405351,11.8250862015332,40.8975167328463,1,-999,23.23778,-999,1.840296,0.07828937,False,-99,0.002929144
2496052061252100191,0,1.73942731804015,GALEX J004718.0+405350,11.8250039876421,40.8974314613882,1,-999,23.34987,-999,1.659778,0.07828937,False,-99,0.004228786
6457284592873247800,0,1.74073179470219,GALEX J004709.9+405407,11.7915078725513,40.9019502336906,1,-999,22.11478,-999,5.177116,0.08146177,False,-99,0.002381481
2590873944232837144,0,1.74858096082167,GALEX J004709.9+405406,11.7915570689805,40.9017604973567,1,-999,21.72914,-999,7.384876,0.08146177,False,-99,0.00213109
6449755137246233642,0,1.74964064535553,GALEX J004720.2+405700,11.8345524073287,40.950118304408,1,-999,22.9337,-999,2.435123,0.07988232,False,-99,0.003261205
2496052061252100190,0,1.75258925215908,GALEX J004709.9+405406,11.7913304031676,40.9018036417372,1,-999,21.82403,-999,6.766866,0.08146177,False,-99,0.003683575
6449755137246233664,0,1.76121230570989,GALEX J004713.6+405714,11.8068368535525,40.9540799038439,1,-999,22.41213,-999,3.93684,0.07988232,False,-99,0.004456048
2590873944233891659,0,1.76224259227122,GALEX J004724.7+405532,11.853202666132,40.925661438743,2,23.45462,-999,1.507134,-999,0.07680786,False,0.002998712,-99
2496052061252100999,0,1.76375223966384,GALEX J004724.6+405513,11.8526990807888,40.9204030676041,1,-999,21.07523,-999,13.48679,0.07680786,False,-99,0.00236722
6457284592873248161,0,1.76751063273855,GALEX J004713.6+405715,11.8069547204592,40.9542041778756,1,-999,22.17449,-999,4.900068,0.07988232,False,-99,0.001875002
2590873944232837421,0,1.7701033652755,GALEX J004724.6+405513,11.8528453583561,40.92042214171,1,-999,21.11938,-999,12.94933,0.07680786,False,-99,0.002534301
6449262556036995780,0,1.77010966361466,GALEX J004724.6+405512,11.8528047170345,40.9202411794663,1,-999,21.2548,-999,11.43086,0.07680786,False,-99,0.002453387
6457284592874299754,0,1.77131053794961,GALEX J004717.1+405346,11.8212585696886,40.8962235445394,2,23.22012,-999,1.870489,-999,0.07828937,False,0.002152546,-99
2496052061252100793,0,1.7768949021984,GALEX J004713.6+405715,11.8067472756929,40.9543329771651,1,-999,22.05187,-999,5.485944,0.07988232,False,-99,0.005811336
6449262556036996048,0,1.77737667915733,GALEX J004713.5+405715,11.8066071481457,40.9543200897915,1,-999,22.62132,-999,3.246916,0.07988232,False,-99,0.002413677
6372252797061041560,0,1.78433612196153,GALEX J004724.7+405514,11.8532060939115,40.9206199951698,1,-999,21.54367,-999,8.760564,0.07680786,False,-99,0.003188475
6449262556036995598,0,1.78679682311473,GALEX J004710.1+405402,11.7921774542188,40.9006504220003,1,-999,21.70764,-999,7.532602,0.08146177,False,-99,0.006818963
2591190603581621824,0,1.78714399103177,GALEX J004713.5+405716,11.8063727891852,40.9544501825418,1,-999,22.49128,-999,3.660054,0.07988232,False,-99,0.002749421
6457284592873247928,0,1.78857842508025,GALEX J004724.7+405513,11.8532310121585,40.920298346435,1,-999,21.24653,-999,11.51831,0.07680786,False,-99,0.001899027
2496052061252100893,0,1.811741864452,GALEX J004720.5+405702,11.8357412570286,40.95077774469,1,-999,22.40354,-999,3.968124,0.07988232,False,-99,0.004384078
6449755137246233654,0,1.81731417151108,GALEX J004719.3+405710,11.830790106182,40.9528975875012,1,-999,23.64203,-999,1.268202,0.07988232,False,-99,0.002618321
2590873944232836971,0,1.81939273797689,GALEX J004706.0+405508,11.7750652856976,40.9190222169398,1,-999,23.13183,-999,2.028926,0.08146177,False,-99,0.004834602
6457284592874299809,0,1.82946837612246,GALEX J004705.8+405517,11.7742915176051,40.9214906950171,2,22.52291,-999,3.554988,-999,0.08146177,False,0.002654528,-99
2590873944233891227,0,1.84214578571488,GALEX J004709.2+405405,11.7885355869411,40.9015592162624,2,22.6025,-999,3.303696,-999,0.08146177,False,0.003023041,-99
2496052061253152658,0,1.87017140856864,GALEX J004722.9+405643,11.8457373241381,40.9454942494314,2,23.21798,-999,1.874177,-999,0.07988232,False,0.002613321,-99
2496052061252100832,0,1.87133415984082,GALEX J004722.9+405644,11.8454744910779,40.9457545478548,1,-999,22.73557,-999,2.922601,0.07988232,False,-99,0.004932011
6457284592873248100,0,1.87309066948737,GALEX J004723.3+405638,11.8473409121913,40.9440602150883,1,-999,23.03718,-999,2.213749,0.07988232,False,-99,0.003139677
2590873944232837238,0,1.89890701960409,GALEX J004710.4+405352,11.7935053710527,40.8978210396422,1,-999,22.55609,-999,3.447972,0.08146177,False,-99,0.004797104
2496052061252100968,0,1.89892514831914,GALEX J004718.5+405719,11.8273931980126,40.9553496732953,1,-999,23.98415,-999,0.925425,0.07988232,False,-99,0.001533491
2591190603582684213,0,1.90116124779362,GALEX J004707.2+405636,11.7800142533506,40.9434934268299,2,23.45961,-999,1.500235,-999,0.08303136,False,0.004037696,-99
6449262556036995820,0,1.90124798692037,GALEX J004705.4+405519,11.7725931376975,40.9222051605833,1,-999,23.33942,-999,1.675831,0.08146177,False,-99,0.00309669
2496052061254197301,0,1.92151623854685,GALEX J004712.4+405340,11.8018208377372,40.8946804166275,3,22.41764,21.66543,3.916919,7.831172,0.07828937,False,0.002144135,0.003145588
2496052061252100823,0,1.93043333323189,GALEX J004724.6+405620,11.8528579147814,40.9389916583167,1,-999,23.60523,-999,1.311926,0.07988232,False,-99,0.001995299
2590873944234934108,0,1.94475043535887,GALEX J004712.4+405339,11.8017820356951,40.8942843077115,3,22.15822,21.62452,4.974101,8.131908,0.07828937,False,0.003221091,0.00316328
6449262556036995593,0,1.9460378954086,GALEX J004712.3+405339,11.801643991348,40.8942939659343,1,-999,21.69169,-999,7.644054,0.07828937,False,-99,0.003526486
6457284592875344897,0,1.96344864862343,GALEX J004712.4+405338,11.8018780553928,40.8939366690653,3,22.09696,21.56711,5.262805,8.573476,0.07828937,False,0.003665417,0.003264389
6449262556036996069,0,1.97595918458622,GALEX J004710.8+405717,11.7953211919976,40.9549139356161,1,-999,23.49886,-999,1.446961,0.08303136,False,-99,0.002474332
2496052061253152543,0,1.9985961470407,GALEX J004716.2+405331,11.8175248564669,40.8920552847772,2,23.20368,-999,1.899025,-999,0.07828937,False,0.002551665,-99
2496052061252100819,0,2.02740069997578,GALEX J004721.3+405712,11.8389875892743,40.9534720146394,1,-999,22.63677,-999,3.201052,0.07988232,False,-99,0.004228286
2591190603581621822,0,2.05894202908848,GALEX J004714.7+405734,11.8114649918659,40.9595250098474,1,-999,23.56987,-999,1.355355,0.07988232,False,-99,0.002847363
2590873944234934462,0,2.06051966027004,GALEX J004716.8+405328,11.8200707325332,40.8912106252917,3,23.32148,23.65959,1.70376,1.247856,0.07828937,False,0.002179248,0.004066491
2496052061252100188,0,2.06776022853506,GALEX J004717.0+405328,11.8211787834039,40.891205642122,1,-999,23.71872,-999,1.181713,0.07828937,False,-99,0.003213159
6372252785249878171,0,2.08643326889951,GALEX J004721.0+405718,11.837774437106,40.9552056309477,1,-999,21.89835,-999,6.319155,0.07988232,False,-99,0.002197648
2591190603582684246,0,2.09576415044793,GALEX J004707.1+405654,11.7796961092948,40.9484164827329,2,23.15476,-999,1.986549,-999,0.08303136,False,0.005126656,-99
6449262556036996098,0,2.09649818196876,GALEX J004717.5+405734,11.8229067292409,40.959614033593,1,-999,23.59883,-999,1.319683,0.07988232,False,-99,0.002804573
6449755137246233545,0,2.09699703013958,GALEX J004704.8+405454,11.7700851740772,40.9150990958693,1,-999,19.11272,-999,82.20743,0.08195833,False,-99,0.002220087
6457284592873247929,0,2.10160899267531,GALEX J004704.8+405453,11.7700691894319,40.9148771613114,1,-999,19.14668,-999,79.67563,0.08195833,False,-99,0.001215511
6372252797061041886,0,2.11171708813313,GALEX J004704.7+405453,11.7698635580498,40.9148095536957,1,-999,19.23661,-999,73.34276,0.08195833,False,-99,0.002187933
6457284592873248219,0,2.11264725828955,GALEX J004713.9+405736,11.8081392546848,40.9601763234548,1,-999,23.1108,-999,2.068609,0.08177437,False,-99,0.002838612
2496052061252100225,0,2.11473327795243,GALEX J004704.7+405453,11.7697606339206,40.9148906006146,1,-999,19.14208,-999,80.01397,0.08195833,False,-99,0.001371573
6449262556036995671,0,2.11890870688071,GALEX J004704.7+405452,11.7697484901333,40.9146861725961,1,-999,19.15924,-999,78.75935,0.08195833,False,-99,0.001374866
2590873944232837056,0,2.12148164963126,GALEX J004704.7+405452,11.769684527658,40.9146969435629,1,-999,19.12983,-999,80.92255,0.08195833,False,-99,0.001884762
2590873944233891682,0,2.12718978830681,GALEX J004723.9+405407,11.8498351456871,40.9021012311329,2,22.79072,-999,2.777888,-999,0.07680786,False,0.003318239,-99
2496052061253152560,0,2.13008277112682,GALEX J004707.1+405404,11.7798264186694,40.901187519651,2,22.7906,-999,2.778187,-999,0.08195833,False,0.002706415,-99
2496052061253152593,0,2.13238927121508,GALEX J004725.4+405432,11.8561295407629,40.908981964247,2,23.14797,-999,1.998997,-999,0.07680786,False,0.001114816,-99
2591190603581621684,0,2.13688805450177,GALEX J004706.5+405650,11.7773921033898,40.947405227839,1,-999,24.65521,-999,0.4987853,0.08303136,False,-99,0.00278283
6449755137246233689,0,2.14483591260379,GALEX J004718.6+405734,11.8278237233827,40.9595418471347,1,-999,22.3437,-999,4.192955,0.07988232,False,-99,0.003836341
2496052061252100273,0,2.14547246535655,GALEX J004706.4+405412,11.776760945577,40.9035416012951,1,-999,24.04069,-999,0.8784672,0.08195833,False,-99,0.002115951
6457284592873248223,0,2.148425714382,GALEX J004718.9+405733,11.8289087914948,40.9593502163191,1,-999,23.16616,-999,1.965776,0.07988232,False,-99,0.002668954
6372252797061041666,0,2.14875938072355,GALEX J004722.7+405352,11.8446884290876,40.8977768224214,1,-999,21.32572,-999,10.7081,0.07680786,False,-99,0.003339048
2496052061253152542,0,2.14932664377018,GALEX J004719.9+405332,11.8330894186191,40.8923795384083,2,22.58672,-999,3.352065,-999,0.07828937,False,0.002417944,-99
2591190603582684248,0,2.15064992754365,GALEX J004708.2+405710,11.7843217731876,40.9530416793389,2,23.86633,-999,1.031503,-999,0.08303136,False,0.002001456,-99
2591190603581621841,0,2.15297854027727,GALEX J004715.0+405740,11.8125420069874,40.9611352327356,1,-999,23.67631,-999,1.228788,0.08177437,False,-99,0.002453463
2496052061252100179,0,2.15753959264106,GALEX J004722.7+405351,11.8446148979601,40.8975406197615,1,-999,20.46867,-999,23.57928,0.07680786,False,-99,0.001784846
2496052061252100958,0,2.15791285037591,GALEX J004718.5+405735,11.8273907405727,40.9598641229531,1,-999,22.72871,-999,2.941129,0.07988232,False,-99,0.003202586
2590873944232836863,0,2.16429669640086,GALEX J004704.0+405537,11.766650504643,40.927071925723,1,-999,23.9188,-999,0.9828352,0.08195833,False,-99,0.00402424
2590873944232837055,0,2.1696141899001,GALEX J004722.7+405350,11.8449287654939,40.8974757921588,1,-999,20.51487,-999,22.59701,0.07680786,False,-99,0.002063142
6449262556036995628,0,2.17500315406668,GALEX J004722.8+405350,11.8450124022419,40.8974115504612,1,-999,20.45289,-999,23.9245,0.07680786,False,-99,0.001500968
6457284592873247783,0,2.17967066703939,GALEX J004722.8+405351,11.8453401661817,40.8975176198594,1,-999,20.55297,-999,21.81787,0.07680786,False,-99,0.001353321
2590873944233891610,0,2.18015830840822,GALEX J004725.8+405434,11.8576663426943,40.9095271636442,2,23.80094,-999,1.09553,-999,0.07680786,False,0.001767659,-99
6457284592873248101,0,2.18222908639685,GALEX J004725.7+405630,11.8572111545598,40.9418159693819,1,-999,23.37456,-999,1.622473,0.07988232,False,-99,0.002646591
6457284592874299781,0,2.18639967218917,GALEX J004705.6+405421,11.7735037428473,40.9058894012678,2,22.95132,-999,2.395931,-999,0.08195833,False,0.001097876,-99
2496052061252100775,0,2.18804362197893,GALEX J004722.7+405713,11.8446052099876,40.9536846613892,1,-999,22.58353,-999,3.361919,0.07988232,False,-99,0.00340206
6449755137246233367,0,2.18967124088783,GALEX J004707.8+405351,11.782687921619,40.8977111983516,1,-999,23.11693,-999,2.056966,0.08195833,False,-99,0.003685883
6457284592873248020,0,2.20459208261357,GALEX J004704.0+405559,11.7668307474196,40.9331538936455,1,-999,22.8245,-999,2.692771,0.08303136,False,-99,0.004016524
6449755137246233726,0,2.21348042020909,GALEX J004716.5+405743,11.8188884697905,40.962008313865,1,-999,23.0725,-999,2.142889,0.07988232,False,-99,0.003989217
2591190603582684263,0,2.21470612501977,GALEX J004710.3+405730,11.793014444753,40.9584914497727,2,23.74429,-999,1.154216,-999,0.08303136,False,0.002287073,-99
2590873944233891616,0,2.21902657402232,GALEX J004727.0+405507,11.8624976791288,40.9186942254378,2,23.17286,-999,1.953703,-999,0.07680786,False,0.003805211,-99
6457284592873247693,0,2.21958458071611,GALEX J004718.7+405323,11.8281721461566,40.889793997796,1,-999,23.04701,-999,2.193796,0.07828937,False,-99,0.003141213
2496052061253152651,0,2.23341321331192,GALEX J004725.7+405636,11.8573811158526,40.9433880705208,2,23.02339,-999,2.242062,-999,0.07988232,False,0.002077779,-99
2496052061252101323,0,2.24089119763846,GALEX J004703.9+405603,11.7663603265207,40.9342912581638,1,-999,22.89827,-999,2.515882,0.08303136,False,-99,0.00239916
2590873944232837185,0,2.24365441505417,GALEX J004711.3+405324,11.7974332293221,40.8901324778785,1,-999,24.06648,-999,0.8578438,0.07828937,False,-99,0.003380314
6372252797061041786,0,2.2518346335047,GALEX J004727.3+405544,11.8637414783738,40.9291532492252,1,-999,20.53843,-999,22.11206,0.07680786,False,-99,0.00243073
2591190603583718740,0,2.25225072112812,GALEX J004703.8+405602,11.7659965930434,40.9339621438399,3,23.15203,22.91252,1.991551,2.483081,0.08303136,False,0.003794213,0.003440201
2496052061254198145,0,2.25344192425546,GALEX J004727.3+405545,11.8637743963148,40.9291731199459,3,21.05361,20.57927,13.75811,21.2957,0.07680786,False,0.004357976,0.003652259
2590873944234934406,0,2.25624656307008,GALEX J004703.8+405601,11.7658740586183,40.9338597454115,3,23.3142,22.82167,1.715224,2.699809,0.08303136,False,0.003181989,0.002727119
6449262556036995903,0,2.25709915812753,GALEX J004703.7+405601,11.7657898234031,40.9336474065042,1,-999,23.25828,-999,1.805878,0.08303136,False,-99,0.003042596
6449262556036995812,0,2.25844919519585,GALEX J004727.3+405543,11.8639278536894,40.9288508620004,1,-999,20.71325,-999,18.82356,0.07680786,False,-99,0.002561941
2496052061252100239,0,2.26509903538975,GALEX J004724.1+405357,11.8506541975456,40.8993589254695,1,-999,23.61166,-999,1.304172,0.07680786,False,-99,0.003034772
6457284592873247767,0,2.265620005487,GALEX J004724.2+405358,11.851040369048,40.8996586395021,1,-999,23.23235,-999,1.84953,0.07680786,False,-99,0.002842319
2591190603581621451,0,2.26567972896283,GALEX J004703.4+405531,11.7643568174029,40.9255415965435,1,-999,24.48592,-999,0.5829518,0.08195833,False,-99,0.00343241
6449755137246233659,0,2.26904910269659,GALEX J004723.0+405716,11.8461126815917,40.9544988712783,1,-999,23.98004,-999,0.9289338,0.07988232,False,-99,0.002245806
2590873944234934321,0,2.27224553698383,GALEX J004724.1+405356,11.8504920079472,40.8990574744589,3,22.86722,23.22729,2.588898,1.858159,0.07680786,False,0.002636188,0.004693884
6457284592875345151,0,2.2813239934454,GALEX J004727.4+405544,11.8643949707405,40.9291567247546,3,21.09492,20.58028,13.24447,21.27596,0.07680786,False,0.004987541,0.002735341
6372252785249878118,0,2.28855750750931,GALEX J004727.4+405544,11.8645561912602,40.9291506372128,1,-999,21.40507,-999,9.953396,0.07680786,False,-99,0.002069069
6457284592873247706,0,2.28897901381588,GALEX J004721.2+405330,11.838330833899,40.8917148253425,1,-999,23.31379,-999,1.715866,0.07828937,False,-99,0.002620453
2496052061252101137,0,2.29799561160494,GALEX J004722.2+405725,11.8428500975502,40.9569458338759,1,-999,23.58058,-999,1.342052,0.07988232,False,-99,0.002577145
2591190603582684209,0,2.29909429323048,GALEX J004704.2+405625,11.76775132517,40.9404380339801,2,23.67678,-999,1.22826,-999,0.08303136,False,0.002819336,-99
2496052061252100127,0,2.30817656376959,GALEX J004718.6+405317,11.8276435840774,40.8881467160444,1,-999,22.89177,-999,2.53099,0.07828937,False,-99,0.004653236
2590873944232837110,0,2.31362549148945,GALEX J004718.6+405317,11.8278255999011,40.8880900836693,1,-999,23.21121,-999,1.885886,0.07828937,False,-99,0.004949619
6457284592873247701,0,2.31484931779446,GALEX J004709.6+405328,11.7902088855024,40.891276831446,1,-999,23.12279,-999,2.045906,0.08146177,False,-99,0.002885208
2496052061252100189,0,2.32148166288047,GALEX J004709.3+405329,11.7890350877165,40.8916404024449,1,-999,23.66632,-999,1.240138,0.08195833,False,-99,0.001971311
6449262556036995748,0,2.32615267074324,GALEX J004726.6+405433,11.8610147905443,40.909193129953,1,-999,23.62487,-999,1.2884,0.07680786,False,-99,0.001805778
6449262556036995618,0,2.32645188875738,GALEX J004709.4+405329,11.7892014070788,40.8914742303746,1,-999,23.28365,-999,1.764171,0.08195833,False,-99,0.00203357
6449755137246233476,0,2.32841704968796,GALEX J004703.9+405441,11.7662445666777,40.9116566282927,1,-999,18.81986,-999,107.6606,0.08195833,False,-99,0.002255307
6449262556036996108,0,2.32969359134275,GALEX J004718.4+405746,11.8267980482841,40.9629471946862,1,-999,22.93106,-999,2.441037,0.07988232,False,-99,0.003288558
2590873944232836759,0,2.33037156050802,GALEX J004709.4+405328,11.7894117204875,40.8913107063326,1,-999,23.19778,-999,1.909357,0.08195833,False,-99,0.002696993
6449755137246233719,0,2.33199802986919,GALEX J004711.7+405744,11.7991215141942,40.9624071282555,1,-999,23.09429,-999,2.100306,0.08303136,False,-99,0.003188696
6457284592873247918,0,2.33256546483417,GALEX J004703.9+405441,11.7662418125794,40.9114664893021,1,-999,18.72676,-999,117.2996,0.08195833,False,-99,0.001314465
2590873944233891624,0,2.33327027393582,GALEX J004717.5+405313,11.823016443641,40.886947674116,2,22.57728,-999,3.381344,-999,0.07828937,False,0.00291452,-99
6457284592873247688,0,2.33731543828247,GALEX J004714.3+405311,11.8098088867692,40.8864728941758,1,-999,22.70265,-999,3.012578,0.07828937,False,-99,0.002069879
6457284592873247904,0,2.33907640503213,GALEX J004703.2+405506,11.7635517971941,40.9183867091862,1,-999,22.18659,-999,4.845767,0.08195833,False,-99,0.004675014
6372252797061041525,0,2.34028992685266,GALEX J004703.8+405440,11.7661482758077,40.9112909060047,1,-999,18.80315,-999,109.3302,0.08195833,False,-99,0.002267545
2590873944232838090,0,2.3404367432101,GALEX J004712.3+405315,11.8014699642767,40.8875014250592,1,-999,23.92022,-999,0.981545,0.07828937,False,-99,0.003789307
6457284592873247675,0,2.34077199947671,GALEX J004716.3+405310,11.8181918871824,40.8863740596464,1,-999,22.9678,-999,2.359831,0.07828937,False,-99,0.002188075
2496052061252100126,0,2.34114372726847,GALEX J004716.2+405310,11.8177472955251,40.8863441209912,1,-999,22.60133,-999,3.307249,0.07828937,False,-99,0.004219885
6449755137246233395,0,2.34260410981714,GALEX J004705.2+405410,11.772022443912,40.9028713296432,1,-999,22.88633,-999,2.54372,0.08195833,False,-99,0.004358495
2496052061252100249,0,2.34382324670135,GALEX J004703.8+405441,11.7660022979501,40.911414606767,1,-999,18.75695,-999,114.0822,0.08195833,False,-99,0.001372962
2590873944232837929,0,2.34442020426504,GALEX J004716.2+405310,11.8177220800583,40.886288136954,1,-999,23.1467,-999,2.001329,0.07828937,False,-99,0.002574003
2590873944232837397,0,2.34498772589497,GALEX J004707.6+405341,11.7816522946611,40.8949877565728,1,-999,24.0726,-999,0.8530223,0.08195833,False,-99,0.002895141
2591190603581621882,0,2.34607249797612,GALEX J004711.2+405743,11.7968770815549,40.9620886881894,1,-999,23.51141,-999,1.430333,0.08303136,False,-99,0.003983857
2590873944232837173,0,2.3478239494436,GALEX J004703.8+405440,11.7659688624671,40.9112937563087,1,-999,18.75622,-999,114.1592,0.08195833,False,-99,0.001854889
6449262556036995519,0,2.34934143131909,GALEX J004703.8+405440,11.7659527141541,40.9112549399803,1,-999,18.75533,-999,114.2529,0.08195833,False,-99,0.001355789
6457284592873248157,0,2.35123160436176,GALEX J004705.7+405659,11.7738356767585,40.9497667396055,1,-999,22.84923,-999,2.632128,0.08303136,False,-99,0.003009884
2496052061254197286,0,2.35124393033196,GALEX J004720.5+405322,11.8356373668923,40.8895508614521,3,22.73724,23.23117,2.918139,1.851532,0.07828937,False,0.002364709,0.003261321
6449262556036995708,0,2.35275281708723,GALEX J004704.6+405421,11.7692417556593,40.9058729938852,1,-999,23.5053,-999,1.438402,0.08195833,False,-99,0.003765736
2496052061254197268,0,2.35291589184361,GALEX J004714.3+405310,11.8096672272982,40.8862214057978,3,22.4641,22.69945,3.752864,3.021473,0.07828937,False,0.002314165,0.003985109
6457284592873247832,0,2.35548133720979,GALEX J004726.7+405431,11.8614788941632,40.9087858563372,1,-999,23.05691,-999,2.173885,0.07680786,False,-99,0.002800972
2590873944234934849,0,2.35722359426632,GALEX J004714.2+405310,11.8094336181989,40.8861656340735,3,22.98184,22.62695,2.329525,3.230139,0.07828937,False,0.00407128,0.002656232
6449262556036995566,0,2.35923954192557,GALEX J004714.2+405310,11.8091526903173,40.8861525514647,1,-999,22.66682,-999,3.113662,0.07828937,False,-99,0.003888399
6449262556036995563,0,2.36451243973494,GALEX J004716.1+405309,11.8173147778856,40.8859337119272,1,-999,23.08104,-999,2.126102,0.07828937,False,-99,0.002775501
6449262556036995784,0,2.36717596381372,GALEX J004703.0+405508,11.7628013656725,40.9189218916209,1,-999,22.79856,-999,2.757878,0.08195833,False,-99,0.003976645
6449755137246233634,0,2.36933204481895,GALEX J004705.6+405659,11.7734719243308,40.9499061592272,1,-999,24.02586,-999,0.8905476,0.08303136,False,-99,0.001621048
2590873944234934509,0,2.37519586361006,GALEX J004720.5+405320,11.8353989557943,40.8890337873785,3,23.18553,24.03962,1.931037,0.8793308,0.07828937,False,0.002787784,0.00258521
2496052061252100218,0,2.37531727781293,GALEX J004726.5+405423,11.86055279221,40.9066395359538,1,-999,22.4702,-999,3.731808,0.07680786,False,-99,0.007373598
2590873944232836999,0,2.37976143992001,GALEX J004726.7+405427,11.8612732019114,40.9075310298606,1,-999,22.75992,-999,2.857801,0.07680786,False,-99,0.005800761
2590873944232838266,0,2.38138256123891,GALEX J004705.0+405409,11.7710930812793,40.9027493957492,1,-999,23.13783,-999,2.017742,0.08195833,False,-99,0.003343565
6449262556036996029,0,2.38328638242868,GALEX J004705.4+405658,11.7728322412577,40.9496685498733,1,-999,23.43161,-999,1.53942,0.08303136,False,-99,0.003083759
2591190603581621747,0,2.39532691346012,GALEX J004705.4+405700,11.7728749128757,40.9500349562896,1,-999,23.32314,-999,1.701159,0.08303136,False,-99,0.004168444
2590873944232836835,0,2.40017351538822,GALEX J004705.5+405701,11.7730167028697,40.9502992797464,1,-999,23.50084,-999,1.444327,0.08303136,False,-99,0.004080101
6449755137246233705,0,2.4090437872255,GALEX J004722.8+405728,11.8450994669946,40.9580189092486,1,-999,23.68705,-999,1.216689,0.07988232,False,-99,0.004746754
2496052061252100786,0,2.4133537844643,GALEX J004705.4+405701,11.7726497655147,40.9503041409897,1,-999,23.68528,-999,1.218679,0.08303136,False,-99,0.00295717
2496052061252100320,0,2.41513500316961,GALEX J004702.8+405506,11.7618144721615,40.9185346045591,1,-999,22.32407,-999,4.26943,0.08195833,False,-99,0.005256645
2590873944232836845,0,2.41548293697425,GALEX J004702.8+405506,11.7618212568361,40.9184702398759,1,-999,21.71433,-999,7.486279,0.08195833,False,-99,0.008365744
2590873944233891175,0,2.41868208428529,GALEX J004710.0+405319,11.7919639011118,40.8886828892346,2,23.19355,-999,1.916821,-999,0.07828937,False,0.002567092,-99
2590873944234934492,0,2.44126923696532,GALEX J004722.6+405329,11.8445438813056,40.8915998004129,3,23.28915,23.84345,1.755262,1.053463,0.07680786,False,0.003449682,0.003094052
6457284592873247705,0,2.45900960516967,GALEX J004722.8+405329,11.8450075659554,40.891480909204,1,-999,23.2662,-999,1.792752,0.07680786,False,-99,0.002586805
2591190603582684281,0,2.46406773438435,GALEX J004711.4+405751,11.7976658826045,40.9643682573049,2,23.25598,-999,1.80971,-999,0.08303136,False,0.002648701,-99
6372252785249878198,0,2.46765923830939,GALEX J004713.1+405756,11.8048458903796,40.965776293969,1,-999,21.68753,-999,7.673426,0.08177437,False,-99,0.002555076
2496052061252100146,0,2.47230784430484,GALEX J004722.7+405328,11.8448869006817,40.8911506394502,1,-999,23.12811,-999,2.035888,0.07680786,False,-99,0.004270602
6449755137246233358,0,2.47700794183173,GALEX J004705.2+405357,11.7717458163816,40.8994220151253,1,-999,22.87918,-999,2.56052,0.08195833,False,-99,0.00361406
2496052061252100346,0,2.47785103716247,GALEX J004728.0+405448,11.8667171242838,40.9135014408968,1,-999,23.87635,-999,1.022018,0.07680786,False,-99,0.004464132
2590873944232837101,0,2.49101064553321,GALEX J004728.1+405450,11.8672275681977,40.9140450105373,1,-999,23.45484,-999,1.506832,0.07680786,False,-99,0.004423723
2590873944232837328,0,2.5006963533167,GALEX J004703.9+405416,11.7663944061288,40.9046692382641,1,-999,22.76261,-999,2.850729,0.08195833,False,-99,0.006149039
2496052061252100288,0,2.50173020886872,GALEX J004703.7+405421,11.7654445685731,40.9059476311332,1,-999,23.42756,-999,1.545163,0.08195833,False,-99,0.003207853
2590873944233891537,0,2.50947845741905,GALEX J004711.9+405305,11.7996499120615,40.8849523189939,2,22.68027,-999,3.075336,-999,0.07828937,False,0.002759411,-99
2496052061252100237,0,2.50961066883387,GALEX J004705.1+405355,11.7714206462162,40.8988619848102,1,-999,23.46236,-999,1.496427,0.08195833,False,-99,0.002252521
2591190603581621924,0,2.52505397365815,GALEX J004717.1+405801,11.8215725810428,40.9670052714734,1,-999,24.9195,-999,0.3910193,0.07988232,False,-99,0.00266037
2590873944232837250,0,2.5308544748879,GALEX J004705.0+405354,11.7710970315674,40.8986017194874,1,-999,23.6462,-999,1.263334,0.08195833,False,-99,0.003936167
2590873944232837192,0,2.5443808657466,GALEX J004708.5+405319,11.7857656555311,40.888779274214,1,-999,23.88572,-999,1.013235,0.08195833,False,-99,0.003248128
2590873944232837481,0,2.54836255147603,GALEX J004721.7+405315,11.8406431051148,40.8877472203661,1,-999,24.37232,-999,0.6472468,0.07828937,False,-99,0.003358359
2496052061252100170,0,2.54943825523235,GALEX J004708.4+405320,11.7852958343787,40.8888931834764,1,-999,23.58848,-999,1.332317,0.08195833,False,-99,0.002769224
2496052061252100162,0,2.55154716380984,GALEX J004721.8+405316,11.8410391882721,40.8878470367962,1,-999,23.92294,-999,0.9790945,0.07828937,False,-99,0.00133854
6449262556036995562,0,2.55172262776739,GALEX J004718.6+405302,11.8278180332847,40.8839883166839,1,-999,23.85117,-999,1.045998,0.07828937,False,-99,0.001423661
2496052061252101092,0,2.55775460245716,GALEX J004728.9+405516,11.8704957670813,40.9212196508139,1,-999,23.10937,-999,2.071334,0.07680786,False,-99,0.003818844
2590873944234934465,0,2.56275364929221,GALEX J004718.9+405302,11.8288914627663,40.8840067713293,3,24.01,24.27578,0.9036529,0.707434,0.07828937,False,0.002062411,0.002737941
2591190603582684296,0,2.5658264738158,GALEX J004714.6+405804,11.8111923271331,40.9679756913171,2,24.03544,-999,0.8827272,-999,0.08177437,False,0.002466992,-99
6449262556036995557,0,2.57001866373763,GALEX J004721.9+405315,11.8413579332713,40.8876273457883,1,-999,23.56838,-999,1.357217,0.07828937,False,-99,0.002729481
6449262556036996124,0,2.57651043103647,GALEX J004713.2+405803,11.8050274529825,40.9676404463636,1,-999,22.63504,-999,3.206142,0.08177437,False,-99,0.002772538
2496052061253152513,0,2.57850365529158,GALEX J004719.1+405302,11.8297853376434,40.8839200061673,2,23.44099,-999,1.526184,-999,0.07828937,False,0.002009112,-99
2496052061252100591,0,2.58156083939745,GALEX J004713.1+405803,11.8047925730336,40.9676960104522,1,-999,21.94099,-999,6.075805,0.08177437,False,-99,0.006323037
2591190603583719260,0,2.58289449544841,GALEX J004713.2+405804,11.8053210340784,40.9677844051006,3,23.42608,22.18552,1.547288,4.850561,0.08177437,False,0.002971655,0.004510282
2496052061253152598,0,2.58292099186572,GALEX J004728.3+405440,11.8681909483251,40.9112447755276,2,23.13847,-999,2.016566,-999,0.07680786,False,0.002076322,-99
6372252785249878206,0,2.591378698553,GALEX J004718.9+405801,11.8291271074031,40.9669968914576,1,-999,21.48556,-999,9.242232,0.07988232,False,-99,0.001702821
6449755137246233746,0,2.59352817293061,GALEX J004713.2+405804,11.805082005821,40.9679347000143,1,-999,22.92063,-999,2.464608,0.08177437,False,-99,0.003145584
2591190603581621937,0,2.59995464875524,GALEX J004716.5+405806,11.8191424101711,40.9684578436004,1,-999,25.66838,-999,0.1961769,0.08177437,False,-99,0.002730588
2590873944232837189,0,2.60034731680534,GALEX J004704.1+405401,11.767268072907,40.9005142506574,1,-999,23.80427,-999,1.09217,0.08195833,False,-99,0.004535007
2496052061252100905,0,2.61265128855288,GALEX J004727.6+405644,11.8653299395698,40.9455730212371,1,-999,22.0829,-999,5.331375,0.07576488,False,-99,0.005290636
6449262556036995791,0,2.61453224959764,GALEX J004701.8+405504,11.7574998104544,40.9178846794753,1,-999,23.38751,-999,1.603228,0.08195833,False,-99,0.003376051
6449755137246233318,0,2.61607502169637,GALEX J004706.3+405332,11.7765379882811,40.8923358511922,1,-999,23.68271,-999,1.221565,0.08195833,False,-99,0.00233308
6372252797061041643,0,2.61978922461526,GALEX J004722.5+405316,11.8440472803355,40.8878325264765,1,-999,21.00314,-999,14.41259,0.07680786,False,-99,0.002586724
6449262556036996140,0,2.62155912021697,GALEX J004710.9+405759,11.7956917562372,40.9666394414542,1,-999,23.84482,-999,1.052139,0.08303136,False,-99,0.00160044
6449755137246233458,0,2.62369012262955,GALEX J004701.7+405507,11.7571137773943,40.9187302955384,1,-999,23.22013,-999,1.870455,0.08195833,False,-99,0.003061629
6449755137246233696,0,2.6263185572961,GALEX J004723.3+405740,11.8472916534111,40.9612806573227,1,-999,23.28225,-999,1.766443,0.07988232,False,-99,0.001915424
2496052061252101103,0,2.63595861905109,GALEX J004729.2+405556,11.871693347172,40.932488645708,1,-999,22.73202,-999,2.932183,0.07328215,False,-99,0.005278541
2496052061253152631,0,2.63869337932051,GALEX J004725.1+405724,11.8549456257892,40.9567889058772,2,23.24891,-999,1.821528,-999,0.07576488,False,0.00228661,-99
6449755137246233388,0,2.65960077218288,GALEX J004703.0+405415,11.762573269369,40.9044227800147,1,-999,23.34982,-999,1.659864,0.08195833,False,-99,0.003112169
6449262556036996142,0,2.66151027008768,GALEX J004720.0+405801,11.8337219551647,40.9671491203508,1,-999,23.35348,-999,1.654273,0.07988232,False,-99,0.002775764
2496052061252100696,0,2.66243039488691,GALEX J004723.6+405741,11.8483207384411,40.9614710515433,1,-999,22.36409,-999,4.114942,0.07988232,False,-99,0.005015839
2591190603581621380,0,2.66608302109054,GALEX J004701.5+405501,11.7565647457055,40.9169671978547,1,-999,24.95638,-999,0.3779596,0.08195833,False,-99,0.002149027
2591190603581621546,0,2.67503453923919,GALEX J004701.5+405600,11.7563575279673,40.933592554561,1,-999,23.83332,-999,1.06334,0.08352698,False,-99,0.003853312
6449262556036995898,0,2.68819898892642,GALEX J004729.4+405556,11.8728599838389,40.9324946947214,1,-999,23.5906,-999,1.329719,0.07328215,False,-99,0.003349368
6449755137246233538,0,2.69086471620627,GALEX J004701.4+405601,11.7560509254634,40.933786014708,1,-999,23.52163,-999,1.416923,0.08352698,False,-99,0.002787103
2590873944232836814,0,2.69250881649092,GALEX J004701.4+405600,11.7559304280911,40.9334517081549,1,-999,23.76554,-999,1.131837,0.08352698,False,-99,0.003022077
2496052061252100860,0,2.69313256311879,GALEX J004701.4+405601,11.7559605863062,40.9336301283146,1,-999,23.69202,-999,1.211133,0.08352698,False,-99,0.00316808
6457284592873248050,0,2.71801288523362,GALEX J004729.5+405600,11.8732737984914,40.93359294621,1,-999,23.01875,-999,2.251651,0.07328215,False,-99,0.003042768
2590873944233891579,0,2.72301686021488,GALEX J004729.5+405459,11.8732387097958,40.9164149093736,2,22.87814,-999,2.562993,-999,0.07680786,False,0.0044112,-99
6449755137246233685,0,2.72962287557929,GALEX J004724.9+405734,11.8537824307343,40.9596539684037,1,-999,23.12638,-999,2.039135,0.07576488,False,-99,0.003243275
2590873944232837509,0,2.73672256858124,GALEX J004702.4+405417,11.7603287824339,40.9049065930936,1,-999,23.5209,-999,1.417879,0.08195833,False,-99,0.004543704
2496052061253152730,0,2.75210932585657,GALEX J004729.7+405500,11.8740059263425,40.916859501996,2,22.65059,-999,3.16059,-999,0.07680786,False,0.002082256,-99
6449262556036995790,0,2.76135974339141,GALEX J004729.8+405500,11.8742183772066,40.9168793872515,1,-999,22.86276,-999,2.599535,0.07680786,False,-99,0.002070717
2590873944232837548,0,2.77038804914019,GALEX J004718.4+405248,11.826907725871,40.8800933547681,1,-999,24.85851,-999,0.413613,0.07828937,False,-99,0.002738638
6449755137246233740,0,2.77461629865121,GALEX J004709.1+405801,11.7879963453247,40.9670239070552,1,-999,22.55368,-999,3.455634,0.08303136,False,-99,0.00345023
6449755137246233394,0,2.77750503219712,GALEX J004702.0+405421,11.7587104250053,40.9058828126636,1,-999,23.32138,-999,1.703919,0.08195833,False,-99,0.002904836
2591190603581621963,0,2.78067452587825,GALEX J004708.9+405800,11.7873930525256,40.9669160998349,1,-999,23.26207,-999,1.799585,0.08303136,False,-99,0.00297892
6449262556036995936,0,2.78318018964989,GALEX J004727.3+405709,11.8637864369454,40.9527755816467,1,-999,18.85233,-999,104.4885,0.07576488,False,-99,0.001690328
6457284592873247889,0,2.78540948012096,GALEX J004729.9+405501,11.8748011286143,40.917058916455,1,-999,22.61486,-999,3.266301,0.07680786,False,-99,0.004050289
2496052061254198102,0,2.78712946477653,GALEX J004727.3+405710,11.8638167499567,40.9528554910293,3,23.32641,18.73185,1.696052,116.7508,0.07576488,False,0.002175551,0.001745774
2496052061253152562,0,2.78888441097437,GALEX J004703.0+405400,11.7626499946207,40.9000779821881,2,23.27229,-999,1.782724,-999,0.08195833,False,0.002399796,-99
6372252797061041759,0,2.79000557982342,GALEX J004727.3+405710,11.8637449974556,40.9530093201695,1,-999,19.05366,-999,86.80344,0.07576488,False,-99,0.003901316
6449755137246233316,0,2.79123864594326,GALEX J004705.8+405323,11.7744237709208,40.8898602066296,1,-999,22.95725,-999,2.382858,0.08195833,False,-99,0.003239213
6372252785249878135,0,2.79168122493577,GALEX J004727.3+405710,11.8639811826083,40.9528146886864,1,-999,19.21721,-999,74.66479,0.07576488,False,-99,0.004887953
2590873944234934432,0,2.79631009581696,GALEX J004701.3+405439,11.7556292972917,40.9109851920435,3,23.29818,22.37754,1.740722,4.06428,0.08195833,False,0.002920788,0.01031455
6457284592873248094,0,2.79753593152114,GALEX J004727.3+405710,11.8640949067007,40.9528625751947,1,-999,18.89853,-999,100.1353,0.07576488,False,-99,0.001497082
6449262556036995521,0,2.80340085698849,GALEX J004709.1+405258,11.7882669261503,40.8829111000117,1,-999,23.41791,-999,1.558962,0.07873246,False,-99,0.005703036
2496052061252100731,0,2.80874776504437,GALEX J004708.9+405802,11.7873183706924,40.9674090141848,1,-999,23.72491,-999,1.174997,0.08303136,False,-99,0.001559246
2496052061252100311,0,2.80913092694479,GALEX J004701.3+405438,11.7554699080401,40.9106650663889,1,-999,23.18159,-999,1.93804,0.08195833,False,-99,0.003222671
6449262556036995752,0,2.80931113061022,GALEX J004701.3+405438,11.7554332118974,40.9107399910193,1,-999,23.14302,-999,2.008132,0.08195833,False,-99,0.003379203
2590873944232837270,0,2.8096610240748,GALEX J004709.1+405258,11.7881453685741,40.8828387954934,1,-999,23.54015,-999,1.392958,0.07873246,False,-99,0.004838787
2496052061252100103,0,2.81154504279457,GALEX J004709.2+405257,11.7885006752352,40.8826800482532,1,-999,23.46051,-999,1.498983,0.07873246,False,-99,0.003083003
6449262556036996010,0,2.82558549899503,GALEX J004726.4+405725,11.8601902933401,40.9571817354611,1,-999,19.92176,-999,39.0206,0.07576488,False,-99,0.001589926
2496052061252100942,0,2.82736416311818,GALEX J004726.4+405725,11.860219997682,40.9572011367039,1,-999,19.78739,-999,44.1615,0.07576488,False,-99,0.001640735
6372252797061041997,0,2.82813626231647,GALEX J004726.4+405725,11.8602344991916,40.9572082399475,1,-999,19.76433,-999,45.10933,0.07576488,False,-99,0.004960068
6457284592873248081,0,2.82843341799177,GALEX J004726.4+405725,11.8603926385576,40.9570853406365,1,-999,19.82248,-999,42.75719,0.07576488,False,-99,0.001842477
6457284592873247859,0,2.82902366076896,GALEX J004701.3+405435,11.7553978444673,40.9097918820439,1,-999,22.74032,-999,2.909852,0.08195833,False,-99,0.004069818
2496052061253152694,0,2.83546131214185,GALEX J004711.7+405815,11.7990773564236,40.9711091256897,2,23.52505,-999,1.412485,-999,0.08177437,False,0.001714215,-99
2590873944232836867,0,2.83656364072215,GALEX J004700.5+405505,11.7524744960137,40.9181842062848,1,-999,24.5847,-999,0.5322551,0.08352698,False,-99,0.001977591
2590873944232837451,0,2.84061063387892,GALEX J004726.4+405335,11.8602505580819,40.8930723787724,1,-999,23.06683,-999,2.154115,0.07680786,False,-99,0.003974189
6449262556036996172,0,2.84116543819146,GALEX J004716.5+405821,11.8190018820751,40.9724990657586,1,-999,23.55405,-999,1.37524,0.08177437,False,-99,0.002749746
6449262556036996165,0,2.84375313924722,GALEX J004719.5+405815,11.8314943241816,40.9708668413216,1,-999,22.98704,-999,2.318375,0.07988232,False,-99,0.003651279
6457284592873248286,0,2.84610803387159,GALEX J004719.8+405814,11.8325216216539,40.9706800624527,1,-999,22.79802,-999,2.759245,0.07988232,False,-99,0.00225073
2496052061252100310,0,2.84835677826856,GALEX J004730.3+405505,11.8764797530321,40.9183074645182,1,-999,21.50284,-999,9.096297,0.07680786,False,-99,0.007239331
6457284592873247938,0,2.84887081349254,GALEX J004730.5+405535,11.8771550527663,40.926500925389,1,-999,23.19091,-999,1.921473,0.07328215,False,-99,0.00165824
6449755137246233773,0,2.8512999242492,GALEX J004719.6+405815,11.8320327094396,40.9708803483338,1,-999,23.02807,-999,2.232402,0.07988232,False,-99,0.003510254
2496052061252100669,0,2.8527110932905,GALEX J004719.7+405814,11.8324102544027,40.9708203356762,1,-999,22.25169,-999,4.563752,0.07988232,False,-99,0.006101773
6372252797061041755,0,2.86876428321713,GALEX J004714.6+405239,11.8111335503338,40.8775262468857,1,-999,21.46432,-999,9.424763,0.07828937,False,-99,0.002378626
6457284592875345370,0,2.87249817220895,GALEX J004706.6+405751,11.7778284663734,40.964414827046,3,21.24626,20.90844,11.52125,15.72624,0.08303136,False,0.002865247,0.004035219
2591190603581621384,0,2.87836660496212,GALEX J004700.4+405502,11.7517054715271,40.9174040343694,1,-999,25.4826,-999,0.2327874,0.08352698,False,-99,0.001077299
6449262556036996073,0,2.88061254062509,GALEX J004706.5+405751,11.7773806494439,40.9643406374573,1,-999,20.84587,-999,16.6591,0.08303136,False,-99,0.002467948
6449755137246233759,0,2.88274624008955,GALEX J004706.5+405751,11.7773331820851,40.9643587237334,1,-999,20.86382,-999,16.38598,0.08303136,False,-99,0.004468316
6372252797061041832,0,2.88334602922488,GALEX J004706.6+405752,11.7778315848568,40.9646374669609,1,-999,20.54676,-999,21.94298,0.08303136,False,-99,0.003988799
6372252785249878147,0,2.88448468744723,GALEX J004726.6+405728,11.8609235123301,40.9580286940937,1,-999,20.01565,-999,35.78817,0.07576488,False,-99,0.00605178
2591190603583719137,0,2.88639933607058,GALEX J004716.6+405823,11.8191946963677,40.9732441059648,3,22.89777,24.9498,2.517073,0.3802601,0.08177437,False,0.003563034,0.002244968
2496052061252100713,0,2.88791848037328,GALEX J004716.4+405823,11.8185342805685,40.9733050563123,1,-999,23.4929,-999,1.454915,0.08177437,False,-99,0.00277732
2591190603583719155,0,2.88912178186061,GALEX J004706.5+405751,11.7771274813548,40.9643780795552,3,20.97684,20.79682,14.76617,17.42904,0.08303136,False,0.003468723,0.002571975
6457284592873248306,0,2.89013345516764,GALEX J004716.7+405823,11.8196018845937,40.9732820208357,1,-999,23.30148,-999,1.735439,0.08177437,False,-99,0.002370744
2496052061254197563,0,2.90472355234557,GALEX J004706.4+405752,11.7769307508643,40.9645915342555,3,21.2267,20.44569,11.73066,24.08377,0.08303136,False,0.004507081,0.009387086
2496052061252100335,0,2.91621955804971,GALEX J004730.4+405447,11.8766780093538,40.9133198042356,1,-999,23.11954,-999,2.052026,0.07680786,False,-99,0.00333108
6372252797061041659,0,2.91697794434258,GALEX J004705.4+405317,11.7725596494915,40.8883077566084,1,-999,21.80465,-999,6.888725,0.08195833,False,-99,0.002315524
2496052061252100771,0,2.91789841055953,GALEX J004703.1+405716,11.7630406629139,40.9546675807158,1,-999,21.86988,-999,6.487048,0.08303136,False,-99,0.006478167
6449262556036995809,0,2.91950042490224,GALEX J004730.7+405509,11.8782331162514,40.9192426017798,1,-999,22.94978,-999,2.399319,0.07328215,False,-99,0.002507475
6449719952874144029,0,2.92305048093608,GALEX J004706.4+405753,11.7768031239376,40.9648983152088,1,-999,20.72399,-999,18.63819,0.08303136,False,-99,0.006302323
6457284592873247625,0,2.93013266636749,GALEX J004715.5+405235,11.8147014531166,40.876443025985,1,-999,22.87591,-999,2.568245,0.07828937,False,-99,0.002387129
6457284592873247913,0,2.93496017395258,GALEX J004730.8+405509,11.8785831706455,40.9192815746695,1,-999,22.99782,-999,2.295462,0.07328215,False,-99,0.003380036
2590873944234934302,0,2.94639231172819,GALEX J004730.5+405445,11.8771293399787,40.9126343088463,3,22.79465,22.22886,2.767835,4.660767,0.07680786,False,0.003741889,0.005755733
2496052061252100622,0,2.95239902741897,GALEX J004713.2+405826,11.8050301917081,40.9739801626354,1,-999,23.89467,-999,1.00492,0.08177437,False,-99,0.003490292
6457284592873247855,0,2.95270357443706,GALEX J004730.5+405445,11.8772393315663,40.9125380238305,1,-999,23.453,-999,1.509385,0.07680786,False,-99,0.002623407
2591190603581621964,0,2.95476698005451,GALEX J004707.7+405805,11.7824574979325,40.9682371308999,1,-999,23.24011,-999,1.836344,0.08303136,False,-99,0.004496187
2590873944232837077,0,2.96154023402376,GALEX J004704.5+405323,11.7688692351864,40.8898421548132,1,-999,24.95398,-999,0.3787984,0.08195833,False,-99,0.002633073
6449755137246233715,0,2.96763260400545,GALEX J004725.6+405746,11.856797337703,40.9629278768168,1,-999,22.52221,-999,3.557256,0.07576488,False,-99,0.003467992
6449719952874144024,0,2.9746222028381,GALEX J004708.0+405808,11.783410621642,40.9690083453049,1,-999,23.28522,-999,1.761615,0.08303136,False,-99,0.00430399
6372252785249878088,0,2.97588924908005,GALEX J004729.6+405413,11.8734071073866,40.9036646518695,1,-999,21.47792,-999,9.307434,0.07680786,False,-99,0.00203863
6449262556036995803,0,2.97943661394656,GALEX J004659.8+405503,11.7493721071942,40.9177618333925,1,-999,23.99981,-999,0.9121684,0.08352698,False,-99,0.002099135
6457284592873248003,0,2.98872518770584,GALEX J004659.7+405553,11.748912780759,40.9314585638468,1,-999,22.25222,-999,4.561546,0.08352698,False,-99,0.004615956
6449755137246233567,0,2.99853472787406,GALEX J004659.6+405553,11.7487119876613,40.9315627443597,1,-999,21.99968,-999,5.756078,0.08352698,False,-99,0.006211571
2590873944234934169,0,3.00637370630544,GALEX J004659.6+405553,11.7485389961687,40.9315706124835,3,22.21824,21.86121,4.706609,6.539037,0.08352698,False,0.005345621,0.004600285
6449262556036995849,0,3.0067515118522,GALEX J004659.6+405552,11.7484765913462,40.9312383718176,1,-999,22.18089,-999,4.871274,0.08352698,False,-99,0.005272308
2591190603583718792,0,3.01382988551208,GALEX J004659.6+405553,11.7483463980646,40.931407580335,3,22.28039,21.84608,4.444727,6.630816,0.08352698,False,0.004242525,0.004626888
2496052061254198168,0,3.0140685973618,GALEX J004659.6+405554,11.7484303687251,40.9319347877044,3,22.27165,22.09405,4.480661,5.2769,0.08352698,False,0.004545553,0.005960455
6457284592873248214,0,3.01472430898349,GALEX J004726.1+405745,11.8588450639808,40.9626162725951,1,-999,21.66071,-999,7.865292,0.07576488,False,-99,0.00313488
2496052061252100795,0,3.01680622782501,GALEX J004726.0+405746,11.858625184848,40.9628116997454,1,-999,21.5066,-999,9.064844,0.07576488,False,-99,0.003169626
6449262556036996079,0,3.0173682363727,GALEX J004726.0+405746,11.858599720926,40.9628413830073,1,-999,21.88784,-999,6.380647,0.07576488,False,-99,0.004544646
6449755137246233840,0,3.02045734029262,GALEX J004722.8+405811,11.8452412848189,40.9698784462334,1,-999,21.12681,-999,12.86102,0.07988232,False,-99,0.008986072
2591190603581621830,0,3.02124010285316,GALEX J004704.0+405738,11.7667664114652,40.9605558204092,1,-999,24.17141,-999,0.7788174,0.08303136,False,-99,0.001697838
6449719952874144026,0,3.022777746381,GALEX J004703.9+405737,11.766485913333,40.960375465876,1,-999,21.36809,-999,10.29826,0.08303136,False,-99,0.008474923
6449262556036996051,0,3.03032951591209,GALEX J004702.5+405718,11.7604273670355,40.9551553265179,1,-999,23.4092,-999,1.571522,0.08303136,False,-99,0.003603186
6449262556036996097,0,3.03040747993233,GALEX J004704.0+405738,11.7668018534861,40.9608007092438,1,-999,23.25514,-999,1.811098,0.08303136,False,-99,0.002978938
2496052061252100072,0,3.04511769680682,GALEX J004707.9+405249,11.7832130242567,40.880305503971,1,-999,22.14249,-999,5.046673,0.07873246,False,-99,0.001744664
6457284592873247657,0,3.04630667473283,GALEX J004708.0+405248,11.7833162456938,40.8802424498367,1,-999,22.11919,-999,5.15614,0.07873246,False,-99,0.002040456
2590873944234934637,0,3.04787481772827,GALEX J004707.9+405249,11.7830837862375,40.8803048180803,3,23.96104,22.20289,0.9453369,4.773575,0.07873246,False,0.002626438,0.001850934
6449262556036995523,0,3.04975972848085,GALEX J004707.9+405248,11.7831640765667,40.8802375496457,1,-999,22.29039,-999,4.403955,0.07873246,False,-99,0.001973355
2590873944232837363,0,3.05133632333932,GALEX J004702.5+405340,11.7606357324538,40.8946274608167,1,-999,23.67043,-999,1.235451,0.08195833,False,-99,0.00287627
2590873944233891651,0,3.05176510293393,GALEX J004730.8+405437,11.878683565085,40.9103610606773,2,23.03144,-999,2.225491,-999,0.07680786,False,0.002723011,-99
6372252797061042018,0,3.05194522040019,GALEX J004709.5+405821,11.7899389355457,40.9726892422949,1,-999,22.00013,-999,5.75372,0.08303136,False,-99,0.001186519
6449262556036995430,0,3.06134028719151,GALEX J004711.5+405232,11.7982512169031,40.8757245776482,1,-999,23.06178,-999,2.164154,0.07873246,False,-99,0.004090797
2590873944232837279,0,3.06394302256933,GALEX J004711.4+405232,11.7975526131068,40.8758123127372,1,-999,23.00204,-999,2.286565,0.07873246,False,-99,0.002578928
6457284592873247620,0,3.06698683847048,GALEX J004711.3+405232,11.7972847979624,40.8758122347754,1,-999,22.45998,-999,3.767088,0.07873246,False,-99,0.004134951
2496052061252100037,0,3.07386211509265,GALEX J004711.3+405232,11.7972998802202,40.8756908732777,1,-999,23.22492,-999,1.862225,0.07873246,False,-99,0.002439356
6449262556036996118,0,3.08115653040955,GALEX J004723.3+405812,11.8473593063397,40.9701648429281,1,-999,21.80823,-999,6.86605,0.07576488,False,-99,0.004303748
2496052061252100701,0,3.08344955423369,GALEX J004723.4+405812,11.8477120752294,40.9700595836347,1,-999,21.75215,-999,7.230049,0.07576488,False,-99,0.004661812
2496052061252100835,0,3.08352282094027,GALEX J004731.4+405607,11.8810013015741,40.9354856656337,1,-999,23.82378,-999,1.072725,0.07328215,False,-99,0.00243935
2496052061254197380,0,3.08359389230062,GALEX J004701.0+405404,11.7542981919905,40.9011335305754,3,22.53314,22.23189,3.521657,4.647766,0.08195833,False,0.003233846,0.002314849
6449262556036995673,0,3.08581960307983,GALEX J004701.0+405403,11.7542696936889,40.9010950747241,1,-999,22.33384,-999,4.231187,0.08195833,False,-99,0.004270294
2591190603582684242,0,3.08644813477616,GALEX J004701.2+405702,11.7552077781955,40.9507970771238,2,23.50828,-999,1.434465,-999,0.08303136,False,0.002525173,-99
6457284592875344950,0,3.08822161812645,GALEX J004701.0+405403,11.7542417263654,40.9010496515058,3,22.20989,22.18059,4.74294,4.872619,0.08195833,False,0.003690319,0.004048281
2590873944234934282,0,3.09408126087118,GALEX J004701.0+405403,11.7541596679245,40.9009585236225,3,22.44876,22.34792,3.806253,4.176692,0.08195833,False,0.001893454,0.0021019
6457284592873248277,0,3.09575775442239,GALEX J004723.5+405812,11.8480312103011,40.9701590129052,1,-999,22.37433,-999,4.076297,0.07576488,False,-99,0.003188817
6449755137246233418,0,3.10105487659564,GALEX J004700.9+405404,11.7538092246292,40.9012095613048,1,-999,22.31364,-999,4.31067,0.08195833,False,-99,0.004581325
6457284592873247822,0,3.10403940700671,GALEX J004730.4+405416,11.8770222578988,40.9044881917926,1,-999,22.98977,-999,2.312562,0.07680786,False,-99,0.003760573
2591190603581622020,0,3.11120256316218,GALEX J004710.6+405829,11.7945584233065,40.9749335964565,1,-999,23.83833,-999,1.058442,0.08177437,False,-99,0.003748537
2496052061252101371,0,3.11955581486656,GALEX J004730.7+405640,11.8781928849755,40.9446646181406,1,-999,22.50089,-999,3.627817,0.07328215,False,-99,0.005065331
2496052061253152528,0,3.12204220561498,GALEX J004726.9+405316,11.8621121899192,40.8878132385994,2,23.40302,-999,1.580499,-999,0.07680786,False,0.002161754,-99
6449755137246233427,0,3.1230703736403,GALEX J004659.7+405432,11.7489091595907,40.908993377669,1,-999,22.14602,-999,5.030262,0.08195833,False,-99,0.00259567
6457284592873247840,0,3.13132882369418,GALEX J004659.7+405432,11.7487459756374,40.9089278804667,1,-999,22.58766,-999,3.349156,0.08195833,False,-99,0.001406076
6449262556036995981,0,3.13949204256262,GALEX J004730.8+405641,11.8785133115444,40.944952806816,1,-999,23.12353,-999,2.044511,0.07328215,False,-99,0.002650722
2590873944233891222,0,3.14085834738193,GALEX J004724.3+405251,11.8513505422099,40.8810342138582,2,22.9899,-999,2.312285,-999,0.07680786,False,0.003151918,-99
2590873944232836990,0,3.1422150410434,GALEX J004659.6+405432,11.7485002045047,40.908911780391,1,-999,22.38823,-999,4.024466,0.08195833,False,-99,0.001932031
6449755137246233802,0,3.14254703747072,GALEX J004719.0+405835,11.8291983130372,40.9764361097373,1,-999,23.43009,-999,1.541573,0.08177437,False,-99,0.002638516
6372252797061041810,0,3.14304465067039,GALEX J004659.4+405623,11.7477672517485,40.9399430100467,1,-999,21.85497,-999,6.576788,0.08352698,False,-99,0.00157019
2496052061252100252,0,3.14555331103058,GALEX J004659.6+405432,11.748425379726,40.908905623047,1,-999,22.275,-999,4.466847,0.08195833,False,-99,0.004527474
2590873944234934523,0,3.14644521676493,GALEX J004710.2+405231,11.7926286354919,40.8754692145543,3,23.00622,22.09641,2.277799,5.265462,0.07873246,False,0.002708904,0.003915459
6449262556036996169,0,3.15012232475624,GALEX J004718.3+405837,11.8265447085238,40.9769633918696,1,-999,22.89845,-999,2.515486,0.08177437,False,-99,0.004272488
6457284592873248122,0,3.15212515446212,GALEX J004730.8+405644,11.878339049255,40.9458195500833,1,-999,22.87048,-999,2.581127,0.07328215,False,-99,0.003250314
6449262556036995448,0,3.15491718391043,GALEX J004710.1+405231,11.7922666798737,40.8754112511212,1,-999,22.25565,-999,4.547156,0.07873246,False,-99,0.004270003
2496052061252100646,0,3.15521995080987,GALEX J004710.4+405831,11.793329842046,40.9754150174376,1,-999,23.26545,-999,1.793989,0.08177437,False,-99,0.003395085
2590873944232837520,0,3.15643004451987,GALEX J004726.4+405308,11.8601374471236,40.8856660977489,1,-999,23.81607,-999,1.080368,0.07680786,False,-99,0.002923106
2496052061252100574,0,3.15718316433401,GALEX J004718.0+405838,11.8253434184345,40.9772362840031,1,-999,21.28579,-999,11.10919,0.08177437,False,-99,0.008819459
2591190603581621664,0,3.15832602272609,GALEX J004659.9+405641,11.7497013127076,40.9449455969198,1,-999,24.63103,-999,0.5100219,0.08352698,False,-99,0.002938328
6449262556036995749,0,3.15903530674448,GALEX J004731.3+405431,11.8805198043001,40.9088264252465,1,-999,23.29123,-999,1.751888,0.07680786,False,-99,0.003180885
2496052061254197183,0,3.16173230810111,GALEX J004710.2+405230,11.7924885209513,40.8752358646522,3,21.46334,22.32475,9.433355,4.266782,0.07873246,False,0.005865911,0.004081025
6449262556036995716,0,3.16176753863475,GALEX J004659.5+405431,11.7480692761733,40.9088589642112,1,-999,22.42384,-999,3.894602,0.08195833,False,-99,0.003163433
2496052061252101012,0,3.16284553428392,GALEX J004731.9+405458,11.8830717947698,40.9162764184267,1,-999,23.11172,-999,2.066863,0.07328215,False,-99,0.003681749
6457284592873247601,0,3.1653012597189,GALEX J004710.3+405229,11.7932109185405,40.8749965910143,1,-999,22.64884,-999,3.165654,0.07873246,False,-99,0.00313021
6457284592873248332,0,3.16615909052602,GALEX J004718.5+405837,11.8271057646083,40.9771578696515,1,-999,22.78678,-999,2.787975,0.08177437,False,-99,0.003117568
2590873944232837268,0,3.17010593199525,GALEX J004731.4+405432,11.8808752660865,40.9090550065524,1,-999,21.68076,-999,7.721412,0.07680786,False,-99,0.008717811
2591190603581621817,0,3.17127814125675,GALEX J004701.2+405712,11.7550525809653,40.9533541394517,1,-999,23.95296,-999,0.9523879,0.08303136,False,-99,0.004729198
2591190603581622226,0,3.17223283682693,GALEX J004718.4+405838,11.8267697066811,40.9773072926933,1,-999,21.72439,-999,7.417254,0.08177437,False,-99,0.006754749
2496052061252100869,0,3.17897689049534,GALEX J004659.8+405642,11.7492590613,40.9450373850122,1,-999,23.6896,-999,1.213832,0.08352698,False,-99,0.002005642
6457284592873248242,0,3.1796549190139,GALEX J004725.3+405805,11.8554566498237,40.9682148357695,1,-999,22.52935,-999,3.533947,0.07576488,False,-99,0.004618522
6372252797061041554,0,3.18065358525854,GALEX J004729.4+405716,11.8727137376048,40.9546940084143,1,-999,21.08095,-999,13.41594,0.07576488,False,-99,0.003442257
6449262556036996004,0,3.18100116283035,GALEX J004729.4+405716,11.8727370780007,40.9546779983106,1,-999,20.87144,-999,16.27129,0.07576488,False,-99,0.001723184
2496052061252100871,0,3.18110576874369,GALEX J004729.4+405717,11.8726442333118,40.9547861576054,1,-999,20.50619,-999,22.77834,0.07576488,False,-99,0.006277759
2591190603581621292,0,3.18203014734304,GALEX J004659.2+405436,11.7470564875247,40.9101746226544,1,-999,24.02359,-999,0.8924118,0.08195833,False,-99,0.002756054
2590873944232837454,0,3.18219124051622,GALEX J004703.4+405317,11.7643275088477,40.8880683429257,1,-999,25.20418,-999,0.3008333,0.08195833,False,-99,0.002224784
6449755137246233807,0,3.18344143899144,GALEX J004718.1+405839,11.8256472817845,40.977642514343,1,-999,22.83555,-999,2.665495,0.08177437,False,-99,0.003050251
2590873944232836748,0,3.18489773695819,GALEX J004701.1+405712,11.7548708634928,40.9535624425911,1,-999,23.3823,-999,1.610935,0.08303136,False,-99,0.003319387
2496052061252100698,0,3.18572670493973,GALEX J004708.1+405823,11.783883423333,40.9731337445823,1,-999,23.60434,-999,1.312998,0.08303136,False,-99,0.002961104
6457284592873248118,0,3.19203017727134,GALEX J004729.4+405718,11.8726812140386,40.9550709106989,1,-999,20.73741,-999,18.40931,0.07576488,False,-99,0.002334739
2496052061252100773,0,3.19545725374473,GALEX J004725.4+405805,11.8560224050748,40.9682294464432,1,-999,21.38579,-999,10.13176,0.07576488,False,-99,0.007837899
2496052061252100814,0,3.21422834497714,GALEX J004700.9+405711,11.7538071521549,40.9531939912072,1,-999,21.31443,-999,10.81999,0.08303136,False,-99,0.008330672
2591190603582684145,0,3.22144340871529,GALEX J004658.4+405510,11.7436918396499,40.9194779578024,2,23.08707,-999,2.114336,-999,0.08352698,False,0.002350452,-99
6449719952874143972,0,3.22247335809688,GALEX J004702.4+405736,11.7601602747763,40.9600635930955,1,-999,23.77065,-999,1.126522,0.08303136,False,-99,0.001961866
2496052061253152572,0,3.2301255723631,GALEX J004730.8+405407,11.8786569064875,40.9021389153802,2,23.20701,-999,1.8932,-999,0.07680786,False,0.002490372,-99
6449262556036996206,0,3.23272458709622,GALEX J004720.1+405837,11.8337807607857,40.9771158045362,1,-999,22.91059,-999,2.487499,0.08177437,False,-99,0.002268644
6372252797061041911,0,3.23344826042767,GALEX J004718.2+405842,11.8262218747695,40.978415309751,1,-999,20.7837,-999,17.64079,0.08177437,False,-99,0.004324993
2496052061252100944,0,3.23442342811258,GALEX J004732.4+405555,11.8850958438028,40.9321839113788,1,-999,23.50974,-999,1.432532,0.07328215,False,-99,0.002872212
2496052061252100660,0,3.23755406136877,GALEX J004720.1+405837,11.8338133844121,40.9771924853429,1,-999,22.37552,-999,4.071841,0.08177437,False,-99,0.003718807
6449262556036996151,0,3.23774561576225,GALEX J004706.8+405818,11.7783895640265,40.9719137729472,1,-999,23.17083,-999,1.957341,0.08303136,False,-99,0.002733479
6449755137246233898,0,3.2378612834799,GALEX J004717.1+405844,11.8215336346488,40.9789674309177,1,-999,22.41827,-999,3.91465,0.08177437,False,-99,0.004037642
2591190603581621998,0,3.23788894207811,GALEX J004706.6+405817,11.7776624737398,40.9715924681578,1,-999,23.47301,-999,1.481825,0.08303136,False,-99,0.003103673
2496052061252100887,0,3.24016999466636,GALEX J004700.0+405655,11.7500130589145,40.9488440959882,1,-999,23.022,-999,2.244917,0.08352698,False,-99,0.004011598
2496052061253152770,0,3.24327177112361,GALEX J004714.1+405845,11.8090638351631,40.9791855989664,2,23.27481,-999,1.778607,-999,0.08177437,False,0.002088702,-99
6449755137246233830,0,3.24392522469583,GALEX J004720.1+405838,11.8338986730403,40.9772845876817,1,-999,21.83644,-999,6.689928,0.08177437,False,-99,0.004749351
2496052061254197466,0,3.2480743082153,GALEX J004732.0+405440,11.8835560481805,40.91133318256,3,22.38303,23.40252,4.043813,1.581212,0.07328215,False,0.003332855,0.002904804
6457284592873248341,0,3.25078810117676,GALEX J004720.3+405838,11.8346824757904,40.9772320212788,1,-999,23.4443,-999,1.521527,0.08177437,False,-99,0.002088651
2591190603581622136,0,3.25410177802443,GALEX J004717.4+405844,11.8225763399217,40.9791543084066,1,-999,22.54309,-999,3.489511,0.08177437,False,-99,0.004873536
2590873944233891203,0,3.25941179325309,GALEX J004728.8+405327,11.8700620993118,40.8909681107315,2,23.04256,-999,2.202817,-999,0.07680786,False,0.002965373,-99
6457284592874299957,0,3.25959907858274,GALEX J004720.0+405839,11.833504099494,40.9776394367207,2,22.44688,-999,3.812865,-999,0.08177437,False,0.003169329,-99
2590873944233891619,0,3.26387727825772,GALEX J004731.6+405424,11.8820571210391,40.9068368006546,2,22.69139,-999,3.043994,-999,0.07680786,False,0.004275872,-99
6457284592873247577,0,3.26573617283061,GALEX J004712.1+405218,11.8008111035039,40.8718171447462,1,-999,23.38773,-999,1.602908,0.07873246,False,-99,0.002659346
6449755137246233770,0,3.2709724556407,GALEX J004706.5+405819,11.7774180293745,40.9721244508321,1,-999,22.73136,-999,2.933974,0.08303136,False,-99,0.003904831
2496052061252100136,0,3.2732736704189,GALEX J004727.3+405307,11.8637585202667,40.8855185884424,1,-999,23.53539,-999,1.399081,0.07680786,False,-99,0.002745099
2496052061252100004,0,3.27456926656445,GALEX J004711.9+405218,11.7999086046834,40.8718018353862,1,-999,22.3388,-999,4.211899,0.07873246,False,-99,0.004110378
2590873944232837682,0,3.28232549498051,GALEX J004712.0+405217,11.8002908459216,40.8716119607695,1,-999,22.40037,-999,3.979723,0.07873246,False,-99,0.004502904
2496052061254197769,0,3.2862223976296,GALEX J004717.4+405846,11.8225433978391,40.9796960227159,3,22.71022,23.43726,2.991679,1.531423,0.08177437,False,0.002729752,0.003176603
2591190603581622179,0,3.29014550127683,GALEX J004720.0+405841,11.8335780910031,40.9781521470967,1,-999,21.88897,-999,6.37402,0.08177437,False,-99,0.006578251
6372252785249878200,0,3.29442878726157,GALEX J004703.3+405753,11.7639033018698,40.9648228691272,1,-999,21.71986,-999,7.448301,0.08303136,False,-99,0.001133057
6457284592873247742,0,3.29826516289067,GALEX J004700.4+405350,11.7516492394338,40.8973900304797,1,-999,23.0469,-999,2.194022,0.08195833,False,-99,0.002616204
6449262556036995398,0,3.3014978541841,GALEX J004712.0+405216,11.8002786672108,40.8712880840275,1,-999,22.54945,-999,3.46913,0.07873246,False,-99,0.004160862
2590873944234934590,0,3.30561052785908,GALEX J004727.5+405307,11.8646190015168,40.8853920089298,3,23.04303,22.95193,2.201861,2.394564,0.07680786,False,0.003362987,0.004031973
6449719952874144050,0,3.30700172177273,GALEX J004711.1+405843,11.7963695723739,40.9786985481018,1,-999,23.61052,-999,1.30555,0.08177437,False,-99,0.002231028
6449719952874144040,0,3.31051453543484,GALEX J004706.7+405823,11.7781453472903,40.9732073632954,1,-999,22.78649,-999,2.788723,0.08303136,False,-99,0.003558521
6449755137246233280,0,3.31587880672912,GALEX J004703.2+405307,11.763697149202,40.885408559447,1,-999,23.50984,-999,1.432395,0.08195833,False,-99,0.002525906
6372252785249878151,0,3.33677756957062,GALEX J004731.8+405646,11.882517612032,40.9462438949408,1,-999,22.09995,-999,5.248305,0.07328215,False,-99,0.002087254
2590873944233891200,0,3.33919253668598,GALEX J004659.0+405414,11.7462104885432,40.9041319225938,2,23.36824,-999,1.63194,-999,0.08195833,False,0.003222149,-99
6449262556036996160,0,3.34983620291037,GALEX J004704.5+405810,11.7691226053165,40.9694474123294,1,-999,24.11386,-999,0.8212154,0.08303136,False,-99,0.002088765
2590873944232836907,0,3.35718081349498,GALEX J004722.9+405228,11.8457758727521,40.8746228816132,1,-999,24.35316,-999,0.6587715,0.07828937,False,-99,0.002767764
2591190603582684332,0,3.36237299517623,GALEX J004717.8+405850,11.8244162634912,40.9807975163425,2,23.77805,-999,1.118875,-999,0.08177437,False,0.003617308,-99
6449719952874144015,0,3.37224609021885,GALEX J004704.2+405808,11.7675052397944,40.9689569237033,1,-999,23.12828,-999,2.035576,0.08303136,False,-99,0.002813435
2496052061252101271,0,3.3813505874535,GALEX J004731.5+405658,11.8815734491108,40.9496880874713,1,-999,24.00234,-999,0.9100476,0.07328215,False,-99,0.002267528
2591190603581621954,0,3.39187091456488,GALEX J004704.2+405810,11.7678710747223,40.9695973419819,1,-999,24.10887,-999,0.8249958,0.08303136,False,-99,0.003409419
6372252797061041944,0,3.39691953620312,GALEX J004659.0+405655,11.746215952599,40.9488867092549,1,-999,21.89548,-999,6.335863,0.08352698,False,-99,0.001567224
6372252785249878237,0,3.4058084946808,GALEX J004709.8+405845,11.7911667956981,40.9792773982862,1,-999,21.9698,-999,5.916703,0.08177437,False,-99,0.001270324
6449262556036995374,0,3.40779579285975,GALEX J004720.8+405216,11.8369796319315,40.8711221121938,1,-999,23.41968,-999,1.55642,0.07828937,False,-99,0.002396721
2590873944234934647,0,3.42752516801707,GALEX J004730.4+405335,11.8767818441044,40.8930922057457,3,22.87408,23.71965,2.572589,1.1807,0.07680786,False,0.002602596,0.003561042
2590873944232837486,0,3.434407740506,GALEX J004722.3+405220,11.8431457482915,40.8723425748166,1,-999,25.27001,-999,0.2831363,0.07828937,False,-99,0.001926453
6372252797061041819,0,3.44800952423112,GALEX J004720.0+405210,11.8336460667137,40.8696960356261,1,-999,21.93176,-999,6.127684,0.07828937,False,-99,0.001191081
6449755137246233855,0,3.45198793238479,GALEX J004716.2+405857,11.8175921718867,40.9827582426206,1,-999,23.17377,-999,1.952043,0.08177437,False,-99,0.003801718
6457284592874299938,0,3.45863563389424,GALEX J004726.3+405817,11.8599511632112,40.9714910282057,2,22.36887,-999,4.096874,-999,0.07576488,False,0.003483278,-99
6449262556036995689,0,3.46357316213315,GALEX J004658.8+405402,11.7452627009858,40.9006244962231,1,-999,23.66714,-999,1.23921,0.08195833,False,-99,0.002588065
2590873944233891267,0,3.48924798980955,GALEX J004712.0+405205,11.8003836031703,40.8680875936516,2,22.37949,-999,4.057001,-999,0.07873246,False,0.003584429,-99
2590873944232837393,0,3.48954120606129,GALEX J004658.7+405401,11.7447447433241,40.9004399782306,1,-999,23.54291,-999,1.389422,0.08195833,False,-99,0.004627536
2496052061252101014,0,3.49090317678573,GALEX J004733.8+405551,11.8909630090541,40.9310353225979,1,-999,23.06483,-999,2.158083,0.07328215,False,-99,0.003852394
6449262556036995894,0,3.49121047214753,GALEX J004733.8+405549,11.8910354298173,40.9305103611182,1,-999,22.93027,-999,2.442811,0.07328215,False,-99,0.003647499
6457284592873247558,0,3.49640109671209,GALEX J004719.9+405207,11.8331495623486,40.8687667948444,1,-999,22.98038,-999,2.332632,0.07828937,False,-99,0.003297284
2496052061252100139,0,3.49669286278882,GALEX J004700.6+405324,11.752821416209,40.8901328979828,1,-999,23.4344,-999,1.535463,0.08195833,False,-99,0.00325611
2590873944232837517,0,3.5005890672186,GALEX J004700.6+405323,11.7528535088292,40.8899934248666,1,-999,23.2622,-999,1.799368,0.08195833,False,-99,0.004111158
2496052061252100208,0,3.50187396012667,GALEX J004659.6+405341,11.7483717451365,40.8949226769012,1,-999,23.57458,-999,1.349476,0.08195833,False,-99,0.003141179
6449262556036995612,0,3.50238004581922,GALEX J004700.7+405323,11.7530367589841,40.8897628100775,1,-999,23.28365,-999,1.764169,0.08195833,False,-99,0.003303344
2496052061254197152,0,3.5114898164844,GALEX J004719.9+405206,11.8329666182889,40.8684730501222,3,22.95779,23.30383,2.381691,1.73168,0.07828937,False,0.002648719,0.003809361
6449262556036995357,0,3.51235062846683,GALEX J004720.0+405206,11.8334348575614,40.8685471744068,1,-999,23.07709,-999,2.133847,0.07828937,False,-99,0.003514742
2496052061252100763,0,3.51239124098108,GALEX J004729.9+405742,11.874848117907,40.9618495574378,1,-999,22.54845,-999,3.47233,0.07576488,False,-99,0.004351503
2590873944234934884,0,3.51451913481829,GALEX J004720.0+405206,11.833376392937,40.8684986606268,3,23.296,23.29648,1.744223,1.743441,0.07828937,False,0.003491869,0.003080423
2591190603582684333,0,3.51945755290651,GALEX J004709.8+405852,11.7911206634155,40.9812543154909,2,23.29273,-999,1.749477,-999,0.08177437,False,0.00127087,-99
6457284592873247610,0,3.52180791047171,GALEX J004705.3+405233,11.7722252566708,40.8759590056668,1,-999,22.45823,-999,3.773179,0.08195833,False,-99,0.002183095
6449262556036995435,0,3.52314012889532,GALEX J004705.3+405233,11.7721698345001,40.8759596262634,1,-999,22.68526,-999,3.061224,0.08195833,False,-99,0.004382119
6457284592873248051,0,3.52550557118675,GALEX J004656.9+405601,11.7373571916087,40.9336649753928,1,-999,23.58198,-999,1.340318,0.08352698,False,-99,0.002913283
6449262556036996227,0,3.52648234392282,GALEX J004720.4+405854,11.8353806792409,40.9818621313668,1,-999,22.61809,-999,3.256604,0.08177437,False,-99,0.002258004
6449719952874144059,0,3.5302032714355,GALEX J004708.4+405847,11.785228596231,40.9798541176156,1,-999,23.40817,-999,1.573003,0.08303136,False,-99,0.002483052
2590873944232837480,0,3.53538184657306,GALEX J004705.3+405232,11.7721406770614,40.875731095594,1,-999,22.57831,-999,3.378134,0.08195833,False,-99,0.002267168
2496052061252100036,0,3.53594101965145,GALEX J004705.2+405232,11.7720039272992,40.8757866717932,1,-999,22.67532,-999,3.089391,0.08195833,False,-99,0.002881081
6457284592873248365,0,3.53722068288531,GALEX J004720.6+405854,11.8360317472766,40.9819080279353,1,-999,23.40425,-999,1.578693,0.08177437,False,-99,0.002385519
6449755137246233836,0,3.5393739945198,GALEX J004720.5+405855,11.8355809936268,40.9820427335432,1,-999,22.44852,-999,3.807086,0.08177437,False,-99,0.003139295
2496052061254198150,0,3.54109555963414,GALEX J004656.8+405601,11.7370511098568,40.9338805413432,3,23.44943,22.84811,1.514362,2.634849,0.08352698,False,0.002093498,0.004407039
2591190603581622200,0,3.5424285955673,GALEX J004720.5+405855,11.8356137391389,40.9820886479634,1,-999,21.65134,-999,7.933461,0.08177437,False,-99,0.005381789
2496052061252101000,0,3.54694202258606,GALEX J004720.5+405855,11.8354490617302,40.9822018133297,1,-999,22.03425,-999,5.575682,0.08177437,False,-99,0.004888294
2496052061252100479,0,3.54748434359863,GALEX J004700.9+405746,11.7538190013502,40.9627794579112,1,-999,19.84627,-999,41.83035,0.08303136,False,-99,0.01248972
2590873944234934293,0,3.54753453185234,GALEX J004656.8+405601,11.7368793487631,40.9337340226058,3,22.51656,22.66088,3.575836,3.130752,0.08352698,False,0.003470557,0.00382181
2590873944232838126,0,3.54918184958947,GALEX J004700.5+405740,11.7521268856307,40.9612109092981,1,-999,21.45254,-999,9.527582,0.08303136,False,-99,0.00315509
2590873944232837404,0,3.55449425101088,GALEX J004659.5+405337,11.7479592193425,40.8937603305776,1,-999,24.18403,-999,0.7698137,0.08195833,False,-99,0.002715699
6449755137246233729,0,3.5551709786697,GALEX J004700.6+405743,11.7528002320146,40.9620279510332,1,-999,21.43087,-999,9.719692,0.08303136,False,-99,0.003262866
2591190603583718755,0,3.55695995179719,GALEX J004656.7+405600,11.73663493529,40.9335514511781,3,22.81753,22.74068,2.710122,2.908896,0.08352698,False,0.003437749,0.003828907
6449262556036995892,0,3.5626832959028,GALEX J004656.7+405559,11.7364276956846,40.9331099221366,1,-999,22.92739,-999,2.449316,0.08352698,False,-99,0.003985591
6457284592873248213,0,3.56306529716886,GALEX J004700.6+405743,11.7525553604863,40.962005908291,1,-999,21.33177,-999,10.64862,0.08303136,False,-99,0.001691231
6449755137246233559,0,3.56507221015497,GALEX J004656.7+405602,11.7365531863448,40.9340683663508,1,-999,22.79596,-999,2.764504,0.08352698,False,-99,0.003888587
6449262556036996078,0,3.56901645878336,GALEX J004700.6+405743,11.7524999798294,40.9621131315838,1,-999,21.34003,-999,10.56788,0.08303136,False,-99,0.003300362
2590873944232837241,0,3.56998466105108,GALEX J004732.5+405400,11.8857611676592,40.9002470930758,1,-999,20.62469,-999,20.42323,0.07680786,False,-99,0.002684589
6449262556036995985,0,3.5703251678077,GALEX J004657.4+405637,11.7394810101696,40.9438044575858,1,-999,23.82225,-999,1.074235,0.08352698,False,-99,0.002323112
2496052061252100174,0,3.5711748366989,GALEX J004732.5+405400,11.8857529111776,40.9001866046587,1,-999,20.70843,-999,18.90718,0.07680786,False,-99,0.002727029
6449262556036995625,0,3.57164841540151,GALEX J004732.5+405400,11.8857297338273,40.900130322556,1,-999,20.74696,-999,18.24807,0.07680786,False,-99,0.002064487
2496052061252100784,0,3.57318511285152,GALEX J004658.0+405655,11.7419460071479,40.9488633923657,1,-999,23.59973,-999,1.318583,0.08352698,False,-99,0.005089028
2591190603581621972,0,3.57324024260471,GALEX J004700.5+405743,11.752402453766,40.9621334013979,1,-999,21.34362,-999,10.53295,0.08303136,False,-99,0.001940741
6449755137246233266,0,3.57496023833962,GALEX J004703.1+405248,11.7629109638955,40.880116797806,1,-999,23.38532,-999,1.606463,0.08195833,False,-99,0.004366694
6372252797061041758,0,3.57662707034199,GALEX J004732.6+405401,11.8859830391178,40.9003459387866,1,-999,21.2125,-999,11.88506,0.07680786,False,-99,0.003069414
6449719952874143992,0,3.57727490968322,GALEX J004700.5+405744,11.7523950760998,40.9622349532624,1,-999,21.21276,-999,11.88222,0.08303136,False,-99,0.005110677
6372252797061041839,0,3.58011073538299,GALEX J004700.6+405744,11.752483237378,40.9623951981902,1,-999,21.56946,-999,8.554888,0.08303136,False,-99,0.002985842
2590873944232837042,0,3.58343258873152,GALEX J004657.5+405641,11.7396654929127,40.9449012277738,1,-999,23.37321,-999,1.624488,0.08352698,False,-99,0.004422693
6449719952874144044,0,3.58401803792962,GALEX J004706.1+405838,11.7755924470126,40.9773544230109,1,-999,23.32289,-999,1.70155,0.08303136,False,-99,0.002253046
2591190603581621676,0,3.59434769423012,GALEX J004657.4+405641,11.7394153692836,40.9449116801935,1,-999,23.90793,-999,0.9927177,0.08352698,False,-99,0.003996931
6457284592873247827,0,3.59582625507861,GALEX J004732.7+405400,11.8863740981239,40.9002227984514,1,-999,20.81074,-999,17.20695,0.07680786,False,-99,0.001890952
2590873944234934270,0,3.59688480506918,GALEX J004733.4+405422,11.8895488033926,40.9062205938685,3,20.70703,18.78587,18.93177,111.0838,0.07328215,False,0.00239044,0.00297424
6449262556036995938,0,3.59744505977119,GALEX J004733.8+405625,11.8911608908175,40.9403133327738,1,-999,22.58574,-999,3.355077,0.07328215,False,-99,0.005298691
6449719952874144117,0,3.60800790623999,GALEX J004715.7+405907,11.815758339864,40.9854016119139,1,-999,22.84482,-999,2.642856,0.08177437,False,-99,0.004094832
2496052061252100002,0,3.61089124188967,GALEX J004701.5+405302,11.7564010039857,40.8839901929545,1,-999,23.52521,-999,1.412267,0.08195833,False,-99,0.002942849
6449262556036995799,0,3.61089742738702,GALEX J004734.3+405459,11.8931223276989,40.9164735268639,1,-999,23.09137,-999,2.105973,0.07328215,False,-99,0.003188929
2590873944232836736,0,3.61383979122002,GALEX J004714.0+405154,11.8085651704782,40.8652051429637,1,-999,23.79984,-999,1.096638,0.07828937,False,-99,0.003589798
6449262556036995617,0,3.61424434450576,GALEX J004733.6+405424,11.8902172355113,40.9068304406934,1,-999,18.37204,-999,162.6235,0.07328215,False,-99,0.001574348
6457284592873247668,0,3.61476614834433,GALEX J004701.3+405304,11.7556657077401,40.8844919721784,1,-999,23.1643,-999,1.969147,0.08195833,False,-99,0.003438997
2496052061254197266,0,3.61728525022784,GALEX J004733.6+405425,11.8903703280554,40.9070256195212,3,20.70059,18.37109,19.04427,162.7667,0.07328215,False,0.001784415,0.001582895
6372252797061041615,0,3.61748361402691,GALEX J004733.7+405425,11.8904436887404,40.9071898135088,1,-999,18.52528,-999,141.2168,0.07328215,False,-99,0.00182916
6449719952874143975,0,3.61884445054682,GALEX J004658.5+405713,11.7439262818275,40.9537220670745,1,-999,23.83949,-999,1.057311,0.08352698,False,-99,0.004911191
6449262556036996218,0,3.62293751884138,GALEX J004705.8+405839,11.7745142666208,40.9776378653065,1,-999,23.96949,-999,0.9380023,0.08303136,False,-99,0.002179747
6449262556036995546,0,3.62386088443434,GALEX J004701.4+405302,11.7558488590063,40.8841193689347,1,-999,23.0873,-999,2.113885,0.08195833,False,-99,0.003430881
2590873944234934093,0,3.62609516928425,GALEX J004701.4+405302,11.7559410432621,40.8839901892198,3,23.80997,23.15361,1.086458,1.988632,0.08195833,False,0.002092608,0.002520987
2496052061252100548,0,3.62670952680726,GALEX J004713.4+405907,11.8061399334809,40.9854053758534,1,-999,23.3476,-999,1.663254,0.08177437,False,-99,0.003951946
2496052061252099969,0,3.62852293256599,GALEX J004716.4+405153,11.8183364341608,40.8648781479424,1,-999,23.69202,-999,1.211134,0.07828937,False,-99,0.002525936
6449262556036995316,0,3.62926104959313,GALEX J004713.7+405154,11.8072353624663,40.865028526974,1,-999,23.24537,-999,1.827475,0.07828937,False,-99,0.003461371
6457284592875345061,0,3.63509025720191,GALEX J004733.7+405424,11.8907410128299,40.9069273883528,3,20.54507,18.42772,21.97735,154.4933,0.07328215,False,0.001434877,0.001406314
6449719952874144109,0,3.63684061896985,GALEX J004713.7+405908,11.8070940767006,40.9856447197983,1,-999,21.92825,-999,6.147501,0.08177437,False,-99,0.005561372
2496052061252100985,0,3.6406467420776,GALEX J004734.7+405521,11.8945670903207,40.9227069165957,1,-999,23.16955,-999,1.959656,0.07328215,False,-99,0.003035433
6372252785249878069,0,3.64088834211755,GALEX J004733.8+405424,11.8908579602957,40.9068864685953,1,-999,18.76296,-999,113.4529,0.07328215,False,-99,0.006041168
6449262556036995840,0,3.6464966056114,GALEX J004734.7+405520,11.8946744937889,40.9223478079057,1,-999,23.80107,-999,1.095393,0.07328215,False,-99,0.002066276
6372252785249878248,0,3.64871422118449,GALEX J004720.2+405902,11.8344397059938,40.9841633172359,1,-999,21.71506,-999,7.481301,0.08177437,False,-99,0.003455318
2591190603581622076,0,3.64900520186191,GALEX J004705.6+405839,11.7733644200876,40.9776346881669,1,-999,23.50616,-999,1.437264,0.08303136,False,-99,0.00450948
6449262556036995601,0,3.65022031700349,GALEX J004659.4+405327,11.7478226080174,40.8910074785436,1,-999,22.9474,-999,2.404585,0.08195833,False,-99,0.003293231
2591190603583719323,0,3.65144862221851,GALEX J004713.4+405908,11.8061688870021,40.9858220897592,3,22.4384,23.48659,3.842758,1.463409,0.08177437,False,0.004531828,0.00268883
6449262556036996203,0,3.65386334187896,GALEX J004722.8+405853,11.844990091847,40.981602355854,1,-999,21.77876,-999,7.055006,0.07576488,False,-99,0.004168693
6457284592873248389,0,3.65524836751557,GALEX J004713.4+405909,11.8061847993558,40.9858869677545,1,-999,23.06167,-999,2.164373,0.08177437,False,-99,0.00160673
6457284592873248093,0,3.65681304580783,GALEX J004734.1+405626,11.8923663075149,40.9407431891008,1,-999,23.27418,-999,1.779622,0.07328215,False,-99,0.001883336
6449262556036996262,0,3.65700033534881,GALEX J004713.3+405909,11.8056524589128,40.9858741693927,1,-999,23.19128,-999,1.920827,0.08177437,False,-99,0.003769178
2496052061254197820,0,3.65958387859055,GALEX J004722.7+405854,11.8447221470175,40.981788048711,3,21.963,21.70809,5.953887,7.529488,0.07576488,False,0.004377963,0.004730543
6457284592875345485,0,3.66110894480429,GALEX J004722.9+405853,11.8456491422494,40.9815261870927,3,22.72034,21.69002,2.963904,7.655787,0.07576488,False,0.001597895,0.004689319
6449262556036995410,0,3.66147194431505,GALEX J004724.0+405214,11.8503457898364,40.870660818675,1,-999,22.40966,-999,3.945809,0.07412915,False,-99,0.005933906
6457284592873247930,0,3.66407671808212,GALEX J004734.8+405521,11.8950824881897,40.9226736896048,1,-999,23.05467,-999,2.178367,0.07328215,False,-99,0.003328912
6449755137246233865,0,3.66503610726201,GALEX J004722.8+405854,11.8450188671693,40.9817947431935,1,-999,21.70021,-999,7.584312,0.07576488,False,-99,0.006178743
6449755137246233867,0,3.66790524114348,GALEX J004713.4+405909,11.8058724326873,40.9860746660741,1,-999,23.5119,-999,1.42968,0.08177437,False,-99,0.001990038
6457284592873247595,0,3.66872916655674,GALEX J004724.5+405216,11.8524005157025,40.8713256652159,1,-999,23.52579,-999,1.411516,0.07412915,False,-99,0.001527038
2591190603582684350,0,3.67029226826759,GALEX J004711.1+405905,11.7965628771181,40.9849589550913,2,23.5232,-999,1.414892,-999,0.08177437,False,0.002529607,-99
2591190603582684131,0,3.67371806479188,GALEX J004656.4+405445,11.7350733960234,40.9125528933813,2,23.35984,-999,1.644617,-999,0.08352698,False,0.003084203,-99
2590873944232837590,0,3.67438312826276,GALEX J004724.2+405214,11.8510435266296,40.8706853687961,1,-999,22.61409,-999,3.268615,0.07412915,False,-99,0.00678444
6449755137246233599,0,3.67957005939569,GALEX J004657.0+405642,11.7375854150604,40.9452604504969,1,-999,23.30765,-999,1.725604,0.08352698,False,-99,0.00252032
2590873944232838371,0,3.68008210077483,GALEX J004710.0+405158,11.7919909910092,40.8663140554009,1,-999,24.08886,-999,0.8403401,0.07873246,False,-99,0.00362149
6372252785249878079,0,3.68461184337586,GALEX J004733.0+405356,11.887725008092,40.8989140629609,1,-999,21.49961,-999,9.123377,0.07329454,False,-99,0.003077693
2496052061252100099,0,3.68582070339489,GALEX J004729.6+405259,11.8735787101123,40.8832227754396,1,-999,22.99608,-999,2.299143,0.07329454,False,-99,0.00445025
6372252797061041851,0,3.68784825915768,GALEX J004705.4+405840,11.7725420906865,40.9780185936838,1,-999,21.54901,-999,8.717607,0.08303136,False,-99,0.001099846
2590873944232837764,0,3.69182505970115,GALEX J004716.3+405149,11.8180047286462,40.8638099797054,1,-999,23.93065,-999,0.9721624,0.07828937,False,-99,0.00457172
2496052061252100515,0,3.69869093191388,GALEX J004716.8+405912,11.8201520916066,40.9867657980215,1,-999,22.26445,-999,4.510466,0.08177437,False,-99,0.005544641
2496052061252099942,0,3.70086172867774,GALEX J004724.1+405211,11.8504669276708,40.8699734663696,1,-999,22.35496,-999,4.149702,0.07412915,False,-99,0.007160892
2590873944232837355,0,3.70754594812041,GALEX J004729.7+405259,11.8741149918082,40.8831259784111,1,-999,22.97487,-999,2.344508,0.07329454,False,-99,0.003665475
6457284592873247661,0,3.71455902539936,GALEX J004729.8+405259,11.874343819214,40.8831402085277,1,-999,23.0952,-999,2.098548,0.07329454,False,-99,0.002418881
2496052061252100160,0,3.72084810759504,GALEX J004731.8+405327,11.8827253329864,40.8910125222291,1,-999,22.53521,-999,3.514926,0.07329454,False,-99,0.0047883
6372252785249878223,0,3.72640770420107,GALEX J004727.1+405830,11.8631865008994,40.9752358523747,1,-999,21.88432,-999,6.401359,0.07576488,False,-99,0.001155551
2591190603581622189,0,3.72874379706238,GALEX J004719.2+405910,11.8301006601046,40.9862720207665,1,-999,22.21631,-999,4.714927,0.08177437,False,-99,0.004504287
6449755137246233857,0,3.7332267879101,GALEX J004709.6+405905,11.790346653233,40.9848027240671,1,-999,23.82135,-999,1.075128,0.08177437,False,-99,0.001873984
2590873944232837510,0,3.73389399483535,GALEX J004731.8+405326,11.8828467738394,40.8907579854678,1,-999,22.77061,-999,2.829794,0.07329454,False,-99,0.003028051
6449262556036995524,0,3.73830830717772,GALEX J004729.6+405255,11.8736058366631,40.8819766013727,1,-999,23.08437,-999,2.119583,0.07329454,False,-99,0.004093772
2591190603581622167,0,3.73967642701042,GALEX J004717.1+405914,11.821254497944,40.9873861619852,1,-999,23.2072,-999,1.892859,0.08177437,False,-99,0.002742622
6449262556036996279,0,3.74481064542386,GALEX J004721.5+405904,11.8395850077205,40.9847063506984,1,-999,23.73199,-999,1.167356,0.07901796,False,-99,0.002312475
6449262556036995411,0,3.75284515106493,GALEX J004702.9+405236,11.7621962858624,40.8767057836973,1,-999,23.75127,-999,1.146805,0.08195833,False,-99,0.002451709
6457284592873247729,0,3.7544372142649,GALEX J004732.0+405327,11.883680598126,40.8910914630362,1,-999,22.45765,-999,3.775178,0.07329454,False,-99,0.003903595
2496052061253152685,0,3.76408349521014,GALEX J004735.3+405516,11.8971858692704,40.9212047381896,2,22.00298,-999,5.738678,-999,0.07328215,False,0.003006613,-99
6449262556036996158,0,3.77394575917279,GALEX J004703.3+405831,11.7641323329964,40.9754644006071,1,-999,21.60976,-999,8.243208,0.08303136,False,-99,0.003134737
6457284592873248195,0,3.77768251653329,GALEX J004659.0+405740,11.7458529466931,40.9611723723487,1,-999,21.12697,-999,12.85908,0.08352698,False,-99,0.002109267
6449755137246233822,0,3.77800382138986,GALEX J004703.4+405832,11.7642915650177,40.9756396592767,1,-999,21.81683,-999,6.811879,0.08303136,False,-99,0.004414687
6449755137246233723,0,3.78166929180603,GALEX J004658.9+405740,11.7457358224898,40.9611613734804,1,-999,21.48502,-999,9.246835,0.08352698,False,-99,0.002729446
6457284592875345439,0,3.78333939413568,GALEX J004703.4+405832,11.7643368021099,40.9757763942016,3,22.12653,21.91698,5.121406,6.211678,0.08303136,False,0.002376454,0.004689179
6372252797061041845,0,3.78646594824408,GALEX J004659.0+405741,11.7458415079884,40.9614163054333,1,-999,20.80994,-999,17.21961,0.08352698,False,-99,0.004219917
2591190603583719295,0,3.78864297265635,GALEX J004703.3+405832,11.7638977427844,40.9756375671701,3,21.90741,21.66065,6.266666,7.865718,0.08303136,False,0.003936505,0.002555165
6449262556036996058,0,3.79008012855288,GALEX J004658.9+405739,11.7454379092523,40.9610820846943,1,-999,21.44371,-999,9.605399,0.08352698,False,-99,0.001693455
2590873944232837277,0,3.7904550855689,GALEX J004658.8+405739,11.7452977842615,40.9609387415181,1,-999,21.06439,-999,13.62208,0.08352698,False,-99,0.003097661
6372252785249878173,0,3.796821750878,GALEX J004658.9+405740,11.7455186705768,40.9613681303239,1,-999,20.75162,-999,18.16987,0.08352698,False,-99,0.004625817
2496052061252100522,0,3.79817846251515,GALEX J004658.8+405740,11.7453206832765,40.9611915485184,1,-999,21.27022,-999,11.26971,0.08352698,False,-99,0.002579738
2591190603581621971,0,3.80017572962001,GALEX J004658.8+405740,11.7452821206319,40.9612079514792,1,-999,21.27913,-999,11.17759,0.08352698,False,-99,0.001901021
6449719952874144072,0,3.8048206474398,GALEX J004703.3+405833,11.7638066314674,40.9759235160262,1,-999,21.81958,-999,6.794666,0.08303136,False,-99,0.003676668
6449719952874144013,0,3.80687213659063,GALEX J004658.8+405740,11.7450676559382,40.9611692863829,1,-999,21.09546,-999,13.23782,0.08352698,False,-99,0.006379485
2590873944232837188,0,3.80748320384391,GALEX J004657.3+405350,11.7388569123224,40.8974669409157,1,-999,24.87368,-999,0.4078751,0.08195833,False,-99,0.002155054
2496052061254196639,0,3.81374346703409,GALEX J004703.5+405835,11.7647006409044,40.9766097138473,3,21.60124,18.91049,8.308164,99.03798,0.08303136,False,0.001791871,0.0383467
2591190603581622227,0,3.81663954459726,GALEX J004721.8+405908,11.8409407048965,40.9856311622451,1,-999,22.58382,-999,3.361028,0.07901796,False,-99,0.005772046
6449262556036995517,0,3.81720976076806,GALEX J004731.6+405314,11.8819321116653,40.887365392838,1,-999,21.18057,-999,12.23976,0.07329454,False,-99,0.007851606
6372252797061041696,0,3.82707397656453,GALEX J004731.5+405311,11.8812768601015,40.8864368752929,1,-999,21.6266,-999,8.116305,0.07329454,False,-99,0.002254775
6449262556036995738,0,3.82832645233583,GALEX J004735.2+405440,11.896738373521,40.9113594105548,1,-999,22.94892,-999,2.401214,0.07328215,False,-99,0.005032196
2590873944232837479,0,3.82905531997324,GALEX J004655.3+405459,11.7306503273219,40.9166525607983,1,-999,24.03625,-999,0.8820646,0.08352698,False,-99,0.003737678
2591190603581621383,0,3.82922147412892,GALEX J004655.3+405458,11.7307077092735,40.9163218147856,1,-999,23.82136,-999,1.07512,0.08352698,False,-99,0.004025864
6457284592873248362,0,3.83267147728752,GALEX J004721.8+405909,11.8411712362388,40.9858547531648,1,-999,22.22314,-999,4.685381,0.07901796,False,-99,0.005807066
2496052061253152777,0,3.83654396803465,GALEX J004702.2+405825,11.7591838898103,40.9737917244787,2,22.14004,-999,5.058083,-999,0.08303136,False,0.00247665,-99
6457284592875345432,0,3.84036384764429,GALEX J004702.2+405825,11.7591531196466,40.9738556932944,3,22.43579,22.03738,3.851985,5.559641,0.08303136,False,0.00353328,0.004434087
2496052061254197063,0,3.84527231990244,GALEX J004721.5+405151,11.8399457833536,40.8641842852438,3,22.56675,21.55186,3.414311,8.694746,0.07412915,False,0.003517644,0.003366341
6457284592875344700,0,3.84532580104488,GALEX J004721.6+405151,11.8399992517927,40.8641961726601,3,22.50398,21.49159,3.617506,9.191031,0.07412915,False,0.00238376,0.002191044
2591190603581622198,0,3.84601995836481,GALEX J004715.5+405921,11.8148432683664,40.9893769535997,1,-999,22.52923,-999,3.534331,0.08177437,False,-99,0.00374131
2496052061254197233,0,3.84635268574547,GALEX J004731.6+405311,11.8819691367411,40.8865931959062,3,22.84385,21.45851,2.645218,9.47536,0.07329454,False,0.003204231,0.004497993
6449262556036996152,0,3.84677636745076,GALEX J004702.1+405826,11.7590698687728,40.9739425888475,1,-999,21.85253,-999,6.591534,0.08303136,False,-99,0.005012157
2590873944234934913,0,3.8472672434291,GALEX J004731.6+405311,11.8819465501003,40.8865454339853,3,22.28307,21.40205,4.433764,9.981141,0.07329454,False,0.005274964,0.004210814
2496052061252100512,0,3.84812899048097,GALEX J004722.0+405909,11.8417917857258,40.9859682455466,1,-999,21.87484,-999,6.457497,0.07901796,False,-99,0.006583291
2496052061252100732,0,3.84955453201866,GALEX J004730.1+405811,11.8754124544289,40.9698658426131,1,-999,22.36012,-999,4.129994,0.07576488,False,-99,0.003676345
6449755137246233808,0,3.84966361487544,GALEX J004702.2+405826,11.7592383846703,40.9741147502117,1,-999,21.55763,-999,8.64865,0.08303136,False,-99,0.006323372
2591190603583719317,0,3.85000367782871,GALEX J004709.5+405912,11.7896127570581,40.9866685414157,3,23.58131,24.37773,1.341156,0.6440318,0.08177437,False,0.001599749,0.002988785
2591190603583719233,0,3.85178925047945,GALEX J004702.1+405826,11.758951337555,40.9739758599619,3,22.52575,21.8005,3.545685,6.915104,0.08303136,False,0.003260052,0.002528136
6457284592873247725,0,3.85346725518508,GALEX J004731.7+405312,11.8822906618036,40.8867185259341,1,-999,21.57408,-999,8.518595,0.07329454,False,-99,0.004113205
2590873944232837106,0,3.85639044090602,GALEX J004701.2+405244,11.7551092664206,40.8791551608905,1,-999,24.60528,-999,0.5222625,0.08195833,False,-99,0.00197238
2590873944234934894,0,3.85647647027431,GALEX J004721.6+405150,11.8401080356842,40.8640273115937,3,21.79933,21.6749,6.922617,7.763162,0.07412915,False,0.00477933,0.002595539
6457284592874299705,0,3.85750214871537,GALEX J004701.0+405247,11.7542146372374,40.87979476852,2,22.88017,-999,2.5582,-999,0.08195833,False,0.002237324,-99
6449262556036995355,0,3.86008713601734,GALEX J004721.5+405149,11.8397352599848,40.8638753418134,1,-999,21.83995,-999,6.668381,0.07412915,False,-99,0.004049078
6449755137246233660,0,3.86377064114706,GALEX J004657.3+405718,11.7388771550749,40.9552439666505,1,-999,23.70624,-999,1.195371,0.08352698,False,-99,0.002859811
6449719952874144082,0,3.86825288036897,GALEX J004702.1+405827,11.7590445813223,40.9743970878305,1,-999,20.96618,-999,14.91169,0.08303136,False,-99,0.008103861
6457284592873248182,0,3.87716362230632,GALEX J004657.3+405720,11.73886349634,40.9557017335728,1,-999,22.6459,-999,3.174246,0.08352698,False,-99,0.00181739
2496052061252100597,0,3.87993478572387,GALEX J004709.6+405914,11.7900441253275,40.9872870924457,1,-999,23.64397,-999,1.265931,0.08177437,False,-99,0.003067288
6449755137246233892,0,3.88012490178308,GALEX J004717.6+405922,11.8233438162648,40.9895875224167,1,-999,23.17432,-999,1.951065,0.08177437,False,-99,0.003660402
2496052061254198011,0,3.88187785335316,GALEX J004657.4+405722,11.739216928624,40.9563611987616,3,23.26841,23.14766,1.789109,1.999569,0.08352698,False,0.002488706,0.002496161
6449262556036996075,0,3.88902885063549,GALEX J004657.2+405720,11.7385607852649,40.9556930520816,1,-999,24.01774,-999,0.8972307,0.08352698,False,-99,0.002449386
2496052061252100791,0,3.89248209365196,GALEX J004731.8+405752,11.8826342540782,40.964611716936,1,-999,21.63492,-999,8.05437,0.07576488,False,-99,0.006797918
2591190603581621828,0,3.89299362503556,GALEX J004657.2+405721,11.7386030212962,40.9558934712333,1,-999,22.94601,-999,2.407661,0.08352698,False,-99,0.002544709
2496052061252099943,0,3.89590562891155,GALEX J004723.1+405154,11.8463091288405,40.8650124758282,1,-999,22.65257,-999,3.154807,0.07412915,False,-99,0.004886042
6449262556036995345,0,3.90074839678528,GALEX J004723.3+405154,11.8472176224331,40.8652050971304,1,-999,22.86465,-999,2.595024,0.07412915,False,-99,0.00483357
2590873944232837992,0,3.90081077714415,GALEX J004657.2+405721,11.7384014833767,40.9558850121558,1,-999,22.30832,-999,4.33183,0.08352698,False,-99,0.005856925
6449262556036996191,0,3.90560970261016,GALEX J004729.2+405825,11.8718025916641,40.9737865466169,1,-999,23.50203,-999,1.442737,0.07576488,False,-99,0.003379653
6457284592873247524,0,3.90766325823317,GALEX J004723.3+405154,11.847412560323,40.8651414555648,1,-999,22.14,-999,5.058263,0.07412915,False,-99,0.003689725
2590873944232837733,0,3.91033469338806,GALEX J004723.3+405154,11.8471267554154,40.865003944536,1,-999,22.31575,-999,4.302286,0.07412915,False,-99,0.004969005
6449262556036995711,0,3.92215578639561,GALEX J004735.0+405415,11.8962263571611,40.9042219462292,1,-999,22.71611,-999,2.97546,0.07079126,False,-99,0.003159099
6449262556036996267,0,3.92664905825037,GALEX J004725.2+405858,11.8553477576176,40.9829271845095,1,-999,23.80043,-999,1.09604,0.07576488,False,-99,0.002151834
6372252797061041998,0,3.93130966467554,GALEX J004657.3+405726,11.7387581584363,40.9574346989018,1,-999,22.15142,-999,5.005325,0.08352698,False,-99,0.001748873
6449755137246233640,0,3.93318741582542,GALEX J004658.9+405307,11.7454388006945,40.8854540015968,1,-999,19.63667,-999,50.73755,0.08195833,False,-99,0.02526698
6372252797061041481,0,3.93355588814472,GALEX J004714.5+405135,11.8107638628366,40.8597740651119,1,-999,20.72583,-999,18.60657,0.07828937,False,-99,0.00160702
6457284592873247954,0,3.93907969236268,GALEX J004654.6+405539,11.7274968144483,40.9276229748484,1,-999,22.52279,-999,3.55535,0.08352698,False,-99,0.002817932
6457284592874299990,0,3.93988570304536,GALEX J004714.6+405927,11.8110251031066,40.9908949952625,2,23.0632,-999,2.161326,-999,0.08177437,False,0.002393483,-99
2590873944232837476,0,3.94265321809291,GALEX J004714.5+405134,11.8107313915199,40.8596233281831,1,-999,20.55274,-999,21.82245,0.07828937,False,-99,0.001730777
2496052061252099894,0,3.94303196421672,GALEX J004714.6+405134,11.810838847923,40.8596136921544,1,-999,20.55171,-999,21.84315,0.07828937,False,-99,0.00159105
6449262556036995839,0,3.94354636690844,GALEX J004654.5+405538,11.727385892917,40.9273412202693,1,-999,22.35865,-999,4.135603,0.08352698,False,-99,0.003199005
6449755137246233521,0,3.94565302848733,GALEX J004654.5+405539,11.7273472247261,40.9275243230014,1,-999,22.30762,-999,4.334611,0.08352698,False,-99,0.002996426
6449262556036996242,0,3.94652128848587,GALEX J004727.0+405848,11.8625357736481,40.9800598635517,1,-999,23.78163,-999,1.115184,0.07576488,False,-99,0.002013169
6449262556036995335,0,3.94850731637612,GALEX J004714.5+405134,11.8106950900275,40.8595268183378,1,-999,20.56304,-999,21.61636,0.07828937,False,-99,0.001603253
2496052061252100920,0,3.9513796900783,GALEX J004654.5+405539,11.7272314819417,40.9277519521603,1,-999,22.16009,-999,4.965526,0.08352698,False,-99,0.002877052
2591190603581622263,0,3.95166297603838,GALEX J004718.0+405926,11.8251270880671,40.990632452158,1,-999,22.4075,-999,3.953662,0.08177437,False,-99,0.004013009
6449719952874144010,0,3.95255229811909,GALEX J004656.8+405720,11.7369355811612,40.9556324932118,1,-999,21.69968,-999,7.587978,0.08352698,False,-99,0.01133233
6449262556036995621,0,3.95441849050908,GALEX J004733.5+405331,11.8897527356104,40.8921884741673,1,-999,23.09119,-999,2.106316,0.07329454,False,-99,0.00291708
2590873944232836792,0,3.95624350285494,GALEX J004654.5+405539,11.7271159608423,40.9275795663414,1,-999,22.1817,-999,4.867661,0.08352698,False,-99,0.002469813
6457284592873247805,0,3.96132940667295,GALEX J004735.3+405416,11.8972934495002,40.9045727922738,1,-999,23.00175,-999,2.287184,0.07079126,False,-99,0.002250714
2590873944232837680,0,3.96141133313239,GALEX J004710.4+405140,11.793589142657,40.8611434949541,1,-999,24.45174,-999,0.6015959,0.07873246,False,-99,0.003349954
6457284592873247594,0,3.96664131167237,GALEX J004714.6+405133,11.8110612758541,40.8592133773247,1,-999,20.49049,-999,23.11023,0.07828937,False,-99,0.006261295
2496052061252100466,0,3.96801938729038,GALEX J004718.2+405927,11.8258990907487,40.9908321204249,1,-999,21.77288,-999,7.093255,0.08177437,False,-99,0.004536132
2591190603581621660,0,3.97226199305408,GALEX J004654.4+405540,11.7267746917293,40.9278360100004,1,-999,22.16337,-999,4.950511,0.08352698,False,-99,0.004715334
6449719952874144042,0,3.97395734334114,GALEX J004700.3+405817,11.7514469882993,40.9714371951687,1,-999,21.73523,-999,7.343587,0.08303136,False,-99,0.006457241
2590873944232837089,0,3.97554211343141,GALEX J004733.6+405331,11.8902623736651,40.8921511259691,1,-999,22.35065,-999,4.166216,0.07329454,False,-99,0.006531702
6457284592873248273,0,3.97684330777898,GALEX J004700.2+405816,11.7509805920963,40.9711413475773,1,-999,21.99931,-999,5.758066,0.08303136,False,-99,0.004245377
6457284592874299874,0,3.97915591609543,GALEX J004655.7+405655,11.7322370755107,40.9487727542122,2,22.67239,-999,3.097761,-999,0.08352698,False,0.0013314,-99
6457284592873247717,0,3.97934053177399,GALEX J004733.7+405332,11.8904343149585,40.8922498658653,1,-999,22.65893,-999,3.13637,0.07329454,False,-99,0.003015119
6372252785249878275,0,3.98128085099061,GALEX J004710.4+405923,11.7934318477153,40.9897276531528,1,-999,21.47484,-999,9.333899,0.08177437,False,-99,0.002397651
2496052061252100638,0,3.98646694384887,GALEX J004700.0+405814,11.750222284628,40.9707706427917,1,-999,22.21513,-999,4.720047,0.08303136,False,-99,0.005743007
6372252797061041812,0,3.98715803490212,GALEX J004733.8+405727,11.891201663037,40.9575954871821,1,-999,21.68605,-999,7.683837,0.07328215,False,-99,0.001916236
6457284592874299981,0,3.98738588422055,GALEX J004707.5+405912,11.7814248418938,40.9869121132375,2,22.78474,-999,2.793235,-999,0.08303136,False,0.002311499,-99
6449262556036996163,0,3.98758217907346,GALEX J004700.4+405818,11.7516585850426,40.9719253597635,1,-999,23.03686,-999,2.214393,0.08303136,False,-99,0.00332308
6449262556036995830,0,3.99140693871202,GALEX J004736.0+405622,11.9003556025985,40.9394861921492,1,-999,17.86491,-999,259.4397,0.07328215,False,-99,0.001618694
6449719952874143950,0,3.99174652224657,GALEX J004655.2+405641,11.7301932049356,40.944918547509,1,-999,22.37868,-999,4.059996,0.08352698,False,-99,0.006191328
2496052061252100543,0,3.99246313618749,GALEX J004725.3+405902,11.8556330953694,40.9840557394459,1,-999,23.29583,-999,1.744485,0.07576488,False,-99,0.002165278
6372252785249878070,0,3.99540255824232,GALEX J004734.8+405355,11.8952234567327,40.8988700641026,1,-999,20.68493,-999,19.32083,0.07079126,False,-99,0.004898706
2496052061254197407,0,3.99679926797767,GALEX J004736.1+405622,11.9004377028653,40.9396230693594,3,21.70202,17.82451,7.571732,269.2743,0.07328215,False,0.002146938,0.001747999
2591190603581622092,0,4.00010974297369,GALEX J004700.1+405816,11.7504109769308,40.9712524070325,1,-999,22.38112,-999,4.050909,0.08303136,False,-99,0.005158011
2590873944232836978,0,4.00097513388781,GALEX J004655.3+405646,11.730561038961,40.9462916212924,1,-999,23.25733,-999,1.807463,0.08352698,False,-99,0.005257366
6372252797061041858,0,4.00168968509247,GALEX J004701.9+405835,11.7580248470216,40.9766543943067,1,-999,21.63474,-999,8.055679,0.08303136,False,-99,0.001718585
6449262556036995569,0,4.00269679115869,GALEX J004734.7+405352,11.8948182087499,40.8978758467364,1,-999,20.43335,-999,24.35912,0.07079126,False,-99,0.004598016
2590873944234934505,0,4.00463230617428,GALEX J004734.7+405352,11.8949044018166,40.8979419686492,3,20.76739,20.219,17.90797,29.67565,0.07079126,False,0.00517869,0.004851216
6372252797061042042,0,4.00889830750661,GALEX J004736.1+405623,11.9006535970595,40.9398194198532,1,-999,17.80927,-999,273.0814,0.07328215,False,-99,0.002159076
2590873944232837593,0,4.00931030910689,GALEX J004658.2+405309,11.7428094120692,40.8859967417638,1,-999,23.93484,-999,0.9684187,0.08195833,False,-99,0.00227931
6449262556036996195,0,4.01319274047352,GALEX J004702.0+405837,11.7585272043719,40.9772134054063,1,-999,22.19628,-999,4.80271,0.08303136,False,-99,0.001868008
6449262556036996137,0,4.0135398712257,GALEX J004732.2+405757,11.8845500515824,40.9660413907386,1,-999,23.38803,-999,1.602458,0.07576488,False,-99,0.002728297
2496052061252100131,0,4.01386219642897,GALEX J004658.2+405309,11.7427204036229,40.8859602847891,1,-999,23.54338,-999,1.388824,0.08195833,False,-99,0.001541498
6449755137246233827,0,4.01482222998192,GALEX J004702.1+405838,11.7587906381527,40.9774091581688,1,-999,21.87235,-999,6.472322,0.08303136,False,-99,0.005663887
6457284592875345119,0,4.01507985291545,GALEX J004736.2+405622,11.9008427270154,40.9396503223253,3,21.72562,17.88962,7.408926,253.6024,0.07328215,False,0.002702165,0.001505536
6457284592873248403,0,4.01599011213014,GALEX J004718.0+405930,11.8252351964656,40.9917026835138,1,-999,22.89993,-999,2.512058,0.08177437,False,-99,0.004549441
6457284592873248305,0,4.02098766628961,GALEX J004702.1+405839,11.7588606832182,40.9775834509158,1,-999,22.01952,-999,5.651856,0.08303136,False,-99,0.003531004
2591190603581622093,0,4.02233544009959,GALEX J004702.0+405838,11.7583672512238,40.9773116235552,1,-999,22.05449,-999,5.47272,0.08303136,False,-99,0.001828088
6457284592875345034,0,4.02282749078168,GALEX J004734.8+405352,11.8952646877725,40.8978081582948,3,20.92013,20.32523,15.55784,26.90968,0.07079126,False,0.004830412,0.005007581
6372252785249878111,0,4.02287289806584,GALEX J004736.2+405622,11.9010161236741,40.9396593768758,1,-999,18.03984,-999,220.8335,0.07328215,False,-99,0.003978096
6449755137246233837,0,4.02471836606096,GALEX J004700.2+405820,11.7510593595237,40.9723480294944,1,-999,22.41269,-999,3.934814,0.08303136,False,-99,0.006579949
2591190603581621711,0,4.02707491650639,GALEX J004655.1+405646,11.7299719124203,40.9463314790257,1,-999,23.45896,-999,1.501121,0.08352698,False,-99,0.004147977
6449262556036995259,0,4.02966046567589,GALEX J004718.5+405131,11.8271500257608,40.8588192946818,1,-999,23.80774,-999,1.088686,0.07828937,False,-99,0.002714756
6457284592873248270,0,4.03013945195042,GALEX J004732.3+405759,11.8845838155168,40.9664611914922,1,-999,23.42539,-999,1.54826,0.07576488,False,-99,0.002033592
6449262556036995992,0,4.03375193445523,GALEX J004655.1+405646,11.7297213441016,40.9461112229595,1,-999,23.6607,-999,1.246579,0.08352698,False,-99,0.003454002
2496052061254197136,0,4.03806137352278,GALEX J004734.9+405352,11.8957430421795,40.8979949884079,3,20.65925,19.50929,19.78346,57.05369,0.07079126,False,0.006861658,0.01446576
2591190603581621201,0,4.04259740680842,GALEX J004655.3+405406,11.7307883289233,40.9017491354922,1,-999,24.70909,-999,0.4746388,0.0825953,False,-99,0.001956785
6457284592875344769,0,4.04688897745152,GALEX J004706.1+405152,11.7756527527357,40.8644967975271,3,21.04615,20.28019,13.85293,28.04934,0.07873246,False,0.005154131,0.005768358
6372252797061041483,0,4.04857248907577,GALEX J004717.5+405129,11.8231377631542,40.8581306227506,1,-999,21.48689,-999,9.230899,0.07828937,False,-99,0.002413114
6372252797061041849,0,4.04919004671052,GALEX J004719.4+405929,11.8312125061974,40.991549522833,1,-999,21.57174,-999,8.536921,0.08177437,False,-99,0.002373616
6372252797061041648,0,4.05007624306747,GALEX J004735.1+405355,11.8965302069298,40.8988610412287,1,-999,19.6632,-999,49.51306,0.07079126,False,-99,0.007852671
2496052061252099865,0,4.05023898463537,GALEX J004706.0+405152,11.7753768969554,40.8645354910371,1,-999,20.17098,-999,31.0175,0.07873246,False,-99,0.006887155
6457284592875344647,0,4.05390440760694,GALEX J004717.6+405129,11.8233672612759,40.8580587225176,3,22.05185,21.73047,5.486076,7.375836,0.07828937,False,0.002110001,0.002506847
2590873944234935089,0,4.05432966796142,GALEX J004706.0+405152,11.7753139661257,40.8644827942917,3,20.97291,20.16527,14.81962,31.18098,0.07873246,False,0.006331573,0.004116043
2496052061254197028,0,4.05477863909024,GALEX J004717.4+405128,11.8228805238651,40.8580077199751,3,22.4243,21.83617,3.892975,6.691612,0.07828937,False,0.003209335,0.00221895
2590873944234934804,0,4.05621746217886,GALEX J004717.5+405128,11.8229246172126,40.8579868380968,3,21.87404,21.91038,6.462259,6.249533,0.07828937,False,0.003823587,0.001940427
6372252797061041468,0,4.05764896039906,GALEX J004705.9+405152,11.7749693919865,40.8645482346512,1,-999,20.00577,-999,36.11521,0.07873246,False,-99,0.00589015
2496052061252101139,0,4.0625591118378,GALEX J004654.9+405645,11.7289658994808,40.9459059825241,1,-999,23.85513,-999,1.04219,0.08352698,False,-99,0.002581781
6449755137246233563,0,4.06862904740712,GALEX J004654.3+405620,11.7264096640276,40.9389145443076,1,-999,23.92364,-999,0.9784595,0.08352698,False,-99,0.002132376
6449262556036995426,0,4.06876704739835,GALEX J004706.0+405151,11.7753242145941,40.864211746939,1,-999,20.29751,-999,27.60539,0.07873246,False,-99,0.004381451
6449262556036995287,0,4.0714855258435,GALEX J004717.4+405127,11.8228403488293,40.8577250989337,1,-999,22.03799,-999,5.556545,0.07828937,False,-99,0.001938228
2496052061253152445,0,4.0718231959715,GALEX J004705.7+405152,11.7740602614556,40.8646253516822,2,21.23287,-999,11.66415,-999,0.07873246,False,0.003311893,-99
6372252797061041497,0,4.07228214856866,GALEX J004703.3+405208,11.7638690367104,40.8691398662306,1,-999,21.05018,-999,13.80153,0.08195833,False,-99,0.003772765
6372252797061041600,0,4.07782961991432,GALEX J004659.5+405816,11.7481813701572,40.9713496349604,1,-999,21.55263,-999,8.688529,0.08303136,False,-99,0.002128066
2496052061253152478,0,4.08473519763906,GALEX J004728.4+405215,11.8686702472089,40.8709837782282,2,23.06358,-999,2.160581,-999,0.07329454,False,0.002820459,-99
6457284592873247583,0,4.104640790283,GALEX J004703.3+405206,11.7640203093228,40.8684125166687,1,-999,21.41854,-999,9.830647,0.07873246,False,-99,0.002162487
2496052061252099957,0,4.10923031955969,GALEX J004703.2+405206,11.7636753401206,40.8684954784663,1,-999,21.2645,-999,11.32917,0.07873246,False,-99,0.001550207
2496052061252100640,0,4.11397190495511,GALEX J004700.3+405828,11.7512462375751,40.9745823041899,1,-999,23.22681,-999,1.858981,0.08351362,False,-99,0.003932705
2591190603581622044,0,4.11476995116423,GALEX J004700.2+405827,11.7510081303477,40.9744263754124,1,-999,22.93768,-999,2.426197,0.08351362,False,-99,0.003695061
2590873944232838114,0,4.11606387042865,GALEX J004703.2+405206,11.7637232507666,40.8683338453547,1,-999,21.28712,-999,11.09556,0.07873246,False,-99,0.001706034
2591190603581622270,0,4.11683108634832,GALEX J004709.7+405929,11.7904508212019,40.9914787814283,1,-999,24.29629,-999,0.6941978,0.08177437,False,-99,0.003309584
6372252797061041873,0,4.11928058336023,GALEX J004656.9+405742,11.7372763963963,40.9616864447527,1,-999,22.11492,-999,5.176449,0.08352698,False,-99,0.002090317
6449262556036995404,0,4.11948357962086,GALEX J004703.2+405205,11.7636848734145,40.8682846808766,1,-999,21.24328,-999,11.5528,0.07873246,False,-99,0.002936879
2496052061252100494,0,4.12158383365491,GALEX J004709.5+405928,11.7895936367828,40.9913813289274,1,-999,22.77713,-999,2.812866,0.08177437,False,-99,0.004421238
6449262556036996198,0,4.12748070575383,GALEX J004700.1+405828,11.7507113546112,40.9745037575122,1,-999,23.48722,-999,1.462551,0.08351362,False,-99,0.003288511
2496052061252100439,0,4.12913318973844,GALEX J004721.7+405928,11.8405201132017,40.9911940263286,1,-999,23.96556,-999,0.9414039,0.07901796,False,-99,0.002531406
6449262556036995629,0,4.15613669098601,GALEX J004735.8+405358,11.8994186769746,40.8995154485454,1,-999,21.04844,-999,13.8237,0.07079126,False,-99,0.003402382
6449755137246233902,0,4.15695798305323,GALEX J004709.2+405930,11.788376138253,40.9917294629984,1,-999,23.93449,-999,0.9687284,0.08177437,False,-99,0.002159687
2590873944234934421,0,4.15813703165374,GALEX J004735.8+405358,11.899455809336,40.8994958707043,3,21.8148,20.89655,6.824645,15.89937,0.07079126,False,0.003378727,0.003664929
2590873944232837583,0,4.15931101422065,GALEX J004710.0+405129,11.791785635156,40.8580840991981,1,-999,24.90704,-999,0.3955324,0.07873246,False,-99,0.002750571
6449262556036996271,0,4.16216551393222,GALEX J004725.0+405915,11.8544065033033,40.9876976004556,1,-999,21.99163,-999,5.798913,0.07576488,False,-99,0.003089997
2496052061253152550,0,4.16572794306955,GALEX J004735.9+405358,11.8997013041375,40.8996191933985,2,21.32124,-999,10.75245,-999,0.07079126,False,0.003799163,-99
6449755137246233922,0,4.17862463429766,GALEX J004715.4+405941,11.8142466005614,40.9949214908836,1,-999,23.06126,-999,2.165183,0.08177437,False,-99,0.001637044
6457284592874300002,0,4.17996723006814,GALEX J004719.0+405938,11.8293698837294,40.9940122554565,2,22.89836,-999,2.51569,-999,0.08177437,False,0.002316392,-99
2496052061252100658,0,4.18036204421294,GALEX J004725.1+405916,11.8548698376426,40.9878645416261,1,-999,21.62497,-999,8.12851,0.07576488,False,-99,0.005242784
6449262556036995759,0,4.18516583198641,GALEX J004737.5+405521,11.9065855845095,40.9226674131044,1,-999,19.82175,-999,42.78569,0.07328215,False,-99,0.001442271
2496052061254197448,0,4.18567335965298,GALEX J004737.5+405522,11.9066049718637,40.9228356190499,3,23.05293,19.65503,2.181886,49.88691,0.07328215,False,0.002950116,0.001644571
6449262556036996344,0,4.18602584036862,GALEX J004715.4+405942,11.8141730365717,40.9950447701018,1,-999,23.60012,-999,1.318111,0.08177437,False,-99,0.003091389
6457284592875344960,0,4.18656471076741,GALEX J004736.0+405358,11.9002218647919,40.8996692639693,3,21.10793,21.08734,13.08668,13.33721,0.07079126,False,0.003570519,0.00265045
2591190603581622331,0,4.18668273458955,GALEX J004715.3+405942,11.8139319873999,40.9950551651282,1,-999,21.92994,-999,6.137979,0.08177437,False,-99,0.004956588
6449755137246233915,0,4.18823126220869,GALEX J004719.6+405937,11.8317527504332,40.9938309173338,1,-999,23.53823,-999,1.395432,0.08177437,False,-99,0.001470386
6372252785249878273,0,4.19216494395239,GALEX J004706.5+405921,11.7771744262795,40.989264024076,1,-999,21.45621,-999,9.495482,0.08303136,False,-99,0.003084606
6449262556036996301,0,4.19544430346574,GALEX J004705.6+405916,11.7734786124762,40.9880266756382,1,-999,23.86749,-999,1.030396,0.08303136,False,-99,0.002247483
6449755137246233886,0,4.19779417317767,GALEX J004725.1+405917,11.8549281544839,40.9881663940478,1,-999,22.00247,-999,5.741313,0.07576488,False,-99,0.00497794
6457284592873248374,0,4.19844877462068,GALEX J004725.1+405917,11.8546682152875,40.988273843502,1,-999,21.84303,-999,6.649466,0.07576488,False,-99,0.004864429
6457284592873248414,0,4.19979186292275,GALEX J004705.6+405917,11.7734258261596,40.98808782549,1,-999,23.61019,-999,1.305942,0.08303136,False,-99,0.002406053
6449262556036995624,0,4.2031100073273,GALEX J004655.9+405330,11.7329857487669,40.8916980651825,1,-999,23.47567,-999,1.4782,0.0825953,False,-99,0.00120502
6457284592873247980,0,4.20383772101078,GALEX J004737.6+405522,11.9070036943109,40.9227892222571,1,-999,19.71843,-999,47.05741,0.07328215,False,-99,0.001486912
6457284592873248464,0,4.20417344731225,GALEX J004715.4+405943,11.8145433843986,40.9953471556881,1,-999,23.19195,-999,1.919643,0.08177437,False,-99,0.003181657
6372252785249878100,0,4.20428406509626,GALEX J004737.6+405521,11.9070042221602,40.9226009207133,1,-999,20.1835,-999,30.66195,0.07328215,False,-99,0.005296228
6449755137246233875,0,4.20819835581306,GALEX J004705.6+405917,11.7734140542272,40.9882395814237,1,-999,23.05338,-999,2.180966,0.08303136,False,-99,0.003205333
6372252797061041545,0,4.21263883987187,GALEX J004737.7+405522,11.9072038436122,40.9229160532083,1,-999,19.89836,-999,39.87096,0.07328215,False,-99,0.002152152
6449262556036995745,0,4.21705164013515,GALEX J004653.7+405429,11.7241032467397,40.9082224097992,1,-999,23.87788,-999,1.020584,0.0845044,False,-99,0.002168004
6449755137246233494,0,4.21746354705133,GALEX J004653.1+405528,11.7213090585769,40.9244577634268,1,-999,23.3222,-999,1.702621,0.08352698,False,-99,0.001497812
6372252797061041487,0,4.21867020488998,GALEX J004723.7+405135,11.8488577413081,40.8599896498376,1,-999,21.53975,-999,8.792238,0.07412915,False,-99,0.001632923
2590873944233891318,0,4.21882630413741,GALEX J004707.5+405134,11.7816394640538,40.859450625858,2,23.31814,-999,1.709012,-999,0.07873246,False,0.003035979,-99
6449719952874144135,0,4.22166785386738,GALEX J004716.7+405943,11.8198093987933,40.9955172813792,1,-999,23.10688,-999,2.076091,0.08177437,False,-99,0.00253142
6449262556036995958,0,4.22416272133809,GALEX J004653.5+405624,11.7232615209106,40.9402012020716,1,-999,23.6779,-999,1.226983,0.08352698,False,-99,0.001768932
2591190603581622213,0,4.22421227601414,GALEX J004705.5+405918,11.773031146414,40.9883946934275,1,-999,23.37913,-999,1.615653,0.08303136,False,-99,0.002885082
2496052061252100647,0,4.22557981866115,GALEX J004730.1+405842,11.8755678135464,40.9783907769634,1,-999,21.32535,-999,10.71177,0.07576488,False,-99,0.004584911
6449262556036996187,0,4.23809425503294,GALEX J004730.2+405842,11.8759571782064,40.978410875704,1,-999,21.93583,-999,6.10475,0.07576488,False,-99,0.003064923
6449262556036996067,0,4.23905485804783,GALEX J004735.6+405722,11.8984053759278,40.9562360839695,1,-999,22.93623,-999,2.429456,0.07328215,False,-99,0.003452336
2496052061252100476,0,4.24032424724552,GALEX J004720.1+405939,11.8338722105467,40.994392370475,1,-999,21.99123,-999,5.801048,0.07901796,False,-99,0.004116811
6457284592873248328,0,4.24456042357196,GALEX J004730.2+405842,11.8761956023131,40.9783962067464,1,-999,21.77007,-999,7.111676,0.07576488,False,-99,0.002041751
2496052061252100745,0,4.24722697319409,GALEX J004735.6+405722,11.898596676098,40.9562504529985,1,-999,22.89854,-999,2.515267,0.07328215,False,-99,0.00358318
6372252797061041474,0,4.24838462418908,GALEX J004712.1+405118,11.8006823477913,40.8552274222601,1,-999,22.15311,-999,4.997536,0.07873246,False,-99,0.001631533
2590873944234934294,0,4.24938827949598,GALEX J004652.9+405526,11.7206154073065,40.923947869564,3,21.76763,23.74419,7.127696,1.154315,0.08352698,False,0.00551269,0.002968206
6372252797061041872,0,4.25148808896706,GALEX J004730.1+405843,11.8758094873791,40.9788043613977,1,-999,21.77241,-999,7.096389,0.07576488,False,-99,0.002687748
6457284592873248293,0,4.25222739136514,GALEX J004658.9+405824,11.7455689468399,40.9734978276078,1,-999,22.53279,-999,3.522769,0.08351362,False,-99,0.004548913
2591190603581621454,0,4.25443919351714,GALEX J004652.9+405526,11.7205041874787,40.9239394922717,1,-999,23.41027,-999,1.569975,0.08352698,False,-99,0.003781627
6457284592873248197,0,4.26002460771203,GALEX J004735.7+405722,11.8988521066088,40.9563414936998,1,-999,23.21721,-999,1.875498,0.07328215,False,-99,0.001883734
2591190603581622027,0,4.26311301464368,GALEX J004658.8+405824,11.745233536113,40.9734912896569,1,-999,22.88561,-999,2.545404,0.08351362,False,-99,0.005516097
2590873944232836820,0,4.26645426602454,GALEX J004656.8+405757,11.7370332148692,40.9658636340984,1,-999,20.21572,-999,29.76527,0.08402202,False,-99,0.004242186
6372252797061041887,0,4.26650530176129,GALEX J004654.5+405353,11.7272622360646,40.8983221859004,1,-999,21.93526,-999,6.107954,0.0825953,False,-99,0.001135752
6457284592875345348,0,4.26754031018575,GALEX J004657.0+405800,11.7378149404779,40.9667317590907,3,19.62291,20.0913,51.38532,33.37946,0.08402202,False,0.001353654,0.001489316
6449755137246233781,0,4.27008437301995,GALEX J004657.0+405759,11.7376663480443,40.9666477600222,1,-999,20.14253,-999,31.8411,0.08402202,False,-99,0.002485574
6457284592873247478,0,4.27020960162654,GALEX J004723.6+405132,11.8485023720998,40.8589602832387,1,-999,22.58201,-999,3.36662,0.07412915,False,-99,0.003700503
2496052061252100490,0,4.27232897743148,GALEX J004715.2+405947,11.8135239919354,40.9964806377077,1,-999,23.27667,-999,1.775545,0.08177437,False,-99,0.004003858
2590873944234934678,0,4.27458311366613,GALEX J004723.6+405132,11.848563682805,40.8589001174116,3,22.10556,22.17967,5.2213,4.876746,0.07412915,False,0.004923675,0.002653465
2496052061254197011,0,4.27581547598373,GALEX J004723.5+405131,11.8480849979364,40.8587382005776,3,22.34464,21.89645,4.189358,6.330242,0.07412915,False,0.003106714,0.005068838
2590873944232837727,0,4.27756355671265,GALEX J004717.6+405115,11.823313204736,40.8543089898025,1,-999,23.53621,-999,1.398028,0.07828937,False,-99,0.003334183
2496052061254197763,0,4.28222512932621,GALEX J004657.0+405800,11.7375449384572,40.9668674324432,3,19.71475,20.0861,47.21749,33.53977,0.08402202,False,0.001327311,0.001631974
6372252797061041580,0,4.28267459510923,GALEX J004657.0+405800,11.7375769255933,40.9669139779403,1,-999,20.14489,-999,31.77197,0.08402202,False,-99,0.004097897
2591190603583719216,0,4.28334319650757,GALEX J004656.9+405800,11.7373966790493,40.9667428288015,3,19.60818,20.09857,52.08709,33.15671,0.08402202,False,0.001516423,0.00184249
6372252785249878187,0,4.28419645787816,GALEX J004657.0+405801,11.737678805732,40.967064369929,1,-999,20.2352,-999,29.23613,0.08402202,False,-99,0.004121111
6449262556036996025,0,4.28625682025376,GALEX J004656.9+405800,11.7373660747534,40.9667940587244,1,-999,20.06155,-999,34.3067,0.08402202,False,-99,0.001937786
6449719952874144028,0,4.28771830891556,GALEX J004656.9+405800,11.737348166876,40.9668170439152,1,-999,20.0508,-999,34.64797,0.08402202,False,-99,0.002176592
6372252797061041509,0,4.2879419693263,GALEX J004728.2+405158,11.8678932745252,40.866386105659,1,-999,21.61371,-999,8.213284,0.07329454,False,-99,0.002578397
2496052061252100581,0,4.28912297099175,GALEX J004658.7+405825,11.744888730658,40.9738483037433,1,-999,22.83264,-999,2.672659,0.08351362,False,-99,0.004576996
6449262556036995684,0,4.29599463235334,GALEX J004737.1+405412,11.9046154806797,40.9035552080702,1,-999,21.91028,-999,6.250093,0.07079126,False,-99,0.002784024
2496052061253152582,0,4.29700216472755,GALEX J004737.1+405414,11.9048134455935,40.9039735715866,2,22.32655,-999,4.259726,-999,0.07079126,False,0.003036042,-99
6449262556036995286,0,4.29769636994288,GALEX J004723.6+405130,11.8486987394961,40.8585265012988,1,-999,22.45274,-999,3.792305,0.07412915,False,-99,0.002435551
6372252785249878167,0,4.29951224119937,GALEX J004736.2+405715,11.9010689926565,40.9542963324528,1,-999,21.93104,-999,6.131737,0.07328215,False,-99,0.002040725
6457284592873247575,0,4.30150402741242,GALEX J004700.9+405212,11.7537409747094,40.8701233024323,1,-999,22.99864,-999,2.293746,0.08195833,False,-99,0.004523863
2591190603581621361,0,4.30947081818649,GALEX J004652.9+405450,11.7204458709977,40.9140660663578,1,-999,22.2834,-999,4.432395,0.0845044,False,-99,0.004758521
6449755137246233655,0,4.31624256172021,GALEX J004654.4+405712,11.72669051694,40.9534165676298,1,-999,23.07554,-999,2.136898,0.08352698,False,-99,0.003519798
2590873944234934369,0,4.31682724650097,GALEX J004654.0+405359,11.7253155348564,40.8997648235951,3,23.8315,24.18677,1.065128,0.7678779,0.0845044,False,0.0022349,0.002720984
2590873944232838393,0,4.3196450082095,GALEX J004654.4+405712,11.7266790596088,40.9535411049817,1,-999,23.03352,-999,2.221226,0.08352698,False,-99,0.003206893
6457284592873247824,0,4.31977348908964,GALEX J004737.2+405413,11.9052282446566,40.9037048562814,1,-999,21.92306,-999,6.176955,0.07079126,False,-99,0.003428914
2591190603582684396,0,4.3213398902998,GALEX J004718.8+405947,11.8285619352492,40.9964941021977,2,23.35917,-999,1.645638,-999,0.08177437,False,0.001568658,-99
6449262556036996037,0,4.32396885715573,GALEX J004654.3+405713,11.7266334622602,40.953643980827,1,-999,23.2715,-999,1.784013,0.08352698,False,-99,0.003585737
2591190603581621784,0,4.32550944665212,GALEX J004654.3+405712,11.7264327195458,40.9533528274055,1,-999,23.48971,-999,1.459203,0.08352698,False,-99,0.002292116
6457284592873248148,0,4.32714549317672,GALEX J004654.3+405711,11.726284338782,40.9531566165596,1,-999,23.29093,-999,1.75238,0.08352698,False,-99,0.003170232
2496052061254197086,0,4.32769907861071,GALEX J004703.4+405149,11.7644584800671,40.8637870102703,3,22.75382,22.59051,2.873906,3.340377,0.07873246,False,0.003132593,0.001898947
2590873944232837226,0,4.33303583375857,GALEX J004653.4+405643,11.7225482441071,40.9454629597961,1,-999,23.52098,-999,1.41778,0.08352698,False,-99,0.003789346
2590873944234935590,0,4.33434412688905,GALEX J004703.4+405149,11.7645167981656,40.8636302149937,3,22.56282,22.40739,3.426692,3.95406,0.07873246,False,0.002620192,0.001949965
6457284592873248126,0,4.3407666557844,GALEX J004653.3+405643,11.7223967197185,40.9455308188273,1,-999,23.62764,-999,1.285119,0.08352698,False,-99,0.002066986
6449262556036995330,0,4.34080517786794,GALEX J004703.4+405148,11.7643218113279,40.8635941637596,1,-999,22.43175,-999,3.866351,0.07873246,False,-99,0.003500507
2590873944232837163,0,4.34219401872798,GALEX J004652.7+405449,11.719774398143,40.9137854621368,1,-999,24.78139,-999,0.4440603,0.0845044,False,-99,0.002964662
2591190603582684397,0,4.3429607200185,GALEX J004717.0+405950,11.8211914284595,40.9974749464009,2,23.64967,-999,1.259314,-999,0.08177437,False,0.002094234,-99
2591190603581621792,0,4.34654855334453,GALEX J004653.3+405643,11.722175448219,40.9452996096859,1,-999,23.58696,-999,1.334183,0.08352698,False,-99,0.004148319
2496052061252100856,0,4.34736094128694,GALEX J004654.2+405713,11.726173292505,40.9538228191448,1,-999,23.4657,-999,1.491836,0.08352698,False,-99,0.003444078
2496052061254198205,0,4.34788545213783,GALEX J004653.3+405643,11.7221701823394,40.9453664187269,3,22.99255,23.40367,2.306649,1.579545,0.08352698,False,0.001563956,0.00326206
6449755137246233856,0,4.3501542395852,GALEX J004729.2+405859,11.8719362798341,40.9832782670327,1,-999,23.54508,-999,1.386647,0.07576488,False,-99,0.002665632
2591190603582684380,0,4.35470469550217,GALEX J004708.3+405939,11.7846776713881,40.9943146330148,2,23.44914,-999,1.514769,-999,0.08177437,False,0.002652294,-99
2496052061254197143,0,4.3558246903799,GALEX J004701.4+405202,11.7562158709481,40.8674813172933,3,23.40686,23.33758,1.574924,1.678682,0.08195833,False,0.002277082,0.00201559
2590873944232837966,0,4.358520401113,GALEX J004701.4+405202,11.7561437894544,40.8674663118112,1,-999,23.19445,-999,1.915221,0.08195833,False,-99,0.002145555
6449262556036995341,0,4.36976727346168,GALEX J004701.4+405202,11.7560304202332,40.8672960311986,1,-999,23.55239,-999,1.377343,0.08195833,False,-99,0.00276117
6457284592875344683,0,4.37124356549848,GALEX J004721.5+405118,11.8398234249696,40.8550182946983,3,20.69086,20.09385,19.21571,33.30129,0.07412915,False,0.001311816,0.001850658
6372252797061041464,0,4.37425672087207,GALEX J004721.4+405117,11.8395298950759,40.8549057890748,1,-999,20.39238,-999,25.29586,0.07412915,False,-99,0.003997044
2496052061254196986,0,4.37440689266726,GALEX J004721.5+405117,11.8397243933533,40.8549431562528,3,20.52458,20.15791,22.39605,31.39322,0.07412915,False,0.002384058,0.001673582
2590873944232837784,0,4.37509601973183,GALEX J004732.9+405239,11.8873558783824,40.8776249447935,1,-999,23.75183,-999,1.146221,0.07329454,False,-99,0.004407528
6457284592873247563,0,4.3751762441578,GALEX J004703.5+405145,11.7647089237628,40.8627469398051,1,-999,22.41206,-999,3.937091,0.07873246,False,-99,0.00524754
2590873944234934600,0,4.37772823877963,GALEX J004721.5+405117,11.8395754502549,40.8548551747275,3,20.54827,20.13014,21.91262,32.20639,0.07412915,False,0.001362511,0.001880317
6449262556036995294,0,4.38421532982268,GALEX J004721.5+405117,11.8395854157792,40.8547452065785,1,-999,20.13911,-999,31.94145,0.07412915,False,-99,0.001473809
6372252785249878188,0,4.38430850591372,GALEX J004734.5+405759,11.894062508655,40.9666642534768,1,-999,20.8208,-999,17.04818,0.07576488,False,-99,0.004573436
6457284592873248350,0,4.38735842256583,GALEX J004700.4+405852,11.7518645595476,40.9811440562348,1,-999,22.80701,-999,2.736507,0.08351362,False,-99,0.003594899
6449262556036996241,0,4.38815289878217,GALEX J004700.0+405848,11.7501035521225,40.980010514128,1,-999,23.93772,-999,0.9658563,0.08351362,False,-99,0.002705834
6457284592873247546,0,4.3887221581474,GALEX J004701.5+405200,11.7563165167954,40.866737219051,1,-999,22.64471,-999,3.17772,0.08195833,False,-99,0.003279796
2590873944232837567,0,4.39048366832692,GALEX J004700.4+405209,11.7518119510096,40.8694106342654,1,-999,24.08971,-999,0.8396803,0.08195833,False,-99,0.002884567
2591190603581622086,0,4.39191549725733,GALEX J004700.1+405849,11.7504965550275,40.9803556316777,1,-999,23.60505,-999,1.312145,0.08351362,False,-99,0.002838648
2496052061252100008,0,4.39535871587456,GALEX J004700.3+405210,11.7514809838393,40.8695164059572,1,-999,24.01259,-999,0.9014979,0.0825953,False,-99,0.002316996
6449262556036995428,0,4.39918133357334,GALEX J004732.9+405237,11.887468043491,40.87711029626,1,-999,23.83459,-999,1.062099,0.07329454,False,-99,0.001550545
6449755137246233823,0,4.40189154390184,GALEX J004653.1+405415,11.7212955831261,40.9043181763312,1,-999,19.27061,-999,71.08153,0.0845044,False,-99,0.03230103
2496052061252100743,0,4.40843823402717,GALEX J004733.2+405821,11.8887151132072,40.9726298841996,1,-999,22.84839,-999,2.634162,0.07576488,False,-99,0.002977114
6449262556036995274,0,4.41076003871451,GALEX J004726.0+405135,11.8585126684271,40.8597891409595,1,-999,23.90976,-999,0.9910479,0.07412915,False,-99,0.002897752
2496052061252100626,0,4.4146229021619,GALEX J004700.0+405850,11.7502912578822,40.9807228532259,1,-999,23.5558,-999,1.37303,0.08351362,False,-99,0.002899532
2590873944232837470,0,4.41844024297616,GALEX J004735.8+405321,11.8994484084593,40.8894317386161,1,-999,22.94126,-999,2.418217,0.07079126,False,-99,0.004171438
6449755137246233202,0,4.4241267488546,GALEX J004659.8+405212,11.7495501581806,40.8701504320754,1,-999,23.19958,-999,1.906186,0.0825953,False,-99,0.00316968
2496052061252099995,0,4.42983776132041,GALEX J004730.2+405204,11.8759897662922,40.868016260262,1,-999,24.04584,-999,0.8743106,0.07329454,False,-99,0.0009491979
2590873944232837796,0,4.44459266157459,GALEX J004730.3+405204,11.8765530033456,40.8680467595919,1,-999,23.95766,-999,0.9482765,0.07329454,False,-99,0.003920709
2590873944232836781,0,4.44568452110448,GALEX J004726.7+405136,11.861337631761,40.8602586210264,1,-999,25.27723,-999,0.2812597,0.07329454,False,-99,0.001870389
6449262556036995362,0,4.45198832049047,GALEX J004730.3+405204,11.8764752070388,40.8678392265969,1,-999,23.1761,-999,1.947865,0.07329454,False,-99,0.003643825
6372252785249878263,0,4.45869059471813,GALEX J004726.6+405926,11.861068082658,40.9906731889127,1,-999,21.50922,-999,9.043016,0.07576488,False,-99,0.003990542
6457284592873248440,0,4.46322187913373,GALEX J004707.6+405943,11.7818776166745,40.9955111195203,1,-999,23.06349,-999,2.160745,0.08177437,False,-99,0.002994004
2590873944232837430,0,4.46803144522272,GALEX J004654.8+405319,11.728451919435,40.8887748776056,1,-999,24.3592,-999,0.6551205,0.0825953,False,-99,0.003326036
2590873944233891179,0,4.47918089065694,GALEX J004736.6+405330,11.9025662712166,40.891714351402,2,23.30733,-999,1.726118,-999,0.07079126,False,0.00294319,-99
2496052061252099919,0,4.47970612942635,GALEX J004726.3+405132,11.8596150510669,40.8589252508921,1,-999,24.34936,-999,0.661084,0.07412915,False,-99,0.00102929
2496052061254197374,0,4.48549843247755,GALEX J004738.6+405436,11.9112005705279,40.910083105906,3,21.68847,21.19683,7.66677,12.05773,0.07079126,False,0.00298648,0.004909129
6457284592873248447,0,4.48831651100109,GALEX J004705.6+405936,11.7734690452697,40.9934210793924,1,-999,23.36774,-999,1.632687,0.08351362,False,-99,0.002493774
2590873944232838269,0,4.4891408162677,GALEX J004723.4+405117,11.8476967474426,40.8548380601507,1,-999,23.9912,-999,0.9194323,0.07412915,False,-99,0.003175816
6449262556036996343,0,4.48938435354472,GALEX J004705.5+405935,11.7730001401804,40.9932791741812,1,-999,23.66074,-999,1.246531,0.08351362,False,-99,0.002273465
6457284592874299833,0,4.49089129144931,GALEX J004651.7+405549,11.715494641206,40.930349787618,2,23.16885,-999,1.960922,-999,0.08352698,False,0.001509813,-99
2496052061254197976,0,4.49282522733759,GALEX J004705.6+405936,11.7733429088649,40.9934604012738,3,23.02987,21.85211,2.228709,6.594118,0.08351362,False,0.002617849,0.005704286
2496052061252100596,0,4.49415898975262,GALEX J004730.2+405902,11.8758221170362,40.9840477732096,1,-999,22.03927,-999,5.549961,0.07576488,False,-99,0.0055537
2590873944232837698,0,4.49437980572163,GALEX J004716.0+405101,11.8166882150508,40.8503926062252,1,-999,22.23589,-999,4.63066,0.07828937,False,-99,0.009014551
2591190603581622296,0,4.4946820527718,GALEX J004707.8+405946,11.7828438467108,40.9963147143876,1,-999,23.15236,-999,1.990924,0.08177437,False,-99,0.003301793
6449719952874144152,0,4.49824588529033,GALEX J004707.9+405947,11.7830424393264,40.9964273370609,1,-999,22.97688,-999,2.340173,0.08177437,False,-99,0.003536679
6449262556036996351,0,4.50104215827972,GALEX J004707.9+405947,11.7829963318611,40.9964648800911,1,-999,23.3638,-999,1.63862,0.08177437,False,-99,0.003158574
2591190603583719478,0,4.50485603617471,GALEX J004705.4+405936,11.7726494136798,40.9934411261588,3,22.7435,22.84508,2.901362,2.642202,0.08351362,False,0.002945731,0.003376644
6449755137246233929,0,4.50641244154196,GALEX J004707.7+405946,11.7820943022477,40.9963294212353,1,-999,22.89619,-999,2.520718,0.08177437,False,-99,0.001059406
6449755137246233938,0,4.50882546608349,GALEX J004705.4+405936,11.7728616567568,40.9935877187889,1,-999,22.85044,-999,2.629191,0.08351362,False,-99,0.004690717
6449262556036995717,0,4.51189665972414,GALEX J004738.8+405435,11.9117173949409,40.9098018054818,1,-999,21.91445,-999,6.226164,0.07079126,False,-99,0.003056833
2496052061252100678,0,4.51873353587423,GALEX J004727.8+405922,11.8659529011355,40.9897158557047,1,-999,22.85044,-999,2.629211,0.07576488,False,-99,0.004870692
2591190603581621883,0,4.52060919482881,GALEX J004655.1+405754,11.7297164320361,40.9651728062867,1,-999,24.6476,-999,0.5022965,0.08402202,False,-99,0.002504029
6449719952874144126,0,4.52158365678004,GALEX J004705.4+405937,11.7727149429392,40.993770857447,1,-999,23.20474,-999,1.897165,0.08351362,False,-99,0.00294816
6449262556036996313,0,4.52285802579593,GALEX J004727.9+405922,11.8665667798421,40.9895137508973,1,-999,23.91936,-999,0.9823252,0.07576488,False,-99,0.002574474
6457284592875345009,0,4.52461237579615,GALEX J004738.8+405434,11.9119690917645,40.9096769733472,3,21.94967,21.63978,6.027455,8.018363,0.07079126,False,0.003528449,0.0037286
6449755137246233743,0,4.52932248475426,GALEX J004655.0+405753,11.7292676263553,40.9649016563883,1,-999,22.93893,-999,2.423414,0.08402202,False,-99,0.003549269
6372252785249878185,0,4.53576042458802,GALEX J004734.2+405819,11.8928883035414,40.97212256788,1,-999,19.34195,-999,66.56117,0.07576488,False,-99,0.007746557
6449755137246233888,0,4.53691089003333,GALEX J004728.2+405921,11.8675370870495,40.9893345778572,1,-999,22.96998,-999,2.355083,0.07576488,False,-99,0.002920675
2496052061252100951,0,4.54293716124849,GALEX J004739.1+405619,11.9129295473959,40.9388561185203,1,-999,23.06043,-999,2.16685,0.07328215,False,-99,0.003609517
6372252797061041591,0,4.54919513915078,GALEX J004654.0+405325,11.725325212636,40.8902989393851,1,-999,21.70367,-999,7.560168,0.0825953,False,-99,0.001330964
2590873944232838491,0,4.55164513315555,GALEX J004653.4+405722,11.7226661705329,40.956263142905,1,-999,23.74916,-999,1.149039,0.08402202,False,-99,0.002749598
2496052061252100700,0,4.55908984482811,GALEX J004737.4+405723,11.905999139913,40.9565683141329,1,-999,23.69295,-999,1.210095,0.07328215,False,-99,0.003032811
2496052061252100100,0,4.56194833180502,GALEX J004655.1+405302,11.7297178071581,40.8841556297294,1,-999,22.66097,-999,3.13047,0.0825953,False,-99,0.003861153
6449262556036995555,0,4.56268953752049,GALEX J004655.0+405303,11.7295298517947,40.8843542859462,1,-999,23.12712,-999,2.03776,0.0825953,False,-99,0.003121639
2590873944232837027,0,4.56286035321695,GALEX J004651.2+405524,11.7137172791679,40.9233420160225,1,-999,23.21049,-999,1.887131,0.0845044,False,-99,0.00515333
2591190603581622336,0,4.56512050188271,GALEX J004723.4+405949,11.8478172056696,40.997038656568,1,-999,23.1062,-999,2.0774,0.07901796,False,-99,0.002872938
6449755137246233506,0,4.57009550562186,GALEX J004651.2+405541,11.7135972563631,40.9282331654906,1,-999,23.23662,-999,1.84227,0.0845044,False,-99,0.002935049
2590873944232837842,0,4.5717774145158,GALEX J004655.0+405302,11.7295224567635,40.8840824146271,1,-999,23.05238,-999,2.182975,0.0825953,False,-99,0.00268385
6457284592873248300,0,4.57556435328398,GALEX J004656.3+405820,11.734957069809,40.9724073411898,1,-999,23.18423,-999,1.933342,0.08402202,False,-99,0.002620847
6449262556036996374,0,4.57579407479447,GALEX J004723.4+405950,11.847793427989,40.997233563223,1,-999,23.65689,-999,1.25096,0.07901796,False,-99,0.001604136
2591190603581621531,0,4.57733276381436,GALEX J004651.2+405523,11.7134006933251,40.9232634400729,1,-999,21.74071,-999,7.306624,0.0845044,False,-99,0.005308805
2496052061252100549,0,4.57782110985901,GALEX J004723.4+405950,11.8475909729937,40.9973228514127,1,-999,22.6382,-999,3.196827,0.07901796,False,-99,0.004862833
2496052061252100484,0,4.57896563400869,GALEX J004720.1+410000,11.8340997453961,41.0001199495159,1,-999,22.57101,-999,3.400902,0.07901796,False,-99,0.003833318
2590873944232837400,0,4.57998628367227,GALEX J004651.2+405542,11.7133927987429,40.9284961707843,1,-999,22.94625,-999,2.407126,0.0845044,False,-99,0.00231545
6457284592873248482,0,4.580986610763,GALEX J004723.5+405949,11.8482289167499,40.9972091004506,1,-999,22.77051,-999,2.830059,0.07901796,False,-99,0.003284845
2496052061252100924,0,4.58182735040464,GALEX J004651.2+405543,11.7133620402997,40.9286709484893,1,-999,23.61381,-999,1.301599,0.0845044,False,-99,0.003264071
6457284592873247709,0,4.58282804726606,GALEX J004733.7+405230,11.8906713899083,40.8752311204826,1,-999,21.83564,-999,6.694912,0.07329454,False,-99,0.007136362
2496052061254197399,0,4.58287129836755,GALEX J004651.5+405444,11.7146950832688,40.9124156565525,3,22.04478,22.64426,5.521902,3.179048,0.0845044,False,0.003615032,0.002873506
6457284592875345019,0,4.58505801994497,GALEX J004651.5+405445,11.7146249600395,40.9125094860636,3,22.28799,22.45394,4.413747,3.788135,0.0845044,False,0.002521061,0.003842633
6457284592873247953,0,4.58663211890206,GALEX J004651.1+405544,11.7132718297526,40.9289342247066,1,-999,22.79675,-999,2.762473,0.0845044,False,-99,0.001812522
2496052061252101063,0,4.58919157587482,GALEX J004651.1+405524,11.7131320195618,40.9234702345065,1,-999,23.61216,-999,1.303577,0.0845044,False,-99,0.003028764
2496052061252099973,0,4.58981411010917,GALEX J004733.8+405231,11.8910785596637,40.8754092817339,1,-999,22.07788,-999,5.356081,0.07329454,False,-99,0.007604972
2590873944232837876,0,4.58999643601695,GALEX J004733.8+405231,11.8910328347263,40.8753644730782,1,-999,22.55118,-999,3.463606,0.07329454,False,-99,0.003759318
2591190603581622071,0,4.59128986723678,GALEX J004656.3+405821,11.7346131026736,40.9725009195752,1,-999,22.8296,-999,2.680149,0.08402202,False,-99,0.005772691
2590873944234935138,0,4.5913224976515,GALEX J004703.1+405133,11.7630484637821,40.8593032572302,3,23.55808,24.28249,1.370152,0.703077,0.07873246,False,0.003224597,0.002198505
6449755137246233953,0,4.59314794307185,GALEX J004723.5+405950,11.8482893346951,40.997408014222,1,-999,22.01234,-999,5.689335,0.07901796,False,-99,0.004363067
2590873944234934200,0,4.59370489264312,GALEX J004651.4+405444,11.7144770443776,40.912308442056,3,22.55429,22.2251,3.453729,4.676916,0.0845044,False,0.003976586,0.002018534
2591190603583718541,0,4.59378302344968,GALEX J004651.4+405444,11.7144701751718,40.9123308997454,3,22.45465,22.09094,3.785666,5.292065,0.0845044,False,0.003834527,0.002407786
6372252797061041941,0,4.59543896716247,GALEX J004715.1+410006,11.812948900539,41.0018612921721,1,-999,21.75729,-999,7.195861,0.08177437,False,-99,0.002170735
6449262556036995844,0,4.59653383084808,GALEX J004651.1+405523,11.7129810140765,40.9231536770524,1,-999,23.54815,-999,1.382736,0.0845044,False,-99,0.001884911
6449262556036995739,0,4.59953490430641,GALEX J004651.4+405444,11.7143547015038,40.9122728251275,1,-999,22.25982,-999,4.529741,0.0845044,False,-99,0.004233605
2496052061253152717,0,4.6037354042654,GALEX J004739.7+405512,11.9156632867057,40.9202531315215,2,22.30725,-999,4.336141,-999,0.07328215,False,0.002525236,-99
2591190603581621624,0,4.60378189806014,GALEX J004651.0+405543,11.7128747263856,40.9286267416073,1,-999,21.93988,-999,6.082022,0.0845044,False,-99,0.005464055
6449262556036995429,0,4.60402483344786,GALEX J004733.8+405230,11.8911467146381,40.8751064288299,1,-999,22.95329,-999,2.391575,0.07329454,False,-99,0.002807241
2591190603582684439,0,4.60470358148087,GALEX J004722.6+405955,11.844161326769,40.9986429816471,2,22.8456,-999,2.640961,-999,0.07901796,False,0.004078913,-99
6449755137246233543,0,4.61063839395277,GALEX J004651.2+405603,11.7133171123321,40.9342439614089,1,-999,23.87278,-999,1.025388,0.08352698,False,-99,0.001826624
6449262556036995882,0,4.62442924639617,GALEX J004650.9+405543,11.7124258536691,40.9287481517516,1,-999,23.18455,-999,1.932768,0.0845044,False,-99,0.003869205
6457284592874299739,0,4.62533621003318,GALEX J004653.3+405332,11.722166717818,40.8922496884514,2,22.88049,-999,2.557447,-999,0.0825953,False,0.002316051,-99
2590873944234935803,0,4.63194619167948,GALEX J004657.3+405223,11.7388203074098,40.8732982316624,3,23.00999,22.68662,2.2699,3.057398,0.0825953,False,0.003717237,0.002859815
6372252785249878295,0,4.6362229217469,GALEX J004709.2+410000,11.7886717740832,41.0000788856504,1,-999,21.87347,-999,6.465637,0.08177437,False,-99,0.002410305
2496052061252099993,0,4.63625988682798,GALEX J004657.0+405226,11.7378865125991,40.8739753203379,1,-999,23.13247,-999,2.027736,0.0825953,False,-99,0.004799665
6449262556036995440,0,4.63961407153863,GALEX J004657.3+405223,11.7387454909375,40.8731706162537,1,-999,22.73398,-999,2.9269,0.0825953,False,-99,0.003956787
6372252785249878122,0,4.63975551035906,GALEX J004739.9+405545,11.9165357306658,40.9294229237033,1,-999,21.95574,-999,5.993835,0.07328215,False,-99,0.001353981
6449755137246233238,0,4.64215597042096,GALEX J004657.0+405226,11.7375806652171,40.8740881844329,1,-999,22.50234,-999,3.622963,0.0825953,False,-99,0.005277203
2590873944233891561,0,4.64278808776046,GALEX J004737.9+405339,11.9082256920831,40.8944143002675,2,22.12337,-999,5.136363,-999,0.07079126,False,0.005510922,-99
6449262556036995164,0,4.6435839252069,GALEX J004715.2+405052,11.8136698782302,40.8478863377072,1,-999,23.29805,-999,1.740916,0.07873246,False,-99,0.003158582
6457284592875344752,0,4.64886385610133,GALEX J004657.2+405223,11.7385663882985,40.8730903233381,3,22.21912,22.77199,4.702755,2.826198,0.0825953,False,0.003135273,0.002491485
2591190603582684419,0,4.65088574376084,GALEX J004716.6+410009,11.8193771437317,41.0026989135792,2,22.36995,-999,4.092812,-999,0.08177437,False,0.002195732,-99
6449719952874144032,0,4.65124626072048,GALEX J004656.1+405824,11.7339334626766,40.9734641706532,1,-999,23.60489,-999,1.312327,0.08402202,False,-99,0.003028093
2590873944232837823,0,4.6514294658597,GALEX J004713.2+405052,11.8053260242495,40.8480536039532,1,-999,22.05236,-999,5.483485,0.07873246,False,-99,0.003948947
6449755137246233587,0,4.65210991136646,GALEX J004651.1+405446,11.7130623950206,40.9127963161268,1,-999,19.88353,-999,40.41911,0.0845044,False,-99,0.0193876
2590873944233891291,0,4.66058308563892,GALEX J004729.9+405144,11.8746163851716,40.8623726855227,2,23.76404,-999,1.133407,-999,0.07329454,False,0.002438683,-99
6449719952874144174,0,4.66076811799733,GALEX J004715.8+410010,11.815868983061,41.0029485906667,1,-999,22.47581,-999,3.712571,0.08177437,False,-99,0.001922358
2496052061252100481,0,4.6676837221313,GALEX J004729.6+405920,11.8736215207661,40.9888959059135,1,-999,21.88651,-999,6.388477,0.07576488,False,-99,0.006747844
6449262556036996383,0,4.6710607921873,GALEX J004723.1+405957,11.8466337312401,40.9992091051914,1,-999,23.29145,-999,1.751545,0.07901796,False,-99,0.003873162
6457284592873248252,0,4.67674285184676,GALEX J004653.9+405750,11.7246964563347,40.9638957070188,1,-999,23.50947,-999,1.432892,0.08402202,False,-99,0.002049462
6457284592874299750,0,4.68852554371496,GALEX J004738.1+405337,11.9089796167982,40.8938154802837,2,22.99071,-999,2.310558,-999,0.07079126,False,0.002296958,-99
2496052061252099884,0,4.6948699701902,GALEX J004725.9+405115,11.8581221511683,40.8543770449721,1,-999,23.901,-999,0.9990759,0.07412915,False,-99,0.00325306
2496052061252100086,0,4.69842202031629,GALEX J004737.9+405330,11.9080610296755,40.8918956575462,1,-999,19.63178,-999,50.96695,0.07079126,False,-99,0.001996912
2590873944232837708,0,4.69895693997214,GALEX J004737.9+405330,11.9079386496063,40.8916795575985,1,-999,19.61314,-999,51.84932,0.07079126,False,-99,0.002495131
6449262556036995528,0,4.70276594605281,GALEX J004737.9+405330,11.9080228390838,40.8916655689695,1,-999,19.75059,-999,45.68415,0.07079126,False,-99,0.002151697
2496052061253152529,0,4.70491111247164,GALEX J004738.3+405340,11.9098789729521,40.8946999215899,2,22.23773,-999,4.622869,-999,0.07079126,False,0.004833744,-99
2591190603581622472,0,4.70564776805327,GALEX J004711.1+410009,11.7964262711834,41.0025307500258,1,-999,22.20186,-999,4.778083,0.08177437,False,-99,0.006604537
2591190603581622133,0,4.70652843572067,GALEX J004659.1+405905,11.7465988059742,40.984745075237,1,-999,24.70674,-999,0.475667,0.08351362,False,-99,0.002773152
6372252797061041465,0,4.70750971620672,GALEX J004706.3+405107,11.7765469057612,40.8522043400675,1,-999,21.89455,-999,6.341334,0.07873246,False,-99,0.001254706
6372252797061041653,0,4.70923625249027,GALEX J004737.9+405330,11.9082768409352,40.891819039497,1,-999,19.89753,-999,39.90132,0.07079126,False,-99,0.002895065
2590873944233891246,0,4.71087173452116,GALEX J004709.8+405055,11.7911052133662,40.8487522252185,2,22.66984,-999,3.105034,-999,0.07873246,False,0.004861936,-99
6372252797061041779,0,4.71459880772854,GALEX J004650.5+405555,11.7107360573404,40.932209354347,1,-999,21.41603,-999,9.853449,0.0845044,False,-99,0.002535968
2590873944233891209,0,4.71543278967158,GALEX J004733.3+405214,11.8890514014132,40.8706266207373,2,23.6184,-999,1.296112,-999,0.07329454,False,0.002531224,-99
6457284592873247788,0,4.71718904184253,GALEX J004738.0+405330,11.9084689619096,40.8918162708803,1,-999,19.79699,-999,43.77264,0.07079126,False,-99,0.001962262
6449262556036996144,0,4.71907785548211,GALEX J004736.6+405800,11.9027303386495,40.9668467255689,1,-999,23.70458,-999,1.197201,0.06810121,False,-99,0.001934813
6372252785249878061,0,4.72423773603604,GALEX J004738.2+405334,11.9092506418531,40.8928150329306,1,-999,20.93234,-999,15.38377,0.07079126,False,-99,0.004404551
2590873944232837664,0,4.72992821020441,GALEX J004700.3+405144,11.7516453881841,40.8622782146262,1,-999,25.18794,-999,0.3053677,0.0825953,False,-99,0.002389277
2590873944234935260,0,4.7305387504754,GALEX J004734.8+405231,11.8950593192334,40.8753471244286,3,22.40857,22.46407,3.949784,3.752931,0.07329454,False,0.002147639,0.003480471
2496052061254197162,0,4.7316285965799,GALEX J004734.8+405231,11.895135570543,40.8753888975954,3,21.93055,22.38436,6.134526,4.038832,0.07329454,False,0.003324769,0.005168385
2591190603581621567,0,4.73549561062959,GALEX J004650.6+405611,11.7109370122245,40.936549255453,1,-999,24.95703,-999,0.3777367,0.0845044,False,-99,0.001956497
6449262556036995416,0,4.73672722183349,GALEX J004734.8+405231,11.8952589314867,40.8753687505666,1,-999,22.89578,-999,2.521674,0.07329454,False,-99,0.002284025
6372252785249878302,0,4.73954343007472,GALEX J004711.6+410012,11.7984284385962,41.0033518194114,1,-999,21.93656,-999,6.10066,0.08177437,False,-99,0.002091098
6457284592875344781,0,4.74658186004168,GALEX J004734.9+405231,11.8956930574356,40.8755120385851,3,22.034,22.15538,5.576994,4.987096,0.07329454,False,0.001788986,0.002430164
2590873944232837604,0,4.75333429172975,GALEX J004708.7+405056,11.7863918652101,40.8489236722961,1,-999,24.45897,-999,0.597604,0.07873246,False,-99,0.003141157
6457284592873248151,0,4.76003582382578,GALEX J004739.5+405655,11.9146383972421,40.948777868588,1,-999,22.7021,-999,3.01412,0.06810121,False,-99,0.001762201
6372252797061041634,0,4.76051162927579,GALEX J004739.2+405356,11.9134529712565,40.8991204174293,1,-999,21.51863,-999,8.964931,0.07079126,False,-99,0.002593307
