objid,specObjID,distance_arcmin,IAUName,ra,dec,band,fuv_mag,nuv_mag,fuv_flux,nuv_flux,e_bv,isThereSpectrum,fuv_fwhm_world,nuv_fwhm_world
2590873944233891644,0,0.109682040128121,GALEX J004516.0+405532,11.3166763037751,40.9257337278097,2,23.65757,-999,1.250187,-999,0.09068515,False,0.001923288,-99
6449262556036995770,0,0.1169720386442,GALEX J004515.5+405537,11.3147077663773,40.9272066758939,1,-999,18.15835,-999,197.9979,0.09068515,False,-99,0.001343253
6457284592873247972,0,0.119806863506331,GALEX J004515.5+405538,11.314787388245,40.9272448676565,1,-999,18.1537,-999,198.8465,0.09068515,False,-99,0.001480864
2590873944232837078,0,0.121636279143248,GALEX J004515.5+405538,11.3147634852945,40.9272788280722,1,-999,18.19137,-999,192.0671,0.09068515,False,-99,0.001645217
6372252786323620620,0,0.122572168388373,GALEX J004515.5+405538,11.3147866515462,40.9272917304488,1,-999,18.27763,-999,177.397,0.09068515,False,-99,0.001889633
2591190603581621696,0,0.122790928227885,GALEX J004515.5+405538,11.3146432758721,40.9273108508804,1,-999,18.19782,-999,190.9288,0.09068515,False,-99,0.001421316
2495840955019560094,0,0.122849303421855,GALEX J004515.4+405538,11.3145146978558,40.9273206755617,1,-999,18.22104,-999,186.8896,0.09068515,False,-99,0.001599066
6449755137246233575,0,0.123138538804627,GALEX J004515.5+405538,11.314624806634,40.9273182369821,1,-999,18.22216,-999,186.6961,0.09068515,False,-99,0.001301443
2496052061252100313,0,0.123171644138304,GALEX J004515.5+405538,11.3146590280161,40.9273158361801,1,-999,18.19607,-999,191.2369,0.09068515,False,-99,0.00128084
6449227371664901038,0,0.127705830089062,GALEX J004515.5+405538,11.3149205034785,40.9273594602147,1,-999,18.25604,-999,180.9602,0.09068515,False,-99,0.002832283
2590838759860734357,0,0.129072946174211,GALEX J004515.5+405538,11.3145839255155,40.9274206453325,1,-999,18.22683,-999,185.8948,0.09068515,False,-99,0.001895675
6449719952874143942,0,0.140557298357796,GALEX J004515.4+405539,11.3145311228359,40.9276156280306,1,-999,18.26068,-999,180.1888,0.09068515,False,-99,0.00169655
2590838759860733865,0,0.428661983140135,GALEX J004515.8+405505,11.316149937981,40.9182665122281,1,-999,23.42324,-999,1.551322,0.09068515,False,-99,0.003772594
2590873944232838614,0,0.441018870313622,GALEX J004515.8+405505,11.3161467558888,40.9180563107616,1,-999,23.58182,-999,1.340512,0.09068515,False,-99,0.002470331
2591190603581621421,0,0.455293817444467,GALEX J004515.6+405503,11.3152629659304,40.9177221295328,1,-999,23.6491,-999,1.259972,0.09068515,False,-99,0.004808657
6449192187292811528,0,0.694357007691822,GALEX J004514.7+405611,11.3113830643667,40.936633716473,1,-999,23.03994,-999,2.208121,0.09068515,False,-99,0.002591696
6449262556036995918,0,0.711355101449828,GALEX J004514.5+405612,11.3105023096452,40.936774978823,1,-999,22.11934,-999,5.155432,0.09068515,False,-99,0.00234392
6449227371664900985,0,0.712886297749727,GALEX J004514.5+405612,11.310724778983,40.9368422102394,1,-999,22.13624,-999,5.075802,0.09068515,False,-99,0.004717949
2590873944232837083,0,0.714201995570301,GALEX J004514.4+405612,11.3103851412514,40.9368013501168,1,-999,22.16106,-999,4.961066,0.09068515,False,-99,0.001797928
2590838759860734185,0,0.714974011778595,GALEX J004514.4+405612,11.3103625470972,40.9368102138091,1,-999,21.96675,-999,5.933353,0.09068515,False,-99,0.002149337
2495840955019560069,0,0.718612555293518,GALEX J004514.5+405612,11.3104568635779,40.9368910664643,1,-999,22.41957,-999,3.909968,0.09068515,False,-99,0.003711205
2591190603581621331,0,0.721170716600334,GALEX J004517.2+405453,11.3220193264542,40.9147545185701,1,-999,24.7874,-999,0.4416092,0.09068515,False,-99,0.002223656
2591190603581621626,0,0.723711044700243,GALEX J004514.4+405612,11.3102308713969,40.9369346193192,1,-999,22.08525,-999,5.319826,0.09068515,False,-99,0.00150051
2496052061252100913,0,0.726832304641494,GALEX J004514.4+405613,11.3103109695034,40.9370042888445,1,-999,22.09116,-999,5.290972,0.09068515,False,-99,0.00304578
6449755137246233564,0,0.728303176539696,GALEX J004514.4+405613,11.3102839868806,40.937024321295,1,-999,22.09117,-999,5.290909,0.09068515,False,-99,0.001801745
6372252786323620627,0,0.732724935281884,GALEX J004514.4+405613,11.3103630622534,40.9371157585549,1,-999,21.79902,-999,6.924518,0.09068515,False,-99,0.001629576
6449719952874143908,0,0.737268852020823,GALEX J004514.4+405613,11.3100646658189,40.9371348424368,1,-999,22.13822,-999,5.066541,0.09068515,False,-99,0.004511135
6457284592873248053,0,0.737959895119676,GALEX J004514.5+405614,11.3105692949563,40.937243847913,1,-999,21.86838,-999,6.496037,0.09068515,False,-99,0.004604402
2590838759860733785,0,0.756254828270415,GALEX J004516.2+405446,11.3176989516717,40.9129327672585,1,-999,23.16795,-999,1.962552,0.09068515,False,-99,0.003362391
2496052061252101140,0,0.758301462893368,GALEX J004519.2+405544,11.3302682459138,40.9291220480796,1,-999,23.8691,-999,1.028867,0.09068515,False,-99,0.001994652
6449755137246233510,0,0.761646021670102,GALEX J004519.2+405545,11.3303239498031,40.9291733456929,1,-999,23.54786,-999,1.383102,0.09068515,False,-99,0.002942891
2590873944232836957,0,0.762225237513302,GALEX J004519.3+405544,11.3304485465259,40.9289022066681,1,-999,23.04984,-999,2.18808,0.09068515,False,-99,0.002635497
6457284592873247949,0,0.764100404895494,GALEX J004519.3+405544,11.3304218624096,40.9290754677366,1,-999,22.85515,-999,2.617828,0.09068515,False,-99,0.003068165
2591190603581621497,0,0.765073777076575,GALEX J004519.3+405543,11.3305207316751,40.9288852500995,1,-999,23.24339,-999,1.830804,0.09068515,False,-99,0.001988966
2590838759860734016,0,0.766484073450357,GALEX J004519.3+405544,11.3304452192947,40.9291516302111,1,-999,23.10323,-999,2.083085,0.09068515,False,-99,0.003263252
2590873944232837124,0,0.769348323299904,GALEX J004516.2+405445,11.3178477373304,40.9127333160628,1,-999,23.9387,-999,0.9649798,0.09068515,False,-99,0.001879513
2590838759860733788,0,0.772859713247291,GALEX J004512.9+405454,11.3038019818603,40.9151488763584,1,-999,24.81387,-999,0.4309745,0.09292386,False,-99,0.002419464
6372252786323620588,0,0.776266516083157,GALEX J004519.3+405544,11.3307175754354,40.9290389462541,1,-999,22.13133,-999,5.098773,0.09068515,False,-99,0.001189277
2591190603581621316,0,0.783143156751279,GALEX J004516.3+405445,11.3180687814729,40.9125342516404,1,-999,24.17701,-999,0.7748088,0.09068515,False,-99,0.003603712
2590873944232837996,0,0.787219288043599,GALEX J004512.8+405454,11.3035401551684,40.9150001611382,1,-999,24.4463,-999,0.6046169,0.09292386,False,-99,0.002641534
2591190603581621332,0,0.789967630514563,GALEX J004512.9+405453,11.3037492590217,40.9148190227861,1,-999,24.41885,-999,0.6200975,0.09292386,False,-99,0.003295725
2496052061252100964,0,0.818325495808262,GALEX J004511.7+405556,11.2988399511914,40.9322773457014,1,-999,23.25236,-999,1.815755,0.09292386,False,-99,0.003158364
2495840955019559915,0,0.819368792344295,GALEX J004512.6+405453,11.3028080516341,40.9147588726185,1,-999,23.46934,-999,1.486842,0.09292386,False,-99,0.002386233
6449262556036995906,0,0.820285195579085,GALEX J004511.7+405556,11.2988591302244,40.9323647483808,1,-999,23.15563,-999,1.984945,0.09292386,False,-99,0.003199677
6449192187292811518,0,0.839859452024728,GALEX J004511.6+405557,11.2986000801465,40.9326695197231,1,-999,22.47876,-999,3.702513,0.09292386,False,-99,0.002868409
2590873944234934487,0,0.84937146758091,GALEX J004511.5+405556,11.2980605294069,40.9322951134253,3,23.40405,22.95633,1.579005,2.384893,0.09292386,False,0.003004677,0.002842106
2591190603583718691,0,0.850836614006625,GALEX J004511.5+405556,11.2980034914856,40.9322687300715,3,23.99656,22.94335,0.9149083,2.413569,0.09292386,False,0.002381369,0.00236391
2495840955019560039,0,0.852123175340441,GALEX J004512.3+405608,11.3015387753516,40.9356825806962,1,-999,23.51458,-999,1.426154,0.09068515,False,-99,0.002150771
2590838759862831289,0,0.852176195131407,GALEX J004512.3+405608,11.3016147321617,40.9357368039653,3,23.55878,22.76508,1.369268,2.844249,0.09068515,False,0.002860269,0.004034899
2590838759861794905,0,0.852876741788409,GALEX J004519.0+405459,11.3292065522728,40.9165741466775,2,23.77928,-999,1.117605,-999,0.09068515,False,0.002290677,-99
2590838759862831200,0,0.853261522589217,GALEX J004511.5+405556,11.297995632256,40.9323399928579,3,23.82482,22.97827,1.071705,2.33718,0.09292386,False,0.002588762,0.003290084
2496052061252100865,0,0.853340688465052,GALEX J004512.3+405608,11.301578450344,40.9357379584164,1,-999,23.38144,-999,1.612225,0.09068515,False,-99,0.002293311
2590873944232836929,0,0.853480834224453,GALEX J004512.3+405608,11.3015236653819,40.9357028608352,1,-999,23.35913,-999,1.645684,0.09068515,False,-99,0.002320698
2591190603583718718,0,0.855533503081692,GALEX J004512.3+405608,11.3015025458867,40.9357347261157,3,23.93257,23.36965,0.9704485,1.629824,0.09068515,False,0.002631748,0.002176326
2495840955019560015,0,0.863365648105266,GALEX J004511.4+405556,11.2977508932766,40.932355489166,1,-999,22.92486,-999,2.455023,0.09292386,False,-99,0.003882399
6449262556036995926,0,0.878443322947734,GALEX J004512.4+405611,11.3017211728062,40.9363934619951,1,-999,23.28086,-999,1.768711,0.09068515,False,-99,0.002704409
2496087245624180754,0,0.882653247007589,GALEX J004514.1+405622,11.3090813514573,40.9394434717154,1,-999,23.54555,-999,1.386049,0.09068515,False,-99,0.003071589
2590873944232837704,0,0.906137788725148,GALEX J004519.3+405459,11.330525519623,40.916424380823,1,-999,24.6526,-999,0.4999888,0.09068515,False,-99,0.003353426
2496052061252100340,0,0.909410735589914,GALEX J004512.8+405445,11.3033300551097,40.9126049988066,1,-999,23.78076,-999,1.11608,0.09292386,False,-99,0.001945775
2495840955020615400,0,0.909443307793467,GALEX J004518.8+405610,11.3283326116347,40.9361352314844,2,22.45455,-999,3.786014,-999,0.09068515,False,0.001687453,-99
2590838759860733745,0,0.917112407036281,GALEX J004517.0+405439,11.3209721828686,40.9108392529775,1,-999,24.24936,-999,0.7248608,0.09068515,False,-99,0.003789401
6449755137246233490,0,0.927415116839361,GALEX J004520.3+405531,11.3347907707928,40.9252913764464,1,-999,23.32709,-999,1.694982,0.09068515,False,-99,0.001916351
2590838759860734072,0,0.929887114412286,GALEX J004520.3+405531,11.3348443891465,40.9254260844599,1,-999,23.15927,-999,1.9783,0.09068515,False,-99,0.002553787
2590838759860733723,0,0.931658615335638,GALEX J004517.6+405441,11.3236238432257,40.9114277637364,1,-999,24.27614,-999,0.7071992,0.09068515,False,-99,0.002143834
6449227371664900915,0,0.934205331377631,GALEX J004520.3+405531,11.3349385633291,40.9254963034711,1,-999,22.48363,-999,3.685937,0.09068515,False,-99,0.004733949
2496052061252101037,0,0.936022273617874,GALEX J004520.4+405531,11.3349806302191,40.9252933750752,1,-999,23.13703,-999,2.019248,0.09068515,False,-99,0.001803436
2591190603581621353,0,0.936446494820779,GALEX J004519.5+405458,11.3312921470198,40.9163679587701,1,-999,24.92208,-999,0.3900943,0.09068515,False,-99,0.002060323
2591190603581621464,0,0.937479989860702,GALEX J004520.4+405530,11.3350125116396,40.9251980658981,1,-999,23.16813,-999,1.962223,0.09068515,False,-99,0.001724665
6449755137246233584,0,0.938897746697818,GALEX J004511.1+405559,11.2965099928632,40.9332489420308,1,-999,22.37022,-999,4.091767,0.09292386,False,-99,0.006704358
2590873944232836945,0,0.9423201209388,GALEX J004520.4+405530,11.3351194065172,40.9252193491112,1,-999,23.01316,-999,2.263263,0.09068515,False,-99,0.001888535
6457284592873247944,0,0.949463074963019,GALEX J004520.4+405528,11.3352625228762,40.9246889021213,1,-999,22.85858,-999,2.609566,0.09068515,False,-99,0.003598072
6449262556036995854,0,0.949773642918884,GALEX J004520.4+405531,11.3352833808917,40.9253987513836,1,-999,23.24645,-999,1.82566,0.09068515,False,-99,0.002206323
6449719952874143866,0,0.952264644214706,GALEX J004520.4+405532,11.3353273213133,40.9258070668498,1,-999,23.35895,-999,1.64596,0.09068515,False,-99,0.002645443
6449719952874143898,0,0.971237559074814,GALEX J004510.7+405553,11.2946078794283,40.9315963880569,1,-999,21.5343,-999,8.836498,0.09292386,False,-99,0.008003066
6449192187292811516,0,0.986067504357234,GALEX J004510.5+405552,11.2940737094969,40.9312606292635,1,-999,21.93267,-999,6.122532,0.09292386,False,-99,0.004731971
6449227371664900924,0,0.988770421775063,GALEX J004510.5+405551,11.2938265752223,40.9308924871813,1,-999,23.25422,-999,1.812646,0.09292386,False,-99,0.00333261
2590873944232838596,0,0.994254523366844,GALEX J004510.4+405549,11.2934495551931,40.9303409706559,1,-999,22.46883,-999,3.73651,0.09292386,False,-99,0.00211112
6449262556036995873,0,0.996026076810907,GALEX J004510.4+405548,11.2933634142878,40.9302332686464,1,-999,22.60106,-999,3.308079,0.09292386,False,-99,0.00197824
2590873944232836826,0,0.997553586359522,GALEX J004520.3+405552,11.3349282256218,40.9311347576163,1,-999,24.37541,-999,0.6454082,0.09068515,False,-99,0.003780639
2590838759860734078,0,1.00104852608485,GALEX J004510.3+405549,11.2933003259804,40.9303601877634,1,-999,22.34502,-999,4.187862,0.09292386,False,-99,0.002894934
2496052061252100916,0,1.00105536012882,GALEX J004510.4+405549,11.2933213602489,40.9304100013778,1,-999,22.67991,-999,3.076337,0.09292386,False,-99,0.002429867
2591190603581621538,0,1.00125682713153,GALEX J004510.3+405549,11.2933055567529,40.9303838944427,1,-999,22.36188,-999,4.123315,0.09292386,False,-99,0.002100842
2495840955019560007,0,1.00508809533153,GALEX J004510.3+405549,11.2931771089022,40.9302891913242,1,-999,22.58829,-999,3.347218,0.09292386,False,-99,0.003693206
6449755137246233516,0,1.00845863817214,GALEX J004510.3+405549,11.2931518427843,40.930414832638,1,-999,22.69291,-999,3.039748,0.09292386,False,-99,0.002321309
6457284592873247975,0,1.0109648030712,GALEX J004510.3+405550,11.2932020093772,40.9306636695637,1,-999,22.94176,-999,2.417117,0.09292386,False,-99,0.00239617
2591190603581621298,0,1.03554357139531,GALEX J004512.0+405442,11.3000186417105,40.9118288915061,1,-999,24.69755,-999,0.4797102,0.09292386,False,-99,0.002684277
2590873944232837038,0,1.03628414143797,GALEX J004511.9+405442,11.2999281650977,40.9118682624084,1,-999,24.73314,-999,0.4642404,0.09292386,False,-99,0.0027058
6449192187292811545,0,1.04458592592499,GALEX J004515.5+405633,11.3148874902,40.9426825089684,1,-999,22.78513,-999,2.79222,0.09068515,False,-99,0.001514923
2590838759861794885,0,1.05954501934473,GALEX J004518.0+405434,11.3249920917158,40.9095624703616,2,21.89975,-999,6.311047,-999,0.09068515,False,0.003854792,-99
6449719952874143834,0,1.07490006680731,GALEX J004518.1+405434,11.3255878415716,40.909510077327,1,-999,20.58007,-999,21.27998,0.09068515,False,-99,0.002540627
2496052061254197414,0,1.08552367459647,GALEX J004518.1+405433,11.3255935764738,40.9093115056416,3,21.25931,20.02533,11.38353,35.47051,0.09068515,False,0.002063072,0.001415986
6449755137246233438,0,1.09095792345438,GALEX J004518.1+405433,11.3256308977133,40.9092239169288,1,-999,20.55392,-999,21.79875,0.09068515,False,-99,0.001392278
2591190603583718525,0,1.09394090913893,GALEX J004518.1+405433,11.3256677225729,40.9091824079717,3,21.63029,20.56978,8.08886,21.48269,0.09068515,False,0.002299498,0.00157391
2590873944234934152,0,1.09620246997508,GALEX J004518.1+405433,11.3257549031267,40.9091748598292,3,21.60041,20.54088,8.314528,22.06211,0.09068515,False,0.001187516,0.001660724
6449227371664900868,0,1.0965737320704,GALEX J004518.2+405433,11.3259915272131,40.9092649155622,1,-999,20.75268,-999,18.1521,0.09068515,False,-99,0.005103596
6372252786323620527,0,1.09756813271195,GALEX J004518.1+405432,11.3256015774822,40.9090875768166,1,-999,20.61813,-999,20.54688,0.09068515,False,-99,0.002594329
6449262556036995685,0,1.09949515102904,GALEX J004518.1+405432,11.325756087503,40.9091131031397,1,-999,20.68025,-999,19.4044,0.09068515,False,-99,0.001450349
6457284592875345027,0,1.10020618023202,GALEX J004518.1+405432,11.3258063203252,40.9091199797959,3,21.40785,20.11024,9.928036,32.80225,0.09068515,False,0.004442115,0.001634962
2590838759860734046,0,1.10435476290186,GALEX J004510.7+405610,11.2948349864453,40.9363129216596,1,-999,25.0334,-999,0.3520778,0.08973159,False,-99,0.002539512
2496052061252100959,0,1.11493719436567,GALEX J004510.7+405611,11.2948482651433,40.9366177344227,1,-999,23.76084,-999,1.136747,0.08973159,False,-99,0.002382108
6449262556036995910,0,1.12613104707975,GALEX J004510.8+405614,11.2953950364613,40.9374250778535,1,-999,23.27501,-999,1.778263,0.08973159,False,-99,0.003709955
6449719952874143831,0,1.13391513817731,GALEX J004510.7+405448,11.2948703446721,40.9134091350538,1,-999,23.52256,-999,1.415713,0.09292386,False,-99,0.002372581
6449719952874143891,0,1.13438634446783,GALEX J004510.6+405612,11.2943726013518,40.9366811716962,1,-999,23.95147,-999,0.9536978,0.08973159,False,-99,0.001678659
2496087245624180762,0,1.16893396562714,GALEX J004512.9+405635,11.3041343842669,40.9431716758865,1,-999,24.00149,-999,0.9107562,0.08693592,False,-99,0.001360411
6449227371664900810,0,1.17304580146336,GALEX J004510.8+405443,11.2951371107811,40.9121695725317,1,-999,22.91053,-999,2.48764,0.09292386,False,-99,0.002975688
2591190603581621398,0,1.17667348838444,GALEX J004510.6+405446,11.2941627276743,40.9129370627553,1,-999,22.89359,-999,2.526767,0.09292386,False,-99,0.003713162
2496052061252100324,0,1.18111791687749,GALEX J004510.6+405445,11.2944324910502,40.912574428539,1,-999,23.08508,-999,2.118209,0.09292386,False,-99,0.003690323
2590873944232837186,0,1.18974012768408,GALEX J004510.6+405445,11.2942618982241,40.9125043824752,1,-999,23.09884,-999,2.091524,0.09292386,False,-99,0.003227704
2590838759860733871,0,1.19781860549207,GALEX J004510.5+405445,11.2937449202878,40.9127671417594,1,-999,22.92402,-999,2.456933,0.09292386,False,-99,0.004009082
6449755137246233426,0,1.20455451271019,GALEX J004510.4+405446,11.2935253869038,40.9127949051038,1,-999,23.13807,-999,2.017313,0.09292386,False,-99,0.004091323
6449262556036995756,0,1.20551504334345,GALEX J004510.5+405444,11.2939630532203,40.9123644476702,1,-999,23.48506,-999,1.465463,0.09292386,False,-99,0.004099892
2496087245624180758,0,1.20561900726854,GALEX J004512.0+405631,11.3000250735748,40.9422162264418,1,-999,23.91318,-999,0.9879299,0.08693592,False,-99,0.002212113
2590873944232836917,0,1.21263515286367,GALEX J004521.7+405546,11.3404464734621,40.9296611884249,1,-999,25.00383,-999,0.3617986,0.09068515,False,-99,0.001033654
2591190603581621516,0,1.21334184703033,GALEX J004509.4+405558,11.2894904332872,40.9328047753784,1,-999,24.77976,-999,0.4447277,0.08973159,False,-99,0.002628557
6449755137246233444,0,1.22363438224226,GALEX J004520.7+405449,11.3366287116338,40.9137848266082,1,-999,22.83192,-999,2.674437,0.09068515,False,-99,0.003507179
2496052061252100333,0,1.22781178920849,GALEX J004520.8+405449,11.3366588951498,40.9136948949945,1,-999,23.07351,-999,2.140902,0.09068515,False,-99,0.002952343
2591190603581621339,0,1.23047909161234,GALEX J004520.7+405448,11.3365791045373,40.91352982183,1,-999,22.91343,-999,2.481015,0.09068515,False,-99,0.001525607
6449719952874143833,0,1.23335457945535,GALEX J004520.8+405449,11.3369773431098,40.9138858192735,1,-999,22.98799,-999,2.316347,0.09068515,False,-99,0.003145267
2590873944232837410,0,1.23614641390673,GALEX J004520.8+405448,11.3367029373536,40.9134988617684,1,-999,22.83309,-999,2.671547,0.09068515,False,-99,0.001714443
6457284592873247865,0,1.23639215719357,GALEX J004520.8+405448,11.336661714248,40.9134471606678,1,-999,22.92083,-999,2.464154,0.09068515,False,-99,0.003361912
6449262556036995757,0,1.23689974638261,GALEX J004520.7+405447,11.336567224232,40.9133313995351,1,-999,22.92414,-999,2.456639,0.09068515,False,-99,0.002054562
6372252786323620512,0,1.24856723562582,GALEX J004512.6+405423,11.3025601252325,40.9064660160236,1,-999,22.06588,-999,5.415634,0.09292386,False,-99,0.002354995
6449192187292811499,0,1.25901291757256,GALEX J004508.7+405528,11.2865759169119,40.924600845133,1,-999,22.36004,-999,4.13033,0.09292386,False,-99,0.003393729
2590873944232837394,0,1.37367426066411,GALEX J004516.7+405409,11.3198943483561,40.9027721998178,1,-999,24.09356,-999,0.8367131,0.09068515,False,-99,0.002840399
6372252786323620537,0,1.3799413357076,GALEX J004521.2+405441,11.3385985397961,40.9113942822878,1,-999,21.65148,-999,7.932486,0.09068515,False,-99,0.003228009
6372252786323620666,0,1.39206858245121,GALEX J004519.4+405641,11.3308640971422,40.9448312335286,1,-999,21.55762,-999,8.648709,0.09068515,False,-99,0.002447677
6449262556036995961,0,1.40994884237704,GALEX J004519.3+405642,11.330784409101,40.9452215839255,1,-999,22.09501,-999,5.272234,0.09068515,False,-99,0.001630008
2590838759860734232,0,1.41622129556365,GALEX J004519.3+405643,11.3307096837247,40.9453795166618,1,-999,22.30075,-999,4.362158,0.09068515,False,-99,0.002170733
6449262556036995954,0,1.41630896628311,GALEX J004509.6+405624,11.2900816150473,40.9401613030176,1,-999,23.24695,-999,1.824814,0.08973159,False,-99,0.003408299
2591190603581621694,0,1.41937757082215,GALEX J004519.4+405643,11.330874606679,40.9453642827657,1,-999,22.12064,-999,5.149259,0.09068515,False,-99,0.001534787
2496052061252101131,0,1.41977856057537,GALEX J004519.4+405643,11.3308585220735,40.9453797054641,1,-999,22.41886,-999,3.912497,0.09068515,False,-99,0.001504349
6457284592873248109,0,1.4201925603919,GALEX J004519.4+405643,11.3310015354435,40.9453203515174,1,-999,22.92177,-999,2.462016,0.09068515,False,-99,0.00175131
6449755137246233607,0,1.42027837593412,GALEX J004519.3+405643,11.3308120721818,40.9454112519753,1,-999,22.03039,-999,5.595543,0.09068515,False,-99,0.004025291
2590873944232836791,0,1.42111041149135,GALEX J004519.4+405643,11.3309495603628,40.9453630105438,1,-999,21.80309,-999,6.898633,0.09068515,False,-99,0.002012944
2496087245624180782,0,1.42211981507866,GALEX J004519.3+405643,11.3307438429643,40.9454790530438,1,-999,22.11834,-999,5.160184,0.09068515,False,-99,0.003250172
6449227371664901042,0,1.42454933277438,GALEX J004519.4+405643,11.3310373127672,40.9453891246569,1,-999,22.42887,-999,3.876611,0.09068515,False,-99,0.004434473
2590873944232836875,0,1.42861972509205,GALEX J004509.5+405625,11.2898740045443,40.9402936606817,1,-999,23.33902,-999,1.676452,0.08973159,False,-99,0.003110461
2591190603581621701,0,1.43022638308987,GALEX J004514.3+405655,11.3095682019373,40.9488415134856,1,-999,23.90597,-999,0.9945174,0.08693592,False,-99,0.002771627
2495840955019560131,0,1.430505826784,GALEX J004519.4+405644,11.3308960169784,40.9455724369116,1,-999,22.39943,-999,3.98316,0.09068515,False,-99,0.004056756
2496052061252100996,0,1.43122368008698,GALEX J004509.6+405626,11.2902136103825,40.9406713890858,1,-999,23.05843,-999,2.170832,0.08973159,False,-99,0.0051548
2591190603581621643,0,1.43358291293492,GALEX J004509.5+405625,11.2897787374401,40.9403362609608,1,-999,23.27163,-999,1.783812,0.08973159,False,-99,0.003687247
2590838759860734153,0,1.43595822987764,GALEX J004509.5+405625,11.2898620986144,40.940475953715,1,-999,23.08791,-999,2.112697,0.08973159,False,-99,0.003538945
2590838759860734256,0,1.43672267469213,GALEX J004514.2+405656,11.3094366283088,40.9489357083099,1,-999,23.98479,-999,0.924872,0.08693592,False,-99,0.004259246
2590873944232837563,0,1.43935202056006,GALEX J004514.2+405656,11.3093511975281,40.9489699003151,1,-999,23.90587,-999,0.9946084,0.08693592,False,-99,0.004085635
6449719952874143930,0,1.44390778474267,GALEX J004519.4+405645,11.3308804558487,40.9458415477709,1,-999,23.0659,-999,2.155956,0.09068515,False,-99,0.001792797
2496052061252100822,0,1.44540654277261,GALEX J004521.5+405623,11.3396501289675,40.939924141832,1,-999,23.69425,-999,1.208651,0.09068515,False,-99,0.002913184
2495840955021657291,0,1.44754147019961,GALEX J004512.9+405653,11.3039900412641,40.9481031027853,3,23.33317,22.65107,1.685521,3.159172,0.08693592,False,0.001822167,0.004097156
6457284592873248130,0,1.45453313391425,GALEX J004512.6+405652,11.3026930806857,40.9478689323615,1,-999,22.83156,-999,2.675315,0.08693592,False,-99,0.002821924
6449262556036995995,0,1.4577227632773,GALEX J004512.6+405652,11.302891408082,40.9479835736116,1,-999,23.05989,-999,2.167913,0.08693592,False,-99,0.003938687
6449192187292811594,0,1.45942791656008,GALEX J004519.4+405645,11.3311862240549,40.9460035437636,1,-999,22.32884,-999,4.250719,0.09068515,False,-99,0.003715029
2591190603581621441,0,1.46279112956367,GALEX J004507.7+405532,11.2820710317984,40.925701331536,1,-999,24.97241,-999,0.372421,0.09292386,False,-99,0.001889764
6457284592873248142,0,1.46356372999848,GALEX J004514.2+405657,11.3093662398752,40.9493801770659,1,-999,23.32296,-999,1.701429,0.08693592,False,-99,0.00263178
6449719952874143949,0,1.4654238634335,GALEX J004513.1+405654,11.3046106549546,40.9485709595371,1,-999,22.74796,-999,2.889448,0.08693592,False,-99,0.004226123
6449227371664900877,0,1.46600571480241,GALEX J004507.6+405529,11.2819982276298,40.9249566634757,1,-999,23.35132,-999,1.657565,0.09292386,False,-99,0.001270164
2590873944234934030,0,1.46776415294157,GALEX J004512.8+405654,11.3035285072323,40.9483386103859,3,23.591,23.1507,1.329239,1.993972,0.08693592,False,0.002136215,0.002738364
2591190603583718895,0,1.47471536787978,GALEX J004512.8+405654,11.3034607389479,40.9484433852669,3,23.45639,22.83469,1.504684,2.667615,0.08693592,False,0.003299527,0.002579844
2590838759862831450,0,1.47844717723432,GALEX J004512.8+405654,11.3035117698268,40.9485229605223,3,23.16357,23.1745,1.97048,1.950738,0.08693592,False,0.002490356,0.003664479
2496052061254198481,0,1.47963676174663,GALEX J004512.8+405654,11.3033886088835,40.9485110756985,3,23.57059,23.41204,1.354462,1.567412,0.08693592,False,0.001841824,0.002468221
2591190603581621554,0,1.48318559793384,GALEX J004522.4+405610,11.3436502108524,40.9362545902655,1,-999,24.85685,-999,0.4142484,0.09068515,False,-99,0.002635662
6449755137246233609,0,1.4840688798929,GALEX J004512.6+405654,11.3027604050642,40.9484156721926,1,-999,23.41444,-999,1.56395,0.08693592,False,-99,0.00188732
2496087245624180794,0,1.4863187695797,GALEX J004513.0+405656,11.304506912459,40.9489113885155,1,-999,22.34475,-999,4.18891,0.08693592,False,-99,0.006544395
6449192187292811581,0,1.48777125581393,GALEX J004512.7+405654,11.3031029910782,40.9485774959926,1,-999,22.64183,-999,3.186146,0.08693592,False,-99,0.003144638
6449227371664901048,0,1.49320504536335,GALEX J004512.7+405655,11.3029943997988,40.9486439447197,1,-999,22.77914,-999,2.807655,0.08693592,False,-99,0.00457097
2496052061252100848,0,1.49752397008197,GALEX J004513.7+405658,11.3073385322333,40.9496707517932,1,-999,23.69696,-999,1.205635,0.08693592,False,-99,0.002958035
2496052061252100260,0,1.49893164805715,GALEX J004519.4+405413,11.3308862452089,40.9036528160306,1,-999,23.47333,-999,1.48138,0.09068515,False,-99,0.002980023
2496087245624180790,0,1.51019960209551,GALEX J004509.3+405629,11.2888456491038,40.941487798148,1,-999,22.3134,-999,4.311613,0.08973159,False,-99,0.006496008
2496052061254197408,0,1.51670319971086,GALEX J004510.6+405418,11.2943069307781,40.9050300054889,3,23.4525,22.9256,1.51009,2.45335,0.09292386,False,0.002256429,0.003834161
6457284592873247794,0,1.52161680328431,GALEX J004510.6+405417,11.2945219869274,40.9048080217451,1,-999,22.97178,-999,2.351185,0.09292386,False,-99,0.002807138
6449755137246233415,0,1.52625723001517,GALEX J004510.6+405417,11.2943462135912,40.9048096358886,1,-999,22.66374,-999,3.122516,0.09292386,False,-99,0.004722985
2590873944234934351,0,1.53331143733396,GALEX J004510.7+405416,11.2946089176033,40.9045197300059,3,23.43251,22.85381,1.538147,2.621052,0.09292386,False,0.003880479,0.0041602
6372252786323620494,0,1.53358488694436,GALEX J004519.1+405409,11.329921310183,40.9025943395323,1,-999,22.15783,-999,4.975871,0.09272595,False,-99,0.001184708
6449227371664900780,0,1.53403819016928,GALEX J004510.6+405417,11.2941643902186,40.9047500007242,1,-999,22.79782,-999,2.759771,0.09292386,False,-99,0.002656054
2591190603583718470,0,1.53535536810479,GALEX J004510.7+405416,11.2946347616711,40.9044638294866,3,23.52988,22.78931,1.406205,2.781479,0.09292386,False,0.002741287,0.00344535
2495840955019559890,0,1.53662550178222,GALEX J004510.7+405415,11.294722178547,40.9043907869542,1,-999,21.97151,-999,5.9074,0.09292386,False,-99,0.005597997
2590838759862830909,0,1.53752180213065,GALEX J004510.6+405416,11.2945598983796,40.9044599447715,3,23.55259,22.32886,1.377102,4.250643,0.09292386,False,0.003304776,0.004205133
2590873944232838534,0,1.5535666576889,GALEX J004518.4+405657,11.3268571403226,40.9493802433885,1,-999,24.35508,-999,0.6576116,0.09068515,False,-99,0.005749453
6449719952874143806,0,1.56765984122986,GALEX J004510.3+405417,11.2929917652048,40.9047215007007,1,-999,22.48513,-999,3.680848,0.09292386,False,-99,0.00508708
2591190603581621724,0,1.57313290478153,GALEX J004518.3+405659,11.3265742293759,40.9498118655358,1,-999,24.33592,-999,0.6693151,0.09068515,False,-99,0.003107426
2495840955019560170,0,1.58220129483129,GALEX J004520.9+405642,11.3374348664876,40.9450465072779,1,-999,24.29288,-999,0.6963816,0.09068515,False,-99,0.003604167
2496087245624180748,0,1.58534000764787,GALEX J004507.7+405609,11.2823297711278,40.9359325888171,1,-999,23.3868,-999,1.604276,0.08973159,False,-99,0.002784443
2591190603581621719,0,1.59747486403094,GALEX J004516.7+405705,11.3198522833982,40.9515739177957,1,-999,24.68604,-999,0.4848244,0.09068515,False,-99,0.002716542
2591190603581621760,0,1.6524569258629,GALEX J004515.2+405710,11.313637956699,40.9528137165979,1,-999,24.34327,-999,0.6647995,0.08693592,False,-99,0.002990291
2495840955019560161,0,1.65755185749462,GALEX J004515.4+405710,11.3145196203753,40.9529032836564,1,-999,23.36309,-999,1.639699,0.08693592,False,-99,0.002565947
2590838759860734272,0,1.65868363491369,GALEX J004515.3+405710,11.3137640884679,40.9529191604307,1,-999,24.66409,-999,0.4947222,0.08693592,False,-99,0.002450349
6449192187292811595,0,1.6666487983944,GALEX J004516.7+405709,11.3199163396292,40.9527332244309,1,-999,23.06569,-999,2.156375,0.09068515,False,-99,0.002516215
6449719952874143792,0,1.66862847937114,GALEX J004516.7+405351,11.3196283135797,40.8977566905635,1,-999,22.32334,-999,4.272324,0.09292386,False,-99,0.003097566
2591190603581621490,0,1.66864942244571,GALEX J004524.1+405548,11.3506010762802,40.9300309168858,1,-999,25.04528,-999,0.3482458,0.09068515,False,-99,0.00160024
2591190603581621195,0,1.67403018576381,GALEX J004516.7+405351,11.3199515847866,40.8977022280718,1,-999,22.38246,-999,4.045905,0.09292386,False,-99,0.002357006
6449227371664900832,0,1.67944513995866,GALEX J004507.0+405456,11.2795158334258,40.9157210608365,1,-999,23.68405,-999,1.220059,0.09292386,False,-99,0.0022173
6449227371664900997,0,1.6816138446213,GALEX J004508.2+405630,11.284262350089,40.9416915213966,1,-999,23.45885,-999,1.501274,0.08973159,False,-99,0.002873264
2590873944232837297,0,1.68366748291431,GALEX J004516.8+405351,11.3200555799279,40.8975518693718,1,-999,22.29629,-999,4.38011,0.09292386,False,-99,0.002403142
2590873944232837151,0,1.703046409719,GALEX J004506.5+405511,11.2774480184108,40.9199019017368,1,-999,24.96118,-999,0.376296,0.09292386,False,-99,0.002394427
6449192187292811543,0,1.70410809630201,GALEX J004508.1+405631,11.283892138146,40.9419445874906,1,-999,22.75583,-999,2.868596,0.08973159,False,-99,0.002764926
2590873944232838103,0,1.70552666330771,GALEX J004523.1+405624,11.3464174253771,40.9401264367806,1,-999,24.45579,-999,0.5993533,0.09068515,False,-99,0.00177714
2495840955019560102,0,1.70739897563914,GALEX J004508.1+405631,11.2840575369334,40.9422080703896,1,-999,23.26025,-999,1.802606,0.08973159,False,-99,0.001873477
2496052061252100144,0,1.70968300830536,GALEX J004516.7+405349,11.3196905069448,40.8970721383268,1,-999,21.78637,-999,7.005721,0.09292386,False,-99,0.005678582
2591190603581621600,0,1.71190312904352,GALEX J004523.1+405624,11.3465783381542,40.9401313216989,1,-999,23.9581,-999,0.9478922,0.09068515,False,-99,0.001879373
2590873944232836960,0,1.71305479607778,GALEX J004508.9+405418,11.2874692297038,40.9052019613319,1,-999,24.21887,-999,0.7455094,0.09292386,False,-99,0.00189557
6449755137246233573,0,1.71515360099864,GALEX J004508.0+405630,11.2834966164782,40.9418440071866,1,-999,23.59472,-999,1.324684,0.08973159,False,-99,0.001824896
6449262556036996056,0,1.71651562879303,GALEX J004516.1+405713,11.3174202935902,40.9537911765336,1,-999,23.66382,-999,1.242999,0.08693592,False,-99,0.00208955
2591190603581621234,0,1.71745915335616,GALEX J004508.9+405419,11.2870943817744,40.9053866884215,1,-999,24.23602,-999,0.7338234,0.09292386,False,-99,0.002003347
2496052061252100870,0,1.71860228978072,GALEX J004523.1+405626,11.3463972995562,40.9405637274268,1,-999,23.95835,-999,0.9476708,0.09068515,False,-99,0.002331862
6449755137246233373,0,1.72127749024185,GALEX J004516.8+405348,11.3200145306991,40.8969129159938,1,-999,21.751,-999,7.237659,0.09292386,False,-99,0.005936646
6449227371664901058,0,1.72154431730697,GALEX J004516.3+405713,11.3181634593406,40.9538239340783,1,-999,23.32899,-999,1.692019,0.08693592,False,-99,0.001729826
2590838759862831332,0,1.72272880720283,GALEX J004508.1+405632,11.2837352342752,40.9423084688671,3,23.88641,23.53642,1.012596,1.397759,0.08973159,False,0.001876428,0.002420234
2590873944234934365,0,1.72345417750364,GALEX J004508.0+405632,11.2837029753364,40.9422957513984,3,23.62737,23.85701,1.285447,1.040387,0.08973159,False,0.003130981,0.002764264
2590838759860733711,0,1.72490704547637,GALEX J004508.8+405418,11.2870336100107,40.9052556982285,1,-999,23.09168,-999,2.105364,0.09292386,False,-99,0.003858077
6449192187292811600,0,1.72512971446262,GALEX J004515.4+405714,11.3144802219495,40.9540297255782,1,-999,22.87201,-999,2.577491,0.08693592,False,-99,0.002483776
2590838759860734201,0,1.726412539737,GALEX J004522.8+405631,11.3451996473377,40.9421349274876,1,-999,24.58582,-999,0.5317054,0.09068515,False,-99,0.002920983
2591190603583718783,0,1.7265764990893,GALEX J004508.0+405632,11.2836813530512,40.942361335814,3,24.47147,23.86617,0.5907643,1.031653,0.08973159,False,0.0009467775,0.001928888
2496087245624180774,0,1.72850664036465,GALEX J004508.0+405631,11.2833945043653,40.9421186555386,1,-999,23.13835,-999,2.016784,0.08973159,False,-99,0.004188628
6449262556036995943,0,1.72938298097779,GALEX J004508.1+405633,11.2839529350004,40.9427135161945,1,-999,23.33811,-999,1.677861,0.08973159,False,-99,0.003610261
2496052061252100883,0,1.73693768346713,GALEX J004508.0+405632,11.2834330797095,40.9423977908455,1,-999,23.21427,-999,1.880573,0.08973159,False,-99,0.003101616
2590873944232836951,0,1.73788986157956,GALEX J004515.8+405715,11.3162056366467,40.9542080575789,1,-999,22.71967,-999,2.965734,0.08693592,False,-99,0.005620359
2591190603581621802,0,1.73884039357584,GALEX J004516.1+405715,11.3173366095321,40.9541695161181,1,-999,23.20362,-999,1.899116,0.08693592,False,-99,0.002579049
6449755137246233377,0,1.74643342177655,GALEX J004508.7+405418,11.2865430315046,40.9051232093101,1,-999,23.67075,-999,1.235089,0.09292386,False,-99,0.002054049
6449262556036995502,0,1.74648179072849,GALEX J004516.7+405347,11.3196936776662,40.8964530132357,1,-999,22.11773,-999,5.163071,0.09292386,False,-99,0.00559438
2496052061252101080,0,1.74683157456479,GALEX J004515.7+405715,11.3156215317259,40.9543753703001,1,-999,23.13904,-999,2.015498,0.08693592,False,-99,0.005443333
2590838759860734377,0,1.75189931245331,GALEX J004515.9+405715,11.3165643692368,40.9544274209609,1,-999,22.98519,-999,2.32232,0.08693592,False,-99,0.004707072
6457284592873247802,0,1.75254531401805,GALEX J004516.8+405346,11.3200103684306,40.8963854925002,1,-999,21.65967,-999,7.872841,0.09292386,False,-99,0.005432144
6457284592873248080,0,1.7595503710979,GALEX J004523.5+405622,11.3481454613234,40.9396821321834,1,-999,23.16136,-999,1.974496,0.09068515,False,-99,0.00300925
6449719952874143917,0,1.76805990716668,GALEX J004507.9+405633,11.2829078613544,40.942733894628,1,-999,23.66364,-999,1.243202,0.08973159,False,-99,0.002386029
2496087245624180823,0,1.78098388297795,GALEX J004515.9+405717,11.3164961792864,40.9549158448244,1,-999,21.8336,-999,6.707509,0.08693592,False,-99,0.008230749
2591190603581621759,0,1.79005014591434,GALEX J004515.5+405718,11.314711102965,40.9551105820825,1,-999,24.08548,-999,0.8429598,0.08693592,False,-99,0.001868932
6372252786323620463,0,1.79298787790806,GALEX J004515.5+405343,11.3149272156162,40.8953980170896,1,-999,22.44033,-999,3.835889,0.09292386,False,-99,0.001389898
6449755137246233456,0,1.79876606665026,GALEX J004506.0+405510,11.275366920381,40.9196313369947,1,-999,23.58892,-999,1.331772,0.09292386,False,-99,0.003219865
6449755137246233668,0,1.80011247094388,GALEX J004516.2+405718,11.3175413579307,40.9551816235103,1,-999,23.18713,-999,1.928175,0.08693592,False,-99,0.004194751
2590873944232838638,0,1.80264468103578,GALEX J004519.8+405707,11.3325027049872,40.9520034437611,1,-999,23.27581,-999,1.776954,0.09068515,False,-99,0.003306486
6457284592873247747,0,1.81370266101274,GALEX J004511.5+405351,11.2982362264442,40.8976052491967,1,-999,23.10794,-999,2.074073,0.09292386,False,-99,0.003133012
6449719952874143784,0,1.82987748126372,GALEX J004515.6+405341,11.3152129495148,40.8947870654622,1,-999,21.94046,-999,6.078757,0.09292386,False,-99,0.005553049
2496052061254197316,0,1.8372268565937,GALEX J004515.4+405340,11.314521714582,40.8946576611317,3,22.44371,22.06656,3.824012,5.412194,0.09292386,False,0.002930163,0.002923046
6449227371664900863,0,1.84148665479079,GALEX J004516.1+405340,11.3171946274744,40.8946626049628,1,-999,20.78006,-999,17.70003,0.09292386,False,-99,0.01165286
2591190603583718278,0,1.84666403680156,GALEX J004516.5+405340,11.3191373459015,40.8947149279202,3,22.8365,23.13423,2.663182,2.024449,0.09234707,False,0.004002858,0.002013096
6449755137246233352,0,1.84836761635353,GALEX J004515.4+405340,11.3144405222418,40.8944717573457,1,-999,22.25085,-999,4.567291,0.09292386,False,-99,0.004310569
2590873944234934434,0,1.84883045933595,GALEX J004515.5+405340,11.3147572176576,40.8944656020262,3,22.58264,22.039,3.364689,5.551351,0.09292386,False,0.006074809,0.002438279
2591190603583718335,0,1.85002811968502,GALEX J004515.5+405340,11.3146498541828,40.8944449036801,3,22.53633,22.01751,3.511327,5.662329,0.09292386,False,0.002140589,0.001979853
2590873944232837416,0,1.85545713414113,GALEX J004516.6+405340,11.3192559885499,40.8945780840066,1,-999,23.2903,-999,1.753389,0.09234707,False,-99,0.002302377
2496052061253152548,0,1.85717727433165,GALEX J004516.7+405340,11.3196556946997,40.8945872852653,2,23.42962,-999,1.54224,-999,0.09234707,False,0.002087757,-99
2590873944232837190,0,1.85726250415285,GALEX J004507.8+405420,11.2827229043283,40.9055909448209,1,-999,23.25942,-999,1.80398,0.09292386,False,-99,0.00202196
2590838759860733792,0,1.86102947775829,GALEX J004507.8+405420,11.2826089658109,40.9055967880135,1,-999,22.62806,-999,3.226841,0.09292386,False,-99,0.004629004
2591190603581621241,0,1.86497987827395,GALEX J004507.7+405420,11.28238384033,40.9057011282475,1,-999,23.72297,-999,1.177098,0.09292386,False,-99,0.002211603
6449262556036995603,0,1.86505684480307,GALEX J004515.5+405339,11.3148330573363,40.8941957913455,1,-999,21.99193,-999,5.797303,0.09292386,False,-99,0.004631895
2496052061252100279,0,1.87023718506031,GALEX J004507.7+405420,11.2822926294777,40.9056470231398,1,-999,23.87825,-999,1.020229,0.09292386,False,-99,0.002709323
6449227371664900771,0,1.87955522419098,GALEX J004507.7+405419,11.2823164426496,40.9053795116039,1,-999,23.35214,-999,1.656318,0.09292386,False,-99,0.002752933
6449227371664901063,0,1.88089033120346,GALEX J004519.8+405712,11.3327858671301,40.9533563978786,1,-999,23.71646,-999,1.184172,0.09068515,False,-99,0.002387408
6457284592875344900,0,1.88401106347388,GALEX J004515.6+405337,11.3152247285713,40.8938848207144,3,22.65658,22.29897,3.143187,4.369306,0.09292386,False,0.001997265,0.005034524
6372252786323620676,0,1.88780167977683,GALEX J004508.7+405655,11.2864952534358,40.9486806219476,1,-999,21.8415,-999,6.658871,0.08973159,False,-99,0.002175178
2591190603582684130,0,1.89113608855425,GALEX J004506.0+405452,11.2750818811786,40.9146117869804,2,23.67963,-999,1.225039,-999,0.09292386,False,0.002778102,-99
2495840955019559856,0,1.89707754878401,GALEX J004507.6+405419,11.2816547334206,40.9055324479295,1,-999,22.67887,-999,3.079291,0.09292386,False,-99,0.003583763
2591190603581621806,0,1.91703719333247,GALEX J004519.5+405716,11.3313936017483,40.9545140580571,1,-999,23.18389,-999,1.933944,0.09068515,False,-99,0.003077392
2590838759860734359,0,1.92170069769388,GALEX J004519.5+405716,11.3313558619624,40.9546114969512,1,-999,23.65784,-999,1.24987,0.09068515,False,-99,0.002791204
2590838759860733526,0,1.93066802518411,GALEX J004513.2+405337,11.3052710379385,40.8938372769912,1,-999,25.14219,-999,0.3185099,0.09292386,False,-99,0.001745341
6449227371664900728,0,1.93278049331757,GALEX J004520.0+405347,11.3334419879498,40.896483049215,1,-999,23.29419,-999,1.747131,0.09272595,False,-99,0.001875972
6449262556036995676,0,1.93588503957297,GALEX J004525.3+405459,11.3554565623634,40.9165907495262,1,-999,23.43657,-999,1.532405,0.09272595,False,-99,0.003027589
2590873944232838218,0,1.93822499098863,GALEX J004519.6+405717,11.3317521062278,40.9547802775101,1,-999,21.77175,-999,7.100648,0.09068515,False,-99,0.007765175
2496052061252100216,0,1.94164933697225,GALEX J004508.9+405400,11.2872647054936,40.9002023728386,1,-999,23.54556,-999,1.386046,0.09292386,False,-99,0.003342158
2496052061252101113,0,1.96742502497858,GALEX J004525.5+405501,11.3563536736664,40.9170873850083,1,-999,23.78391,-999,1.112845,0.09272595,False,-99,0.002118465
6449227371664901088,0,1.97075540291029,GALEX J004512.2+405723,11.3009125781688,40.9565200360513,1,-999,22.17958,-999,4.877166,0.08693592,False,-99,0.00310189
2591190603581621685,0,1.9745949165801,GALEX J004522.7+405655,11.3449638862541,40.9486794259491,1,-999,24.14244,-999,0.7998819,0.08865522,False,-99,0.002285673
2590838759860734268,0,1.97998324211731,GALEX J004509.9+405711,11.2913199075967,40.9533270721239,1,-999,24.77751,-999,0.4456528,0.08693592,False,-99,0.002174689
2591190603581621403,0,1.98055436916291,GALEX J004525.5+405501,11.3566268526869,40.9170116255624,1,-999,23.12146,-999,2.048397,0.09272595,False,-99,0.002693359
2495840955019560206,0,1.98065110893216,GALEX J004512.1+405723,11.3004466078847,40.956577614328,1,-999,22.36083,-999,4.127297,0.08693592,False,-99,0.002950362
6457284592873247897,0,1.98307331919966,GALEX J004525.6+405502,11.3568308701962,40.9174526409673,1,-999,22.59441,-999,3.328404,0.09272595,False,-99,0.003152401
2591190603581621739,0,1.98571742746137,GALEX J004509.8+405712,11.2912120106494,40.953388974395,1,-999,24.56447,-999,0.5422635,0.08693592,False,-99,0.002339137
2590873944233891768,0,1.98576413616521,GALEX J004523.4+405647,11.3477994606309,40.9466362378887,2,23.84432,-999,1.052622,-999,0.08865522,False,0.002367546,-99
2590873944232837348,0,1.99475229773745,GALEX J004512.1+405724,11.3006129051301,40.9568668824825,1,-999,21.99925,-999,5.758349,0.08693592,False,-99,0.001869627
6449262556036996059,0,1.99624134745124,GALEX J004512.1+405724,11.3004027835266,40.9568405250208,1,-999,21.94016,-999,6.080427,0.08693592,False,-99,0.002016783
2590873944232836855,0,1.99638914213602,GALEX J004525.6+405500,11.3569303227041,40.9168450555347,1,-999,22.94586,-999,2.408005,0.09272595,False,-99,0.003911419
2590838759860733804,0,1.99659115362166,GALEX J004505.4+405451,11.2727156222691,40.9143973213368,1,-999,24.08732,-999,0.8415372,0.09292386,False,-99,0.004129335
6449755137246233681,0,1.99737622250237,GALEX J004512.1+405724,11.3004939936741,40.9568833362722,1,-999,21.70032,-999,7.583508,0.08693592,False,-99,0.001913736
2591190603581621819,0,1.99854914472949,GALEX J004512.1+405724,11.3004555963223,40.9568943239571,1,-999,21.88998,-999,6.368063,0.08693592,False,-99,0.001434816
2590838759860733529,0,2.00071451913467,GALEX J004511.8+405337,11.2994546262968,40.8938856362484,1,-999,24.83015,-999,0.4245612,0.09292386,False,-99,0.001984854
2590838759860734428,0,2.00329990244024,GALEX J004512.1+405725,11.3004358964484,40.9569728084112,1,-999,21.9964,-999,5.773481,0.08693592,False,-99,0.001905383
2496087245624180828,0,2.0040128152538,GALEX J004512.1+405725,11.3005654554741,40.9570175607677,1,-999,21.95114,-999,6.019251,0.08693592,False,-99,0.003118227
6449227371664900725,0,2.00674739522308,GALEX J004509.7+405349,11.2905815603842,40.8970567831216,1,-999,23.57038,-999,1.354712,0.09292386,False,-99,0.002456762
2591190603581621129,0,2.00806902264147,GALEX J004518.0+405334,11.3253939390793,40.8928706633785,1,-999,23.66432,-999,1.242429,0.09272595,False,-99,0.004518283
2496052061252100728,0,2.00847967744109,GALEX J004512.1+405725,11.3004170113449,40.9570590245564,1,-999,21.89702,-999,6.326896,0.08693592,False,-99,0.001478541
6449719952874143978,0,2.00903555380719,GALEX J004512.1+405725,11.3004971262464,40.9570887305284,1,-999,21.87887,-999,6.43356,0.08693592,False,-99,0.003348523
2590838759860733528,0,2.00994795123039,GALEX J004512.5+405334,11.3024387786809,40.8930072894734,1,-999,23.85489,-999,1.042418,0.09292386,False,-99,0.00284638
2590873944234934166,0,2.01018290349491,GALEX J004505.3+405451,11.2723872887621,40.9144220603138,3,24.14611,23.93032,0.7971811,0.9724589,0.09292386,False,0.002405813,0.00360503
2590873944232837329,0,2.01302771189963,GALEX J004519.0+405724,11.3294577508797,40.9568231211494,1,-999,22.86103,-999,2.603679,0.09068515,False,-99,0.004832091
2591190603581621137,0,2.0156103309548,GALEX J004520.1+405342,11.3341303669457,40.8951998467268,1,-999,23.78806,-999,1.108606,0.09272595,False,-99,0.003751191
6457284592873248159,0,2.0157820096071,GALEX J004511.9+405725,11.2999678587302,40.9570734112129,1,-999,21.77114,-999,7.104685,0.08693592,False,-99,0.002866881
6449192187292811618,0,2.01582537809091,GALEX J004512.0+405725,11.3003267411159,40.9571654092947,1,-999,21.93173,-999,6.127841,0.08693592,False,-99,0.003419571
2590873944232837249,0,2.02333006155934,GALEX J004518.1+405333,11.3256846121358,40.8926650528552,1,-999,23.75976,-999,1.137874,0.09272595,False,-99,0.004718237
2590873944232837401,0,2.03463087516975,GALEX J004520.1+405341,11.3340882162714,40.8948305735585,1,-999,24.21163,-999,0.7504973,0.09272595,False,-99,0.003512333
2590838759860733664,0,2.03476274846918,GALEX J004507.0+405414,11.2793998137927,40.9039898338804,1,-999,23.78915,-999,1.107487,0.09292386,False,-99,0.003349987
2496087245624180755,0,2.03548361498114,GALEX J004505.7+405624,11.2739523515168,40.9401172302232,1,-999,24.28006,-999,0.7046506,0.08973159,False,-99,0.002581435
6372252786323620547,0,2.03694675482544,GALEX J004525.9+405501,11.357950934512,40.9171342980826,1,-999,22.15971,-999,4.967267,0.09272595,False,-99,0.00310976
2496052061252100322,0,2.03799307407876,GALEX J004525.2+405439,11.3551700789656,40.9110825793308,1,-999,23.83668,-999,1.06005,0.09272595,False,-99,0.002544935
2590873944232836850,0,2.04391612653889,GALEX J004520.8+405717,11.3369995498418,40.9547274060094,1,-999,21.54832,-999,8.723072,0.09068515,False,-99,0.01002293
2496052061252101169,0,2.04770396305091,GALEX J004505.1+405451,11.2716248761267,40.9141744160086,1,-999,23.71409,-999,1.186765,0.09292386,False,-99,0.002159311
2591190603581621328,0,2.05569659422724,GALEX J004525.3+405438,11.3554449578309,40.9108289375474,1,-999,23.55661,-999,1.372009,0.09272595,False,-99,0.003390542
2590873944232837063,0,2.05700410630228,GALEX J004525.3+405439,11.3556286966265,40.9110784599305,1,-999,23.80119,-999,1.095272,0.09272595,False,-99,0.00347825
6449262556036995613,0,2.05794163063209,GALEX J004518.1+405331,11.3254073597174,40.8920155021917,1,-999,22.94136,-999,2.417989,0.09234707,False,-99,0.002214709
2590838759860734003,0,2.06708255608058,GALEX J004504.7+405555,11.2695992496823,40.931956659155,1,-999,25.30811,-999,0.2733727,0.08973159,False,-99,0.001363677
2590838759860733752,0,2.07179152783276,GALEX J004505.6+405435,11.2734968893526,40.9097831478419,1,-999,23.87537,-999,1.022943,0.09292386,False,-99,0.004645535
2591190603581621512,0,2.08317993894654,GALEX J004504.6+405555,11.2692701437525,40.9320820555572,1,-999,24.91083,-999,0.394154,0.08973159,False,-99,0.002637929
2591190603581621770,0,2.09134189137538,GALEX J004510.6+405723,11.2942093450953,40.9566439742706,1,-999,25.14926,-999,0.316442,0.08693592,False,-99,0.001888005
2591190603581621279,0,2.09836698330378,GALEX J004505.4+405435,11.2728769240906,40.9097299516062,1,-999,24.38227,-999,0.6413451,0.09292386,False,-99,0.003520647
2495840955019560160,0,2.10407133322886,GALEX J004522.3+405709,11.343169942794,40.9527593808859,1,-999,22.99852,-999,2.293988,0.08865522,False,-99,0.003791618
2590838759860733506,0,2.11165129582479,GALEX J004511.9+405330,11.2996149567867,40.8918876771741,1,-999,23.38949,-999,1.600311,0.09292386,False,-99,0.003459554
6449227371664900781,0,2.11661713132655,GALEX J004506.0+405421,11.2751468474518,40.9061053963918,1,-999,23.4088,-999,1.572103,0.09292386,False,-99,0.002328451
6449262556036995697,0,2.11999494393635,GALEX J004506.7+405410,11.2780050297504,40.9030343180496,1,-999,23.43514,-999,1.534413,0.09292386,False,-99,0.001947415
2495840955019560200,0,2.12026972226644,GALEX J004521.3+405719,11.3389303707203,40.9553365549851,1,-999,23.1593,-999,1.97825,0.09068515,False,-99,0.003291828
2591190603581621346,0,2.12217898025342,GALEX J004504.5+405458,11.2691021372385,40.9161720320706,1,-999,24.16071,-999,0.7865285,0.09292386,False,-99,0.002514764
2590873944232837208,0,2.12923714449163,GALEX J004505.6+405427,11.2736332747348,40.90757359419,1,-999,23.74616,-999,1.152224,0.09292386,False,-99,0.004383575
2590838759860733707,0,2.13039711113562,GALEX J004505.7+405425,11.274071128365,40.9069735420415,1,-999,23.28593,-999,1.760462,0.09292386,False,-99,0.003832503
2590838759862830999,0,2.13588433595572,GALEX J004504.5+405458,11.2687359580267,40.9163257806257,3,24.16007,23.84521,0.786999,1.051756,0.09292386,False,0.002619021,0.002768737
6457284592873247828,0,2.14077977053927,GALEX J004505.6+405427,11.2733448594059,40.9075668969537,1,-999,23.03098,-999,2.22643,0.09292386,False,-99,0.00267183
2591190603581621273,0,2.14085862493295,GALEX J004505.7+405424,11.2739320339763,40.906810293376,1,-999,24.04798,-999,0.8725841,0.09292386,False,-99,0.003510632
2591190603581621077,0,2.14144713151428,GALEX J004511.5+405330,11.2980847726248,40.8917660626548,1,-999,24.68769,-999,0.4840888,0.09292386,False,-99,0.001889876
2590873944232837112,0,2.1514845620626,GALEX J004511.4+405330,11.2977824659798,40.8916721104882,1,-999,24.60894,-999,0.5205036,0.09292386,False,-99,0.002420713
2496052061252101193,0,2.16241417792239,GALEX J004526.5+405457,11.3604387786751,40.9160469928699,1,-999,23.73527,-999,1.163836,0.09272595,False,-99,0.002912248
2590838759860734401,0,2.16677047646326,GALEX J004513.0+405738,11.3044939015758,40.9606175240871,1,-999,24.72894,-999,0.4660383,0.08693592,False,-99,0.003665752
2590838759860733527,0,2.18406807315183,GALEX J004511.0+405329,11.2961542848919,40.8915689665353,1,-999,22.95952,-999,2.377894,0.09292386,False,-99,0.00409315
6449227371664900695,0,2.18452551866851,GALEX J004516.4+405320,11.3187107708442,40.8890196398065,1,-999,24.03783,-999,0.8807826,0.09234707,False,-99,0.002184734
2591190603581621820,0,2.18836162546038,GALEX J004513.3+405740,11.305474651075,40.9611313878381,1,-999,25.21249,-999,0.2985418,0.08693592,False,-99,0.001238822
2591190603581621233,0,2.19177927782277,GALEX J004506.5+405406,11.2773001313188,40.9018000721647,1,-999,24.56935,-999,0.5398333,0.09292386,False,-99,0.003500415
6372252786323620644,0,2.21068742904311,GALEX J004525.9+405628,11.3582321983246,40.9413296126424,1,-999,21.81708,-999,6.810302,0.08865522,False,-99,0.002735072
2590838759860733654,0,2.22282348942951,GALEX J004506.3+405405,11.2765928232103,40.9016331986628,1,-999,23.22993,-999,1.85364,0.09292386,False,-99,0.003671904
2496052061252100254,0,2.24269820951138,GALEX J004506.2+405406,11.2758867603539,40.9017618113077,1,-999,24.18277,-999,0.7707084,0.09292386,False,-99,0.002081338
2590873944232837502,0,2.2532442706882,GALEX J004524.3+405400,11.3514018627327,40.900266139139,1,-999,24.04956,-999,0.8713155,0.09272595,False,-99,0.003590817
2590873944232838494,0,2.25949191601849,GALEX J004519.4+405738,11.3311721401775,40.9607229042159,1,-999,22.50691,-999,3.60775,0.09068515,False,-99,0.003587315
6449755137246233345,0,2.26059308943962,GALEX J004523.9+405355,11.3496266758173,40.8986668876951,1,-999,23.96325,-999,0.9434047,0.09272595,False,-99,0.002341805
2590873944232836909,0,2.26147327764388,GALEX J004526.2+405628,11.3595484477501,40.9412089833542,1,-999,25.35399,-999,0.2620611,0.08865522,False,-99,0.00181481
6372252786323620677,0,2.26176538553365,GALEX J004525.4+405644,11.3561808469722,40.945810105635,1,-999,21.33949,-999,10.5731,0.08865522,False,-99,0.003799098
2590873944232837194,0,2.26402999587086,GALEX J004520.1+405735,11.334132360873,40.9599213136528,1,-999,22.43689,-999,3.848068,0.09068515,False,-99,0.004588129
6449227371664901138,0,2.26604114088949,GALEX J004517.4+405744,11.3228149407433,40.9624977781233,1,-999,21.83318,-999,6.710101,0.08693592,False,-99,0.004126293
6449262556036996076,0,2.26803446804548,GALEX J004517.4+405745,11.3228333830269,40.9625290903032,1,-999,21.60268,-999,8.297153,0.08693592,False,-99,0.002164433
2590873944232836716,0,2.26989906671538,GALEX J004517.4+405745,11.3228903727523,40.9625531861672,1,-999,21.73042,-999,7.376158,0.08693592,False,-99,0.001838594
2591190603581621921,0,2.27326362977706,GALEX J004517.4+405745,11.3226844016138,40.9626367013667,1,-999,21.85361,-999,6.584975,0.08693592,False,-99,0.001423367
6457284592873248192,0,2.27349802799074,GALEX J004517.4+405745,11.3228813953565,40.9626152363156,1,-999,21.75514,-999,7.210143,0.08693592,False,-99,0.003350187
6449755137246233722,0,2.2744505339631,GALEX J004517.4+405745,11.3226981428903,40.9626550100072,1,-999,21.99423,-999,5.785031,0.08693592,False,-99,0.001747133
2590838759860734553,0,2.27616444773852,GALEX J004517.4+405745,11.3226510773193,40.9626899680924,1,-999,21.95023,-999,6.024291,0.08693592,False,-99,0.001838914
2590873944232836871,0,2.27636212784729,GALEX J004524.5+405700,11.3521728904647,40.9502237838341,1,-999,24.0858,-999,0.8427144,0.08865522,False,-99,0.003152583
2591190603581621738,0,2.27646316084275,GALEX J004524.5+405700,11.3522532124503,40.9501566361383,1,-999,23.63847,-999,1.272367,0.08865522,False,-99,0.003652911
2496087245624180832,0,2.27765862510186,GALEX J004517.4+405745,11.3226614766421,40.9627139006144,1,-999,21.79658,-999,6.94015,0.08693592,False,-99,0.002325589
6449719952874143989,0,2.27766863937293,GALEX J004517.3+405745,11.3224308099529,40.9627429312152,1,-999,22.13395,-999,5.086493,0.08693592,False,-99,0.002790271
2495840955019560245,0,2.27926141067421,GALEX J004517.4+405745,11.3224858500309,40.9627630226301,1,-999,22.22229,-999,4.689046,0.08693592,False,-99,0.002934358
2591190603581621198,0,2.27937886908944,GALEX J004524.4+405400,11.3519034159927,40.9000368324829,1,-999,24.22136,-999,0.743798,0.09272595,False,-99,0.002607225
2496052061252100820,0,2.28022621643092,GALEX J004517.3+405746,11.32246424212,40.9627819947712,1,-999,21.74419,-999,7.28321,0.08693592,False,-99,0.001875451
2590838759860734285,0,2.28062420714793,GALEX J004524.5+405700,11.352349071193,40.9501790078149,1,-999,24.12171,-999,0.8152965,0.08865522,False,-99,0.004092759
6449192187292811646,0,2.2826050056112,GALEX J004517.5+405745,11.3230044022322,40.9627531439516,1,-999,21.66234,-999,7.853503,0.08693592,False,-99,0.004203597
6449227371664900918,0,2.28337925274961,GALEX J004527.3+405552,11.3640514320525,40.9313824715671,1,-999,23.36459,-999,1.637432,0.08865522,False,-99,0.002144598
2591190603581621452,0,2.28430137699417,GALEX J004503.3+405530,11.2639453610148,40.9251310088766,1,-999,22.03195,-999,5.587544,0.08973159,False,-99,0.001699485
6449262556036995674,0,2.29158379975755,GALEX J004524.5+405359,11.352081668349,40.8998822504089,1,-999,23.56912,-999,1.35629,0.09272595,False,-99,0.002259737
2590873944232837011,0,2.29318131133007,GALEX J004523.9+405352,11.3497486364516,40.8979935480379,1,-999,23.88399,-999,1.014858,0.09272595,False,-99,0.002723613
2591190603581621161,0,2.29599009932572,GALEX J004523.9+405352,11.3495886211925,40.8978102306264,1,-999,23.98049,-999,0.9285426,0.09272595,False,-99,0.001808086
6449719952874143783,0,2.29667065639818,GALEX J004523.9+405352,11.3497636347697,40.8979232469493,1,-999,23.03692,-999,2.214272,0.09272595,False,-99,0.00229355
2496087245624180756,0,2.31209152473415,GALEX J004504.0+405621,11.2667938411418,40.9392428192768,1,-999,23.68517,-999,1.218799,0.08973159,False,-99,0.003668931
6449755137246233314,0,2.33297943544835,GALEX J004508.6+405334,11.28588009467,40.8928820165485,1,-999,23.83862,-999,1.058162,0.09292386,False,-99,0.001596671
2590838759860733592,0,2.33962965658184,GALEX J004508.5+405334,11.285678115548,40.8928504958005,1,-999,22.70837,-999,2.996764,0.09292386,False,-99,0.005784057
2591190603581621107,0,2.34666551309941,GALEX J004508.4+405334,11.2853716835263,40.8928647638463,1,-999,23.6327,-999,1.279144,0.09292386,False,-99,0.0021436
2590873944232837318,0,2.34778520672167,GALEX J004508.5+405333,11.2855944250452,40.8927293016524,1,-999,23.63638,-999,1.274821,0.09292386,False,-99,0.002669049
6449262556036995630,0,2.35855776908697,GALEX J004508.6+405332,11.2859423297034,40.8923409295339,1,-999,23.59328,-999,1.32644,0.09292386,False,-99,0.002019077
2496052061252100200,0,2.36265208935333,GALEX J004507.5+405340,11.2816063990103,40.894636842628,1,-999,24.28792,-999,0.6995678,0.09292386,False,-99,0.002553951
2590838759860733539,0,2.3851411725982,GALEX J004507.7+405337,11.2822179090365,40.8937949965052,1,-999,23.18565,-999,1.930817,0.09292386,False,-99,0.003342266
2591190603581621110,0,2.38921284223504,GALEX J004507.5+405339,11.2812403665493,40.8942912847859,1,-999,24.40083,-999,0.6304761,0.09292386,False,-99,0.002707896
2590873944232838357,0,2.38943664793673,GALEX J004507.4+405339,11.2811839203239,40.8943209607309,1,-999,24.68147,-999,0.486868,0.09292386,False,-99,0.002575739
6449719952874143973,0,2.39651805636937,GALEX J004509.6+405738,11.2900588519384,40.9607623020938,1,-999,23.50132,-999,1.443688,0.08693592,False,-99,0.00229748
6449227371664900667,0,2.39667703042678,GALEX J004514.4+405307,11.3099866250486,40.8854684842222,1,-999,23.73507,-999,1.164053,0.09234707,False,-99,0.002029195
2591190603581621132,0,2.40594863262172,GALEX J004524.4+405349,11.3519171641051,40.8969721976661,1,-999,24.78315,-999,0.4433444,0.09272595,False,-99,0.002004383
2590873944232837425,0,2.40798086130717,GALEX J004520.2+405317,11.334364210077,40.8881096015992,1,-999,24.89921,-999,0.3983981,0.09272595,False,-99,0.002595247
2590838759860734398,0,2.41431032707219,GALEX J004509.7+405740,11.2907901178965,40.961373239513,1,-999,25.35432,-999,0.2619816,0.08693592,False,-99,0.001596029
6449227371664900957,0,2.41720972541978,GALEX J004502.6+405533,11.2610205332447,40.9259599618856,1,-999,20.01093,-999,35.94397,0.08973159,False,-99,0.004168287
2590873944232837026,0,2.41786315218949,GALEX J004527.3+405437,11.3639071320008,40.9104243716503,1,-999,23.87676,-999,1.02163,0.09272595,False,-99,0.003535852
6457284592873248205,0,2.42214287228533,GALEX J004508.0+405729,11.2834932960622,40.9582469242027,1,-999,23.68371,-999,1.22044,0.08973159,False,-99,0.002261142
2591190603581621060,0,2.42274268380821,GALEX J004520.2+405316,11.3342366091651,40.8878052370113,1,-999,24.19927,-999,0.7590899,0.09272595,False,-99,0.003491597
6449192187292811515,0,2.42321604588508,GALEX J004502.6+405534,11.2608922532775,40.9261308471439,1,-999,20.07312,-999,33.94311,0.08973159,False,-99,0.005176798
6449262556036995802,0,2.42415734679691,GALEX J004502.6+405532,11.2608630834282,40.9257305313725,1,-999,20.08189,-999,33.67001,0.08973159,False,-99,0.002366884
6449227371664900708,0,2.42499225303097,GALEX J004507.7+405334,11.2821403428225,40.8930046247574,1,-999,23.63982,-999,1.270779,0.09292386,False,-99,0.002148984
2496052061254198170,0,2.42548733302457,GALEX J004502.6+405533,11.260837637992,40.9259472534824,3,20.04696,19.94988,34.77119,38.02317,0.08973159,False,0.003645484,0.003324331
6457284592875345118,0,2.42623779694797,GALEX J004502.6+405532,11.2608158086034,40.92562122594,3,19.99366,19.9004,36.52075,39.796,0.08973159,False,0.003448234,0.003613362
2591190603581621309,0,2.42801296615732,GALEX J004527.3+405437,11.3641409983285,40.9104112210083,1,-999,23.94617,-999,0.9583622,0.09272595,False,-99,0.002166216
6449755137246233528,0,2.42833284054127,GALEX J004502.5+405533,11.2607747508042,40.9259420931119,1,-999,20.0826,-999,33.64809,0.08973159,False,-99,0.003827984
2590873944234933998,0,2.42988940423897,GALEX J004502.5+405532,11.2607375262762,40.9257886812703,3,19.92864,19.97947,38.77439,37.00103,0.08973159,False,0.003641629,0.002988194
6449192187292811503,0,2.43020221008731,GALEX J004502.7+405506,11.261485264768,40.9184995393201,1,-999,21.24997,-999,11.48186,0.08973159,False,-99,0.006255146
2495840955021657169,0,2.43302657377543,GALEX J004502.5+405533,11.2606692620517,40.9258436110849,3,19.93635,20.05441,38.50021,34.533,0.08973159,False,0.004179707,0.003723554
6372252786323620589,0,2.43596582587589,GALEX J004502.5+405532,11.2606036425222,40.9257987054254,1,-999,20.24896,-999,28.86795,0.08973159,False,-99,0.004924187
2590838759862831242,0,2.43599601324283,GALEX J004502.5+405532,11.2606031305179,40.9258079088788,3,19.94747,19.97164,38.10765,37.26858,0.08973159,False,0.004072968,0.003231691
6449719952874143879,0,2.43610203989325,GALEX J004502.5+405534,11.2606084295865,40.9261484583182,1,-999,20.09608,-999,33.23293,0.08973159,False,-99,0.003732254
2590873944232837059,0,2.43621504891297,GALEX J004526.0+405654,11.3584323439374,40.9484907508656,1,-999,24.52531,-999,0.5621785,0.08865522,False,-99,0.001969019
2496087245624180786,0,2.43720835520754,GALEX J004526.4+405647,11.3602486463399,40.9464165370227,1,-999,23.28041,-999,1.769432,0.08865522,False,-99,0.003956805
2590873944234934180,0,2.43782418939453,GALEX J004524.6+405348,11.3525277652333,40.8966829434499,3,23.50298,24.33211,1.44148,0.6716702,0.09272595,False,0.003391357,0.00256329
2591190603581621700,0,2.43835358362754,GALEX J004526.0+405654,11.3584022588653,40.9485855689711,1,-999,24.1277,-999,0.8108099,0.08865522,False,-99,0.002173569
6449262556036995637,0,2.44480515558702,GALEX J004523.4+405336,11.3478721974098,40.8933742831639,1,-999,23.69532,-999,1.207457,0.09272595,False,-99,0.001273555
2590873944234934038,0,2.44706198379581,GALEX J004502.6+405505,11.2611573192792,40.9182828333135,3,21.06983,21.07241,13.55404,13.52177,0.08973159,False,0.00140696,0.001810386
6372252786323620564,0,2.4477656109902,GALEX J004502.6+405504,11.2612247088864,40.9179315728156,1,-999,20.93384,-999,15.3626,0.08973159,False,-99,0.003928612
2495840955021657114,0,2.448948663643,GALEX J004502.6+405505,11.2611227530821,40.9182496365019,3,21.17296,20.96218,12.32586,14.96682,0.08973159,False,0.001542235,0.003129108
6457284592875345084,0,2.44960190233481,GALEX J004502.6+405504,11.2611627800741,40.918017674792,3,21.04567,20.90797,13.85902,15.73299,0.08973159,False,0.001477324,0.001568501
2591190603583718727,0,2.44988755352022,GALEX J004502.4+405533,11.2603001793928,40.9259860695221,3,20.00728,20.09301,36.06544,33.32693,0.08973159,False,0.003140576,0.001828768
6449227371664900886,0,2.45060491667905,GALEX J004502.6+405505,11.2611206420363,40.9181002444004,1,-999,21.26507,-999,11.32327,0.08973159,False,-99,0.003069386
2590838759860733490,0,2.45084019259887,GALEX J004509.7+405318,11.290787193075,40.8885106403864,1,-999,22.96904,-999,2.357125,0.09292386,False,-99,0.004340953
2496052061254197311,0,2.4516364789321,GALEX J004507.8+405331,11.2827814448762,40.892096716685,3,23.4531,22.99444,1.509256,2.302627,0.09292386,False,0.002233953,0.005039672
6457284592873247735,0,2.45330667456972,GALEX J004506.0+405349,11.2753089100109,40.8969564176677,1,-999,22.90819,-999,2.493018,0.09292386,False,-99,0.002413052
2590838759862831194,0,2.45374455547319,GALEX J004502.6+405505,11.2610074202337,40.9182840852581,3,20.99472,21.01245,14.52489,14.28961,0.08973159,False,0.001491879,0.0018692
2591190603583718614,0,2.45413692103426,GALEX J004502.6+405505,11.2610260863084,40.9181658053292,3,21.05312,21.04423,13.76433,13.87744,0.08973159,False,0.001348885,0.001557921
2496052061254197497,0,2.45480638910264,GALEX J004502.6+405506,11.2609555516514,40.9184073580111,3,21.0243,21.0984,14.13461,13.20205,0.08973159,False,0.001306012,0.001367694
6449262556036995751,0,2.45528888541505,GALEX J004502.6+405505,11.2610170658188,40.9180944470392,1,-999,21.04512,-999,13.86603,0.08973159,False,-99,0.002309667
6449755137246233471,0,2.45543356870539,GALEX J004502.6+405505,11.2609854938339,40.9182153505617,1,-999,21.12981,-999,12.82552,0.08973159,False,-99,0.002312545
6449719952874143864,0,2.45646801999496,GALEX J004502.6+405506,11.2609059848364,40.9184624744394,1,-999,21.16373,-999,12.43105,0.08973159,False,-99,0.002846441
6457284592873247834,0,2.46090985312821,GALEX J004527.5+405436,11.3648336675181,40.9102440734002,1,-999,23.67538,-999,1.229833,0.09272595,False,-99,0.002103614
2590838759860733569,0,2.4622018036419,GALEX J004506.1+405347,11.2756696099077,40.8964638452095,1,-999,23.5206,-999,1.418278,0.09292386,False,-99,0.003056411
6449227371664901131,0,2.46409107877838,GALEX J004513.7+405757,11.3074189810792,40.9660125288025,1,-999,23.6237,-999,1.289794,0.08693592,False,-99,0.002408874
6457284592873248119,0,2.46641520222819,GALEX J004505.2+405703,11.2717617489287,40.9508815922315,1,-999,21.41419,-999,9.870135,0.08973159,False,-99,0.00329382
6449227371664901080,0,2.46814884146339,GALEX J004505.2+405703,11.2719293283432,40.9510859363765,1,-999,21.70823,-999,7.528481,0.08973159,False,-99,0.002385525
2590873944232837345,0,2.47284325292316,GALEX J004506.2+405345,11.275828491293,40.8960916832353,1,-999,24.58952,-999,0.529897,0.09292386,False,-99,0.002472771
2590873944232836986,0,2.47337747769848,GALEX J004505.2+405704,11.2719349432384,40.9512298889657,1,-999,21.43491,-999,9.683607,0.08973159,False,-99,0.001899479
6449262556036995986,0,2.47427245796251,GALEX J004505.1+405703,11.2716256040294,40.9509626853338,1,-999,21.38373,-999,10.15095,0.08973159,False,-99,0.002963713
2495840955019560172,0,2.47460205428782,GALEX J004505.2+405704,11.2718069361198,40.9511426237153,1,-999,21.53848,-999,8.80253,0.08973159,False,-99,0.002503627
6449227371664900746,0,2.47499456331577,GALEX J004504.6+405407,11.2692225545507,40.9020523469511,1,-999,23.38306,-999,1.609813,0.09292386,False,-99,0.002274099
2591190603581621769,0,2.47503980484029,GALEX J004505.2+405704,11.2718106797437,40.9511577709593,1,-999,21.58217,-999,8.455334,0.08973159,False,-99,0.001452673
2590838759860734355,0,2.47601739119302,GALEX J004505.2+405704,11.2718296314575,40.9512014879135,1,-999,21.58827,-999,8.40794,0.08973159,False,-99,0.0017227
6449719952874144001,0,2.4783187107721,GALEX J004513.8+405758,11.3077281898832,40.9662806805352,1,-999,23.5118,-999,1.429821,0.08693592,False,-99,0.002600553
2496087245624180801,0,2.47859704268388,GALEX J004505.2+405704,11.2719528002296,40.9513844464479,1,-999,21.64157,-999,8.005195,0.08973159,False,-99,0.002462378
2590873944232836713,0,2.4792465618794,GALEX J004519.8+405751,11.3327635038029,40.9641829187299,1,-999,21.61231,-999,8.223875,0.08693592,False,-99,0.006787155
6449755137246233652,0,2.47945963875367,GALEX J004505.1+405703,11.2715961744734,40.9510734945179,1,-999,21.64184,-999,8.003176,0.08973159,False,-99,0.001341389
2496052061252100976,0,2.48082300072799,GALEX J004505.2+405704,11.2717738392639,40.9512767878731,1,-999,21.57092,-999,8.543396,0.08973159,False,-99,0.001772935
6449192187292811596,0,2.48238647363472,GALEX J004505.2+405704,11.2717459092262,40.9512921425826,1,-999,21.66707,-999,7.819362,0.08973159,False,-99,0.002426086
6449262556036995696,0,2.48612644269481,GALEX J004504.3+405411,11.2680038568202,40.9031160713849,1,-999,23.71842,-999,1.182042,0.09292386,False,-99,0.00139069
6372252786323620686,0,2.48649353986842,GALEX J004505.1+405703,11.2713320392227,40.9510109747161,1,-999,21.95354,-999,6.005995,0.08973159,False,-99,0.00230447
2590873944232837281,0,2.48651124663315,GALEX J004528.6+405526,11.3691593446285,40.9240945775924,1,-999,23.97901,-999,0.9298139,0.0918325,False,-99,0.003189709
2591190603583719068,0,2.48918925449326,GALEX J004514.0+405759,11.3083361101395,40.9665162172016,3,23.15699,23.88794,1.982468,1.011165,0.08693592,False,0.004622756,0.002438186
6449719952874143960,0,2.4917405673606,GALEX J004505.2+405705,11.2716616007315,40.9514612174292,1,-999,21.52434,-999,8.917886,0.08973159,False,-99,0.003674036
2590873944232836787,0,2.49625209775561,GALEX J004512.8+405757,11.3034689333426,40.9660646326289,1,-999,23.2826,-999,1.76588,0.08693592,False,-99,0.004545396
2591190603581621436,0,2.4979779013645,GALEX J004528.6+405525,11.3694022070967,40.9238517756165,1,-999,23.99011,-999,0.9203523,0.0918325,False,-99,0.002051315
6449755137246233331,0,2.50065083906058,GALEX J004506.0+405345,11.2751054893832,40.8959836557193,1,-999,24.08814,-999,0.8408954,0.09292386,False,-99,0.001306718
2590838759860733533,0,2.50437883926806,GALEX J004507.5+405330,11.2814832829231,40.8917242904395,1,-999,23.03287,-999,2.222545,0.09292386,False,-99,0.003165072
2591190603581621222,0,2.50469725395532,GALEX J004504.2+405410,11.2675741133144,40.9030507614843,1,-999,23.64721,-999,1.262167,0.09292386,False,-99,0.002703042
2590873944232836959,0,2.50877197748039,GALEX J004505.0+405357,11.2710173589219,40.8992629489483,1,-999,24.51792,-999,0.5660186,0.09292386,False,-99,0.00299736
2590873944232836714,0,2.50879147883702,GALEX J004504.2+405410,11.2676376915897,40.9028471891036,1,-999,24.10369,-999,0.828938,0.09292386,False,-99,0.002369576
2495840955019560263,0,2.50893093689608,GALEX J004512.8+405758,11.3034983919927,40.9662846089596,1,-999,23.30813,-999,1.724837,0.08693592,False,-99,0.003158363
2496052061252100233,0,2.51111716077115,GALEX J004504.9+405358,11.2705765150519,40.8996238232124,1,-999,23.84076,-999,1.056079,0.09292386,False,-99,0.00297681
2590873944232837352,0,2.51153510673579,GALEX J004507.5+405329,11.2815667848148,40.8915296653402,1,-999,23.81483,-999,1.081597,0.09292386,False,-99,0.003871022
2591190603581621938,0,2.51387024638975,GALEX J004512.8+405758,11.3033306918397,40.9663431202126,1,-999,23.47496,-999,1.479164,0.08693592,False,-99,0.0029783
6449755137246233267,0,2.51456404900838,GALEX J004514.6+405300,11.3109457553369,40.8834466587649,1,-999,23.42871,-999,1.543537,0.09234707,False,-99,0.002788211
2496052061252100115,0,2.51554398210781,GALEX J004514.4+405300,11.3102671975815,40.883464830793,1,-999,23.41853,-999,1.558079,0.09234707,False,-99,0.003369157
2496052061252101010,0,2.51655581755153,GALEX J004528.7+405528,11.3698357141422,40.9245265192668,1,-999,24.17573,-999,0.7757225,0.0918325,False,-99,0.002371252
6372252786323620415,0,2.517457470916,GALEX J004512.8+405302,11.3037012912252,40.8840968374346,1,-999,22.33277,-999,4.235369,0.09292386,False,-99,0.002160006
2590838759860733740,0,2.51850378955381,GALEX J004504.1+405411,11.2671004614128,40.9031896837947,1,-999,23.13616,-999,2.020857,0.09460142,False,-99,0.005322929
2591190603581621106,0,2.52012606755825,GALEX J004507.5+405329,11.2813001699298,40.891500238859,1,-999,23.567,-999,1.358942,0.09292386,False,-99,0.002528572
2591190603581621160,0,2.52283515787208,GALEX J004505.0+405356,11.2708790285222,40.8990181496447,1,-999,24.34053,-999,0.6664793,0.09292386,False,-99,0.001402361
2591190603581621004,0,2.52401984758196,GALEX J004514.5+405259,11.3106442268932,40.8833032857942,1,-999,23.84954,-999,1.047575,0.09234707,False,-99,0.003405182
2590838759860734630,0,2.52425151471981,GALEX J004512.7+405759,11.3032992891742,40.9665148494665,1,-999,23.439,-999,1.528974,0.08693592,False,-99,0.004626354
2591190603582684062,0,2.52472713494371,GALEX J004511.3+405306,11.2973727053123,40.8851990518476,2,23.67771,-999,1.227203,-999,0.09292386,False,0.002006136,-99
2590873944234933876,0,2.5252552988862,GALEX J004513.6+405801,11.3067271724167,40.9669714050036,3,23.7118,23.30813,1.18927,1.724835,0.08693592,False,0.002902808,0.003959352
6449262556036996114,0,2.52775944975221,GALEX J004513.0+405800,11.3044110740942,40.9667351245932,1,-999,23.01088,-999,2.268017,0.08693592,False,-99,0.003695069
6449755137246233741,0,2.52950930211529,GALEX J004512.9+405800,11.3037488245141,40.9666712764638,1,-999,22.78796,-999,2.784937,0.08693592,False,-99,0.004201876
2590838759860733643,0,2.52982993666602,GALEX J004504.9+405356,11.2706553971042,40.8990431152488,1,-999,23.37657,-999,1.619471,0.09292386,False,-99,0.003873645
2590873944232837946,0,2.52986409456457,GALEX J004514.6+405259,11.3109565210041,40.8831906897868,1,-999,23.87669,-999,1.021697,0.09234707,False,-99,0.0022333
2590838759862831749,0,2.53184344807357,GALEX J004513.6+405801,11.306992801258,40.9671093259899,3,23.80701,23.44783,1.089426,1.516591,0.08693592,False,0.003004301,0.006077489
2496052061252100729,0,2.53192709097237,GALEX J004512.6+405759,11.3027747328894,40.9665635516527,1,-999,23.19043,-999,1.922337,0.08693592,False,-99,0.003821152
2495840955019560348,0,2.53454636953259,GALEX J004522.7+405738,11.3449162173876,40.9606438665138,1,-999,18.23711,-999,184.1435,0.08865522,False,-99,0.002075936
6449262556036995482,0,2.54242829307318,GALEX J004518.3+405301,11.3263418653649,40.8838873869137,1,-999,23.4774,-999,1.475841,0.09234707,False,-99,0.002212345
6449262556036995471,0,2.54516532284957,GALEX J004514.6+405258,11.3110004882017,40.882933214061,1,-999,23.33892,-999,1.676606,0.09234707,False,-99,0.002084567
6449262556036995990,0,2.54857821744507,GALEX J004522.9+405738,11.3456363073236,40.9605643985874,1,-999,17.96392,-999,236.8275,0.08865522,False,-99,0.001431959
6372252786323620759,0,2.55174336898317,GALEX J004522.9+405738,11.3455844723255,40.9606540507645,1,-999,18.03671,-999,221.4709,0.08865522,False,-99,0.001930005
2591190603581622174,0,2.55180389066528,GALEX J004522.9+405738,11.345539805966,40.960677755807,1,-999,17.98379,-999,232.5318,0.08865522,False,-99,0.001423707
6449755137246233733,0,2.55203175668128,GALEX J004516.6+405803,11.3193423927305,40.967643034116,1,-999,23.16278,-999,1.971915,0.08693592,False,-99,0.002823455
2590873944232837450,0,2.55336369906856,GALEX J004521.7+405315,11.3405006546961,40.887596228479,1,-999,24.79569,-999,0.4382496,0.09272595,False,-99,0.002375298
6449719952874143997,0,2.55358916296338,GALEX J004512.5+405800,11.3024042308597,40.9668728673468,1,-999,23.43231,-999,1.538421,0.08693592,False,-99,0.002360015
2590873944232836755,0,2.55389842269497,GALEX J004522.9+405738,11.3456415749496,40.9606684393287,1,-999,17.97282,-999,234.8944,0.08865522,False,-99,0.001806633
6457284592873248096,0,2.55498426597035,GALEX J004523.0+405738,11.3458164980115,40.9606015988948,1,-999,17.98092,-999,233.1487,0.08865522,False,-99,0.001548636
2590838759860734824,0,2.55501016893452,GALEX J004522.9+405738,11.345424110314,40.9607998859629,1,-999,18.00954,-999,227.082,0.08865522,False,-99,0.001950375
6449262556036996116,0,2.55525183765532,GALEX J004516.7+405803,11.3197575457456,40.9676677781369,1,-999,22.77392,-999,2.821188,0.08693592,False,-99,0.004127119
2496052061252100705,0,2.55526115012258,GALEX J004522.9+405738,11.3455195391904,40.9607571403443,1,-999,17.9805,-999,233.2381,0.08865522,False,-99,0.001373245
6449755137246233790,0,2.55565236579646,GALEX J004522.9+405738,11.3455807415998,40.960734232486,1,-999,18.00973,-999,227.0421,0.08865522,False,-99,0.001432628
6457284592873248266,0,2.55631180025376,GALEX J004513.0+405801,11.3043827466101,40.9672147980794,1,-999,23.04596,-999,2.195924,0.08693592,False,-99,0.002390821
2591190603581621917,0,2.55746662111935,GALEX J004513.5+405802,11.3063486256309,40.9674733914749,1,-999,23.82326,-999,1.073238,0.08693592,False,-99,0.002195692
2496087245624180785,0,2.56097129546704,GALEX J004522.9+405738,11.3456165453304,40.960822724372,1,-999,17.94408,-999,241.1936,0.08865522,False,-99,0.001863292
2496087245624180856,0,2.5612309532553,GALEX J004512.7+405801,11.3029455254512,40.9670893759372,1,-999,22.92566,-999,2.453227,0.08693592,False,-99,0.004545197
6449719952874144031,0,2.56168565886781,GALEX J004522.9+405739,11.3454290852308,40.9609307250252,1,-999,18.04484,-999,219.8188,0.08865522,False,-99,0.00167987
2495840955019560265,0,2.56361910018541,GALEX J004516.7+405804,11.3197081530306,40.9678114580317,1,-999,23.08104,-999,2.126108,0.08693592,False,-99,0.002738887
6449262556036996110,0,2.56452492691053,GALEX J004509.0+405746,11.2877032525368,40.9629908035561,1,-999,22.9199,-999,2.466252,0.08693592,False,-99,0.003456089
6449227371664901230,0,2.56688879238202,GALEX J004522.9+405739,11.3457811143129,40.9608584202685,1,-999,18.00972,-999,227.0458,0.08865522,False,-99,0.002754939
2590838759862831715,0,2.56975558417661,GALEX J004516.6+405804,11.3194013025635,40.9679356299759,3,23.74989,23.56633,1.148271,1.35978,0.08693592,False,0.001751777,0.002414715
2590873944234933947,0,2.5708246819738,GALEX J004516.6+405804,11.3193692156673,40.9679556868729,3,23.89921,23.46643,1.00073,1.490821,0.08693592,False,0.001921028,0.002196111
2496087245626278005,0,2.57105468677738,GALEX J004513.5+405803,11.3063728090659,40.9677047426721,3,22.95078,22.80048,2.397118,2.753012,0.08693592,False,0.002519867,0.005517178
6449192187292811690,0,2.57226187957537,GALEX J004522.9+405739,11.3457270890746,40.9609931901041,1,-999,18.00757,-999,227.4943,0.08865522,False,-99,0.001760332
2495840955019560241,0,2.57344279878582,GALEX J004521.0+405751,11.337607395748,40.9644001780617,1,-999,23.37197,-999,1.626349,0.08865522,False,-99,0.002388485
2591190603583719099,0,2.57468595338646,GALEX J004516.6+405804,11.3194046951032,40.9680179029825,3,23.50605,23.25282,1.437419,1.814983,0.08693592,False,0.003568333,0.001798185
2496087245624180744,0,2.57602962328046,GALEX J004502.1+405606,11.2590433719099,40.9351981471159,1,-999,23.98753,-999,0.9225466,0.08973159,False,-99,0.001448192
2591190603583719040,0,2.57651999313401,GALEX J004509.0+405747,11.2876046076876,40.9631776471319,3,22.9579,23.22049,2.381462,1.869841,0.08693592,False,0.002285603,0.003238578
2590873944234934310,0,2.57887819716671,GALEX J004509.0+405747,11.2876688871955,40.9632479737913,3,23.29294,23.29265,1.74914,1.749609,0.08693592,False,0.002128668,0.002326159
6449192187292811638,0,2.57905115991505,GALEX J004509.0+405747,11.2878614577632,40.9633280370244,1,-999,23.14294,-999,2.008272,0.08693592,False,-99,0.002191242
2496052061252100894,0,2.58133785386477,GALEX J004516.6+405805,11.3194222986137,40.9681280208479,1,-999,23.31331,-999,1.716632,0.08693592,False,-99,0.001583133
6449227371664901118,0,2.58149885275635,GALEX J004509.0+405747,11.2876908549613,40.9633061990319,1,-999,23.16248,-999,1.972466,0.08693592,False,-99,0.002061076
2496087245626277993,0,2.58577067705207,GALEX J004516.5+405805,11.3190139266846,40.9682287023418,3,23.2753,23.33638,1.777799,1.680528,0.08693592,False,0.002807437,0.003878158
6449755137246233702,0,2.5862286539489,GALEX J004509.0+405748,11.2877118405544,40.9634037361404,1,-999,22.94864,-999,2.401841,0.08693592,False,-99,0.002752068
2590838759862831629,0,2.5875150483891,GALEX J004509.0+405748,11.2875234551289,40.9633526272615,3,23.28636,23.30293,1.759786,1.733113,0.08693592,False,0.003915915,0.002312771
6457284592875345399,0,2.59249163695214,GALEX J004509.1+405749,11.2879644963851,40.9636214630594,3,22.70463,23.19625,3.007118,1.912042,0.08693592,False,0.001580414,0.001307401
2495840955019560231,0,2.59260119009756,GALEX J004508.9+405748,11.2874589194598,40.9634227179671,1,-999,23.26984,-999,1.786754,0.08693592,False,-99,0.001460308
2496087245624180816,0,2.6000687223039,GALEX J004509.0+405749,11.2878036401929,40.9637005950994,1,-999,23.39371,-999,1.594092,0.08693592,False,-99,0.001695677
2496052061252100661,0,2.60739978969706,GALEX J004513.4+405805,11.3061301687186,40.968290463447,1,-999,23.11245,-999,2.06547,0.08693592,False,-99,0.003995456
2496052061254197958,0,2.61155692181829,GALEX J004508.9+405749,11.2872371159401,40.9636914550548,3,23.53361,23.2833,1.401393,1.764728,0.08693592,False,0.002459604,0.003101572
2496052061252100851,0,2.61689309713284,GALEX J004506.3+405729,11.2764863741155,40.9582162800457,1,-999,24.21121,-999,0.7507862,0.08973159,False,-99,0.002272945
2590873944232837090,0,2.61908171652476,GALEX J004529.2+405515,11.3718060324593,40.9208458157354,1,-999,23.55404,-999,1.375261,0.0918325,False,-99,0.003513496
6449719952874143767,0,2.62421062023057,GALEX J004508.3+405315,11.2847031571187,40.8877088275491,1,-999,22.69958,-999,3.021127,0.09292386,False,-99,0.003195619
2495840955019560260,0,2.63057999944286,GALEX J004520.4+405758,11.3351032444211,40.9662178650912,1,-999,23.58464,-999,1.337041,0.08561201,False,-99,0.002078479
2591190603581621426,0,2.63093346167829,GALEX J004529.3+405516,11.3721148640953,40.9212016126532,1,-999,23.67776,-999,1.22715,0.0918325,False,-99,0.003029074
6372252786323620408,0,2.63269104922432,GALEX J004517.1+405254,11.3216079429351,40.881745441181,1,-999,22.37346,-999,4.079589,0.09234707,False,-99,0.001732107
6449719952874144018,0,2.63280726860082,GALEX J004516.9+405808,11.3206822310487,40.9688950793449,1,-999,22.69761,-999,3.026597,0.08693592,False,-99,0.004398034
2590838759860733761,0,2.63549807916537,GALEX J004502.1+405444,11.2588158226621,40.9122585524831,1,-999,23.95178,-999,0.9534259,0.09401655,False,-99,0.003290486
6457284592873248269,0,2.63741401053041,GALEX J004511.3+405802,11.2973498477029,40.9673212145123,1,-999,23.68961,-999,1.21382,0.08693592,False,-99,0.002063012
2496052061252100960,0,2.64070954771765,GALEX J004529.3+405544,11.3723738519921,40.9290238321414,1,-999,24.13936,-999,0.8021493,0.0918325,False,-99,0.001360455
2590838759860734382,0,2.65045273340005,GALEX J004506.3+405731,11.2762417830809,40.9587957864722,1,-999,24.64032,-999,0.5056743,0.08973159,False,-99,0.001692625
2591190603581621821,0,2.65471230869696,GALEX J004506.2+405731,11.2762097043511,40.9588685495841,1,-999,24.19534,-999,0.7618358,0.08973159,False,-99,0.003148504
2496052061252100245,0,2.65520025621078,GALEX J004527.1+405402,11.3630421410908,40.9007131759066,1,-999,23.95799,-999,0.9479897,0.09272595,False,-99,0.001577366
6457284592873247674,0,2.65707976516018,GALEX J004508.4+405312,11.2853068496052,40.8868087520677,1,-999,22.91665,-999,2.473658,0.09292386,False,-99,0.0031128
2590838759860733519,0,2.66010387034177,GALEX J004508.3+405313,11.2848642643892,40.8869431285886,1,-999,21.88641,-999,6.389023,0.09292386,False,-99,0.004731809
2591190603583718220,0,2.66024485469641,GALEX J004508.3+405312,11.2848699052278,40.8869379351471,3,22.72253,22.62919,2.957944,3.223465,0.09292386,False,0.003459846,0.002600576
2590873944232836827,0,2.66042156950773,GALEX J004506.3+405732,11.27641651129,40.9591266380664,1,-999,23.44922,-999,1.514653,0.08973159,False,-99,0.005257118
2591190603581621482,0,2.66204609224992,GALEX J004529.5+405538,11.3729979092973,40.9272356278532,1,-999,23.99581,-999,0.915538,0.0918325,False,-99,0.00318557
2496052061252100123,0,2.66295235975445,GALEX J004508.3+405312,11.2847959826304,40.8869182215033,1,-999,22.88702,-999,2.542093,0.09292386,False,-99,0.003974101
2590873944232837181,0,2.66410064561239,GALEX J004508.3+405312,11.2848809571609,40.886858804211,1,-999,22.54216,-999,3.492501,0.09292386,False,-99,0.003402164
6449755137246233286,0,2.66525079287209,GALEX J004508.3+405312,11.2847534483526,40.8868926131357,1,-999,22.80673,-999,2.737208,0.09292386,False,-99,0.003166568
2590873944232837138,0,2.67412598703875,GALEX J004529.5+405540,11.3732283417099,40.9277859598463,1,-999,23.72104,-999,1.179192,0.0918325,False,-99,0.005134413
2590838759861794728,0,2.67540846423165,GALEX J004511.2+405257,11.2969191154924,40.8826744025832,2,23.78688,-999,1.109812,-999,0.09292386,False,0.001290395,-99
6449262556036995662,0,2.67830750110854,GALEX J004527.2+405402,11.3636122471585,40.9006657944033,1,-999,22.76833,-999,2.835743,0.09272595,False,-99,0.00366294
2495840955019559739,0,2.67896386117241,GALEX J004508.2+405312,11.2844893358806,40.8867445202315,1,-999,22.15396,-999,4.99361,0.09292386,False,-99,0.003333468
6449262556036995564,0,2.68302327452657,GALEX J004508.3+405311,11.2846244499214,40.8866066858773,1,-999,22.61255,-999,3.273258,0.09292386,False,-99,0.002002442
2591190603583718346,0,2.68953850554737,GALEX J004527.2+405400,11.3633936766425,40.900083356464,3,23.97348,23.55664,0.934562,1.37197,0.09272595,False,0.002091325,0.001925798
6449227371664900691,0,2.69099373388478,GALEX J004508.3+405311,11.2845979608162,40.8864647518311,1,-999,22.71352,-999,2.982575,0.09292386,False,-99,0.004315803
2590873944232837228,0,2.69567803682525,GALEX J004527.2+405400,11.3636011963583,40.900132385482,1,-999,23.50964,-999,1.432666,0.09272595,False,-99,0.002725609
6449227371664900965,0,2.69839526971777,GALEX J004529.2+405612,11.3719034774543,40.9367166919749,1,-999,23.20118,-999,1.90339,0.08865522,False,-99,0.003138693
2591190603581621524,0,2.70055973888556,GALEX J004529.6+405547,11.3735945617721,40.9298731488397,1,-999,24.0873,-999,0.8415532,0.0918325,False,-99,0.004896441
2590873944232836942,0,2.70804719244003,GALEX J004529.7+405547,11.3737617599039,40.9298645141239,1,-999,24.13128,-999,0.8081439,0.0918325,False,-99,0.003606253
2590873944232837162,0,2.70851070918575,GALEX J004512.4+405810,11.3019737214938,40.9694437963085,1,-999,23.69748,-999,1.205055,0.08693592,False,-99,0.004559
2590873944232837326,0,2.708952606735,GALEX J004512.9+405250,11.3039731774998,40.8808127799436,1,-999,24.77714,-999,0.4458057,0.09234707,False,-99,0.002435013
6449719952874143755,0,2.71124429441418,GALEX J004515.0+405248,11.3125480595412,40.8801105239764,1,-999,23.48314,-999,1.468061,0.09234707,False,-99,0.002138932
2590838759860733662,0,2.71357686496563,GALEX J004502.5+405419,11.2605700832807,40.9054080601546,1,-999,24.3487,-999,0.6614843,0.09460142,False,-99,0.003280804
6457284592873247981,0,2.71782806782085,GALEX J004529.7+405543,11.3741182375621,40.9286665726913,1,-999,22.40945,-999,3.946578,0.0918325,False,-99,0.00561385
2496087245624180770,0,2.72137565497398,GALEX J004501.7+405623,11.2574442189124,40.93976995576,1,-999,23.29808,-999,1.740878,0.08973159,False,-99,0.004792334
2496052061252100315,0,2.72407251592552,GALEX J004501.8+405437,11.2576115809997,40.9103066035677,1,-999,23.4084,-999,1.572682,0.09401655,False,-99,0.003250205
2591190603581620995,0,2.73184986854413,GALEX J004512.1+405251,11.300775969262,40.8809149822974,1,-999,24.2735,-999,0.7089227,0.09234707,False,-99,0.003024915
2590873944232837854,0,2.73552988053753,GALEX J004505.2+405334,11.2718899980015,40.8928780672752,1,-999,24.80061,-999,0.4362689,0.09460142,False,-99,0.001830849
6449227371664900998,0,2.73664246073787,GALEX J004528.7+405635,11.3697794736443,40.9433271866005,1,-999,23.79981,-999,1.096671,0.08865522,False,-99,0.001614464
2591190603581621226,0,2.74584313562455,GALEX J004502.3+405419,11.2598538377652,40.9052912290401,1,-999,24.54532,-999,0.5519153,0.09460142,False,-99,0.002913813
2591190603581621986,0,2.7473117841314,GALEX J004512.2+405811,11.3010283259649,40.969949907433,1,-999,23.64308,-999,1.266973,0.08693592,False,-99,0.006818682
2590873944232837801,0,2.75114566097345,GALEX J004502.3+405419,11.2595640940504,40.9055422976766,1,-999,24.51398,-999,0.5680777,0.09460142,False,-99,0.001689442
2590838759860733762,0,2.75328221651379,GALEX J004501.3+405449,11.2555864916794,40.9136520740967,1,-999,24.28524,-999,0.7013007,0.09401655,False,-99,0.003208423
6449719952874143870,0,2.75561822775186,GALEX J004530.0+405519,11.3749799000297,40.9221960739836,1,-999,23.27284,-999,1.781826,0.0918325,False,-99,0.002610343
2496052061252101417,0,2.76168374707755,GALEX J004530.0+405519,11.3751125853385,40.9221803220761,1,-999,23.7326,-999,1.166697,0.0918325,False,-99,0.001597593
2590873944232837211,0,2.76322969434504,GALEX J004512.0+405249,11.3002297393442,40.8804746075981,1,-999,24.67234,-999,0.4909791,0.09234707,False,-99,0.002599005
2590838759860734598,0,2.77070953490972,GALEX J004512.1+405812,11.3004525467725,40.9702503632462,1,-999,23.93595,-999,0.9674304,0.08693592,False,-99,0.005219139
2590873944232838556,0,2.77288954992805,GALEX J004505.0+405728,11.2710917939781,40.9579717154721,1,-999,22.88086,-999,2.556554,0.08973159,False,-99,0.004252161
6449227371664900914,0,2.7776752293624,GALEX J004500.8+405550,11.2534839138873,40.9307184843828,1,-999,23.39439,-999,1.593105,0.08973159,False,-99,0.002303242
2591190603581620977,0,2.77918031029537,GALEX J004510.1+405255,11.2920750706052,40.8821211185983,1,-999,24.43517,-999,0.6108464,0.09292386,False,-99,0.002779996
6449262556036995828,0,2.78192826870838,GALEX J004530.1+405517,11.3755009359049,40.9215747959386,1,-999,23.05665,-999,2.174399,0.0918325,False,-99,0.002313604
2590873944232837302,0,2.78399924031883,GALEX J004530.1+405519,11.3756086388228,40.9222108953693,1,-999,23.70059,-999,1.201614,0.0918325,False,-99,0.002552644
2590838759860733417,0,2.78423654618422,GALEX J004509.9+405255,11.2914700179637,40.8822113657575,1,-999,22.83206,-999,2.674081,0.09292386,False,-99,0.003810485
2590873944232837205,0,2.78590208559765,GALEX J004509.9+405255,11.2916053690829,40.8821405822562,1,-999,24.30317,-999,0.6898113,0.09292386,False,-99,0.003781023
2591190603581621427,0,2.78754282746301,GALEX J004530.1+405519,11.3756625049948,40.9219444669501,1,-999,23.73788,-999,1.161041,0.0918325,False,-99,0.002028553
2590838759860733706,0,2.7930337159005,GALEX J004501.4+405436,11.2560174497627,40.9102742447518,1,-999,25.08707,-999,0.335097,0.09401655,False,-99,0.00235872
2496052061252100290,0,2.79304148626619,GALEX J004501.9+405422,11.258142323005,40.9062005591537,1,-999,23.66242,-999,1.244601,0.09460142,False,-99,0.003057424
2590873944232837616,0,2.80176802937803,GALEX J004519.1+405248,11.3297358622929,40.8800560747622,1,-999,24.47456,-999,0.5890845,0.09234707,False,-99,0.002425361
6457284592873248289,0,2.80179554489977,GALEX J004512.4+405815,11.3017868771549,40.9710027166693,1,-999,23.36575,-999,1.635685,0.08693592,False,-99,0.00244791
6449262556036995463,0,2.80661441722603,GALEX J004510.1+405253,11.2921643924165,40.8816048002125,1,-999,23.18418,-999,1.93343,0.09292386,False,-99,0.00272741
2591190603581621150,0,2.81203263331678,GALEX J004504.2+405339,11.2678944040717,40.8942162795751,1,-999,24.73498,-999,0.4634553,0.09460142,False,-99,0.003289397
2591190603581621274,0,2.81302098156449,GALEX J004501.3+405436,11.2556140302348,40.9101362087984,1,-999,25.07292,-999,0.3394948,0.09401655,False,-99,0.00172863
2496052061252100042,0,2.83090066515997,GALEX J004506.8+405312,11.2783894858011,40.8867015032153,1,-999,22.53447,-999,3.517309,0.09292386,False,-99,0.005552374
2496087245625236015,0,2.83604651603164,GALEX J004500.7+405607,11.2532576561159,40.9355262544444,2,23.06065,-999,2.166422,-999,0.08973159,False,0.002779821,-99
2590838759860734575,0,2.84300804405332,GALEX J004518.0+405818,11.3253598448455,40.9719235965945,1,-999,25.29252,-999,0.2773255,0.08693592,False,-99,0.002540876
2591190603581621955,0,2.84604999792569,GALEX J004518.1+405819,11.3254128973014,40.9719679330469,1,-999,25.13982,-999,0.3192064,0.08693592,False,-99,0.001310817
2590838759862830704,0,2.84715321390277,GALEX J004506.7+405311,11.2780514465504,40.8865503304715,3,23.97701,22.60442,0.9315313,3.297864,0.09292386,False,0.001725212,0.004657875
2590873944232838166,0,2.85046169371322,GALEX J004511.2+405246,11.2967973075275,40.8796564226719,1,-999,24.65166,-999,0.5004224,0.09292386,False,-99,0.002322191
2591190603581621096,0,2.8535275371847,GALEX J004506.7+405310,11.2781219757155,40.8863826919066,1,-999,22.83145,-999,2.675595,0.09292386,False,-99,0.003644514
6449262556036995559,0,2.85457170030947,GALEX J004506.7+405310,11.2782987477887,40.8862678171093,1,-999,23.11786,-999,2.055198,0.09292386,False,-99,0.003189925
6449719952874143774,0,2.85472425337325,GALEX J004506.6+405311,11.2778333118155,40.8865126200485,1,-999,22.39083,-999,4.014844,0.09292386,False,-99,0.004269337
2590873944234934867,0,2.85542968900775,GALEX J004506.7+405310,11.2780944768041,40.8863585553513,3,23.52291,22.96776,1.415272,2.359921,0.09292386,False,0.002749974,0.003380099
6457284592873247707,0,2.85758895906067,GALEX J004506.5+405312,11.2772626765436,40.8867640742288,1,-999,22.00257,-999,5.740771,0.09292386,False,-99,0.00555646
2591190603581621062,0,2.85989564531115,GALEX J004505.6+405320,11.2735219545254,40.8889379032446,1,-999,24.36543,-999,0.6513686,0.09460142,False,-99,0.003221228
2495840955019559744,0,2.86210974763587,GALEX J004506.6+405310,11.2778741500625,40.8863398059808,1,-999,22.7127,-999,2.984833,0.09292386,False,-99,0.003929701
2590873944232838557,0,2.88054820712097,GALEX J004518.3+405820,11.3266077454109,40.9723832914321,1,-999,21.57215,-999,8.533739,0.08693592,False,-99,0.008149204
2591190603581621974,0,2.8917697748567,GALEX J004513.9+405823,11.3082777528271,40.9732564314027,1,-999,24.64169,-999,0.5050361,0.08693592,False,-99,0.001709057
6449227371664900668,0,2.89189528183108,GALEX J004506.6+405308,11.2777198581733,40.8858147994094,1,-999,23.90437,-999,0.9959823,0.09460142,False,-99,0.001556226
6457284592874299824,0,2.8934934011821,GALEX J004530.7+405536,11.3781306768358,40.9267480203038,2,22.38722,-999,4.028233,-999,0.0918325,False,0.002906514,-99
2590838759860734600,0,2.90523097703474,GALEX J004513.9+405824,11.3081880490505,40.9734753212987,1,-999,25.73694,-999,0.1841726,0.08693592,False,-99,0.00130292
2495840955019560186,0,2.91092177305906,GALEX J004503.5+405722,11.2649373849509,40.9562854448525,1,-999,24.01446,-999,0.8999407,0.08973159,False,-99,0.002185989
6449227371664901183,0,2.91379430503226,GALEX J004517.1+405824,11.321516984873,40.9735369694895,1,-999,23.69393,-999,1.209007,0.08693592,False,-99,0.001449409
6449719952874143941,0,2.91863134019908,GALEX J004528.7+405659,11.3698945036572,40.9498654975507,1,-999,23.44593,-999,1.519246,0.08865522,False,-99,0.002672816
2496052061252100091,0,2.92025148107411,GALEX J004521.1+405248,11.3382132496126,40.8800772628531,1,-999,23.81115,-999,1.085273,0.09272595,False,-99,0.002711042
6449227371664900703,0,2.92029156795182,GALEX J004504.2+405330,11.2677375241361,40.8916799339031,1,-999,23.8526,-999,1.04462,0.09460142,False,-99,0.001359683
6449192187292811652,0,2.92667942489953,GALEX J004523.9+405757,11.3496772851293,40.9661017340358,1,-999,22.97791,-999,2.337941,0.08865522,False,-99,0.001733358
2590873944232838634,0,2.92816476099717,GALEX J004503.6+405724,11.2651190506271,40.9568954583881,1,-999,23.30708,-999,1.726506,0.08973159,False,-99,0.003432139
2590838759860734606,0,2.92841598319399,GALEX J004517.0+405825,11.3210289033199,40.9738220121856,1,-999,25.15865,-999,0.3137175,0.08693592,False,-99,0.002689951
2591190603581621797,0,2.92983891429443,GALEX J004503.5+405724,11.2648464936323,40.95669508966,1,-999,23.85623,-999,1.041136,0.08973159,False,-99,0.002714152
6449262556036995582,0,2.93056466335977,GALEX J004527.4+405339,11.3642566503311,40.8942596231765,1,-999,21.46004,-999,9.461964,0.09272595,False,-99,0.003479316
2590838759860734380,0,2.93276367971704,GALEX J004503.5+405724,11.2648726290957,40.9567942524475,1,-999,23.88074,-999,1.017899,0.08973159,False,-99,0.002325317
6449719952874143786,0,2.93517272440301,GALEX J004527.5+405340,11.3647152050504,40.8945634369034,1,-999,21.67167,-999,7.786295,0.09272595,False,-99,0.003442702
2496052061252100138,0,2.939502902192,GALEX J004527.4+405339,11.3644654819881,40.8942171031169,1,-999,21.37355,-999,10.24658,0.09272595,False,-99,0.00394997
2591190603581620963,0,2.94147597921408,GALEX J004521.3+405247,11.3388126955244,40.8798786135573,1,-999,24.34534,-999,0.6635367,0.09272595,False,-99,0.003061155
2591190603581621239,0,2.94332702559756,GALEX J004527.4+405338,11.3644286816208,40.8940829336975,1,-999,21.31347,-999,10.82962,0.09272595,False,-99,0.003320541
2590873944232837716,0,2.94658929560786,GALEX J004521.4+405247,11.3394107645913,40.879973072554,1,-999,24.37591,-999,0.6451101,0.09272595,False,-99,0.003342544
2590873944232836800,0,2.94703315924639,GALEX J004527.4+405338,11.364513496055,40.8940636079866,1,-999,21.33665,-999,10.60087,0.09272595,False,-99,0.003364697
6372252786323620530,0,2.94863136753696,GALEX J004527.5+405339,11.3648080527111,40.8942936992895,1,-999,21.00295,-999,14.41512,0.09272595,False,-99,0.003408151
6449755137246233347,0,2.94959015351825,GALEX J004527.5+405338,11.3645690424542,40.8940475589857,1,-999,21.57507,-999,8.510804,0.09272595,False,-99,0.00403929
2496052061252100788,0,2.9497808864115,GALEX J004529.0+405658,11.3708317279981,40.9496784752472,1,-999,23.42131,-999,1.55409,0.08865522,False,-99,0.003167717
6457284592873247810,0,2.9525601254651,GALEX J004527.5+405339,11.3647965995711,40.8941793697755,1,-999,21.24465,-999,11.5382,0.09272595,False,-99,0.00434748
6449755137246233627,0,2.95957355177865,GALEX J004529.0+405658,11.3710978817215,40.9496553283676,1,-999,23.49446,-999,1.452836,0.08865522,False,-99,0.003038787
2590873944234934065,0,2.96072408881505,GALEX J004529.1+405658,11.3712718992783,40.9494616613392,3,23.89645,23.37071,1.003276,1.628225,0.08865522,False,0.002959328,0.002298441
2591190603583718881,0,2.96085125495923,GALEX J004529.1+405658,11.3712715942756,40.9494663980568,3,23.53568,23.21772,1.398714,1.874607,0.08865522,False,0.003147357,0.002421588
6449262556036995994,0,2.97497303367016,GALEX J004529.1+405658,11.3714771156977,40.949670391194,1,-999,22.86352,-999,2.59772,0.08865522,False,-99,0.003943126
2590873944232837285,0,2.97642757569834,GALEX J004529.4+405410,11.3728904273459,40.9028567776086,1,-999,24.81653,-999,0.4299209,0.0918325,False,-99,0.003017365
2591190603581621202,0,2.98233106131838,GALEX J004529.4+405408,11.3727835212114,40.9024829286474,1,-999,24.38706,-999,0.6385217,0.0918325,False,-99,0.001870903
6449262556036995928,0,2.98391691330194,GALEX J004500.5+405629,11.2521539273211,40.9416068858674,1,-999,22.4712,-999,3.728365,0.08973159,False,-99,0.004634687
6449755137246233378,0,2.99067779363793,GALEX J004500.9+405419,11.2538901578824,40.9053221888645,1,-999,23.9086,-999,0.9921094,0.09460142,False,-99,0.002558801
2591190603581621658,0,2.99370334561364,GALEX J004500.4+405630,11.2520025470101,40.9417743776688,1,-999,23.41707,-999,1.560168,0.08973159,False,-99,0.003546737
2496052061252101195,0,2.99375278723854,GALEX J004500.5+405632,11.2522514822946,40.9423046319413,1,-999,23.51405,-999,1.426857,0.08973159,False,-99,0.003665408
2590873944232837899,0,2.99409826527982,GALEX J004500.4+405630,11.2519577968179,40.9416974921935,1,-999,23.20494,-999,1.896813,0.08973159,False,-99,0.005328834
2590838759862831323,0,2.99752635536889,GALEX J004500.4+405630,11.2519366688409,40.941825051142,3,24.15125,23.38556,0.7934176,1.606117,0.08973159,False,0.002379418,0.002991546
2496087245624180773,0,3.0008859609864,GALEX J004500.4+405629,11.2517763227162,40.9416475354261,1,-999,22.74633,-999,2.8938,0.08973159,False,-99,0.004526433
2496052061252100238,0,3.00155111204186,GALEX J004500.8+405419,11.2535392020409,40.9054779886089,1,-999,23.52769,-999,1.409048,0.09460142,False,-99,0.002684576
6449227371664900768,0,3.00348069468303,GALEX J004500.8+405418,11.2536461102499,40.9052114314958,1,-999,23.56235,-999,1.364769,0.09460142,False,-99,0.002552265
6449262556036995719,0,3.00434689847921,GALEX J004500.8+405420,11.2533985741194,40.9056073802766,1,-999,23.32131,-999,1.704028,0.09401655,False,-99,0.001356726
2590838759860733684,0,3.00679868697001,GALEX J004500.8+405418,11.2535346105675,40.9052661759509,1,-999,23.36512,-999,1.636629,0.09460142,False,-99,0.002142438
6449755137246233574,0,3.00914608881136,GALEX J004500.3+405630,11.2516442583987,40.9417799920354,1,-999,23.74939,-999,1.148796,0.08973159,False,-99,0.002820018
6457284592873248091,0,3.01086471201479,GALEX J004500.3+405629,11.2515499930087,40.9416619925579,1,-999,22.52623,-999,3.544104,0.08973159,False,-99,0.003692199
2591190603581621248,0,3.01191754112288,GALEX J004500.8+405419,11.2533572660852,40.905360628911,1,-999,23.14846,-999,1.998089,0.09460142,False,-99,0.001534226
6457284592873247811,0,3.01264071814452,GALEX J004500.7+405420,11.2531973220774,40.9056116159311,1,-999,22.75382,-999,2.873903,0.09401655,False,-99,0.002893651
2590873944232837155,0,3.01602845349719,GALEX J004500.8+405418,11.2533679521167,40.9051702106105,1,-999,23.00016,-999,2.290536,0.09460142,False,-99,0.002287358
6449192187292811450,0,3.01694764391487,GALEX J004500.7+405420,11.2531022460769,40.9055971427735,1,-999,22.97301,-999,2.348524,0.09401655,False,-99,0.003238295
2495840955019559843,0,3.02158770311713,GALEX J004500.8+405417,11.2534416781692,40.9048142318871,1,-999,23.30993,-999,1.721978,0.09460142,False,-99,0.002684813
2590838759860733789,0,3.02165044314353,GALEX J004459.7+405456,11.2489259724532,40.9156045316396,1,-999,24.67141,-999,0.4914008,0.09401655,False,-99,0.002062382
6449755137246233234,0,3.02449540351842,GALEX J004509.6+405241,11.2901876422916,40.8782892066925,1,-999,23.67863,-999,1.226167,0.09292386,False,-99,0.001704019
6449719952874143802,0,3.03029417773124,GALEX J004500.6+405419,11.2528802062455,40.9054236770367,1,-999,23.37003,-999,1.629257,0.09401655,False,-99,0.002266108
2591190603581621352,0,3.03283861731282,GALEX J004459.6+405455,11.2486896522582,40.9155462236844,1,-999,24.20169,-999,0.7573961,0.09401655,False,-99,0.002453421
2590838759860733534,0,3.03557008490719,GALEX J004502.6+405340,11.2611255766482,40.8945744886669,1,-999,25.18175,-999,0.3071143,0.09460142,False,-99,0.002278249
2590873944232836836,0,3.03788844224189,GALEX J004459.6+405456,11.2485489111465,40.9156516985747,1,-999,22.32377,-999,4.270609,0.09401655,False,-99,0.00661221
6449755137246233445,0,3.03968924547737,GALEX J004459.6+405458,11.248358034746,40.9162575361288,1,-999,23.81556,-999,1.080875,0.09401655,False,-99,0.001006374
2591190603581621367,0,3.04413206312211,GALEX J004530.9+405441,11.3789221342811,40.9114193200431,1,-999,23.57891,-999,1.344114,0.0918325,False,-99,0.004993817
2590838759860733941,0,3.04693822508484,GALEX J004459.3+405534,11.247132842513,40.9261987029338,1,-999,23.86297,-999,1.034696,0.09401655,False,-99,0.003256169
2590873944232837128,0,3.0517905284619,GALEX J004530.9+405440,11.3790660903677,40.9113353269245,1,-999,23.76238,-999,1.135139,0.0918325,False,-99,0.005060233
2496052061252100910,0,3.06472089188371,GALEX J004459.7+405617,11.248918983003,40.938189086589,1,-999,24.49179,-999,0.5798085,0.08973159,False,-99,0.002512756
2591190603581621914,0,3.06932370574898,GALEX J004506.8+405807,11.2784029914924,40.9686409073788,1,-999,24.54433,-999,0.5524179,0.08973159,False,-99,0.0028483
2590873944232837260,0,3.07234231537556,GALEX J004525.6+405307,11.3569006574421,40.8854408170074,1,-999,23.58483,-999,1.336799,0.09272595,False,-99,0.002139143
2590838759860734130,0,3.07315036342118,GALEX J004459.7+405618,11.2488156956939,40.9384445730417,1,-999,24.22015,-999,0.7446312,0.08973159,False,-99,0.004496904
2495840955019559729,0,3.07626239709402,GALEX J004505.7+405302,11.274034369887,40.884034209486,1,-999,22.87754,-999,2.564391,0.09460142,False,-99,0.002930272
2591190603583718204,0,3.0800867506878,GALEX J004525.6+405306,11.3568347982561,40.8852351025102,3,23.57793,23.54392,1.345332,1.388134,0.09272595,False,0.002798234,0.002843671
6449719952874143897,0,3.08077141766537,GALEX J004531.2+405615,11.3802691235547,40.9377273416233,1,-999,23.74191,-999,1.156736,0.0918325,False,-99,0.001569318
6372252786323620411,0,3.08112330488787,GALEX J004523.5+405250,11.3482923995685,40.8808003229165,1,-999,21.8503,-999,6.605087,0.09272595,False,-99,0.001597268
2590873944232836879,0,3.08118699867754,GALEX J004506.7+405807,11.2781540338389,40.9687563776309,1,-999,24.38825,-999,0.6378227,0.08973159,False,-99,0.003226172
2590873944232837546,0,3.08130604713476,GALEX J004509.7+405237,11.2905553264067,40.8771701812432,1,-999,24.07003,-999,0.8550456,0.09292386,False,-99,0.003459152
6449262556036996202,0,3.08255615430891,GALEX J004514.6+405835,11.3112098293749,40.9765995224419,1,-999,23.29401,-999,1.747417,0.08693592,False,-99,0.003580544
6449719952874143781,0,3.08566221644738,GALEX J004528.7+405344,11.3698712223814,40.8955596171577,1,-999,23.00957,-999,2.27076,0.09272595,False,-99,0.003234299
2590838759860734574,0,3.08665055164373,GALEX J004506.7+405807,11.2779460823003,40.9687650210005,1,-999,24.60268,-999,0.5235144,0.08973159,False,-99,0.003797476
2496052061252101085,0,3.08679408248913,GALEX J004459.1+405517,11.2464166282542,40.9216269932907,1,-999,23.68836,-999,1.215223,0.09401655,False,-99,0.002984005
6449262556036995554,0,3.08792014632832,GALEX J004525.5+405305,11.3563900139172,40.8848016829298,1,-999,23.32304,-999,1.701308,0.09272595,False,-99,0.00320197
2496052061254198059,0,3.08835811659456,GALEX J004459.2+405557,11.2468979388367,40.9326013598739,3,21.4501,21.45988,9.54909,9.463372,0.09401655,False,0.001670996,0.00268644
6449227371664901115,0,3.0884224229516,GALEX J004526.4+405748,11.3601525661562,40.9633793753329,1,-999,22.86152,-999,2.602493,0.08865522,False,-99,0.002066351
6457284592873247599,0,3.08896190556741,GALEX J004520.8+405235,11.3367060099216,40.8766515214763,1,-999,23.4022,-999,1.581689,0.09272595,False,-99,0.002159213
2496052061252100119,0,3.08983825519705,GALEX J004525.7+405307,11.3572790648902,40.8852972173413,1,-999,23.25385,-999,1.813252,0.09272595,False,-99,0.003228059
6449227371664900970,0,3.09177417358396,GALEX J004459.2+405558,11.2468639190482,40.9328201980188,1,-999,21.70078,-999,7.580293,0.09401655,False,-99,0.004997217
6449262556036995890,0,3.09340467258342,GALEX J004459.2+405557,11.2467939008694,40.9326457261417,1,-999,21.62967,-999,8.093427,0.09401655,False,-99,0.00198683
2591190603581621165,0,3.09412960588291,GALEX J004528.7+405343,11.3699169386307,40.8953646089745,1,-999,22.9738,-999,2.346809,0.09272595,False,-99,0.003398752
6449755137246233326,0,3.09584053554986,GALEX J004528.7+405342,11.3697229705142,40.8951111298732,1,-999,23.15537,-999,1.985421,0.09272595,False,-99,0.003470847
2590873944232837603,0,3.09624981995714,GALEX J004528.7+405343,11.3699120674893,40.8952986019383,1,-999,22.80771,-999,2.734746,0.09272595,False,-99,0.003712464
2591190603583718732,0,3.09855504942873,GALEX J004459.2+405557,11.2466992069562,40.9327505893764,3,21.47247,21.43657,9.354349,9.668746,0.09401655,False,0.002906613,0.00151448
6449262556036995631,0,3.09858673541432,GALEX J004528.6+405341,11.3694334267376,40.894732505308,1,-999,23.33318,-999,1.685497,0.09272595,False,-99,0.003405761
6457284592875345156,0,3.09873649722167,GALEX J004459.1+405556,11.246632137715,40.9324164654193,3,21.57016,21.20047,8.549461,12.01738,0.09401655,False,0.00165087,0.002911719
2590838759862831253,0,3.09876280464885,GALEX J004459.2+405557,11.2466847136827,40.9326993237511,3,21.38954,21.41915,10.09684,9.825147,0.09401655,False,0.001638228,0.001847648
6449192187292811529,0,3.09987096025703,GALEX J004459.2+405559,11.246737945026,40.9330952233369,1,-999,21.31059,-999,10.85832,0.09401655,False,-99,0.00330281
2590873944234935749,0,3.09999273837371,GALEX J004459.2+405557,11.2466551174048,40.9326879385229,3,21.3907,21.45533,10.08604,9.503123,0.09401655,False,0.001393797,0.001853243
2495840955021657184,0,3.10180407115852,GALEX J004459.1+405557,11.2466134852023,40.9326813588231,3,21.37473,21.54863,10.23551,8.720603,0.09401655,False,0.001346726,0.002172717
6449755137246233542,0,3.10369244541079,GALEX J004459.1+405558,11.246592019071,40.9327886046072,1,-999,21.60779,-999,8.258173,0.09401655,False,-99,0.002154477
6449755137246233466,0,3.1066335832304,GALEX J004459.0+405517,11.2459966528713,40.9214329073452,1,-999,23.61707,-999,1.297689,0.09401655,False,-99,0.002431792
6449719952874143896,0,3.1067746075628,GALEX J004459.1+405558,11.2465647443632,40.9329997144044,1,-999,21.51021,-999,9.034701,0.09401655,False,-99,0.002788994
2496052061252100206,0,3.10699943476604,GALEX J004528.8+405343,11.3703814396626,40.8954892792251,1,-999,23.57662,-999,1.346945,0.09272595,False,-99,0.003373376
2496087245624180873,0,3.10930855136667,GALEX J004514.7+405837,11.3115713174933,40.9770575831847,1,-999,23.77493,-999,1.122091,0.08693592,False,-99,0.002939298
2590873944232838608,0,3.10961496308259,GALEX J004518.7+405833,11.3280486778762,40.9760589117937,1,-999,22.0517,-999,5.486785,0.08561201,False,-99,0.004559221
2590873944233891404,0,3.11050113069926,GALEX J004528.7+405340,11.3697473669392,40.8947205035551,2,24.41448,-999,0.6226,-999,0.09272595,False,0.002722723,-99
2590838759860733368,0,3.11241075721048,GALEX J004508.2+405243,11.2842939138034,40.87863705783,1,-999,23.34106,-999,1.673303,0.09292386,False,-99,0.003350535
6449755137246233797,0,3.1124363928627,GALEX J004514.7+405837,11.3112309409076,40.9770987710375,1,-999,23.26089,-999,1.801541,0.08693592,False,-99,0.002766551
6372252786323620623,0,3.11347316391761,GALEX J004459.1+405558,11.2464089824152,40.9329678080808,1,-999,21.35209,-999,10.45117,0.09401655,False,-99,0.002859636
2496052061254197717,0,3.11391636570321,GALEX J004514.7+405837,11.3112585184201,40.9771243995987,3,22.9913,23.04178,2.309315,2.20439,0.08693592,False,0.002035941,0.00347298
2496052061253152535,0,3.11601745807687,GALEX J004527.6+405325,11.3652932108619,40.8904381121711,2,23.36736,-999,1.633269,-999,0.09272595,False,0.002488984,-99
2591190603583719224,0,3.11614297109794,GALEX J004514.7+405837,11.3116128626395,40.9771728342922,3,23.90838,23.24509,0.9923168,1.827941,0.08693592,False,0.002570693,0.001815096
2496087245626277921,0,3.11833459905387,GALEX J004459.1+405601,11.246465091964,40.9337590889612,3,22.93896,21.37532,2.423352,10.22988,0.09401655,False,0.001206587,0.007742207
2590873944234935617,0,3.11836920513267,GALEX J004514.7+405837,11.3114676540474,40.977205512152,3,23.53628,23.49103,1.397948,1.457436,0.08693592,False,0.001701927,0.002233369
2590873944232837422,0,3.12171090223208,GALEX J004508.1+405242,11.2840407570149,40.8785580199732,1,-999,24.13293,-999,0.8069156,0.09292386,False,-99,0.002172839
6449227371664900609,0,3.12204341549356,GALEX J004512.6+405226,11.3026137369551,40.874003292814,1,-999,23.8463,-999,1.050706,0.09234707,False,-99,0.002161536
2591190603581620945,0,3.12348000534981,GALEX J004508.1+405242,11.2840154597897,40.87853455744,1,-999,24.21818,-999,0.745984,0.09292386,False,-99,0.003144311
2590838759862831875,0,3.12376155103996,GALEX J004514.8+405838,11.3117308386341,40.977303352779,3,23.61049,23.46005,1.305588,1.499616,0.08693592,False,0.002816524,0.002430608
6457284592873247685,0,3.12550469598414,GALEX J004525.7+405304,11.3574400526081,40.884631760661,1,-999,22.40244,-999,3.972114,0.09272595,False,-99,0.003807448
6449719952874143885,0,3.12559308139827,GALEX J004531.9+405548,11.3829768460172,40.9301732492191,1,-999,21.35083,-999,10.46332,0.0918325,False,-99,0.002748644
6449262556036995845,0,3.12656806256087,GALEX J004531.9+405547,11.383039017938,40.9298352555894,1,-999,21.05969,-999,13.68119,0.0918325,False,-99,0.00166181
2591190603581621597,0,3.1268614729021,GALEX J004531.9+405547,11.3830275783035,40.9299877394871,1,-999,21.101,-999,13.17039,0.0918325,False,-99,0.001485441
2591190603581621067,0,3.12687970818744,GALEX J004527.7+405325,11.3655003409557,40.8903413455407,1,-999,25.02081,-999,0.3561834,0.09272595,False,-99,0.002061917
2590873944232837245,0,3.12713139491107,GALEX J004531.5+405615,11.381361278306,40.9376084493927,1,-999,25.10922,-999,0.3283308,0.0918325,False,-99,0.001702927
2591190603581621573,0,3.12813058497439,GALEX J004531.5+405616,11.3812864622221,40.9379076864572,1,-999,24.84735,-999,0.4178879,0.0918325,False,-99,0.002206273
2496087245624180752,0,3.12813232514902,GALEX J004459.2+405611,11.2469731751687,40.9366030978335,1,-999,22.57212,-999,3.397438,0.09401655,False,-99,0.002593607
2590838759860733927,0,3.1297722714462,GALEX J004458.9+405517,11.2454857274639,40.9214240855044,1,-999,23.55634,-999,1.37234,0.09401655,False,-99,0.00222694
2591190603581620927,0,3.13067397652541,GALEX J004509.7+405234,11.2904817172045,40.8763132954962,1,-999,24.61477,-999,0.5177141,0.09292386,False,-99,0.002756161
2590873944232837246,0,3.13085111653625,GALEX J004531.9+405547,11.3831236616361,40.9299227050407,1,-999,21.09178,-999,13.28277,0.0918325,False,-99,0.00167145
2590873944232837005,0,3.13108107005955,GALEX J004527.7+405325,11.3656657933295,40.8903754585397,1,-999,24.29805,-999,0.6930761,0.09272595,False,-99,0.002095981
6372252786323620780,0,3.13119616254316,GALEX J004520.5+405829,11.3357684406258,40.9748896795751,1,-999,22.20619,-999,4.759092,0.08561201,False,-99,0.0008577986
2496087245624180868,0,3.13148071542098,GALEX J004509.6+405827,11.290385021477,40.9742345791147,1,-999,23.47317,-999,1.481602,0.08693592,False,-99,0.003049569
6449755137246233526,0,3.13189796025693,GALEX J004531.9+405547,11.3831486863872,40.9299070484006,1,-999,21.3147,-999,10.81737,0.0918325,False,-99,0.001622772
2496052061252101283,0,3.13456873907925,GALEX J004531.9+405548,11.383185075418,40.9300972454082,1,-999,21.18526,-999,12.18697,0.0918325,False,-99,0.0015232
2496052061252101150,0,3.13475520500623,GALEX J004458.9+405507,11.2457090598016,40.9188788323029,1,-999,24.02735,-999,0.8893198,0.09401655,False,-99,0.002098653
2591190603581621982,0,3.13505443958601,GALEX J004521.1+405827,11.3381968835158,40.9743216505336,1,-999,24.97413,-999,0.3718337,0.08561201,False,-99,0.002396431
2591190603581621138,0,3.13606167604504,GALEX J004529.4+405350,11.3727871943607,40.8973406769218,1,-999,25.24207,-999,0.2905181,0.09272595,False,-99,0.001937383
6372252786323620614,0,3.1363639912059,GALEX J004531.9+405547,11.3832448634847,40.9299302896271,1,-999,21.06026,-999,13.67398,0.0918325,False,-99,0.004055128
2590873944232838476,0,3.1375772738044,GALEX J004519.6+405833,11.3317187461465,40.975895324417,1,-999,22.05413,-999,5.474542,0.08561201,False,-99,0.005056424
2590873944232836796,0,3.1403164636525,GALEX J004509.6+405827,11.2901980749268,40.9743393147841,1,-999,23.97537,-999,0.9329341,0.08693592,False,-99,0.003519287
2591190603583718566,0,3.14061832167075,GALEX J004458.8+405517,11.2452453638493,40.9214288632734,3,23.50774,24.14633,1.435178,0.7970198,0.09401655,False,0.00332857,0.003073837
6457284592873247990,0,3.14098402559624,GALEX J004532.0+405547,11.3833547234697,40.9298657099414,1,-999,21.02519,-999,14.12295,0.0918325,False,-99,0.003813922
2590838759860734680,0,3.14562027600396,GALEX J004509.5+405827,11.2898951208979,40.9743481444177,1,-999,23.65986,-999,1.247544,0.08693592,False,-99,0.002535664
2590873944232837003,0,3.14632599851598,GALEX J004458.8+405517,11.2451003507836,40.9216255874668,1,-999,22.32154,-999,4.279426,0.09401655,False,-99,0.009234264
6449719952874144054,0,3.14723301128476,GALEX J004514.7+405839,11.3114843631712,40.9776875093963,1,-999,22.68362,-999,3.065844,0.08693592,False,-99,0.003576676
2591190603581622004,0,3.14825434069388,GALEX J004509.5+405827,11.2898415168705,40.9743798140403,1,-999,23.90347,-999,0.996811,0.08693592,False,-99,0.002394201
2590873944232837560,0,3.14871712599895,GALEX J004501.7+405343,11.2573107706587,40.8953292569161,1,-999,23.64798,-999,1.261272,0.09460142,False,-99,0.003144319
6449227371664900861,0,3.15281443939224,GALEX J004458.7+405518,11.2449523481614,40.9216748029394,1,-999,23.72621,-999,1.173587,0.09401655,False,-99,0.002447365
2496052061252100635,0,3.15337010060201,GALEX J004509.6+405828,11.2902247527029,40.9745787999238,1,-999,23.49782,-999,1.448349,0.08693592,False,-99,0.003354318
6449227371664901254,0,3.15432087720417,GALEX J004515.0+405840,11.3125542253152,40.9778326177256,1,-999,22.90853,-999,2.492228,0.08693592,False,-99,0.004300006
6457284592873247715,0,3.159189255593,GALEX J004501.9+405338,11.258246108184,40.894042348884,1,-999,22.9836,-999,2.325725,0.09460142,False,-99,0.002924867
6449719952874143837,0,3.16164554078938,GALEX J004530.3+405405,11.3765933085582,40.9015506414615,1,-999,22.67889,-999,3.079231,0.0918325,False,-99,0.004616037
6457284592873248315,0,3.16745007386347,GALEX J004509.7+405829,11.2904357228412,40.9748871635086,1,-999,23.0069,-999,2.276354,0.08693592,False,-99,0.002877822
6449755137246233391,0,3.16993361471038,GALEX J004530.3+405403,11.3764037386651,40.9009674005371,1,-999,22.2174,-999,4.710212,0.0918325,False,-99,0.005292945
2496052061252100224,0,3.1704158957254,GALEX J004530.3+405404,11.3765333462999,40.9011396041048,1,-999,23.42797,-999,1.544581,0.0918325,False,-99,0.003587794
2496052061252100666,0,3.1706542333604,GALEX J004519.7+405834,11.3321146435569,40.9763870311006,1,-999,24.0884,-999,0.8406991,0.08561201,False,-99,0.002265141
2591190603581622006,0,3.17329596645207,GALEX J004519.7+405835,11.3323164827956,40.9763922892533,1,-999,24.63178,-999,0.5096684,0.08561201,False,-99,0.001537693
6449719952874144007,0,3.17411178143833,GALEX J004525.0+405807,11.3541977995817,40.9687746669921,1,-999,23.29456,-999,1.746525,0.08865522,False,-99,0.002460394
2590838759860734645,0,3.17519979958719,GALEX J004519.8+405834,11.3326479907327,40.9763579742836,1,-999,25.29689,-999,0.2762129,0.08561201,False,-99,0.002228779
6449755137246233860,0,3.17848269568128,GALEX J004516.6+405841,11.3195137138908,40.9781078075792,1,-999,23.03104,-999,2.2263,0.08693592,False,-99,0.003280577
2590873944234934475,0,3.17960602766676,GALEX J004530.4+405404,11.3768076437008,40.9012084142873,3,24.00003,22.53311,0.911988,3.521713,0.0918325,False,0.002544224,0.003357862
2591190603581621251,0,3.18475824650998,GALEX J004530.4+405404,11.376898611864,40.9011542406391,1,-999,22.79144,-999,2.776038,0.0918325,False,-99,0.00338352
6449262556036995668,0,3.18926354626924,GALEX J004530.4+405403,11.3767974684553,40.9008414663918,1,-999,22.60944,-999,3.282637,0.0918325,False,-99,0.004419465
6457284592873247762,0,3.18933132336113,GALEX J004530.4+405402,11.3767842892798,40.9008197965699,1,-999,22.92549,-999,2.453597,0.0918325,False,-99,0.001941934
6457284592873248330,0,3.19014713238539,GALEX J004519.8+405835,11.3325123837989,40.9766435194879,1,-999,23.26957,-999,1.787193,0.08561201,False,-99,0.002701989
6449227371664900688,0,3.19658340143827,GALEX J004503.0+405320,11.2627603910348,40.888957854321,1,-999,23.29448,-999,1.74666,0.09460142,False,-99,0.002635121
2591190603581620891,0,3.20670569673446,GALEX J004520.6+405227,11.3360629518199,40.874418994527,1,-999,25.04277,-999,0.3490534,0.09234707,False,-99,0.002112926
2590873944232838347,0,3.20745163424045,GALEX J004509.9+405229,11.2913097846283,40.8747321272372,1,-999,24.74424,-999,0.4595201,0.09234707,False,-99,0.002696255
2590873944232836765,0,3.20775721046732,GALEX J004517.0+405842,11.321113188358,40.9784946142071,1,-999,22.82658,-999,2.68762,0.08693592,False,-99,0.006217537
2591190603581622036,0,3.20963646439441,GALEX J004516.8+405842,11.3203298626739,40.9785796582679,1,-999,24.31322,-999,0.6834551,0.08693592,False,-99,0.001941866
2590838759860734693,0,3.21010784306248,GALEX J004516.9+405842,11.3207785665668,40.9785576670279,1,-999,24.93224,-999,0.3864596,0.08693592,False,-99,0.002845546
6449227371664901162,0,3.2102562872777,GALEX J004506.6+405815,11.2775438784538,40.9710006311894,1,-999,23.73791,-999,1.161014,0.08973159,False,-99,0.00219992
2496052061252100058,0,3.21557360964121,GALEX J004523.5+405241,11.3480052615005,40.8781134274254,1,-999,23.34246,-999,1.671143,0.09272595,False,-99,0.00357202
2590873944232836833,0,3.21767527387097,GALEX J004506.4+405815,11.2769904414279,40.9708893917494,1,-999,24.31917,-999,0.6797243,0.08973159,False,-99,0.00173993
2590873944232837427,0,3.2187922530947,GALEX J004524.9+405250,11.3539447245856,40.88076255549,1,-999,25.04115,-999,0.3495744,0.09272595,False,-99,0.002276619
2590873944232837551,0,3.22081480788556,GALEX J004531.6+405429,11.3816732318271,40.9081850353273,1,-999,23.41372,-999,1.564984,0.0918325,False,-99,0.002263341
6449192187292811490,0,3.22194273209309,GALEX J004458.4+405516,11.2434641235109,40.9212515107415,1,-999,23.68456,-999,1.21948,0.09401655,False,-99,0.004297296
6372252786323620521,0,3.22546721882842,GALEX J004531.6+405430,11.3819112207768,40.9084798845048,1,-999,21.54708,-999,8.733077,0.0918325,False,-99,0.001859921
6449755137246233281,0,3.22611013645774,GALEX J004527.3+405312,11.3641336920318,40.8868797395212,1,-999,23.50488,-999,1.438962,0.09272595,False,-99,0.002690022
2496052061252100105,0,3.2279454566183,GALEX J004505.3+405254,11.2724555542947,40.8817748195374,1,-999,23.6722,-999,1.233444,0.09460142,False,-99,0.00283647
2591190603581621254,0,3.22934959645052,GALEX J004531.6+405428,11.3817968883233,40.9080171715832,1,-999,23.79963,-999,1.096852,0.0918325,False,-99,0.002281082
2591190603581620984,0,3.22995003499339,GALEX J004523.6+405240,11.3485123598372,40.8780489844987,1,-999,23.46105,-999,1.498236,0.09272595,False,-99,0.002786015
2591190603581620971,0,3.2348110380204,GALEX J004505.3+405254,11.2721113264945,40.8818232522371,1,-999,24.45873,-999,0.597734,0.09460142,False,-99,0.002447475
2591190603581621960,0,3.23755604530518,GALEX J004506.4+405816,11.2769504624462,40.9712600364709,1,-999,24.82845,-999,0.4252272,0.08973159,False,-99,0.002790434
6449755137246233200,0,3.23946972752752,GALEX J004516.3+405216,11.3179010375085,40.871354005326,1,-999,24.397,-999,0.6327049,0.09234707,False,-99,0.00205387
2590873944232837585,0,3.23985095823553,GALEX J004523.6+405240,11.34849007472,40.877851829871,1,-999,23.53694,-999,1.397087,0.09272595,False,-99,0.003253778
2590838759860734564,0,3.24069758271441,GALEX J004506.4+405816,11.2766464067848,40.9711798358087,1,-999,25.06101,-999,0.3432388,0.08973159,False,-99,0.00289656
2590838759860733407,0,3.24184399842409,GALEX J004505.3+405253,11.2721799087852,40.8816400484525,1,-999,24.45307,-999,0.6008571,0.09460142,False,-99,0.003638153
2591190603581621043,0,3.24194990734296,GALEX J004502.9+405318,11.2621548713651,40.8883403275948,1,-999,23.5325,-999,1.402817,0.09460142,False,-99,0.00312129
2590873944232837380,0,3.2475634940103,GALEX J004505.2+405253,11.2720218751272,40.8816093027752,1,-999,24.27068,-999,0.7107657,0.09460142,False,-99,0.001874664
2496052061252100842,0,3.24811531978972,GALEX J004531.6+405636,11.3818471625855,40.9434219993592,1,-999,23.18595,-999,1.930271,0.08865522,False,-99,0.002414051
2591190603582684278,0,3.25084313057363,GALEX J004527.5+405750,11.3645805158422,40.9639436990439,2,23.97286,-999,0.9351017,-999,0.08865522,False,0.002554774,-99
6449262556036995980,0,3.25771082354372,GALEX J004531.6+405636,11.3820572147144,40.9434530989866,1,-999,23.68662,-999,1.217166,0.08865522,False,-99,0.001493294
6449755137246233582,0,3.26503733572633,GALEX J004531.7+405635,11.3823147350183,40.9432684628523,1,-999,22.71102,-999,2.989456,0.08865522,False,-99,0.001795415
2591190603581621662,0,3.26751839047193,GALEX J004531.7+405635,11.3823711520816,40.943271871067,1,-999,22.78733,-999,2.78655,0.08865522,False,-99,0.002441484
6457284592873248087,0,3.26806605911148,GALEX J004531.7+405635,11.3823584178426,40.9433269528698,1,-999,22.84289,-999,2.647557,0.08865522,False,-99,0.002327259
6449719952874144051,0,3.27088500732799,GALEX J004517.2+405846,11.3220329831145,40.9794814814,1,-999,23.58559,-999,1.335873,0.08693592,False,-99,0.002420917
6449719952874143922,0,3.27103250019403,GALEX J004531.7+405636,11.3823502139265,40.9434932830302,1,-999,23.14209,-999,2.009853,0.08865522,False,-99,0.003208748
2496087245624180766,0,3.27309863809339,GALEX J004458.7+405624,11.2448212967923,40.9400446628396,1,-999,22.03254,-999,5.584507,0.09401655,False,-99,0.006062448
2590873944232836961,0,3.27796844199524,GALEX J004531.8+405635,11.3826448598669,40.9432078004475,1,-999,22.81353,-999,2.720121,0.08865522,False,-99,0.003079568
2496052061252100176,0,3.28121339143439,GALEX J004528.7+405324,11.3698474561088,40.8902009893273,1,-999,23.37564,-999,1.620845,0.09272595,False,-99,0.002705118
2590873944232837314,0,3.28421493890471,GALEX J004506.0+405245,11.2749962848287,40.879319779419,1,-999,25.29224,-999,0.2773986,0.09460142,False,-99,0.001155556
2591190603581621571,0,3.28692373275276,GALEX J004532.4+405613,11.3851523816195,40.937043811965,1,-999,23.99911,-999,0.9127548,0.0918325,False,-99,0.002078424
2590873944232837588,0,3.2890153635398,GALEX J004522.9+405233,11.3457307660189,40.8758641788787,1,-999,24.55478,-999,0.5471281,0.09272595,False,-99,0.001629123
2591190603581621090,0,3.2960784949663,GALEX J004528.8+405323,11.3699986250422,40.8899516743996,1,-999,23.01428,-999,2.260931,0.09272595,False,-99,0.004158899
6449262556036995609,0,3.29630010563686,GALEX J004528.7+405323,11.3699144000923,40.8898703061217,1,-999,23.49558,-999,1.451336,0.09272595,False,-99,0.002567961
6449227371664901008,0,3.30018690142399,GALEX J004531.9+405636,11.3830971247772,40.9433528730425,1,-999,23.00417,-999,2.282077,0.08865522,False,-99,0.004316662
6449755137246233791,0,3.30159310723882,GALEX J004506.6+405822,11.2775921352297,40.9727944997512,1,-999,23.32613,-999,1.696481,0.08693592,False,-99,0.003540377
2590873944232837307,0,3.30232607417849,GALEX J004528.9+405324,11.3705035910316,40.8902472729773,1,-999,22.81954,-999,2.7051,0.09272595,False,-99,0.003629611
2591190603581620912,0,3.30571880767962,GALEX J004523.0+405232,11.3459314837945,40.8756282409562,1,-999,24.41111,-999,0.6245308,0.09272595,False,-99,0.002489389
6449755137246233284,0,3.31255123182269,GALEX J004504.0+405260,11.2668375851474,40.8833322794912,1,-999,22.27231,-999,4.477898,0.09460142,False,-99,0.00474225
2495840955019559730,0,3.31383058718687,GALEX J004504.0+405259,11.2670153119224,40.8831897406969,1,-999,22.65099,-999,3.159391,0.09460142,False,-99,0.002971109
2496052061252100001,0,3.31513849617382,GALEX J004520.2+405219,11.3343229322332,40.8721315594231,1,-999,22.73406,-999,2.926671,0.09234707,False,-99,0.003631524
2496052061252099972,0,3.31858795695052,GALEX J004516.7+405212,11.319673105497,40.8701154465948,1,-999,22.9789,-999,2.335833,0.09234707,False,-99,0.004744672
6457284592873248317,0,3.31960906094294,GALEX J004512.9+405848,11.3037348643403,40.9800224998737,1,-999,22.89914,-999,2.51388,0.08693592,False,-99,0.003039075
6449262556036995541,0,3.32040160527509,GALEX J004504.2+405257,11.2675596157917,40.8827012722755,1,-999,22.58993,-999,3.342159,0.09460142,False,-99,0.003974229
2590838759862830635,0,3.32450248718865,GALEX J004504.0+405258,11.2670128951697,40.8829582016781,3,22.68489,22.31192,3.062298,4.317488,0.09460142,False,0.004318277,0.002558737
2590873944234934494,0,3.32453646625528,GALEX J004504.0+405258,11.2670475386836,40.8829353512621,3,22.64062,22.27351,3.18973,4.472978,0.09460142,False,0.002921697,0.00201387
6457284592873247664,0,3.32759747453034,GALEX J004504.1+405257,11.2672432943061,40.8827444132467,1,-999,22.33709,-999,4.218547,0.09460142,False,-99,0.002753282
6449719952874143772,0,3.32814298387968,GALEX J004529.0+405324,11.3710891553098,40.8901080133413,1,-999,22.91661,-999,2.473751,0.09272595,False,-99,0.00299653
6449719952874144055,0,3.32987253822513,GALEX J004512.8+405848,11.3033516697147,40.9801524101585,1,-999,23.82578,-999,1.070754,0.08693592,False,-99,0.00113499
2496052061254197232,0,3.33135460030394,GALEX J004504.1+405257,11.2670802615073,40.8827660056309,3,22.53593,22.25735,3.512603,4.540026,0.09460142,False,0.003796696,0.00338993
2590873944232837722,0,3.3315115464306,GALEX J004520.2+405218,11.3341853948212,40.8718186377568,1,-999,24.08139,-999,0.8461454,0.09234707,False,-99,0.003089774
6372252786323620413,0,3.33219279976907,GALEX J004504.1+405257,11.2671200773795,40.8827225192402,1,-999,22.3412,-999,4.202625,0.09460142,False,-99,0.002256154
2591190603583718199,0,3.33268564899847,GALEX J004504.0+405258,11.2669855602883,40.8827972218513,3,23.03045,22.29225,2.227513,4.396418,0.09460142,False,0.003846098,0.002166314
6449262556036995539,0,3.33788287187632,GALEX J004503.1+405306,11.2633103761163,40.8851809081684,1,-999,22.27802,-999,4.454433,0.09460142,False,-99,0.003051674
6449719952874143777,0,3.33798134041523,GALEX J004503.4+405304,11.2641752535863,40.884560270132,1,-999,21.64556,-999,7.975855,0.09460142,False,-99,0.006918486
2496052061252100113,0,3.34061593809729,GALEX J004503.1+405306,11.2632043611533,40.8851948220918,1,-999,22.4917,-999,3.658633,0.09460142,False,-99,0.002617322
2591190603581620902,0,3.34102300881943,GALEX J004520.1+405217,11.3340906673904,40.8716340262982,1,-999,24.21984,-999,0.7448447,0.09234707,False,-99,0.003572508
2590873944232837443,0,3.34234136355595,GALEX J004459.8+405355,11.2494293758861,40.8988708272782,1,-999,22.40902,-999,3.94814,0.09460142,False,-99,0.004958612
2590838759862830718,0,3.34376191747508,GALEX J004503.1+405306,11.263110843864,40.8851901605921,3,24.14357,22.18607,0.7990518,4.84812,0.09460142,False,0.001069609,0.004196553
6449227371664900686,0,3.34473743201482,GALEX J004503.9+405258,11.2663799445569,40.882922325296,1,-999,22.06534,-999,5.418315,0.09460142,False,-99,0.005769655
2590873944232837622,0,3.34634945603872,GALEX J004501.8+405322,11.2575965627067,40.8896142267215,1,-999,22.68631,-999,3.058264,0.09460142,False,-99,0.00392458
2496052061252100172,0,3.34711937073106,GALEX J004501.8+405322,11.2577495543933,40.8894557357109,1,-999,23.91721,-999,0.9842763,0.09460142,False,-99,0.002341096
2591190603583718224,0,3.34919864414073,GALEX J004503.1+405306,11.263049434366,40.8851090442524,3,23.41408,22.30603,1.564483,4.340995,0.09460142,False,0.002391451,0.002176368
2495840955019559737,0,3.34970116156748,GALEX J004503.1+405306,11.2630444720411,40.8851010269738,1,-999,22.93839,-999,2.424608,0.09460142,False,-99,0.002417019
2591190603581621055,0,3.34981349089654,GALEX J004501.8+405321,11.2577133774576,40.889418466454,1,-999,24.47151,-999,0.5907393,0.09460142,False,-99,0.001774052
6449755137246233294,0,3.35038820657771,GALEX J004503.1+405306,11.2630868014082,40.8850542996512,1,-999,22.20964,-999,4.74399,0.09460142,False,-99,0.005068728
2590873944234934485,0,3.35159358334545,GALEX J004503.1+405306,11.2630832335554,40.8850290171764,3,22.88793,22.12383,2.53997,5.134156,0.09460142,False,0.002827515,0.00430013
6457284592873247666,0,3.35236624852863,GALEX J004503.1+405306,11.2629636518241,40.8850982629783,1,-999,22.77921,-999,2.807472,0.09460142,False,-99,0.003220728
6449755137246233290,0,3.35247430484513,GALEX J004501.9+405320,11.2579829669143,40.8891082971865,1,-999,23.69575,-999,1.206981,0.09460142,False,-99,0.002077356
6449755137246233834,0,3.35401851338008,GALEX J004510.2+405843,11.2925245698011,40.9786963319939,1,-999,22.78488,-999,2.792841,0.08693592,False,-99,0.004368724
2591190603581621257,0,3.35946882614542,GALEX J004458.3+405433,11.2433034314256,40.9093374290349,1,-999,24.85553,-999,0.4147508,0.09401655,False,-99,0.002889722
6449227371664901220,0,3.35979985820637,GALEX J004510.2+405843,11.2927176749689,40.9788418296404,1,-999,23.00953,-999,2.270853,0.08693592,False,-99,0.003697547
2591190603581622085,0,3.36142441833641,GALEX J004512.9+405850,11.3037550659063,40.9807289457067,1,-999,23.81524,-999,1.081194,0.08693592,False,-99,0.003508723
2591190603581620855,0,3.36145944297489,GALEX J004519.2+405214,11.3303859749484,40.870583214743,1,-999,24.39539,-999,0.6336406,0.09234707,False,-99,0.002511792
6457284592875344724,0,3.36475484901687,GALEX J004517.1+405210,11.3215544446354,40.869464797564,3,23.0972,22.14329,2.094694,5.042933,0.09234707,False,0.002279403,0.005329773
6449262556036996120,0,3.36635408271676,GALEX J004510.1+405843,11.292370219793,40.9788755064137,1,-999,22.91965,-999,2.466824,0.08693592,False,-99,0.002295414
2590873944234935450,0,3.36846640416949,GALEX J004517.2+405209,11.3218199498395,40.869422612754,3,23.1512,22.31903,1.993066,4.28933,0.09234707,False,0.003330883,0.00570822
2590838759860734729,0,3.36854820876667,GALEX J004512.9+405851,11.3037297096234,40.9808461433936,1,-999,24.78708,-999,0.441741,0.08693592,False,-99,0.003112609
2590838759860733473,0,3.36957787613557,GALEX J004501.7+405321,11.2573231293839,40.8892576838441,1,-999,24.90563,-999,0.3960474,0.09460142,False,-99,0.002183681
2591190603583718046,0,3.37049826657903,GALEX J004517.2+405209,11.3219285309874,40.8693969465297,3,22.57339,22.5288,3.393473,3.535729,0.09234707,False,0.004274021,0.004774054
2590873944232838432,0,3.37067174373092,GALEX J004510.1+405844,11.2921753850033,40.9789051330118,1,-999,22.68632,-999,3.058241,0.08693592,False,-99,0.002851392
2590873944232837070,0,3.37072184874394,GALEX J004458.3+405432,11.243207752489,40.908927005952,1,-999,21.73448,-999,7.348667,0.09401655,False,-99,0.008872207
6449719952874143815,0,3.37132165185627,GALEX J004532.4+405430,11.3852419573828,40.9083649793629,1,-999,22.96593,-999,2.363894,0.0918325,False,-99,0.00184301
2590873944232837361,0,3.37173309378775,GALEX J004519.3+405213,11.3306044323291,40.8704446169103,1,-999,24.487,-999,0.5823734,0.09234707,False,-99,0.002088205
2590838759860734784,0,3.37199760593129,GALEX J004510.1+405844,11.2920828658763,40.9789064352896,1,-999,22.89618,-999,2.520724,0.08693592,False,-99,0.001870903
6449755137246233403,0,3.37210438889803,GALEX J004532.4+405430,11.3853365299648,40.9085489621605,1,-999,23.3113,-999,1.719812,0.0918325,False,-99,0.002986265
2495840955019560361,0,3.37223415791443,GALEX J004510.1+405844,11.2924061116842,40.9789864554361,1,-999,23.14431,-999,2.005746,0.08693592,False,-99,0.002800163
6457284592873248329,0,3.37261053831128,GALEX J004509.9+405843,11.2915984266841,40.9788011363267,1,-999,22.50085,-999,3.627923,0.08693592,False,-99,0.004004373
2591190603581622094,0,3.37262786546753,GALEX J004510.1+405844,11.2921726130994,40.9789386330202,1,-999,22.78169,-999,2.801072,0.08693592,False,-99,0.001466351
2496052061252100672,0,3.37293379976898,GALEX J004510.1+405844,11.2921421650327,40.9789367968086,1,-999,23.00566,-999,2.27895,0.08693592,False,-99,0.001763088
2590873944232836965,0,3.37303552519142,GALEX J004512.9+405851,11.3037633545939,40.9809253554801,1,-999,24.30095,-999,0.6912224,0.08693592,False,-99,0.003813948
2496087245624180787,0,3.37338690849862,GALEX J004459.1+405652,11.2462493873537,40.9479865412589,1,-999,23.34908,-999,1.661,0.08973159,False,-99,0.003224478
2590838759860734025,0,3.37356195872518,GALEX J004457.7+405601,11.2407392276877,40.9336342835303,1,-999,23.83992,-999,1.056898,0.09401655,False,-99,0.00372701
2591190603581621413,0,3.37593269546964,GALEX J004533.2+405517,11.388637317541,40.9215667495466,1,-999,24.76549,-999,0.4506121,0.0918325,False,-99,0.002275712
2496087245624180890,0,3.37600627144668,GALEX J004510.1+405844,11.2921235598071,40.9789860574012,1,-999,23.00895,-999,2.272057,0.08693592,False,-99,0.002397228
2590838759860734302,0,3.37711329212568,GALEX J004500.3+405719,11.2513669715379,40.95537200133,1,-999,24.85023,-999,0.4167811,0.08973159,False,-99,0.001949197
2591190603581621761,0,3.3786879729946,GALEX J004500.3+405719,11.2513639480086,40.955417479824,1,-999,24.5324,-999,0.5585219,0.08973159,False,-99,0.002576913
6449719952874143899,0,3.37915976177284,GALEX J004533.0+405605,11.3877898121005,40.9348663524352,1,-999,22.46208,-999,3.759813,0.0918325,False,-99,0.002748519
2496052061252100305,0,3.38127435498038,GALEX J004458.3+405432,11.2429220773394,40.9090330015232,1,-999,23.7679,-999,1.129379,0.09401655,False,-99,0.002421785
2496052061252100299,0,3.38334588225531,GALEX J004532.5+405430,11.3856207848436,40.9086088038851,1,-999,23.34831,-999,1.662174,0.0918325,False,-99,0.00199821
6372252786323620775,0,3.38341434097749,GALEX J004505.9+405823,11.2747551228711,40.9730926658675,1,-999,21.8992,-999,6.314217,0.08973159,False,-99,0.002517021
6449192187292811703,0,3.38528511443862,GALEX J004510.2+405845,11.2924890299398,40.9792332331945,1,-999,22.9206,-999,2.46468,0.08693592,False,-99,0.003197321
2591190603581621529,0,3.3884621439245,GALEX J004457.7+405602,11.2404815608107,40.9340041880451,1,-999,24.88946,-999,0.4019907,0.09401655,False,-99,0.002441247
2591190603581621615,0,3.38914349572536,GALEX J004533.1+405604,11.3880803764794,40.9345666338273,1,-999,22.14538,-999,5.033253,0.0918325,False,-99,0.001530287
2590838759860733697,0,3.38930289748493,GALEX J004458.2+405432,11.2426850763819,40.9091645071716,1,-999,24.97899,-999,0.3701732,0.09401655,False,-99,0.002544869
2496052061254197111,0,3.38995016541598,GALEX J004517.6+405209,11.3233204838897,40.86918849297,3,23.23685,22.87084,1.841882,2.580269,0.09234707,False,0.002680455,0.004177567
6449262556036995383,0,3.3908618841215,GALEX J004517.4+405208,11.3228233448618,40.8691289627042,1,-999,22.39475,-999,4.000349,0.09234707,False,-99,0.005095894
2590873944234934072,0,3.39112274975209,GALEX J004533.1+405604,11.3881154383248,40.934608373641,3,23.96286,21.9897,0.9437526,5.809266,0.0918325,False,0.001174522,0.002105956
6449755137246233329,0,3.39134498764481,GALEX J004530.4+405338,11.3766654930979,40.8940414983871,1,-999,23.19965,-999,1.906071,0.0918325,False,-99,0.003446004
2496052061252101165,0,3.39376234222506,GALEX J004533.1+405604,11.3881602305141,40.9346726649221,1,-999,22.56216,-999,3.428754,0.0918325,False,-99,0.001067583
2591190603583718445,0,3.39397114333402,GALEX J004532.5+405430,11.3857665872477,40.9083672889036,3,23.42552,23.13079,1.548083,2.030878,0.0918325,False,0.002897199,0.00195818
6449262556036995899,0,3.39427206916861,GALEX J004533.1+405604,11.3881885678606,40.9345961835357,1,-999,22.3179,-999,4.293766,0.0918325,False,-99,0.002935498
6449719952874144052,0,3.39514973499422,GALEX J004510.0+405845,11.291818888634,40.9792482732748,1,-999,23.24382,-999,1.83008,0.08693592,False,-99,0.002973428
2590873944234934396,0,3.39696359716541,GALEX J004532.6+405430,11.385845079616,40.9083898067066,3,24.13478,23.16239,0.8055456,1.972628,0.0918325,False,0.002309481,0.001845911
6372252786323620449,0,3.39745876610362,GALEX J004529.9+405330,11.3747858308898,40.891826593574,1,-999,22.26856,-999,4.493409,0.09272595,False,-99,0.00218766
6449755137246233546,0,3.39931187547079,GALEX J004533.1+405604,11.3882747972576,40.934715706803,1,-999,22.64006,-999,3.191359,0.0918325,False,-99,0.002242063
6449755137246233187,0,3.40370971330602,GALEX J004517.6+405208,11.3236479113708,40.868987904235,1,-999,23.3288,-999,1.692304,0.09234707,False,-99,0.002867086
2590873944232836797,0,3.41039155235599,GALEX J004533.4+405515,11.3893551849537,40.9210935876791,1,-999,24.26836,-999,0.7122892,0.0918325,False,-99,0.003522235
2496052061252100155,0,3.41202134965293,GALEX J004530.4+405336,11.3768041257716,40.8935778984179,1,-999,23.08309,-999,2.122085,0.0918325,False,-99,0.004218415
6457284592873247814,0,3.41238642267253,GALEX J004532.6+405429,11.3860661811334,40.9080651089277,1,-999,23.24089,-999,1.835031,0.0918325,False,-99,0.002323525
6457284592873248046,0,3.41305566163376,GALEX J004533.2+405604,11.3886353348835,40.9344735983656,1,-999,22.99531,-999,2.300792,0.0918325,False,-99,0.001881188
6449262556036995722,0,3.42495531325548,GALEX J004532.7+405430,11.3864990929447,40.908407962117,1,-999,22.9773,-999,2.339268,0.0918325,False,-99,0.003542794
2591190603583718327,0,3.42869504646755,GALEX J004530.4+405335,11.3769643003085,40.8932604365343,3,22.8663,22.91286,2.591085,2.482311,0.0918325,False,0.004407611,0.004093027
6449262556036995384,0,3.42907719830381,GALEX J004519.4+405210,11.3311300477321,40.8695546023198,1,-999,23.43976,-999,1.527903,0.09234707,False,-99,0.003602203
2590873944234934646,0,3.4369760396143,GALEX J004530.5+405335,11.3771880919275,40.8932642855855,3,23.43072,22.79285,1.540684,2.772413,0.0918325,False,0.003353061,0.002727997
6372252786323620742,0,3.43973538954349,GALEX J004529.0+405748,11.3709294342447,40.9634755981895,1,-999,20.9967,-999,14.49844,0.08865522,False,-99,0.003583128
6449262556036995585,0,3.44031711280793,GALEX J004530.5+405336,11.3774152114197,40.8934200447796,1,-999,22.9734,-999,2.347682,0.0918325,False,-99,0.003991983
6449192187292811451,0,3.44335007574869,GALEX J004457.9+405431,11.2415827313049,40.9088063634775,1,-999,22.86424,-999,2.596,0.09401655,False,-99,0.002789399
6457284592873247711,0,3.44385731303971,GALEX J004530.4+405334,11.377057723358,40.8929149135998,1,-999,22.98893,-999,2.314348,0.0918325,False,-99,0.002575481
6457284592873247870,0,3.4442801168409,GALEX J004457.5+405453,11.2396571791069,40.9147292147413,1,-999,23.31552,-999,1.713142,0.09401655,False,-99,0.00314018
2591190603581621466,0,3.45000727773398,GALEX J004533.7+405537,11.3904036315698,40.9269676888822,1,-999,24.37503,-999,0.6456347,0.0918325,False,-99,0.00270579
6372252797061041684,0,3.45707640539163,GALEX J004528.7+405308,11.3696617465373,40.8856395500026,1,-999,21.42254,-999,9.794521,0.09272595,False,-99,0.002173145
2590873944234933909,0,3.46049207695745,GALEX J004458.3+405415,11.2432172515608,40.9043430362795,3,23.90138,21.72176,0.9987295,7.435253,0.09401655,False,0.002456773,0.008753515
2590838759860734512,0,3.46150380922485,GALEX J004528.8+405752,11.3700835334271,40.9647120056134,1,-999,22.86751,-999,2.58818,0.08865522,False,-99,0.004423933
6449755137246233737,0,3.46361550144268,GALEX J004529.0+405750,11.370882114908,40.9641099569256,1,-999,21.63266,-999,8.071119,0.08865522,False,-99,0.004948913
2591190603581621959,0,3.47255429080137,GALEX J004529.1+405750,11.3712514673677,40.9640237091335,1,-999,21.8483,-999,6.617298,0.08865522,False,-99,0.001586713
6449719952874143759,0,3.47308829912881,GALEX J004526.2+405242,11.3593755003696,40.8784628713406,1,-999,22.87201,-999,2.577487,0.09272595,False,-99,0.003758709
6457284592873247916,0,3.4738552433302,GALEX J004457.0+405516,11.2378812081514,40.9213797163423,1,-999,22.91504,-999,2.477319,0.09401655,False,-99,0.004113568
2590873944232837120,0,3.47647537016321,GALEX J004529.1+405750,11.3714528863196,40.963952174773,1,-999,21.95106,-999,6.019734,0.08865522,False,-99,0.001868495
6457284592873247662,0,3.47763646914501,GALEX J004526.2+405242,11.3593539818009,40.8783573964142,1,-999,21.90163,-999,6.300076,0.09272595,False,-99,0.00474799
6449262556036996094,0,3.48005066612525,GALEX J004529.1+405750,11.3715003701715,40.9640014521432,1,-999,21.80426,-999,6.891193,0.08865522,False,-99,0.002820419
2496052061252100691,0,3.4817786754622,GALEX J004529.1+405750,11.3713777851903,40.9641475181193,1,-999,22.16509,-999,4.94268,0.08865522,False,-99,0.004310686
2591190603581622112,0,3.4837876328417,GALEX J004516.3+405859,11.3179595200104,40.9832762840473,1,-999,24.69821,-999,0.4794175,0.08693592,False,-99,0.003025978
6449719952874144011,0,3.48478815166235,GALEX J004529.1+405750,11.3714479918202,40.9641636137772,1,-999,21.67818,-999,7.739758,0.08865522,False,-99,0.004715796
2495840955019559840,0,3.48502779243795,GALEX J004458.2+405415,11.2425917227079,40.9044313477194,1,-999,23.40267,-999,1.581001,0.09401655,False,-99,0.002841311
2590873944232836865,0,3.48667988150368,GALEX J004459.5+405345,11.2480414559766,40.8958325323813,1,-999,21.83304,-999,6.710964,0.09460142,False,-99,0.005587395
6449227371664900836,0,3.48809353628133,GALEX J004457.2+405455,11.2385362151343,40.9153097049143,1,-999,23.64277,-999,1.267342,0.09401655,False,-99,0.003141522
2496087245624180845,0,3.4915185623815,GALEX J004529.1+405751,11.3715572449975,40.9642396294241,1,-999,21.82134,-999,6.783661,0.08865522,False,-99,0.003701756
6449227371664901168,0,3.49153667888758,GALEX J004529.3+405749,11.3720731378903,40.9638032271643,1,-999,22.04935,-999,5.498676,0.08865522,False,-99,0.004028483
2590838759860734014,0,3.49172804423652,GALEX J004457.1+405557,11.2379193405017,40.9326038120603,1,-999,23.59096,-999,1.329273,0.09401655,False,-99,0.003223793
2496052061252101492,0,3.49204960381964,GALEX J004531.0+405722,11.3795550161362,40.9562622343579,1,-999,23.54233,-999,1.390163,0.08865522,False,-99,0.002867137
2590838759860734761,0,3.49248496493126,GALEX J004516.3+405900,11.3181783055475,40.983413382836,1,-999,24.98082,-999,0.36955,0.08693592,False,-99,0.00286429
2591190603581622097,0,3.49286621959163,GALEX J004517.7+405858,11.3240488856263,40.9830279423936,1,-999,24.92144,-999,0.3903212,0.08561201,False,-99,0.002716905
2590873944232836916,0,3.49295744433264,GALEX J004457.2+405454,11.2384603527015,40.9151674930436,1,-999,21.22661,-999,11.73157,0.09401655,False,-99,0.007501099
2591190603581620929,0,3.49309202770885,GALEX J004524.8+405230,11.3536401718529,40.8752111322593,1,-999,23.79179,-999,1.104803,0.09272595,False,-99,0.003063807
2590838759862830823,0,3.49341931048086,GALEX J004458.2+405415,11.2424835868206,40.9042548059003,3,23.21535,23.49272,1.878717,1.455163,0.09401655,False,0.002759521,0.005049837
2495840955019559922,0,3.49411676455326,GALEX J004457.2+405453,11.2384926932633,40.9149212755437,1,-999,23.06516,-999,2.157434,0.09401655,False,-99,0.003034899
6449262556036995858,0,3.49442737209301,GALEX J004533.9+405533,11.3914102342142,40.9259766334982,1,-999,23.14207,-999,2.009879,0.0918325,False,-99,0.004240159
6457284592873247793,0,3.49484398741308,GALEX J004458.2+405415,11.2424944407517,40.9041681198021,1,-999,22.68076,-999,3.073947,0.09401655,False,-99,0.0034156
2590873944232836950,0,3.49490883051618,GALEX J004456.9+405516,11.2374358143667,40.9211613738456,1,-999,22.52037,-999,3.563287,0.09401655,False,-99,0.003157433
2590873944234935481,0,3.49655183935609,GALEX J004531.0+405723,11.3794999461053,40.9564688258705,3,23.98506,23.91198,0.92465,0.9890278,0.08865522,False,0.002517367,0.004007509
2591190603583718376,0,3.4966726542827,GALEX J004458.1+405415,11.2424322292147,40.9042049480253,3,23.72274,23.58078,1.177346,1.341803,0.09401655,False,0.002799408,0.002760375
6457284592873248216,0,3.50045983609328,GALEX J004529.2+405750,11.3719795524464,40.964107028644,1,-999,22.06835,-999,5.40331,0.08865522,False,-99,0.003670809
2496052061252100270,0,3.50086597049758,GALEX J004458.1+405416,11.2420787343348,40.9047074744164,1,-999,23.52049,-999,1.418411,0.09401655,False,-99,0.003336206
2591190603581621795,0,3.50095976287109,GALEX J004531.1+405722,11.3797868681621,40.956262558209,1,-999,23.72938,-999,1.170171,0.08865522,False,-99,0.002050973
2590838759860733872,0,3.50131251387496,GALEX J004457.1+405454,11.2382951386894,40.9150740596326,1,-999,22.74821,-999,2.888799,0.09401655,False,-99,0.002335787
2590838759862831747,0,3.50194745061149,GALEX J004503.5+405812,11.2648403944021,40.970100987526,3,24.33282,24.13614,0.6712359,0.8045319,0.08973159,False,0.001622061,0.002777962
2591190603581621377,0,3.50208726211913,GALEX J004457.1+405454,11.2382934472579,40.9150077791865,1,-999,23.00056,-999,2.289692,0.09401655,False,-99,0.001642788
6449262556036995776,0,3.50228114689735,GALEX J004457.2+405453,11.2383207837625,40.9148750498027,1,-999,23.18823,-999,1.926227,0.09401655,False,-99,0.001310128
6449755137246233439,0,3.50249967901009,GALEX J004457.2+405453,11.2383470260427,40.9147462530409,1,-999,23.33709,-999,1.679433,0.09401655,False,-99,0.001446651
2496052061252100687,0,3.50283212878415,GALEX J004503.5+405812,11.2647964545998,40.9700924955645,1,-999,23.4882,-999,1.46124,0.08973159,False,-99,0.002156253
2590873944232838528,0,3.50392630251246,GALEX J004533.9+405534,11.3916172978485,40.9261235193771,1,-999,23.55575,-999,1.373094,0.0918325,False,-99,0.003899062
2591190603581621450,0,3.50415503114086,GALEX J004456.9+405516,11.2372277625705,40.9211997077981,1,-999,22.7833,-999,2.79691,0.09401655,False,-99,0.003002672
6372252786323620364,0,3.50596469224586,GALEX J004511.9+405204,11.2997468591179,40.8678947027003,1,-999,22.25157,-999,4.564281,0.09234707,False,-99,0.002379754
2591190603581621949,0,3.50944984295299,GALEX J004503.5+405812,11.2646433422732,40.9701395979609,1,-999,23.96643,-999,0.9406494,0.08973159,False,-99,0.001735081
2590873944232836852,0,3.51000633753262,GALEX J004518.1+405859,11.325720920319,40.9831422522803,1,-999,21.39061,-999,10.08689,0.08561201,False,-99,0.01138975
6449262556036995712,0,3.51093743902857,GALEX J004458.1+405414,11.2421694459055,40.9040597252967,1,-999,23.56123,-999,1.366184,0.09401655,False,-99,0.002125166
2495840955019560033,0,3.51439923159882,GALEX J004457.1+405609,11.2380920256537,40.9359081863074,1,-999,23.58603,-999,1.335327,0.09401655,False,-99,0.003238232
2590873944234934024,0,3.51737333217718,GALEX J004503.5+405813,11.264596957676,40.9702824527621,3,23.9949,23.01629,0.9163082,2.256748,0.08973159,False,0.001761509,0.003401846
6449227371664901083,0,3.5211811539186,GALEX J004531.2+405722,11.3802906982371,40.956289420497,1,-999,22.36176,-999,4.123776,0.08865522,False,-99,0.003694764
6449262556036995484,0,3.52167518772227,GALEX J004528.4+405259,11.3685932084783,40.8832867525554,1,-999,23.28546,-999,1.761232,0.09272595,False,-99,0.003275123
2591190603581621018,0,3.52194507326011,GALEX J004526.3+405239,11.3598313799578,40.8777070523014,1,-999,22.37708,-999,4.065992,0.09272595,False,-99,0.002184282
2496052061252100342,0,3.52205946548374,GALEX J004457.0+405453,11.2378747558185,40.9148864614229,1,-999,22.72546,-999,2.949953,0.09401655,False,-99,0.002560664
2590873944232837444,0,3.52541213300124,GALEX J004524.9+405228,11.3537783949842,40.8746472208612,1,-999,23.37653,-999,1.619525,0.09272595,False,-99,0.004522482
2590873944232837651,0,3.52577552445113,GALEX J004526.3+405239,11.3598728705017,40.8776509584159,1,-999,22.19687,-999,4.800098,0.09272595,False,-99,0.002194858
6449719952874143847,0,3.52593222448125,GALEX J004457.0+405456,11.2376106018039,40.9156602172487,1,-999,23.05891,-999,2.169881,0.09401655,False,-99,0.00361467
6449755137246233812,0,3.52657750671628,GALEX J004503.5+405814,11.2647289091311,40.9705647981288,1,-999,23.55851,-999,1.369601,0.08973159,False,-99,0.003660042
2496052061252100046,0,3.52798940848581,GALEX J004526.3+405239,11.3596797536287,40.8775004177439,1,-999,22.40572,-999,3.960168,0.09272595,False,-99,0.002510367
6449755137246233230,0,3.53023924233824,GALEX J004526.3+405239,11.3598539834727,40.8775489234261,1,-999,23.04414,-999,2.199608,0.09272595,False,-99,0.001974017
2496052061252100593,0,3.53092227553645,GALEX J004507.1+405840,11.2796415785075,40.9779717668749,1,-999,23.57809,-999,1.345126,0.08693592,False,-99,0.002018277
6449719952874143754,0,3.53093532410738,GALEX J004522.9+405217,11.3456154062467,40.8713880989567,1,-999,20.5065,-999,22.77198,0.09272595,False,-99,0.003616839
6449719952874143867,0,3.53145037392533,GALEX J004534.1+405532,11.3922289584361,40.9258290541917,1,-999,23.44722,-999,1.517444,0.0918325,False,-99,0.00221906
6449192187292811427,0,3.53424831658536,GALEX J004458.4+405403,11.2433129934398,40.9010044111825,1,-999,22.64052,-999,3.190005,0.09401655,False,-99,0.001961723
6449192187292811469,0,3.53569889126336,GALEX J004457.0+405451,11.2377193227416,40.9142730730403,1,-999,22.71547,-999,2.977217,0.09401655,False,-99,0.002954155
6449719952874143803,0,3.54073586963741,GALEX J004457.9+405414,11.2414740534683,40.9040414019812,1,-999,22.40388,-999,3.966883,0.09401655,False,-99,0.003701873
2591190603581621447,0,3.54141588938372,GALEX J004534.1+405532,11.3924495277064,40.9257624965931,1,-999,24.14315,-999,0.7993577,0.0918325,False,-99,0.001807039
6449262556036995444,0,3.54558179740728,GALEX J004526.3+405237,11.3597160696415,40.8771596453857,1,-999,22.46425,-999,3.752305,0.09272595,False,-99,0.003822285
6449262556036996128,0,3.54826670202887,GALEX J004525.9+405827,11.3580423882374,40.9743434019951,1,-999,20.40909,-999,24.90938,0.08865522,False,-99,0.001338785
2590873944232836831,0,3.54956461167117,GALEX J004456.8+405559,11.2367134218193,40.9330744783896,1,-999,20.80713,-999,17.26417,0.09401655,False,-99,0.01498443
6372252786323620799,0,3.54964858499375,GALEX J004525.9+405827,11.3579191529419,40.974433635766,1,-999,20.06216,-999,34.28757,0.08865522,False,-99,0.003474859
2496052061252099974,0,3.54986036993044,GALEX J004523.0+405216,11.3461418513991,40.8712190781297,1,-999,20.18225,-999,30.69733,0.09272595,False,-99,0.001359183
6372252797061041697,0,3.55074120248235,GALEX J004526.5+405238,11.3604567908538,40.8774571989009,1,-999,21.21908,-999,11.81318,0.09272595,False,-99,0.003096774
2591190603581622075,0,3.55303943989644,GALEX J004525.9+405828,11.3579570324762,40.9744825007562,1,-999,20.44859,-999,24.01943,0.08865522,False,-99,0.001382544
2590873944232838641,0,3.55457986423432,GALEX J004525.9+405828,11.3580679236385,40.9744572403782,1,-999,20.44673,-999,24.06076,0.08865522,False,-99,0.001886461
2591190603581621030,0,3.55543298467198,GALEX J004523.0+405216,11.3461304478534,40.8711136279277,1,-999,20.24655,-999,28.93208,0.09272595,False,-99,0.001591686
2496052061252100621,0,3.5561905502497,GALEX J004525.9+405828,11.3580008128243,40.9745235709591,1,-999,20.48579,-999,23.21047,0.08865522,False,-99,0.00141629
6449755137246233805,0,3.55662225696594,GALEX J004525.9+405828,11.3580025966939,40.9745313294982,1,-999,20.58028,-999,21.27587,0.08865522,False,-99,0.001627606
6457284592873248272,0,3.55700726138165,GALEX J004525.9+405828,11.3581600546961,40.9744592056244,1,-999,20.48542,-999,23.21833,0.08865522,False,-99,0.002001791
6457284592873247682,0,3.55800324859993,GALEX J004523.1+405216,11.3463430253841,40.871138287547,1,-999,20.18754,-999,30.54814,0.09272595,False,-99,0.001635016
2496087245624180899,0,3.55855322400671,GALEX J004525.9+405828,11.3579635007917,40.974589812181,1,-999,20.3898,-999,25.35599,0.08865522,False,-99,0.001714261
2590838759860734895,0,3.55889996494976,GALEX J004525.9+405828,11.357923310721,40.9746170356484,1,-999,20.39336,-999,25.27298,0.08865522,False,-99,0.001934985
2590873944232838121,0,3.56006836341835,GALEX J004523.0+405215,11.3462120401321,40.8710564887452,1,-999,20.24722,-999,28.91428,0.09272595,False,-99,0.001476985
2591190603581621627,0,3.56026771251775,GALEX J004533.5+405631,11.3896936191629,40.9420014514112,1,-999,23.94033,-999,0.9635361,0.0918325,False,-99,0.003349101
6449227371664901331,0,3.56042016989653,GALEX J004525.8+405828,11.3578549157352,40.9746819123802,1,-999,20.43654,-999,24.28753,0.08865522,False,-99,0.003455073
2590873944232837024,0,3.5612791106826,GALEX J004533.6+405628,11.3900327916394,40.9411648448598,1,-999,23.56243,-999,1.364673,0.0918325,False,-99,0.00496206
6449755137246233225,0,3.56137760766954,GALEX J004523.0+405215,11.3461688934951,40.8710181387154,1,-999,20.25046,-999,28.82811,0.09272595,False,-99,0.001449526
2495840955019560376,0,3.56158201107137,GALEX J004525.9+405828,11.3581736537708,40.9745441985351,1,-999,20.39437,-999,25.2495,0.08865522,False,-99,0.002181487
6449719952874144065,0,3.56242933551123,GALEX J004525.8+405829,11.3576643072015,40.974817556865,1,-999,20.56899,-999,21.49824,0.08865522,False,-99,0.00516635
6372252786323620386,0,3.56473089856943,GALEX J004523.1+405215,11.3463662798583,40.8710233457135,1,-999,20.40652,-999,24.96848,0.09272595,False,-99,0.004116088
6449262556036995433,0,3.56621386883391,GALEX J004523.1+405215,11.346302749209,40.8709748899817,1,-999,20.1394,-999,31.93295,0.09272595,False,-99,0.001452547
6449192187292811705,0,3.56852538354341,GALEX J004525.9+405829,11.3580780520146,40.9747319163097,1,-999,20.37768,-999,25.64047,0.08865522,False,-99,0.002639535
6449227371664901053,0,3.56865404473052,GALEX J004457.5+405640,11.2398329767138,40.944512092928,1,-999,20.84778,-999,16.62978,0.09401655,False,-99,0.005267944
2495840955019560140,0,3.57262368630957,GALEX J004457.5+405640,11.2397317665243,40.9444928782982,1,-999,20.81139,-999,17.19665,0.09401655,False,-99,0.00167543
6449262556036995959,0,3.57345763994656,GALEX J004457.5+405640,11.2396990194266,40.9444633189511,1,-999,20.80248,-999,17.33835,0.09401655,False,-99,0.001541319
2590873944232837677,0,3.57881326473875,GALEX J004457.5+405640,11.2395800410874,40.9444762696146,1,-999,20.71226,-999,18.84059,0.09401655,False,-99,0.001779163
2591190603581621727,0,3.58203348208391,GALEX J004457.4+405640,11.2395381887125,40.9445500118051,1,-999,20.80805,-999,17.24969,0.09401655,False,-99,0.001454278
2590838759860734276,0,3.58223321931099,GALEX J004457.4+405640,11.2395316983602,40.9445459426,1,-999,20.82987,-999,16.90636,0.09401655,False,-99,0.00170331
2496052061252100963,0,3.58259615074209,GALEX J004457.5+405640,11.2395673564576,40.9446435460132,1,-999,20.81595,-999,17.12459,0.09401655,False,-99,0.00148926
6457284592873248078,0,3.58394504192664,GALEX J004457.4+405639,11.2394127443447,40.9443695766276,1,-999,20.86487,-999,16.37016,0.09401655,False,-99,0.002049664
6372252797061041618,0,3.58866493692635,GALEX J004532.2+405350,11.3842495525235,40.8972496970864,1,-999,22.37879,-999,4.059587,0.0918325,False,-99,0.002687746
6449719952874143939,0,3.58918400764667,GALEX J004457.4+405641,11.2394994620125,40.9448320476129,1,-999,20.80454,-999,17.30544,0.09401655,False,-99,0.003015383
2496087245624180791,0,3.58925655761922,GALEX J004457.4+405640,11.2394388200671,40.9447026569251,1,-999,20.63088,-999,20.30702,0.09401655,False,-99,0.003008056
6449227371664900673,0,3.5922967951982,GALEX J004501.6+405302,11.2570564039728,40.8839184969259,1,-999,23.25043,-999,1.81898,0.09460142,False,-99,0.001142062
6449755137246233631,0,3.59255044214105,GALEX J004457.4+405640,11.2392885556511,40.9445399358308,1,-999,20.75637,-999,18.09053,0.09401655,False,-99,0.001615317
6372252786323620664,0,3.59499402002011,GALEX J004457.4+405640,11.2392606935527,40.944604586448,1,-999,20.80142,-999,17.35522,0.09401655,False,-99,0.003814316
6449192187292811580,0,3.59819735847883,GALEX J004457.4+405641,11.2393059995861,40.944869104911,1,-999,20.84044,-999,16.74255,0.09401655,False,-99,0.002946786
2590873944232837721,0,3.61265221325759,GALEX J004512.9+405156,11.3037986445008,40.8655958217702,1,-999,24.59515,-999,0.5271584,0.09234707,False,-99,0.001949314
6449755137246233475,0,3.61654222672397,GALEX J004534.5+405525,11.394085250262,40.923832621979,1,-999,23.71696,-999,1.183632,0.0918325,False,-99,0.002101491
2496052061252099966,0,3.62288084708463,GALEX J004512.6+405155,11.3028109391392,40.8655279182855,1,-999,23.62321,-999,1.290377,0.09234707,False,-99,0.001450326
2591190603581620907,0,3.6258539623642,GALEX J004524.4+405219,11.3520406589952,40.8719904329841,1,-999,23.41708,-999,1.560159,0.09272595,False,-99,0.003254325
2591190603581620801,0,3.62640458754646,GALEX J004513.0+405155,11.3044994064163,40.8652965692107,1,-999,25.04196,-999,0.3493141,0.09234707,False,-99,0.00187055
2590873944232837757,0,3.63101524288505,GALEX J004524.5+405219,11.3524755628829,40.8720697019943,1,-999,23.65429,-999,1.253957,0.09272595,False,-99,0.003548556
2591190603582684174,0,3.639514660577,GALEX J004456.1+405522,11.2341133980785,40.9229118821627,2,21.15504,-999,12.53106,-999,0.09401655,False,0.003803164,-99
2495840955019559738,0,3.64510807982262,GALEX J004501.8+405256,11.2576274812264,40.8822208659787,1,-999,22.83508,-999,2.666664,0.09460142,False,-99,0.004008645
6449227371664900620,0,3.64890012544891,GALEX J004506.8+405214,11.2787103000984,40.8707486775513,1,-999,23.22816,-999,1.856677,0.09460142,False,-99,0.002506424
6449262556036996183,0,3.65391211069623,GALEX J004503.7+405825,11.2656713008909,40.9738348620884,1,-999,23.62547,-999,1.28769,0.08692293,False,-99,0.002284206
6449262556036995474,0,3.65918375184725,GALEX J004501.8+405254,11.257762404899,40.8817901279651,1,-999,23.19121,-999,1.920954,0.09460142,False,-99,0.003339591
6372252786323620388,0,3.66559552968362,GALEX J004506.8+405213,11.2786217970604,40.8704714423394,1,-999,22.09646,-999,5.265186,0.09460142,False,-99,0.003073643
6449755137246233778,0,3.66628164714766,GALEX J004503.6+405825,11.265120767683,40.9737772949775,1,-999,23.25126,-999,1.817593,0.08692293,False,-99,0.003160569
6449227371664901200,0,3.66641779628458,GALEX J004503.6+405825,11.2652085659806,40.9738309121617,1,-999,23.39391,-999,1.593812,0.08692293,False,-99,0.002992173
6449227371664900969,0,3.66668281301821,GALEX J004456.0+405523,11.2335037946869,40.9231103506013,1,-999,19.94118,-999,38.32907,0.09401655,False,-99,0.002180706
6449719952874144033,0,3.66877591303037,GALEX J004503.7+405826,11.2655017355794,40.9740486549109,1,-999,23.33064,-999,1.689437,0.08692293,False,-99,0.003028214
2590838759862830595,0,3.66946537656856,GALEX J004501.7+405255,11.2572061917223,40.8819651350153,3,23.79079,23.05667,1.105818,2.174363,0.09460142,False,0.002313948,0.002730381
2591190603583718162,0,3.66952197276398,GALEX J004501.7+405254,11.257382374469,40.8818315119336,3,23.26999,22.9374,1.786517,2.426821,0.09460142,False,0.003125874,0.002541228
6449192187292811689,0,3.6713107492003,GALEX J004503.8+405827,11.2659938825441,40.9743802632008,1,-999,22.61208,-999,3.274658,0.08692293,False,-99,0.003576782
2590873944232836851,0,3.67287914717857,GALEX J004503.7+405826,11.2654895425603,40.9741274309639,1,-999,22.07646,-999,5.363089,0.08692293,False,-99,0.007917882
2591190603581622139,0,3.67432908160256,GALEX J004516.9+405910,11.3206860284239,40.9863283745222,1,-999,24.87548,-999,0.4071986,0.08561201,False,-99,0.002618898
2496052061254197227,0,3.67813972995398,GALEX J004501.6+405255,11.2568083364217,40.8820616405119,3,23.04814,22.75339,2.191532,2.875031,0.09460142,False,0.002462874,0.00321332
6449192187292811502,0,3.67880535052187,GALEX J004455.9+405523,11.2332272708019,40.9233080676769,1,-999,20.10321,-999,33.01525,0.09401655,False,-99,0.002505677
6449262556036995764,0,3.67883653395115,GALEX J004455.9+405522,11.2332420459853,40.9229771604293,1,-999,19.97271,-999,37.23195,0.09401655,False,-99,0.001516973
6372252786323620602,0,3.67940872938354,GALEX J004455.9+405525,11.2332003965332,40.9236519079726,1,-999,19.75477,-999,45.50833,0.09401655,False,-99,0.006061614
6449755137246233257,0,3.68096719672929,GALEX J004501.6+405254,11.2569183010745,40.8819115422852,1,-999,23.10395,-999,2.081712,0.09460142,False,-99,0.002364971
