objid,specObjID,distance_arcmin,IAUName,ra,dec,band,fuv_mag,nuv_mag,fuv_flux,nuv_flux,e_bv,isThereSpectrum,fuv_fwhm_world,nuv_fwhm_world
2495911323763736832,0,0.237295233064584,GALEX J004543.7+412144,11.4321738260913,41.3624666493361,1,-999,23.40691,-999,1.574844,0.09834104,False,-99,0.003138779
6449755137246236727,0,0.24018602212525,GALEX J004543.8+412144,11.4325325056363,41.3624453963877,1,-999,22.18706,-999,4.843668,0.09834104,False,-99,0.002337023
6449719952874146398,0,0.242062899082759,GALEX J004543.6+412145,11.4318353845503,41.3625964708975,1,-999,22.46224,-999,3.759273,0.09834104,False,-99,0.004271412
2496087245624183024,0,0.244386659871528,GALEX J004543.7+412145,11.4324011974319,41.3625461052952,1,-999,22.60214,-999,3.304772,0.09834104,False,-99,0.00220678
6449227371664903946,0,0.249124626266362,GALEX J004543.8+412145,11.4326218642507,41.3625807316017,1,-999,22.90095,-999,2.509696,0.09834104,False,-99,0.003466603
2591190603581627831,0,0.252674595807049,GALEX J004543.7+412145,11.4321933530348,41.3627260000895,1,-999,22.62145,-999,3.246522,0.09834104,False,-99,0.003323456
2590838759860740300,0,0.257995348013726,GALEX J004543.7+412146,11.4323747689083,41.3627853910613,1,-999,22.84174,-999,2.650353,0.09834104,False,-99,0.002121547
6449192187292814043,0,0.267489065448986,GALEX J004543.7+412146,11.4323828347378,41.362946761412,1,-999,22.93373,-999,2.435056,0.09834104,False,-99,0.001828956
2495840955019563406,0,0.284687264993082,GALEX J004543.1+412147,11.4299789301169,41.3632935975103,1,-999,22.14691,-999,5.026153,0.09834104,False,-99,0.003980075
2590838759860740127,0,0.300307022379278,GALEX J004543.5+412113,11.4314651300201,41.3536181859605,1,-999,24.33867,-999,0.6676233,0.09834104,False,-99,0.003242395
2591190603581627663,0,0.307288425068886,GALEX J004543.5+412112,11.4315981932256,41.3535093585428,1,-999,23.81055,-999,1.085875,0.09834104,False,-99,0.002363922
6372252785249879541,0,0.325584571930586,GALEX J004542.9+412112,11.4288548371564,41.3534291056989,1,-999,21.93738,-999,6.09606,0.09834104,False,-99,0.002575903
2591190603581627703,0,0.345367483969981,GALEX J004541.7+412122,11.42394588961,41.3563532839833,1,-999,24.56915,-999,0.5399306,0.09834104,False,-99,0.001862142
2495840955019563359,0,0.348381137300233,GALEX J004541.5+412131,11.4232644617881,41.358652488949,1,-999,22.50665,-999,3.608626,0.09834104,False,-99,0.004009387
2495840955019563279,0,0.404545353631339,GALEX J004544.6+412111,11.4361824353043,41.3531040392716,1,-999,22.84741,-999,2.636549,0.09834104,False,-99,0.002198915
2495840955019563323,0,0.423782626440477,GALEX J004545.6+412134,11.4403302827831,41.3595289433166,1,-999,22.66788,-999,3.110616,0.09834104,False,-99,0.00276849
2496087245624182941,0,0.425907959412446,GALEX J004545.3+412117,11.4390291097172,41.3548605479854,1,-999,23.60812,-999,1.308433,0.09834104,False,-99,0.002879944
6449719952874146335,0,0.459576342786645,GALEX J004545.4+412115,11.4394159720663,41.3542794524525,1,-999,23.45755,-999,1.503066,0.09834104,False,-99,0.002217478
2495840955019563321,0,0.460324675024161,GALEX J004545.5+412117,11.4399111534318,41.3548533601809,1,-999,22.17634,-999,4.891723,0.09834104,False,-99,0.003914341
2495840955019563269,0,0.465927000923854,GALEX J004542.0+412107,11.4253032204502,41.3521290782717,1,-999,23.05619,-999,2.175324,0.09834104,False,-99,0.002550324
2591190603581627742,0,0.467681792617531,GALEX J004545.4+412114,11.4395015903343,41.3541350835361,1,-999,23.56166,-999,1.365643,0.09834104,False,-99,0.004213871
2590838759860740163,0,0.471135598181105,GALEX J004545.5+412115,11.4396581498765,41.3542040809264,1,-999,23.90421,-999,0.9961321,0.09834104,False,-99,0.004506527
6449755137246236756,0,0.477489302588449,GALEX J004545.5+412114,11.4397594125363,41.3541275438301,1,-999,22.85981,-999,2.606606,0.09834104,False,-99,0.003789594
6449227371664903973,0,0.56629574353736,GALEX J004542.7+412204,11.4283052746477,41.3678301318837,1,-999,23.59104,-999,1.329183,0.09834104,False,-99,0.00294647
2495840955019563289,0,0.575187243601748,GALEX J004545.4+412104,11.4393376508798,41.3513494759168,1,-999,22.47253,-999,3.723807,0.09834104,False,-99,0.004525508
2495840955019563285,0,0.617988473107064,GALEX J004540.6+412111,11.4193930253459,41.3531175148729,1,-999,22.94285,-999,2.414684,0.09834104,False,-99,0.002555963
2496087245624182967,0,0.62110891033897,GALEX J004546.7+412134,11.4447393170443,41.3595124190929,1,-999,24.2731,-999,0.7091868,0.09834104,False,-99,0.002402265
2495840955019563381,0,0.632217503204706,GALEX J004541.1+412158,11.421268396983,41.3662057815063,1,-999,23.17513,-999,1.94961,0.09834104,False,-99,0.002539099
2591190603581627745,0,0.658919119735348,GALEX J004540.2+412115,11.4175500435764,41.3542890213163,1,-999,23.03641,-999,2.215322,0.09834104,False,-99,0.002972283
2591190603581627681,0,0.684775565431533,GALEX J004546.9+412118,11.4454508942343,41.3550617337348,1,-999,24.45738,-999,0.5984749,0.09834104,False,-99,0.002501474
6449755137246236638,0,0.691870840769698,GALEX J004546.9+412118,11.4456219095781,41.3550741472505,1,-999,23.23059,-999,1.852519,0.09834104,False,-99,0.002599805
2590838759860740199,0,0.695108534333691,GALEX J004540.0+412113,11.4169363381161,41.3538385116978,1,-999,23.25601,-999,1.809657,0.09834104,False,-99,0.004583017
6449719952874146330,0,0.700527383821752,GALEX J004539.9+412114,11.4166219507041,41.3541567813214,1,-999,23.18139,-999,1.938411,0.09834104,False,-99,0.002289338
2496087245624182933,0,0.703719970762289,GALEX J004539.9+412114,11.4166292110364,41.3540063620302,1,-999,23.10586,-999,2.078048,0.09834104,False,-99,0.004213103
2590838759860740128,0,0.708323346033205,GALEX J004546.9+412116,11.4457698711088,41.3545542635991,1,-999,24.89402,-999,0.4003054,0.09834104,False,-99,0.00288924
2496087245625237412,0,0.7322832537337,GALEX J004543.5+412214,11.4315554405252,41.3708087105882,2,23.58566,-999,1.335785,-999,0.09834104,False,0.002101383,-99
6449192187292813984,0,0.734248392706904,GALEX J004540.0+412108,11.4170021316536,41.352337705174,1,-999,23.40106,-999,1.583348,0.09834104,False,-99,0.00258438
6449719952874146336,0,0.734748057555408,GALEX J004547.1+412117,11.4464801307453,41.3547451579597,1,-999,23.59197,-999,1.328043,0.09834104,False,-99,0.00300444
2495840955019563541,0,0.759732655278466,GALEX J004544.1+412215,11.4337811797159,41.3711000932402,1,-999,21.41465,-999,9.865992,0.09834104,False,-99,0.009271977
2495840955019563298,0,0.761945154835731,GALEX J004539.7+412111,11.4156829481214,41.3532185864249,1,-999,22.72872,-999,2.941124,0.09834104,False,-99,0.003298795
2496087245624183118,0,0.776508072066543,GALEX J004543.5+412217,11.4315235491913,41.3715469459727,1,-999,23.40408,-999,1.578951,0.09834104,False,-99,0.004185605
2591190603581627814,0,0.782191642378602,GALEX J004539.3+412140,11.4139585970045,41.3611301555743,1,-999,23.75213,-999,1.145907,0.09834104,False,-99,0.00443112
2590838759862837377,0,0.783499131730183,GALEX J004539.3+412140,11.4139713437448,41.3612867944996,3,24.08601,24.00879,0.8425576,0.9046538,0.09834104,False,0.002244113,0.002805048
6449755137246236815,0,0.7841082457555,GALEX J004543.7+412217,11.4324382914382,41.3716349239331,1,-999,22.26624,-999,4.503,0.09834104,False,-99,0.005234102
2590838759860740542,0,0.793805485672949,GALEX J004543.5+412218,11.4316164688135,41.3718331101287,1,-999,23.00769,-999,2.274694,0.09834104,False,-99,0.005038502
2591190603581628023,0,0.794653294748667,GALEX J004543.5+412218,11.4315530358936,41.3718488273137,1,-999,23.05182,-999,2.184101,0.09834104,False,-99,0.002210954
6449192187292813962,0,0.795150265559546,GALEX J004540.5+412056,11.418771170496,41.3490525669244,1,-999,23.50018,-999,1.445201,0.09834104,False,-99,0.002081278
2495911323763736857,0,0.795667681092162,GALEX J004543.6+412218,11.4318733461585,41.3718560306089,1,-999,23.753,-999,1.144988,0.09834104,False,-99,0.002483447
2496087245624182978,0,0.798184089397197,GALEX J004539.2+412140,11.4136108239846,41.3611841634426,1,-999,23.59639,-999,1.322647,0.09834104,False,-99,0.003201678
6449227371664904047,0,0.800710068510576,GALEX J004543.5+412219,11.4313251305126,41.3719540478527,1,-999,22.38591,-999,4.033059,0.09834104,False,-99,0.005726992
6449227371664903920,0,0.802985221958301,GALEX J004539.2+412140,11.4135279628374,41.3612811117848,1,-999,23.49233,-999,1.455691,0.09834104,False,-99,0.002743046
6449192187292814126,0,0.809102974428025,GALEX J004543.5+412219,11.4313922334634,41.3720929472284,1,-999,22.51863,-999,3.569005,0.09834104,False,-99,0.002240589
6449719952874146469,0,0.810879955238589,GALEX J004543.5+412219,11.4314597392324,41.3721213717635,1,-999,23.16656,-999,1.96505,0.09834104,False,-99,0.00207378
6372252785249879601,0,0.834121868630873,GALEX J004541.2+412214,11.4219922056572,41.3707586164279,1,-999,22.10836,-999,5.207815,0.09834104,False,-99,0.002622569
6449719952874146474,0,0.874202904213249,GALEX J004542.3+412222,11.426513369674,41.3727867225615,1,-999,23.29724,-999,1.742216,0.09834104,False,-99,0.002343424
2496087245624183055,0,0.907362944540436,GALEX J004539.6+412204,11.4150305744446,41.3678329038761,1,-999,22.89645,-999,2.520118,0.1028315,False,-99,0.003016494
2495840955019563402,0,0.919560526673616,GALEX J004539.5+412204,11.4146842197715,41.3678269957122,1,-999,22.34694,-999,4.180463,0.1028315,False,-99,0.004836664
6449227371664903976,0,0.921338017197484,GALEX J004539.4+412203,11.4143539282805,41.3675390493737,1,-999,23.43131,-999,1.539836,0.1028315,False,-99,0.003095765
2591190603581627803,0,0.92140621072647,GALEX J004538.6+412141,11.4109290613094,41.3615920561961,1,-999,24.05904,-999,0.8637419,0.09834104,False,-99,0.003271203
6449719952874146514,0,0.922921106120328,GALEX J004539.4+412203,11.4142831868813,41.3675099615567,1,-999,23.27574,-999,1.777065,0.1028315,False,-99,0.002942534
2591190603581627914,0,0.924357693064472,GALEX J004539.5+412204,11.4145700335619,41.3678460136347,1,-999,23.13034,-999,2.031712,0.1028315,False,-99,0.003102321
6449192187292814129,0,0.930135529803111,GALEX J004539.5+412204,11.4145966075206,41.3680319244657,1,-999,22.22636,-999,4.671495,0.1028315,False,-99,0.003115336
6449719952874146297,0,0.941908285101698,GALEX J004546.8+412049,11.4452124428907,41.3470949441234,1,-999,23.28522,-999,1.761611,0.09834104,False,-99,0.003323236
2590838759860740397,0,0.942123802334456,GALEX J004539.3+412204,11.4141010590901,41.3678679984088,1,-999,23.10554,-999,2.078659,0.1028315,False,-99,0.004127857
6372252785249879600,0,0.944116935838516,GALEX J004546.8+412212,11.4452403207069,41.3701598226163,1,-999,21.50532,-999,9.075525,0.09834104,False,-99,0.002592519
6449227371664903829,0,0.988915481370055,GALEX J004543.4+412031,11.4309625288424,41.3421292104249,1,-999,21.57743,-999,8.492334,0.09834104,False,-99,0.004258425
6449192187292813941,0,0.989424163574635,GALEX J004543.3+412031,11.4306806818468,41.3421224506844,1,-999,21.48979,-999,9.206244,0.09834104,False,-99,0.004440865
6372252786323622685,0,0.990055234562351,GALEX J004543.4+412031,11.4309158511582,41.3421103114483,1,-999,21.62716,-999,8.112106,0.09834104,False,-99,0.003402593
2496087245626280041,0,0.995498952949403,GALEX J004543.4+412031,11.4310686625231,41.342019541959,3,22.00578,20.88475,5.723844,16.07303,0.09834104,False,0.001676216,0.002063057
2590838759862837245,0,0.996746226713322,GALEX J004543.3+412031,11.430803838267,41.3419993266615,3,21.70697,21.32571,7.537242,10.70821,0.09834104,False,0.002601874,0.001918236
6449755137246236577,0,0.996885624948268,GALEX J004543.3+412031,11.4307578309134,41.3419973452784,1,-999,20.9427,-999,15.23768,0.09834104,False,-99,0.001971055
2590838759860740040,0,0.998418450322553,GALEX J004538.9+412059,11.4122405330032,41.3497449759293,1,-999,24.92825,-999,0.3878811,0.09834104,False,-99,0.003120481
6449719952874146283,0,0.999044671869812,GALEX J004543.3+412031,11.4307449755546,41.3419614671794,1,-999,21.43894,-999,9.647715,0.09834104,False,-99,0.002665273
2495911323765833926,0,0.999582520780732,GALEX J004543.4+412031,11.4310127035935,41.3419514051608,3,21.56903,20.81623,8.558306,17.12014,0.09834104,False,0.002315783,0.001733429
2591190603583724701,0,1.00081884021545,GALEX J004543.4+412030,11.4308405454675,41.3419312266047,3,21.71559,21.1979,7.477662,12.0459,0.09834104,False,0.001275292,0.001401076
6372252785249879500,0,1.00257734953321,GALEX J004543.6+412030,11.4316760542459,41.3419091973337,1,-999,20.63686,-999,20.1956,0.09834104,False,-99,0.004046103
2591190603581627591,0,1.00516229886134,GALEX J004538.9+412058,11.4122713266373,41.349500054324,1,-999,24.40961,-999,0.6253978,0.09834104,False,-99,0.002545663
2495840955021660366,0,1.00937767721615,GALEX J004543.3+412030,11.4306543206177,41.3417901513282,3,21.97923,20.44886,5.865579,24.01343,0.09834104,False,0.00334972,0.005189685
2496087245626280283,0,1.03549893565882,GALEX J004546.9+412218,11.445740178896,41.3718574872217,3,22.8336,22.13121,2.670323,5.099369,0.09834104,False,0.002756438,0.005211444
2495911323763736868,0,1.04709853965197,GALEX J004546.9+412219,11.4456577726423,41.3721588771188,1,-999,22.59092,-999,3.339125,0.09834104,False,-99,0.003367884
6449192187292814138,0,1.0483930649478,GALEX J004546.8+412220,11.4451817766226,41.372468537308,1,-999,22.35049,-999,4.166794,0.09834104,False,-99,0.002867606
2591190603583725180,0,1.05247507006503,GALEX J004546.9+412220,11.4455763352494,41.3723231107333,3,23.26992,22.31835,1.786627,4.291997,0.09834104,False,0.003480307,0.002032641
6449755137246236840,0,1.05284701916142,GALEX J004546.9+412219,11.4458052130353,41.372192288287,1,-999,22.29063,-999,4.402996,0.09834104,False,-99,0.004631972
2590838759862837595,0,1.05935250406222,GALEX J004546.9+412220,11.4456800278016,41.3724076601835,3,23.16182,22.41589,1.973669,3.923232,0.09834104,False,0.003604932,0.002750133
2590838759860740268,0,1.0667247243146,GALEX J004538.0+412152,11.4086893814435,41.3645842013825,1,-999,24.30611,-999,0.6879499,0.1028315,False,-99,0.002814354
2591190603581627815,0,1.07290371023837,GALEX J004538.0+412153,11.4086172619849,41.3647377035503,1,-999,23.80336,-999,1.09309,0.1028315,False,-99,0.002320167
6449755137246236740,0,1.0729787620564,GALEX J004538.0+412152,11.4085730672127,41.364649645332,1,-999,24.10509,-999,0.8278733,0.1028315,False,-99,0.00286506
6449192187292813986,0,1.0797497233356,GALEX J004538.0+412109,11.4083639890433,41.3526821826162,1,-999,23.14934,-999,1.996469,0.09631194,False,-99,0.002732556
2591190603581627643,0,1.0949052854611,GALEX J004537.9+412109,11.4080606618316,41.3525681275465,1,-999,24.04367,-999,0.8760561,0.09631194,False,-99,0.002830711
2496087245624182926,0,1.09887366805864,GALEX J004537.8+412111,11.4077187043035,41.3531308575794,1,-999,23.29063,-999,1.752859,0.09631194,False,-99,0.003098594
6449755137246236735,0,1.10159439147283,GALEX J004548.9+412153,11.4540262790951,41.3648081633961,1,-999,23.20741,-999,1.892507,0.09834104,False,-99,0.00293518
2591190603581627915,0,1.10518243541012,GALEX J004539.2+412216,11.4133150822108,41.3713828976962,1,-999,24.97904,-999,0.3701535,0.1028315,False,-99,0.001976747
2590838759860740288,0,1.11534794928485,GALEX J004549.0+412153,11.4543461550003,41.3648173235378,1,-999,24.32068,-999,0.6787755,0.09834104,False,-99,0.002328329
2591190603581627823,0,1.11559369084071,GALEX J004549.0+412153,11.4543598156616,41.364800606859,1,-999,24.17302,-999,0.7776616,0.09834104,False,-99,0.001598512
6449192187292814151,0,1.12120738666726,GALEX J004543.8+412238,11.4327695989129,41.377250649572,1,-999,23.00943,-999,2.271058,0.09834104,False,-99,0.002915131
2495840955019563587,0,1.12710870597093,GALEX J004542.7+412238,11.4280713763344,41.3772672365342,1,-999,20.75167,-999,18.16901,0.1028315,False,-99,0.01005006
6449719952874146421,0,1.12978257433704,GALEX J004549.0+412155,11.4543854967148,41.3654292048567,1,-999,23.33961,-999,1.675536,0.1012051,False,-99,0.001364709
6449755137246236539,0,1.13261788239966,GALEX J004544.9+412025,11.4372052876328,41.3403179349584,1,-999,23.44071,-999,1.526567,0.09834104,False,-99,0.003060454
6449227371664904170,0,1.14416912828722,GALEX J004547.0+412226,11.4458192125247,41.3741014521512,1,-999,20.30628,-999,27.38346,0.09834104,False,-99,0.01066207
6449227371664904054,0,1.14560217753649,GALEX J004543.8+412239,11.4327072821288,41.3776614415031,1,-999,23.08599,-999,2.116425,0.09834104,False,-99,0.003948178
6449719952874146571,0,1.14590935170279,GALEX J004546.6+412229,11.4443657737292,41.3748632630741,1,-999,20.98293,-999,14.6834,0.09834104,False,-99,0.007730831
2496087245625237468,0,1.14637066487877,GALEX J004543.9+412239,11.4332141494521,41.3776448935381,2,22.83866,-999,2.657889,-999,0.09834104,False,0.003703017,-99
2590838759862837274,0,1.1509532131225,GALEX J004537.5+412111,11.406458497407,41.3532608768733,3,23.59762,24.06861,1.321155,0.8561595,0.09631194,False,0.003550761,0.004470604
2591190603581627645,0,1.15728421976786,GALEX J004537.4+412112,11.4062151678552,41.3535196393575,1,-999,24.64932,-999,0.5015019,0.09631194,False,-99,0.001718895
6449227371664903863,0,1.16175447907997,GALEX J004537.4+412111,11.4062145150753,41.353246128474,1,-999,23.71791,-999,1.182589,0.09631194,False,-99,0.002519138
2591190603583725295,0,1.16195178290016,GALEX J004543.9+412240,11.4330646926145,41.3779148849999,3,22.7336,22.55647,2.927943,3.446778,0.09834104,False,0.001693779,0.003540196
2496087245624183009,0,1.163035141004,GALEX J004549.3+412153,11.4554958287848,41.3647521676249,1,-999,23.42718,-999,1.545713,0.1012051,False,-99,0.003937649
6449755137246236860,0,1.16389303825408,GALEX J004544.0+412240,11.4334273475517,41.377923603354,1,-999,22.5977,-999,3.318321,0.09834104,False,-99,0.003687007
2495911323765834045,0,1.16416751275162,GALEX J004544.0+412240,11.433366058914,41.3779324805645,3,22.29871,23.13207,4.370385,2.028484,0.09834104,False,0.004185589,0.003378816
2590838759862837722,0,1.16613302965643,GALEX J004543.9+412240,11.4329299995392,41.3779926152541,3,22.83942,22.60307,2.656039,3.301965,0.09834104,False,0.004122408,0.003633357
6372252786323622861,0,1.16810587079228,GALEX J004546.4+412232,11.4435569298126,41.3756466850449,1,-999,21.68705,-999,7.676774,0.09834104,False,-99,0.002666979
2495911323763736891,0,1.17652354768191,GALEX J004546.5+412232,11.443772068024,41.3757173669747,1,-999,21.5343,-999,8.836511,0.09834104,False,-99,0.002930206
6372252785249879626,0,1.17748668245057,GALEX J004546.7+412230,11.4448604178787,41.3752522460261,1,-999,22.16782,-999,4.930286,0.09834104,False,-99,0.002034473
6449755137246236880,0,1.17972143649393,GALEX J004546.4+412233,11.4434591083203,41.3759074922449,1,-999,21.07827,-999,13.4491,0.09834104,False,-99,0.003208106
6449192187292814152,0,1.18077556896555,GALEX J004546.4+412233,11.4436900772815,41.3758327324114,1,-999,21.4065,-999,9.940339,0.09834104,False,-99,0.003404884
6449755137246236563,0,1.18185942599644,GALEX J004539.5+412035,11.4147740938739,41.3431309668297,1,-999,23.61679,-999,1.298029,0.09631194,False,-99,0.002504967
2591190603581628110,0,1.18190498653565,GALEX J004546.5+412232,11.4438704670235,41.3757787669209,1,-999,21.34142,-999,10.55438,0.09834104,False,-99,0.001343059
6449719952874146508,0,1.18246646040519,GALEX J004543.9+412241,11.4329339026625,41.3782653718219,1,-999,23.40448,-999,1.578359,0.09834104,False,-99,0.001608247
2590838759860740562,0,1.18251331275262,GALEX J004546.5+412233,11.4437457544451,41.375842692003,1,-999,21.44971,-999,9.552436,0.09834104,False,-99,0.001968381
2496087245624183148,0,1.18400068964298,GALEX J004546.5+412232,11.4439837361371,41.3757708389471,1,-999,21.3501,-999,10.47031,0.09834104,False,-99,0.001911952
6449192187292813956,0,1.19562313167507,GALEX J004548.9+412054,11.4537894964842,41.3483914189321,1,-999,22.70551,-999,3.004668,0.09834104,False,-99,0.001679182
6449227371664904032,0,1.20072018831275,GALEX J004540.3+412234,11.4181133124825,41.3761309928409,1,-999,23.47284,-999,1.482051,0.1028315,False,-99,0.002892368
2591190603581627674,0,1.21283523220679,GALEX J004549.0+412053,11.4541803079606,41.3483235506052,1,-999,22.55342,-999,3.456474,0.09834104,False,-99,0.002360687
2590838759860740638,0,1.21392810703407,GALEX J004540.4+412235,11.4184206717645,41.3765056445251,1,-999,22.68791,-999,3.053777,0.1028315,False,-99,0.009170446
2590838759860740116,0,1.21415607623832,GALEX J004549.0+412054,11.4543064322126,41.3484414884922,1,-999,22.80437,-999,2.74315,0.09834104,False,-99,0.002452815
2591190603581628044,0,1.21591232490283,GALEX J004540.4+412235,11.4185765708984,41.3766041411252,1,-999,23.78898,-999,1.107661,0.1028315,False,-99,0.002470635
6449719952874146299,0,1.22046054953583,GALEX J004549.0+412053,11.454376189153,41.3483227993616,1,-999,22.93704,-999,2.42763,0.09834104,False,-99,0.001839053
6449227371664903826,0,1.22182243226709,GALEX J004549.0+412053,11.454214756087,41.3480749744857,1,-999,23.00237,-999,2.285876,0.09834104,False,-99,0.003268062
6449227371664903756,0,1.22908026206821,GALEX J004545.5+412021,11.4399740015298,41.3392658923475,1,-999,23.84458,-999,1.052371,0.09834104,False,-99,0.002398285
6449755137246236598,0,1.23062337255641,GALEX J004549.1+412054,11.4546764592936,41.3483735328153,1,-999,22.13171,-999,5.097007,0.09834104,False,-99,0.004000696
2495911323763736794,0,1.23639264760047,GALEX J004549.1+412054,11.4548229063249,41.3483718731855,1,-999,22.71806,-999,2.970128,0.09834104,False,-99,0.004262418
2496087245624182910,0,1.24327469570734,GALEX J004549.1+412053,11.4548973222812,41.3482389996565,1,-999,22.85973,-999,2.606793,0.09834104,False,-99,0.002330213
6449227371664904059,0,1.25537106625051,GALEX J004542.4+412245,11.4268905783988,41.3793054261862,1,-999,23.50533,-999,1.438355,0.1028315,False,-99,0.003002919
6449192187292813983,0,1.29005216596975,GALEX J004536.8+412107,11.4036970269505,41.352109565551,1,-999,23.16906,-999,1.960542,0.09631194,False,-99,0.002302643
2590838759860739877,0,1.29066326330959,GALEX J004542.1+412014,11.4258020936004,41.337456941404,1,-999,24.15169,-999,0.7930912,0.09834104,False,-99,0.002161495
2495840955019563197,0,1.29069793648113,GALEX J004546.5+412022,11.4440458577025,41.3394581103628,1,-999,22.03122,-999,5.591306,0.09834104,False,-99,0.00406584
2590838759862837292,0,1.2912034376543,GALEX J004536.9+412106,11.4038344996637,41.351732727431,3,23.63481,23.66256,1.276664,1.244446,0.09631194,False,0.003238795,0.002861847
2495911323763736790,0,1.30059899772811,GALEX J004536.8+412105,11.4036633796534,41.3516239191552,1,-999,23.57616,-999,1.347519,0.09631194,False,-99,0.002364506
6372252786323622815,0,1.30132342688148,GALEX J004537.2+412205,11.4051180810532,41.3682579271941,1,-999,21.86177,-999,6.53569,0.1028315,False,-99,0.002745796
2591190603583724847,0,1.30768642168171,GALEX J004536.8+412105,11.4035297049715,41.3515522560822,3,23.61954,23.40564,1.294751,1.576675,0.09631194,False,0.002526639,0.002494987
6449755137246236737,0,1.30866739712421,GALEX J004536.7+412152,11.4030748625009,41.3646470130407,1,-999,22.90574,-999,2.498649,0.1028315,False,-99,0.0042041
2495840955019563154,0,1.30911772493428,GALEX J004541.5+412015,11.4232448065134,41.3375835567428,1,-999,23.54098,-999,1.391899,0.09834104,False,-99,0.002514914
2591190603581627463,0,1.32008301607666,GALEX J004542.3+412012,11.4262763560519,41.3368973822063,1,-999,23.41231,-999,1.567024,0.09834104,False,-99,0.003919117
6372252786323622772,0,1.3315276669649,GALEX J004536.4+412141,11.4017054474024,41.3616167435502,1,-999,21.85707,-999,6.56408,0.1017736,False,-99,0.001818365
6449755137246236700,0,1.34621448069306,GALEX J004536.6+412104,11.4027385263666,41.3513046747717,1,-999,22.68066,-999,3.074221,0.09631194,False,-99,0.004920848
2495911323763736842,0,1.35089857712661,GALEX J004536.5+412153,11.4022147781025,41.3649480243826,1,-999,23.79014,-999,1.10648,0.1017736,False,-99,0.002592159
2591190603581627999,0,1.36574496646961,GALEX J004538.0+412225,11.4084104581039,41.3738001638812,1,-999,23.97958,-999,0.9293211,0.1028315,False,-99,0.003146442
2590838759860740279,0,1.36644348974052,GALEX J004536.4+412153,11.4017912344028,41.3647797225477,1,-999,23.96045,-999,0.9458396,0.1017736,False,-99,0.002977767
2591190603581627835,0,1.36859028432018,GALEX J004536.4+412152,11.4016959593525,41.3646560576296,1,-999,23.91022,-999,0.9906268,0.1017736,False,-99,0.002809552
2590838759860740454,0,1.37507200971765,GALEX J004538.0+412226,11.4085091107391,41.3741131973963,1,-999,23.67178,-999,1.233919,0.1028315,False,-99,0.003484007
6449755137246236658,0,1.37603251408664,GALEX J004550.7+412123,11.4614189186122,41.3564568348532,1,-999,23.47756,-999,1.475629,0.1012051,False,-99,0.002625696
6449227371664904007,0,1.37723306392626,GALEX J004537.8+412224,11.407639269752,41.3734266170284,1,-999,23.5025,-999,1.442114,0.1028315,False,-99,0.002422239
2591190603582686214,0,1.38716861997594,GALEX J004545.4+412010,11.4393579291862,41.3363593327719,2,23.08834,-999,2.111872,-999,0.09834104,False,0.004296948,-99
6449719952874146243,0,1.39098005374947,GALEX J004547.2+412019,11.4469926944713,41.3387789856937,1,-999,22.8725,-999,2.576322,0.09834104,False,-99,0.003592005
2496087245624183278,0,1.39131146711033,GALEX J004543.8+412254,11.4328234980663,41.3817592212197,1,-999,20.75751,-999,18.0715,0.1028315,False,-99,0.002673229
2495840955019563618,0,1.4022361738107,GALEX J004543.4+412255,11.4309983191016,41.3819817139739,1,-999,20.30167,-999,27.49988,0.1028315,False,-99,0.007011631
2495840955019563168,0,1.40853863191678,GALEX J004546.6+412014,11.4442382194431,41.3373428147762,1,-999,22.71588,-999,2.976113,0.09834104,False,-99,0.001886762
6449755137246236919,0,1.41584973162825,GALEX J004540.4+412248,11.4183551448435,41.3802164583182,1,-999,22.57595,-999,3.385482,0.1028315,False,-99,0.003983147
6449192187292813944,0,1.41598896927048,GALEX J004549.7+412043,11.4571629896356,41.3455253617895,1,-999,23.15598,-999,1.984303,0.09834104,False,-99,0.003037319
6449227371664904153,0,1.41688326183066,GALEX J004543.8+412255,11.4328311909588,41.3821858128722,1,-999,21.11469,-999,13.00546,0.1028315,False,-99,0.003778024
2591190603581628204,0,1.42280184583275,GALEX J004543.8+412256,11.432589675566,41.3822944480171,1,-999,20.91354,-999,15.65254,0.1028315,False,-99,0.001567914
6449192187292814211,0,1.42627283666412,GALEX J004543.7+412256,11.4323151111861,41.3823618287194,1,-999,21.09494,-999,13.24418,0.1028315,False,-99,0.00245707
6449755137246236926,0,1.42725240280128,GALEX J004543.8+412256,11.4324858474336,41.3823725022845,1,-999,20.74673,-999,18.25187,0.1028315,False,-99,0.00354433
2495911323763736788,0,1.42752135321608,GALEX J004550.6+412104,11.4611512122684,41.3512739868191,1,-999,23.23084,-999,1.852096,0.09834104,False,-99,0.002860201
6449719952874146574,0,1.42951361304377,GALEX J004543.8+412256,11.4327010337291,41.3824021151635,1,-999,20.88494,-999,16.07034,0.1028315,False,-99,0.002644148
2590838759860740785,0,1.43140991015753,GALEX J004543.8+412256,11.4324879343117,41.3824417968034,1,-999,20.72556,-999,18.6112,0.1028315,False,-99,0.00209376
2495911323763736924,0,1.43307047339643,GALEX J004543.8+412256,11.4326681414789,41.3824627896163,1,-999,21.17661,-999,12.2845,0.1028315,False,-99,0.001757989
2495840955019563451,0,1.43365321327574,GALEX J004537.7+412228,11.4074718739525,41.3747088539746,1,-999,22.25066,-999,4.568114,0.1028315,False,-99,0.003674816
6372252786323622944,0,1.43567718295022,GALEX J004543.8+412257,11.4325819809748,41.3825095942454,1,-999,21.50477,-999,9.080128,0.1028315,False,-99,0.003223489
2590838759860739875,0,1.43575229125706,GALEX J004547.5+412018,11.4479968567568,41.3383676262481,1,-999,25.28635,-999,0.278907,0.09834104,False,-99,0.001548315
6449755137246236609,0,1.43814855468005,GALEX J004550.7+412103,11.461321518914,41.3510952250627,1,-999,22.96745,-999,2.360583,0.09834104,False,-99,0.002737486
6449192187292813980,0,1.44385785412084,GALEX J004550.7+412103,11.4614023340789,41.3509761166064,1,-999,23.08976,-999,2.109092,0.09834104,False,-99,0.002558114
2591190603581627435,0,1.44680619784753,GALEX J004547.5+412017,11.4481108266123,41.3382037949171,1,-999,24.38869,-999,0.6375633,0.09834104,False,-99,0.002425964
2591190603581628106,0,1.45972044012948,GALEX J004539.1+412243,11.4129306012094,41.3788099987975,1,-999,23.04698,-999,2.193852,0.1028315,False,-99,0.005009826
6449227371664903853,0,1.46424296135111,GALEX J004550.8+412103,11.4618315958637,41.3508684384338,1,-999,23.34035,-999,1.674398,0.09834104,False,-99,0.004453337
2496087245624182927,0,1.46540078319541,GALEX J004550.8+412102,11.4618109223671,41.3507620110665,1,-999,23.00333,-999,2.283848,0.09834104,False,-99,0.002504335
2590838759860740100,0,1.4689576928466,GALEX J004550.8+412103,11.4619324770259,41.3508471237636,1,-999,23.21548,-999,1.878477,0.09834104,False,-99,0.003362306
2591190603581627408,0,1.47058909306072,GALEX J004543.7+412002,11.4323280481915,41.3341215792764,1,-999,22.93641,-999,2.429051,0.09834104,False,-99,0.003513693
2591190603583724809,0,1.47260953240971,GALEX J004550.8+412103,11.4620143774937,41.3508390646952,3,23.8463,22.82963,1.050709,2.680078,0.09834104,False,0.002214788,0.002865093
2496087245624182852,0,1.48628381148019,GALEX J004548.5+412023,11.4524369618982,41.3397790057349,1,-999,24.19925,-999,0.7591041,0.09834104,False,-99,0.002138324
6449227371664903818,0,1.49565776525838,GALEX J004550.0+412041,11.4586844019327,41.3448450740672,1,-999,23.35403,-999,1.653435,0.09834104,False,-99,0.00306308
6449755137246236585,0,1.4986193976664,GALEX J004550.1+412042,11.459019487392,41.3451407356658,1,-999,22.87425,-999,2.572166,0.09834104,False,-99,0.003639515
2590838759862837196,0,1.50440572977135,GALEX J004550.1+412042,11.4591144888746,41.3450733003167,3,23.90092,23.23427,0.9991592,1.846253,0.09834104,False,0.001817057,0.002768049
2591190603583724760,0,1.5062394483192,GALEX J004550.1+412041,11.4590957624169,41.3449950008579,3,23.66895,22.87357,1.237149,2.573771,0.09834104,False,0.001806242,0.00237219
6372252785249879642,0,1.50917390651513,GALEX J004544.0+412301,11.433565648944,41.3836902105462,1,-999,21.00399,-999,14.40139,0.1028315,False,-99,0.003515522
2496087245626280052,0,1.5147916596973,GALEX J004550.3+412043,11.4596937638246,41.3454413797032,3,23.41643,22.96965,1.561095,2.355797,0.09834104,False,0.002084099,0.003865994
6449719952874146306,0,1.52031265697411,GALEX J004550.3+412043,11.4597053739264,41.3452799513169,1,-999,22.98623,-999,2.320112,0.09834104,False,-99,0.003356192
6372252785249879633,0,1.52534710528778,GALEX J004537.4+412232,11.4060728226337,41.3758252768872,1,-999,22.05975,-999,5.446275,0.1028315,False,-99,0.002301898
2495911323763736775,0,1.52659271777853,GALEX J004550.2+412041,11.4595228847385,41.3448664016711,1,-999,22.78239,-999,2.799256,0.09834104,False,-99,0.004063707
2591190603581627461,0,1.52837077441394,GALEX J004545.3+412001,11.43882385241,41.3338246919567,1,-999,22.56673,-999,3.414353,0.09834104,False,-99,0.006780491
6449227371664904193,0,1.53504744133994,GALEX J004549.2+412235,11.4553426511823,41.3765219539825,1,-999,20.70538,-999,18.96033,0.1012051,False,-99,0.01372122
6449719952874146309,0,1.53660973093244,GALEX J004551.2+412103,11.4635382608986,41.3509082315394,1,-999,23.93108,-999,0.9717785,0.1012051,False,-99,0.002103239
6449719952874146241,0,1.55031115033032,GALEX J004538.2+412019,11.4091514248354,41.338645895477,1,-999,23.41718,-999,1.560009,0.09631194,False,-99,0.002185876
2590838759860740693,0,1.55598588679056,GALEX J004538.9+412249,11.412085895539,41.3803147098057,1,-999,22.51756,-999,3.572512,0.1028315,False,-99,0.00667713
6449755137246236837,0,1.56013127722129,GALEX J004536.8+412228,11.4037179909652,41.374638787328,1,-999,23.25465,-999,1.811928,0.1028315,False,-99,0.003531958
2495911323763736897,0,1.56205282912552,GALEX J004546.7+412256,11.4448846206019,41.382469224528,1,-999,24.12223,-999,0.8149042,0.1012051,False,-99,0.002081977
2495911323763736871,0,1.56937273051745,GALEX J004536.8+412228,11.4035116898417,41.3746907940201,1,-999,23.72803,-999,1.171627,0.1028315,False,-99,0.001983167
2591190603583725202,0,1.57532218614361,GALEX J004536.7+412228,11.4032566003989,41.3746053938429,3,24.35888,23.07173,0.6553123,2.144409,0.1028315,False,0.001060471,0.002273575
2590838759860740527,0,1.57907820267343,GALEX J004536.7+412228,11.4031973525748,41.3746502774693,1,-999,23.02126,-999,2.246441,0.1028315,False,-99,0.003806475
2591190603581627421,0,1.60913514450009,GALEX J004538.1+412015,11.4089007464901,41.3375392830175,1,-999,24.43432,-999,0.6113235,0.09631194,False,-99,0.002923384
2590838759860739857,0,1.61063278232174,GALEX J004538.1+412015,11.4088327544523,41.3375477488449,1,-999,25.37901,-999,0.2560916,0.09631194,False,-99,0.002452117
2591190603581627668,0,1.6124826309551,GALEX J004534.9+412116,11.395590491391,41.3546338936848,1,-999,24.24498,-999,0.7277919,0.1017736,False,-99,0.002962963
2590838759860740131,0,1.61781129481189,GALEX J004534.9+412116,11.3954860285657,41.3545583862969,1,-999,24.59909,-999,0.525246,0.1017736,False,-99,0.003164846
2496087245624183133,0,1.63236674678954,GALEX J004536.4+412229,11.4019094179825,41.3748444623627,1,-999,22.53354,-999,3.520318,0.1028315,False,-99,0.007269793
2496087245624183010,0,1.66174669697813,GALEX J004552.1+412148,11.4673226617309,41.3634917105035,1,-999,23.82778,-999,1.068781,0.1012051,False,-99,0.003666343
2495840955019563482,0,1.67888313812725,GALEX J004537.7+412248,11.4071993144506,41.3801499689143,1,-999,23.11029,-999,2.069587,0.1028315,False,-99,0.0008770037
2591190603581627653,0,1.71315978607801,GALEX J004552.4+412113,11.4684701870818,41.3536921330938,1,-999,24.26357,-999,0.7154377,0.1012051,False,-99,0.002906107
2495911323763736879,0,1.71372715694969,GALEX J004535.5+412223,11.3982667007742,41.3731810190665,1,-999,23.41914,-999,1.557191,0.1028315,False,-99,0.003172797
6449719952874146483,0,1.71406573073196,GALEX J004535.8+412227,11.3992590923671,41.374379887328,1,-999,22.83929,-999,2.656331,0.1028315,False,-99,0.003050924
2590838759860740526,0,1.71469697722433,GALEX J004535.6+412225,11.3986148537504,41.37364373301,1,-999,23.52035,-999,1.418598,0.1028315,False,-99,0.005002552
2590838759860740340,0,1.73099461318436,GALEX J004534.9+412212,11.3957016516043,41.3700338963902,1,-999,24.98321,-999,0.3687361,0.1017736,False,-99,0.001285903
2591190603581628016,0,1.73264144089809,GALEX J004535.6+412225,11.3983457972842,41.3738855654072,1,-999,23.66334,-999,1.243548,0.1028315,False,-99,0.003936734
6449755137246236785,0,1.73652634098161,GALEX J004534.9+412211,11.3955087309423,41.3699298743291,1,-999,23.43986,-999,1.527767,0.1017736,False,-99,0.002844515
6372252785249879379,0,1.75262657178082,GALEX J004544.0+411946,11.4334437422122,41.329458340904,1,-999,17.9677,-999,236.0032,0.09834104,False,-99,0.004141281
6449192187292813899,0,1.77193541118891,GALEX J004543.7+411944,11.4321892028598,41.3290923527522,1,-999,17.81196,-999,272.4051,0.09834104,False,-99,0.00173929
6372252786323622665,0,1.77338652859106,GALEX J004543.7+411944,11.432389884648,41.3290730941457,1,-999,17.67327,-999,309.5217,0.09834104,False,-99,0.001479163
6449719952874146288,0,1.77450556307806,GALEX J004543.7+411944,11.432281406424,41.3290516690902,1,-999,17.77768,-999,281.1439,0.09834104,False,-99,0.001423665
2590838759860740194,0,1.7754054802616,GALEX J004543.7+411944,11.4322882459306,41.3290368300137,1,-999,17.84683,-999,263.7948,0.09834104,False,-99,0.001848898
2496087245624182960,0,1.77589391605989,GALEX J004543.8+411944,11.4325450478534,41.3290356173797,1,-999,17.7712,-999,282.827,0.09834104,False,-99,0.001445457
2495911323763736762,0,1.77606958891974,GALEX J004543.7+411944,11.4323737047849,41.3290279226658,1,-999,17.81902,-999,270.6406,0.09834104,False,-99,0.001557191
2495840955019563315,0,1.77931571796925,GALEX J004543.7+411944,11.4321673970538,41.328968803086,1,-999,17.58516,-999,335.6882,0.09834104,False,-99,0.003822493
6449755137246236578,0,1.78083770891397,GALEX J004543.7+411944,11.4323508640686,41.328947814634,1,-999,17.77517,-999,281.7946,0.09834104,False,-99,0.001447197
2591190603581627686,0,1.78138294778833,GALEX J004543.7+411944,11.4323619882677,41.3289390086403,1,-999,17.7706,-999,282.9825,0.09834104,False,-99,0.001380521
6449227371664903834,0,1.78230018364915,GALEX J004543.8+411944,11.4326734448664,41.3289326883233,1,-999,17.88376,-999,254.9736,0.09834104,False,-99,0.001797615
2495911323764792456,0,1.79060494280053,GALEX J004545.3+412316,11.4387657352402,41.3878800193929,2,23.23886,-999,1.838476,-999,0.1028315,False,0.002361756,-99
2496087245624182887,0,1.79318194397209,GALEX J004534.5+412050,11.3940635525414,41.34745589921,1,-999,23.98064,-999,0.9284139,0.09631194,False,-99,0.002568357
2496087245624182985,0,1.79360595116591,GALEX J004552.9+412137,11.470763053417,41.3603067156009,1,-999,23.10523,-999,2.079248,0.1012051,False,-99,0.004393236
6449755137246236954,0,1.80029224859092,GALEX J004545.3+412316,11.439027396614,41.3880050690854,1,-999,22.30548,-999,4.343158,0.1028315,False,-99,0.004931019
2590838759862836931,0,1.8049346462701,GALEX J004541.6+411944,11.4234843167719,41.3290627780726,3,23.69803,22.96461,1.204457,2.36676,0.09631194,False,0.002991281,0.002491404
2496087245626279948,0,1.80980762311008,GALEX J004541.5+411944,11.4232486408236,41.3290143397136,3,23.71579,23.52699,1.184907,1.409946,0.09631194,False,0.001964288,0.003413929
2591190603583724584,0,1.81286824871901,GALEX J004541.6+411944,11.4234356781383,41.3289351385827,3,23.97819,22.07455,0.9305191,5.372551,0.09631194,False,0.002098821,0.003487263
6457284592873249880,0,1.81319751113599,GALEX J004543.7+411942,11.432130407116,41.3284030715136,1,-999,17.54859,-999,347.1882,0.09834104,False,-99,0.005020235
2591190603581627777,0,1.81975996113324,GALEX J004553.1+412137,11.4713447902608,41.3603058836459,1,-999,23.83841,-999,1.058362,0.1012051,False,-99,0.002763345
6449227371664904176,0,1.8202120732693,GALEX J004545.3+412318,11.4388680608547,41.3883678663994,1,-999,23.09376,-999,2.101345,0.1028315,False,-99,0.00379615
2591190603581627528,0,1.82120784948935,GALEX J004551.8+412035,11.4658964016826,41.3432779356292,1,-999,24.19498,-999,0.7620915,0.09222735,False,-99,0.003522011
2590838759860741121,0,1.82614666789541,GALEX J004540.0+412313,11.417000630136,41.3871763323965,1,-999,20.17901,-999,30.78889,0.1028315,False,-99,0.01907694
2591190603583725399,0,1.83103871398767,GALEX J004545.4+412318,11.4395290024132,41.3884497175675,3,22.71071,22.76579,2.990316,2.842391,0.1028315,False,0.002768203,0.002385899
2590838759860741055,0,1.83371215115132,GALEX J004542.5+412320,11.4271395755656,41.3890353735164,1,-999,21.11944,-999,12.94863,0.1028315,False,-99,0.01170032
6449719952874146581,0,1.83528135170461,GALEX J004545.3+412318,11.4391148869357,41.3885868453629,1,-999,23.66079,-999,1.246476,0.1028315,False,-99,0.002291722
2590838759860740205,0,1.83772224497433,GALEX J004553.2+412137,11.4717417080084,41.3603402757035,1,-999,24.17054,-999,0.7794385,0.1012051,False,-99,0.003007812
2495911323763736925,0,1.83954520450857,GALEX J004545.4+412319,11.4393562571121,41.3886220818407,1,-999,23.65756,-999,1.250188,0.1028315,False,-99,0.001857184
2496087245626280353,0,1.83982973644708,GALEX J004545.5+412318,11.4397019219302,41.388571563857,3,22.85779,23.16633,2.611475,1.965468,0.1028315,False,0.003611563,0.003868333
2496087245624183160,0,1.84876276705551,GALEX J004537.7+412301,11.4071801444172,41.3837087419029,1,-999,23.76132,-999,1.136245,0.1028315,False,-99,0.002540061
2495911323763736714,0,1.86316440785642,GALEX J004541.6+411941,11.4236026975529,41.3280590273242,1,-999,22.76847,-999,2.835377,0.09631194,False,-99,0.003489557
6372252786323622788,0,1.8896406944973,GALEX J004553.3+412150,11.4723512751497,41.3639596831235,1,-999,21.88217,-999,6.414017,0.1012051,False,-99,0.0007893228
2590838759862838180,0,1.90072063346486,GALEX J004545.4+412322,11.439278752845,41.3896746589739,3,23.58409,20.649,1.337726,19.97095,0.1028315,False,0.002727663,0.01256988
2590838759860740594,0,1.9058960287489,GALEX J004538.0+412307,11.4083850162712,41.3854624539822,1,-999,24.07483,-999,0.8512701,0.1028315,False,-99,0.002897341
2496087245625237218,0,1.90748803348102,GALEX J004549.6+412000,11.4569252977189,41.33347370011,2,23.06611,-999,2.155547,-999,0.09222735,False,0.00238445,-99
6449755137246236514,0,1.91243248487833,GALEX J004549.3+411957,11.4555766098673,41.3326203615684,1,-999,22.80195,-999,2.749293,0.09222735,False,-99,0.004267516
2591190603581627384,0,1.91302404972484,GALEX J004549.5+411959,11.456557031733,41.3331464667424,1,-999,23.28861,-999,1.756128,0.09222735,False,-99,0.002165822
6449227371664903807,0,1.91562799502764,GALEX J004552.9+412049,11.4706380223584,41.3470347555022,1,-999,23.13327,-999,2.026239,0.0963834,False,-99,0.002671162
2590838759862836950,0,1.91589453608452,GALEX J004549.6+411959,11.4568756897847,41.3332681696764,3,23.63119,23.9066,1.280936,0.9939423,0.09222735,False,0.002103768,0.002681575
2496087245624182813,0,1.92549069583388,GALEX J004549.6+411958,11.4567674301428,41.3330053736081,1,-999,24.28027,-999,0.7045155,0.09222735,False,-99,0.002307265
2495840955019563577,0,1.93002510593369,GALEX J004540.8+412323,11.4203136084111,41.3897625859222,1,-999,23.21578,-999,1.877959,0.1028315,False,-99,0.002565001
6372252786323622642,0,1.93029824209282,GALEX J004536.7+412003,11.4031224461851,41.3341772796008,1,-999,22.25531,-999,4.548594,0.09631194,False,-99,0.001129418
2496087245625237281,0,1.93093752804817,GALEX J004553.0+412048,11.4708960707299,41.3468296620991,2,23.43571,-999,1.533624,-999,0.0963834,False,0.001810141,-99
6449719952874146197,0,1.93712202855628,GALEX J004549.8+411959,11.457639760841,41.3332661071763,1,-999,22.9672,-999,2.36113,0.09222735,False,-99,0.002065709
2495911323763736909,0,1.93749353537225,GALEX J004537.1+412303,11.4048899376469,41.3842785615422,1,-999,23.76312,-999,1.134357,0.1028315,False,-99,0.002313463
2496087245626280056,0,1.94181349909902,GALEX J004533.5+412056,11.3898160286995,41.3490354090644,3,22.93203,24.01448,2.438875,0.8999289,0.1017736,False,0.001895312,0.001603824
2590838759862837225,0,1.94236416469559,GALEX J004533.5+412056,11.3897891387144,41.3490696073809,3,24.01601,24.07265,0.8986666,0.8529807,0.1017736,False,0.001608942,0.001901668
2590838759860740593,0,1.94524056185772,GALEX J004535.8+412250,11.399517988676,41.3808127333239,1,-999,22.49915,-999,3.633628,0.1028315,False,-99,0.006813874
6449755137246236603,0,1.94825243179888,GALEX J004533.5+412055,11.3897417055753,41.3488542376628,1,-999,22.98344,-999,2.32607,0.1017736,False,-99,0.002414652
6449719952874146577,0,1.94831676371994,GALEX J004548.2+412314,11.450848065708,41.3874656305226,1,-999,23.48237,-999,1.469102,0.1012051,False,-99,0.001205558
2591190603581627669,0,1.95333880109199,GALEX J004533.1+412116,11.387964310456,41.3545639179999,1,-999,24.59692,-999,0.5262969,0.1017736,False,-99,0.002505347
2591190603583724762,0,1.95791415458477,GALEX J004533.4+412056,11.3894415672982,41.3490363056001,3,23.35058,23.48583,1.65871,1.464431,0.1017736,False,0.002327806,0.001835049
2591190603583725324,0,1.95797621843056,GALEX J004548.1+412315,11.4505920339513,41.3877444594716,3,22.81918,23.79904,2.706006,1.097448,0.1012051,False,0.002983665,0.002099825
2591190603581628234,0,1.98106259414383,GALEX J004543.4+412329,11.4308350928197,41.3916285891207,1,-999,24.57802,-999,0.5355377,0.1028315,False,-99,0.002142001
6372252785249879655,0,1.99188468188925,GALEX J004537.3+412308,11.4054913300847,41.3857344607195,1,-999,21.87968,-999,6.428786,0.1028315,False,-99,0.002223099
2495840955021660403,0,2.010484225712,GALEX J004533.1+412056,11.3882561696725,41.3489510311232,3,22.94513,23.09351,2.40962,2.10182,0.1017736,False,0.002327434,0.003351764
6449719952874146378,0,2.02536452433068,GALEX J004554.2+412137,11.4758992061893,41.3605502944295,1,-999,23.30789,-999,1.725221,0.1012051,False,-99,0.002246424
2496087245624183137,0,2.03480130918158,GALEX J004552.1+412243,11.4674586752599,41.3786480156218,1,-999,23.37696,-999,1.618891,0.1012051,False,-99,0.003329503
2591190603583725218,0,2.0424228363448,GALEX J004552.1+412244,11.4672505898086,41.3790716935627,3,23.37258,23.65,1.625441,1.258927,0.1012051,False,0.004146621,0.001851337
6449755137246236862,0,2.04477482093655,GALEX J004552.2+412244,11.4674899021678,41.3788965634963,1,-999,23.66598,-999,1.240537,0.1012051,False,-99,0.002694943
2590838759860740504,0,2.04478037783185,GALEX J004552.1+412244,11.467388574538,41.3789990028646,1,-999,23.66607,-999,1.240432,0.1012051,False,-99,0.002423755
2590838759860741162,0,2.05288588536666,GALEX J004536.9+412309,11.4037608384011,41.3860485280308,1,-999,20.91168,-999,15.67937,0.1028315,False,-99,0.01598618
2496087245624182825,0,2.05498771575355,GALEX J004535.5+412005,11.3980100113051,41.33495369145,1,-999,24.31998,-999,0.6792166,0.09631194,False,-99,0.002316549
6449719952874146214,0,2.06087206844139,GALEX J004535.5+412005,11.3979276300668,41.3348764717134,1,-999,23.37464,-999,1.622353,0.09631194,False,-99,0.002632287
2591190603581627413,0,2.06435007875617,GALEX J004535.4+412005,11.3977325991034,41.3349462146205,1,-999,23.21987,-999,1.870897,0.09631194,False,-99,0.00167681
2590838759862837000,0,2.06466906165379,GALEX J004535.4+412005,11.3977330714855,41.3349381134335,3,23.9725,23.53047,0.9354091,1.405439,0.09631194,False,0.001640475,0.002019376
6449755137246236508,0,2.06473233886005,GALEX J004535.4+412006,11.3976316107675,41.3350171750463,1,-999,22.76721,-999,2.838675,0.09631194,False,-99,0.003352723
2591190603582686187,0,2.07488776888712,GALEX J004535.4+412004,11.3977358854046,41.3346890668682,2,23.95374,-999,0.9517145,-999,0.09631194,False,0.001708422,-99
6449227371664904227,0,2.07521878006778,GALEX J004552.7+412239,11.4695734770876,41.3775382788865,1,-999,20.58975,-999,21.09107,0.1012051,False,-99,0.01476203
6449192187292813872,0,2.07619404072687,GALEX J004535.3+412006,11.3972398931942,41.3350518601763,1,-999,23.21611,-999,1.877395,0.09631194,False,-99,0.00245179
6449227371664903733,0,2.0769372102479,GALEX J004535.4+412004,11.3976790228092,41.3346842668148,1,-999,23.85463,-999,1.042671,0.09631194,False,-99,0.003556933
2495911323763736725,0,2.0834252009251,GALEX J004535.3+412005,11.3973657809118,41.3347747444865,1,-999,23.57852,-999,1.344601,0.09631194,False,-99,0.002348562
6449719952874146526,0,2.094557225717,GALEX J004551.8+412253,11.4659702926245,41.3816312908503,1,-999,23.5724,-999,1.352202,0.1012051,False,-99,0.002285539
6449227371664903931,0,2.09617989122833,GALEX J004532.3+412148,11.3848960730775,41.3634198648461,1,-999,23.68314,-999,1.221074,0.1017736,False,-99,0.001359765
2496087245624183016,0,2.09620827793323,GALEX J004532.3+412146,11.384820340701,41.3629942835751,1,-999,23.25816,-999,1.806081,0.1017736,False,-99,0.003559752
6449755137246236431,0,2.09857519548094,GALEX J004542.8+411925,11.4285018265022,41.3236851837266,1,-999,23.15942,-999,1.978031,0.09834104,False,-99,0.003345824
6457284592873249791,0,2.10239697170086,GALEX J004547.2+411932,11.4468988722123,41.3256669570726,1,-999,22.76646,-999,2.840629,0.09222735,False,-99,0.0033805
2591190603581627832,0,2.10521527890742,GALEX J004532.3+412145,11.3845783813192,41.3627459782579,1,-999,23.05413,-999,2.179443,0.1017736,False,-99,0.001854933
2590838759860740301,0,2.10581327061077,GALEX J004532.3+412146,11.3846006451174,41.362965981902,1,-999,23.24277,-999,1.831861,0.1017736,False,-99,0.002061311
6449755137246236941,0,2.11031910106705,GALEX J004537.3+412317,11.4055201460195,41.3881318350311,1,-999,23.04537,-999,2.197112,0.1028315,False,-99,0.002910709
6449755137246236722,0,2.11038082864259,GALEX J004532.2+412147,11.3845299617513,41.3631520097599,1,-999,22.84216,-999,2.649327,0.1017736,False,-99,0.003027511
2590838759860741029,0,2.11207008656096,GALEX J004548.2+412325,11.4509240348898,41.3904793888212,1,-999,21.96129,-999,5.963239,0.1012051,False,-99,0.01143262
2495911323763736837,0,2.11510427392643,GALEX J004532.2+412147,11.3844139734256,41.3630924457573,1,-999,23.00729,-999,2.275531,0.1017736,False,-99,0.002671326
2495840955019563572,0,2.11556110650236,GALEX J004537.2+412316,11.40499936729,41.3879799413513,1,-999,22.98004,-999,2.333365,0.1028315,False,-99,0.002984085
2496087245624183203,0,2.11911577294965,GALEX J004537.3+412318,11.4057573537045,41.3884202516746,1,-999,24.1745,-999,0.7766047,0.1028315,False,-99,0.002261582
6457284592873249735,0,2.12339450611245,GALEX J004538.3+411937,11.4097762605925,41.3270112996626,1,-999,20.93522,-999,15.34304,0.09631194,False,-99,0.006826421
2591190603581628179,0,2.13459204624968,GALEX J004537.2+412318,11.4053706723437,41.3885409409784,1,-999,24.07963,-999,0.8475152,0.1028315,False,-99,0.003489974
2590838759861797983,0,2.14316850946627,GALEX J004552.5+412248,11.4689380691982,41.3801813187075,2,24.21618,-999,0.7473567,-999,0.1012051,False,0.002387597,-99
6449719952874146394,0,2.15877883064188,GALEX J004532.0+412144,11.3833227307959,41.3623487281516,1,-999,23.27545,-999,1.777541,0.1017736,False,-99,0.002863697
2495911323764792467,0,2.17397289099548,GALEX J004539.8+412334,11.4158971290966,41.3930259888421,2,23.34691,-999,1.66433,-999,0.1028315,False,0.002587629,-99
6449755137246236525,0,2.1752490157405,GALEX J004534.0+412014,11.3919218210119,41.337310006323,1,-999,22.68665,-999,3.057302,0.09631194,False,-99,0.004173358
2590838759862837961,0,2.17698609646935,GALEX J004539.7+412335,11.4158047449631,41.3930559875902,3,22.76527,22.01908,2.843776,5.654156,0.1028315,False,0.002628253,0.003428238
2495911323763736736,0,2.18315132076082,GALEX J004534.0+412013,11.3918087260983,41.3372028400937,1,-999,23.4066,-999,1.575294,0.09631194,False,-99,0.002461517
6449227371664903735,0,2.18353452552272,GALEX J004534.1+412012,11.3921541339573,41.3368403753247,1,-999,23.36933,-999,1.630305,0.09631194,False,-99,0.00313206
6372252785249879497,0,2.18353610538382,GALEX J004553.4+412024,11.4728350815151,41.3402236158383,1,-999,21.72194,-999,7.434013,0.0963834,False,-99,0.00120055
2591190603583725460,0,2.18409611232397,GALEX J004539.8+412335,11.4158745668451,41.3931980310569,3,22.41141,22.26923,3.939469,4.490641,0.1028315,False,0.004008106,0.001872818
6449719952874146285,0,2.18435977992088,GALEX J004553.6+412027,11.4734459641737,41.3410015388757,1,-999,21.27076,-999,11.26411,0.0963834,False,-99,0.006164114
6449719952874146232,0,2.185088098366,GALEX J004534.0+412013,11.3918524539894,41.3371031268597,1,-999,23.14636,-999,2.001966,0.09631194,False,-99,0.002104239
6372252786323622989,0,2.18522899899601,GALEX J004547.6+412333,11.4485262649121,41.3925741428819,1,-999,21.06075,-999,13.6678,0.1038084,False,-99,0.004534093
2590838759860739882,0,2.18916619877366,GALEX J004533.9+412013,11.391636519602,41.3372102774312,1,-999,23.2605,-999,1.802183,0.09631194,False,-99,0.002050547
2496087245624182845,0,2.18941377133942,GALEX J004534.0+412013,11.3917282062601,41.3371085842977,1,-999,23.60764,-999,1.309012,0.09631194,False,-99,0.003256985
2496087245626280416,0,2.19063923463425,GALEX J004539.8+412336,11.4160228958414,41.3933489977524,3,22.9489,22.20433,2.401268,4.767247,0.1028315,False,0.002885544,0.003999055
2591190603581627454,0,2.19101770974014,GALEX J004534.0+412013,11.3917236491675,41.3370679442787,1,-999,22.93231,-999,2.438242,0.09631194,False,-99,0.001675058
6449227371664904186,0,2.19243469037528,GALEX J004539.8+412336,11.4158253613536,41.3933321856163,1,-999,22.89563,-999,2.522011,0.1028315,False,-99,0.0023452
6449719952874146623,0,2.19289510987593,GALEX J004539.8+412336,11.4158626637252,41.393349426989,1,-999,22.56848,-999,3.40886,0.1028315,False,-99,0.002161857
6372252786323622671,0,2.19422051214068,GALEX J004553.7+412028,11.4739218879721,41.3413137214786,1,-999,21.87149,-999,6.477431,0.0963834,False,-99,0.0009803299
2495911323763736945,0,2.19812774599019,GALEX J004539.8+412336,11.4159101282653,41.3934527680112,1,-999,22.60894,-999,3.284169,0.1028315,False,-99,0.002754776
2495840955019563615,0,2.20207669016467,GALEX J004539.4+412335,11.4143701769016,41.3931257784126,1,-999,21.6097,-999,8.243683,0.1028315,False,-99,0.006959696
6449192187292813886,0,2.20443495295243,GALEX J004533.9+412013,11.3912452722886,41.3371825126238,1,-999,23.0259,-999,2.236858,0.09631194,False,-99,0.003902028
6449755137246236997,0,2.20833772816247,GALEX J004539.6+412336,11.4151717570546,41.3934476384013,1,-999,22.5709,-999,3.401269,0.1028315,False,-99,0.00374542
2496087245626280046,0,2.21303737004456,GALEX J004553.8+412027,11.4742013518143,41.3410421520411,3,23.25781,21.91702,1.80667,6.211455,0.0963834,False,0.00301018,0.004139388
2591190603583724810,0,2.21328478945325,GALEX J004553.7+412026,11.4739706187174,41.3407177613191,3,22.75629,21.60698,2.867394,8.264329,0.0963834,False,0.005018654,0.004410716
2495911323765833930,0,2.22056358284231,GALEX J004553.8+412027,11.4742762623082,41.3408830523252,3,23.29827,21.59539,1.740585,8.35304,0.0963834,False,0.002189061,0.005704367
2590838759862837289,0,2.22187478494867,GALEX J004553.8+412027,11.474385825078,41.340988594852,3,23.1289,21.74843,2.034418,7.254842,0.0963834,False,0.003582042,0.005063502
6457284592873249656,0,2.2241167532945,GALEX J004549.3+411935,11.4556213397255,41.3264803670499,1,-999,22.87167,-999,2.578288,0.09222735,False,-99,0.002663165
6449192187292814247,0,2.22717135072509,GALEX J004539.6+412337,11.4151854756702,41.3937825971472,1,-999,22.67565,-999,3.088441,0.1028315,False,-99,0.00273608
6449227371664903849,0,2.23149187866316,GALEX J004553.9+412028,11.4747250678002,41.3411240115616,1,-999,22.09353,-999,5.27945,0.0963834,False,-99,0.007255942
6449755137246236948,0,2.2325083214142,GALEX J004550.1+412321,11.4587576153458,41.3894428743521,1,-999,23.56837,-999,1.357223,0.1012051,False,-99,0.002662723
6449719952874146281,0,2.2339562373296,GALEX J004554.5+412043,11.4774123832994,41.345479739112,1,-999,23.16,-999,1.976967,0.0963834,False,-99,0.003277467
2591190603581627213,0,2.23784727032021,GALEX J004545.2+411918,11.4383913823219,41.3217288169553,1,-999,24.02911,-999,0.8878791,0.09222735,False,-99,0.003016912
6449192187292813931,0,2.245401057635,GALEX J004553.8+412025,11.4744893823576,41.3403172270694,1,-999,22.3382,-999,4.214232,0.0963834,False,-99,0.00454029
2591190603581627582,0,2.26691775750471,GALEX J004554.8+412046,11.4785333067694,41.3461886662685,1,-999,23.39749,-999,1.588559,0.0963834,False,-99,0.004804967
6449719952874146161,0,2.26751600158947,GALEX J004538.8+411925,11.4117670721015,41.3236866231034,1,-999,22.70964,-999,2.993262,0.09631194,False,-99,0.002412651
2495911323763736687,0,2.27121499281529,GALEX J004538.8+411924,11.4118312615857,41.3236000757412,1,-999,23.39323,-999,1.594811,0.09631194,False,-99,0.003103052
6449755137246236822,0,2.27243074194899,GALEX J004532.4+412227,11.385138429638,41.3744149478561,1,-999,23.25243,-999,1.815626,0.1017736,False,-99,0.001640275
6449192187292813821,0,2.27315634538818,GALEX J004538.7+411925,11.4116058986414,41.3236350544597,1,-999,22.59288,-999,3.333079,0.09631194,False,-99,0.003118955
2496087245626279931,0,2.27799064530985,GALEX J004538.8+411924,11.4117238477733,41.3235111575575,3,22.69649,22.46986,3.029754,3.732991,0.09631194,False,0.003654595,0.002887605
6449227371664903662,0,2.27855484288626,GALEX J004538.8+411924,11.4118971983289,41.3234476234489,1,-999,22.61958,-999,3.25213,0.09631194,False,-99,0.004386292
2590838759862836867,0,2.28009544252689,GALEX J004538.7+411924,11.4115179421993,41.3235372852432,3,22.82741,22.58015,2.685588,3.372415,0.09631194,False,0.005299597,0.00306138
2495840955019563058,0,2.28190512911916,GALEX J004538.8+411924,11.4117730350797,41.3234254287256,1,-999,22.57834,-999,3.37803,0.09631194,False,-99,0.003768194
6449227371664904023,0,2.28227581336963,GALEX J004532.3+412227,11.3849036256001,41.3744242608402,1,-999,23.57351,-999,1.35082,0.1017736,False,-99,0.002578711
2496087245626280245,0,2.28331728746683,GALEX J004532.3+412226,11.3846103501448,41.3739763560461,3,23.22373,23.66895,1.86428,1.237144,0.1017736,False,0.002834435,0.00248005
2591190603583724449,0,2.28423197913019,GALEX J004538.7+411924,11.4115945658841,41.3234387193194,3,23.61456,22.33036,1.300699,4.244796,0.09631194,False,0.001883255,0.001777365
2590838759860740516,0,2.28430290033582,GALEX J004532.3+412227,11.3847731502251,41.3742903892382,1,-999,23.12899,-999,2.034247,0.1017736,False,-99,0.004717123
6372252786323622571,0,2.2881944126797,GALEX J004538.8+411923,11.4118078753091,41.3233014745688,1,-999,21.87044,-999,6.483723,0.09631194,False,-99,0.002481746
6449755137246236434,0,2.28892406532926,GALEX J004538.7+411924,11.4114191727324,41.3234087951552,1,-999,21.99025,-999,5.806303,0.09631194,False,-99,0.0042825
6449719952874146484,0,2.28914857592542,GALEX J004532.3+412227,11.3846950169123,41.3743567384094,1,-999,23.09281,-999,2.103174,0.1017736,False,-99,0.003086522
6449719952874146211,0,2.29287658153513,GALEX J004552.1+411954,11.4672275224207,41.3317662135143,1,-999,22.8633,-999,2.598236,0.09222735,False,-99,0.004008125
2591190603581628034,0,2.29301415646646,GALEX J004532.3+412227,11.3845820808014,41.3743256333765,1,-999,23.30285,-999,1.733235,0.1017736,False,-99,0.002663014
6449755137246236538,0,2.29453576533812,GALEX J004532.7+412023,11.3865938799903,41.339870420629,1,-999,23.68588,-999,1.218,0.09631194,False,-99,0.002086352
6449192187292814121,0,2.29455637264733,GALEX J004532.2+412226,11.3844200909539,41.3741166719777,1,-999,23.12877,-999,2.034659,0.1017736,False,-99,0.001432319
2495911323763736866,0,2.29521969189548,GALEX J004532.2+412225,11.3841721579095,41.3737179416816,1,-999,23.32787,-999,1.693761,0.1017736,False,-99,0.002341428
6457284592873249874,0,2.29813325146091,GALEX J004538.9+411922,11.4121965185803,41.3230055602451,1,-999,21.08769,-999,13.33291,0.09631194,False,-99,0.00663752
6449755137246236488,0,2.29852640205848,GALEX J004552.2+411955,11.4678620941668,41.3321211584287,1,-999,23.28098,-999,1.768518,0.09222735,False,-99,0.003490291
2495911323763736708,0,2.29909365982887,GALEX J004551.4+411946,11.4644728225239,41.329684052951,1,-999,23.33786,-999,1.678251,0.09222735,False,-99,0.003739247
6449227371664903727,0,2.29926173110006,GALEX J004552.1+411954,11.467377773791,41.3317290640832,1,-999,22.74585,-999,2.895071,0.09222735,False,-99,0.004032285
2591190603581627410,0,2.3043209888151,GALEX J004552.2+411954,11.467627537015,41.3317999581671,1,-999,22.44253,-999,3.828146,0.09222735,False,-99,0.002111343
2590838759860739856,0,2.30620139898001,GALEX J004552.2+411954,11.467751614992,41.3318507824463,1,-999,23.06911,-999,2.149593,0.09222735,False,-99,0.002580144
2495911323763736719,0,2.3066645114331,GALEX J004552.2+411954,11.4676554421035,41.3317655044149,1,-999,22.96783,-999,2.359753,0.09222735,False,-99,0.002534854
6449192187292813849,0,2.31663141423985,GALEX J004552.3+411954,11.4680873158117,41.3318615700535,1,-999,22.39225,-999,4.0096,0.09222735,False,-99,0.003350602
6372252786323622632,0,2.32014925095726,GALEX J004552.4+411955,11.4685108874405,41.3321108654901,1,-999,21.9371,-999,6.097614,0.09222735,False,-99,0.002089774
6449755137246236642,0,2.32118646974843,GALEX J004555.7+412116,11.4822700575312,41.3546574960352,1,-999,23.10306,-999,2.08341,0.0963834,False,-99,0.002776599
6457284592873249912,0,2.32502443910884,GALEX J004535.3+411945,11.3973169833585,41.3292492003527,1,-999,19.38897,-999,63.73985,0.09631194,False,-99,0.01657151
2496087245624182824,0,2.32985438407953,GALEX J004552.3+411953,11.4682004332149,41.3316321234999,1,-999,22.6941,-999,3.036415,0.09222735,False,-99,0.002339782
2496087245624182775,0,2.33497606688753,GALEX J004537.8+411925,11.4078828678763,41.3237794904282,1,-999,23.27217,-999,1.78291,0.09631194,False,-99,0.004050711
6449755137246236448,0,2.34053066067002,GALEX J004536.1+411937,11.4004500134352,41.3270575286564,1,-999,22.93727,-999,2.427116,0.09631194,False,-99,0.003664179
2495911323763736695,0,2.34610049535119,GALEX J004537.8+411924,11.4078283320026,41.3235927866209,1,-999,22.99068,-999,2.310611,0.09631194,False,-99,0.003776682
6457284592874300643,0,2.34696542925312,GALEX J004534.0+411957,11.3920400969292,41.3326383836751,2,22.78149,-999,2.801591,-999,0.09631194,False,0.002441944,-99
6449192187292813793,0,2.35251236984375,GALEX J004547.5+411917,11.4482372501183,41.3216000262209,1,-999,22.45689,-999,3.77785,0.09222735,False,-99,0.003912054
2590838759860741134,0,2.3642029995995,GALEX J004533.6+412300,11.390255750097,41.3834649797991,1,-999,19.89991,-999,39.81393,0.1017736,False,-99,0.01332905
2496087245624183157,0,2.37001020824295,GALEX J004553.4+412257,11.4728059404047,41.3826107170951,1,-999,23.76365,-999,1.133804,0.1012051,False,-99,0.002816729
2591190603581628171,0,2.3709598248597,GALEX J004553.3+412258,11.4724659494759,41.3829664270463,1,-999,23.594,-999,1.325559,0.1012051,False,-99,0.003630732
2590838759860739637,0,2.37468984994716,GALEX J004547.7+411916,11.4488971586843,41.3213838151003,1,-999,23.82239,-999,1.074099,0.09222735,False,-99,0.002673344
2591190603581627237,0,2.37487538529624,GALEX J004549.4+411925,11.456172682668,41.3238333955089,1,-999,24.56267,-999,0.5431671,0.09222735,False,-99,0.002800978
2496087245624182745,0,2.37498749568557,GALEX J004547.5+411916,11.4482926812177,41.3212178673504,1,-999,24.22952,-999,0.7382284,0.09222735,False,-99,0.002411668
2495840955019563521,0,2.37547828257599,GALEX J004533.8+412304,11.3910867403794,41.3845016607242,1,-999,22.50985,-999,3.597978,0.1028315,False,-99,0.003799439
2591190603581627302,0,2.38155269848299,GALEX J004547.8+411916,11.4491699359656,41.3213365542747,1,-999,23.14992,-999,1.995414,0.09222735,False,-99,0.004748775
6449755137246236421,0,2.38236676875217,GALEX J004537.6+411924,11.4066643666111,41.3233585057546,1,-999,23.02715,-999,2.234299,0.09631194,False,-99,0.003004497
2590838759860739649,0,2.38473791763803,GALEX J004537.8+411922,11.4075429618263,41.3229803132857,1,-999,23.57209,-999,1.352577,0.09631194,False,-99,0.002985499
6449227371664904118,0,2.38493442108003,GALEX J004533.7+412303,11.3906873004863,41.3843943724549,1,-999,23.16151,-999,1.974222,0.1017736,False,-99,0.003265915
6449755137246236764,0,2.38632729990817,GALEX J004555.9+412155,11.4831774660165,41.3655523821592,1,-999,23.00245,-999,2.285699,0.1012051,False,-99,0.003176198
6449719952874146124,0,2.38709766687855,GALEX J004547.6+411916,11.4487215518761,41.3211169941116,1,-999,23.75422,-999,1.143703,0.09222735,False,-99,0.002288466
2591190603581627296,0,2.38773232357305,GALEX J004537.8+411922,11.4074797249739,41.3229481235042,1,-999,23.14215,-999,2.009735,0.09631194,False,-99,0.003354561
6457284592873249624,0,2.38781620443332,GALEX J004548.3+411919,11.4516458073145,41.3219570632477,1,-999,21.87773,-999,6.44033,0.09222735,False,-99,0.005234161
6449192187292814192,0,2.38961858588912,GALEX J004533.7+412304,11.3906803393708,41.3845084954937,1,-999,22.56776,-999,3.411098,0.1017736,False,-99,0.002275889
2591190603581628175,0,2.39047053744624,GALEX J004533.7+412303,11.3905197406208,41.3843889366111,1,-999,22.51706,-999,3.574179,0.1017736,False,-99,0.001360502
6372252786323622594,0,2.39190672337688,GALEX J004535.8+411935,11.3995207074193,41.3265070683446,1,-999,21.63589,-999,8.04717,0.09631194,False,-99,0.00277312
2496087245624183181,0,2.39323177680252,GALEX J004533.7+412303,11.3904521356203,41.384400268967,1,-999,22.75578,-999,2.868702,0.1017736,False,-99,0.0022145
2495840955019563619,0,2.39326581215602,GALEX J004539.6+412348,11.4152179291872,41.3967003726526,1,-999,22.76613,-999,2.841491,0.1028315,False,-99,0.002666376
2591190603581627217,0,2.39508219641862,GALEX J004543.8+411907,11.4326517552227,41.3187123438532,1,-999,23.60878,-999,1.307641,0.09222735,False,-99,0.003810922
6449719952874146561,0,2.39576583291634,GALEX J004533.7+412304,11.3904767251148,41.3844872691579,1,-999,22.50759,-999,3.60548,0.1017736,False,-99,0.001909946
6449755137246236927,0,2.39618534510832,GALEX J004533.7+412304,11.39050139363,41.3845197970914,1,-999,22.38771,-999,4.0264,0.1017736,False,-99,0.001571934
2495911323763736911,0,2.40529479084973,GALEX J004533.6+412303,11.3900878479473,41.3843879973324,1,-999,22.59929,-999,3.313461,0.1017736,False,-99,0.002254179
6449227371664903664,0,2.40876274148732,GALEX J004537.7+411921,11.4074230421062,41.3225783183615,1,-999,23.24959,-999,1.820387,0.09631194,False,-99,0.002263734
6449192187292813805,0,2.41721145220988,GALEX J004537.5+411922,11.4062426656963,41.3228685692768,1,-999,22.98155,-999,2.330132,0.09631194,False,-99,0.001598304
2590838759860739564,0,2.42160270839312,GALEX J004543.8+411905,11.4326751625415,41.3182706684363,1,-999,24.51272,-999,0.5687349,0.09222735,False,-99,0.00244153
6449755137246236404,0,2.43629994428114,GALEX J004548.4+411916,11.4518635180147,41.3211492400474,1,-999,22.43655,-999,3.849268,0.09222735,False,-99,0.004863628
2590838759860741075,0,2.43991856369522,GALEX J004550.1+412336,11.4588704791965,41.3934864082796,1,-999,21.24926,-999,11.48932,0.1012051,False,-99,0.01301925
6449227371664903876,0,2.44009872182233,GALEX J004556.3+412116,11.4848990748429,41.3544738151718,1,-999,23.40658,-999,1.57531,0.0963834,False,-99,0.003122564
6457284592873249873,0,2.44817792803963,GALEX J004533.4+411956,11.3892665193561,41.3324720067918,1,-999,21.17626,-999,12.28839,0.09631194,False,-99,0.008615118
6449227371664903890,0,2.45259262088737,GALEX J004530.4+412115,11.3768624961434,41.3541865198046,1,-999,23.06923,-999,2.149347,0.1017736,False,-99,0.003863606
2591190603581627642,0,2.46564236730113,GALEX J004556.4+412110,11.4852258362175,41.3529559471844,1,-999,23.69776,-999,1.204748,0.0963834,False,-99,0.001514905
2496087245624183322,0,2.47234844720155,GALEX J004542.2+412358,11.426160613978,41.3996566059815,1,-999,22.2669,-999,4.500282,0.1028315,False,-99,0.004849859
2496087245624182746,0,2.47746899681618,GALEX J004549.0+411916,11.4541561858209,41.321158552501,1,-999,24.05495,-999,0.867,0.09222735,False,-99,0.002071492
6449192187292814318,0,2.47753806044033,GALEX J004542.3+412359,11.4264944252311,41.3997647811986,1,-999,22.08259,-999,5.3329,0.1028315,False,-99,0.005838836
6449227371664904234,0,2.48177128299554,GALEX J004542.1+412359,11.4257283855346,41.3997843947208,1,-999,22.45987,-999,3.7675,0.1028315,False,-99,0.002771382
6449755137246236979,0,2.48256408645452,GALEX J004536.2+412336,11.401153875852,41.393401778917,1,-999,23.16374,-999,1.970171,0.1028315,False,-99,0.003369502
2495911323763736963,0,2.48268222130014,GALEX J004542.1+412359,11.4254697442293,41.3997805474694,1,-999,22.28876,-999,4.410557,0.1028315,False,-99,0.002670915
2590838759860740874,0,2.48589805466372,GALEX J004542.1+412359,11.425708464492,41.3998520542179,1,-999,22.06345,-999,5.42773,0.1028315,False,-99,0.00210119
2591190603581628428,0,2.48765253809488,GALEX J004542.1+412359,11.4257320810414,41.3998831318313,1,-999,21.9114,-999,6.243643,0.1028315,False,-99,0.001557341
6449755137246236634,0,2.48795616206209,GALEX J004530.2+412114,11.3760891913921,41.3540730383175,1,-999,23.93576,-999,0.9675961,0.1017736,False,-99,0.001652098
2590838759860739597,0,2.48896837082368,GALEX J004549.2+411916,11.4553070461693,41.3213583579843,1,-999,24.53507,-999,0.5571488,0.09222735,False,-99,0.002004932
6449755137246237056,0,2.4924031747475,GALEX J004542.1+412359,11.4257468332902,41.3999637275725,1,-999,21.76547,-999,7.141843,0.1028315,False,-99,0.004737778
6449719952874146376,0,2.49417740164739,GALEX J004530.2+412113,11.3760178564835,41.3536336059219,1,-999,22.04588,-999,5.516322,0.1017736,False,-99,0.005127125
2591190603583724781,0,2.49586692627081,GALEX J004556.5+412105,11.4855935903957,41.3514661851617,3,23.05812,23.30721,2.171463,1.726302,0.0963834,False,0.00393944,0.002099642
2591190603581627220,0,2.4961448197903,GALEX J004549.2+411916,11.4549977651268,41.3211127693648,1,-999,24.09552,-999,0.835202,0.09222735,False,-99,0.001644628
6449719952874146711,0,2.50213180177274,GALEX J004542.0+412400,11.4252922741664,41.4000928050994,1,-999,21.86367,-999,6.524241,0.1028315,False,-99,0.003587614
6449227371664903848,0,2.50262236061369,GALEX J004556.5+412106,11.485795700161,41.3516844707299,1,-999,23.49188,-999,1.456285,0.0963834,False,-99,0.002921793
2591190603581627692,0,2.5036488377983,GALEX J004530.1+412114,11.3757410072674,41.3540569992382,1,-999,23.33471,-999,1.683121,0.1017736,False,-99,0.004384906
6449755137246236417,0,2.50440977892198,GALEX J004538.1+411913,11.4088053112107,41.3203416309259,1,-999,23.25805,-999,1.806258,0.09631194,False,-99,0.003113302
6449719952874146339,0,2.5051552428183,GALEX J004556.6+412107,11.4859334894381,41.3520542530412,1,-999,22.31053,-999,4.323007,0.0963834,False,-99,0.005368707
2496087245624182721,0,2.50809580125828,GALEX J004540.2+411904,11.4175175265093,41.3180537502352,1,-999,23.91064,-999,0.9902443,0.09631194,False,-99,0.001684718
2495840955019563663,0,2.51095820715659,GALEX J004541.8+412400,11.4245362955321,41.4001784225571,1,-999,21.67459,-999,7.76538,0.1028315,False,-99,0.005795454
2590838759860739552,0,2.51099312618969,GALEX J004540.1+411905,11.4171468240114,41.3180743815892,1,-999,25.12103,-999,0.3247802,0.09631194,False,-99,0.001974446
2590838759860740175,0,2.51378223604725,GALEX J004530.1+412114,11.3755121845677,41.3540739635104,1,-999,23.43867,-999,1.529445,0.1017736,False,-99,0.002651972
2496087245624183255,0,2.5186087286953,GALEX J004537.1+412344,11.4048328821799,41.3957125133791,1,-999,24.34939,-999,0.6610653,0.1028315,False,-99,0.002158007
2495911323763736679,0,2.51865112949898,GALEX J004540.3+411904,11.4179223076953,41.3177981415823,1,-999,23.32344,-999,1.700687,0.09631194,False,-99,0.002931943
2496087245624182956,0,2.51991967470214,GALEX J004530.1+412111,11.375492638383,41.353326691256,1,-999,22.8,-999,2.754234,0.1017736,False,-99,0.005701713
2591190603581627910,0,2.52093768267648,GALEX J004530.6+412216,11.3775557475532,41.3711186089344,1,-999,25.15617,-999,0.3144368,0.1017736,False,-99,0.001912324
2591190603581627166,0,2.52107274631611,GALEX J004540.1+411904,11.4170869812722,41.317912478219,1,-999,24.21323,-999,0.7493902,0.09631194,False,-99,0.002208886
6372252786323623050,0,2.5237452804226,GALEX J004541.8+412401,11.4243914824938,41.4003802232364,1,-999,21.24438,-999,11.54107,0.1028315,False,-99,0.003710286
2495911323763736807,0,2.52488980259756,GALEX J004530.1+412110,11.3754568667445,41.3528979451273,1,-999,22.77635,-999,2.81487,0.1017736,False,-99,0.003728828
2495911323763736813,0,2.52570825238342,GALEX J004556.7+412108,11.486481868405,41.3524784317061,1,-999,22.37224,-999,4.08418,0.0963834,False,-99,0.005506789
2495840955019563280,0,2.52807255250498,GALEX J004530.0+412113,11.3752291949442,41.3538305687556,1,-999,23.59544,-999,1.3238,0.1017736,False,-99,0.002040593
6449755137246236659,0,2.53830946052311,GALEX J004556.7+412105,11.4865744125367,41.3515740261765,1,-999,22.17633,-999,4.891775,0.0963834,False,-99,0.00528132
2590838759860740724,0,2.53835920322035,GALEX J004536.0+412338,11.400209374522,41.3940507054904,1,-999,24.30666,-999,0.6876024,0.1028315,False,-99,0.00362376
2591190603581628280,0,2.54373564161134,GALEX J004536.0+412338,11.4002045613689,41.3941552903866,1,-999,23.83078,-999,1.065831,0.1028315,False,-99,0.003025308
2591190603581627631,0,2.54970381416865,GALEX J004530.0+412106,11.3751280853095,41.3517592247512,1,-999,23.88268,-999,1.016076,0.1017736,False,-99,0.001887837
2590838759860740086,0,2.5515144116188,GALEX J004530.0+412106,11.3751069615083,41.3516698343137,1,-999,24.31249,-999,0.6839159,0.1017736,False,-99,0.002361734
6449755137246236395,0,2.55303279404377,GALEX J004540.1+411902,11.4170939940627,41.3173614489954,1,-999,22.97681,-999,2.34032,0.09631194,False,-99,0.004594612
2591190603581627218,0,2.55472740230402,GALEX J004536.4+411919,11.4018452526345,41.3220897561514,1,-999,24.60258,-999,0.5235605,0.09631194,False,-99,0.002694327
2495911323763736706,0,2.56806646552678,GALEX J004533.3+411947,11.3888071875344,41.3298267801776,1,-999,22.61016,-999,3.280479,0.09631194,False,-99,0.004555395
6449755137246236683,0,2.57034150037428,GALEX J004555.9+412029,11.4832512615092,41.3413881778492,1,-999,18.35505,-999,165.1882,0.0963834,False,-99,0.002114421
6449755137246236507,0,2.57035355837848,GALEX J004554.6+412001,11.4775384900175,41.3338211587601,1,-999,23.04619,-999,2.195451,0.0963834,False,-99,0.00300395
2496087245626280088,0,2.57045131026023,GALEX J004556.9+412107,11.4874140782307,41.3521175940099,3,22.92303,22.39775,2.459184,3.989318,0.0963834,False,0.002706353,0.005536341
2495911323763736741,0,2.57805532708252,GALEX J004531.6+412012,11.3816478690572,41.3368496704563,1,-999,22.81423,-999,2.718367,0.09631194,False,-99,0.002577884
2590838759860739590,0,2.57949963928903,GALEX J004550.0+411915,11.4584369551365,41.3208761171921,1,-999,24.62019,-999,0.5151377,0.09222735,False,-99,0.002379953
6449192187292813967,0,2.58486283274285,GALEX J004556.0+412029,11.4836790429986,41.3415192494674,1,-999,18.50756,-999,143.5405,0.0963834,False,-99,0.002026168
6457284592873249911,0,2.58581857223348,GALEX J004541.2+411857,11.4218696078541,41.3160628708495,1,-999,22.71577,-999,2.976403,0.09631194,False,-99,0.003596138
2590838759860740837,0,2.58610006160484,GALEX J004540.1+412401,11.417249100471,41.4004595722029,1,-999,24.55628,-999,0.5463713,0.1028315,False,-99,0.00312194
2591190603581627499,0,2.58896906058295,GALEX J004554.6+412000,11.4777412118753,41.3335002201077,1,-999,22.3821,-999,4.04725,0.0963834,False,-99,0.005589917
6449227371664903934,0,2.58994796612512,GALEX J004556.1+412029,11.483812229747,41.3415370330675,1,-999,18.49556,-999,145.1357,0.0963834,False,-99,0.002282622
6449719952874146364,0,2.59103404475519,GALEX J004556.1+412029,11.4838139438,41.3414943320232,1,-999,18.37995,-999,161.4435,0.0963834,False,-99,0.001452599
2591190603581627893,0,2.59142750932552,GALEX J004556.1+412028,11.4837542540597,41.341374560872,1,-999,18.37721,-999,161.8517,0.0963834,False,-99,0.001335775
2591190603581627201,0,2.59233095904196,GALEX J004550.1+411914,11.4588482836505,41.3208017999579,1,-999,24.26194,-999,0.7165139,0.09222735,False,-99,0.001687427
2590838759860739771,0,2.59242876143301,GALEX J004554.1+411953,11.4758097586642,41.3314972590058,1,-999,24.71977,-999,0.4699947,0.0963834,False,-99,0.003298205
2496087245624182817,0,2.59654815836113,GALEX J004554.6+412000,11.4778684509236,41.3334166788228,1,-999,23.88254,-999,1.01621,0.0963834,False,-99,0.002270123
6372252786323622709,0,2.59720876835373,GALEX J004556.1+412028,11.4838212664658,41.3412490497753,1,-999,18.41833,-999,155.8361,0.0963834,False,-99,0.002529222
2495911323763736823,0,2.59985750355832,GALEX J004556.1+412029,11.4839887731012,41.3414273601409,1,-999,18.41353,-999,156.5257,0.0963834,False,-99,0.001544712
2591190603581627731,0,2.60242203115215,GALEX J004557.1+412107,11.4881380921548,41.3521471044829,1,-999,23.07693,-999,2.134165,0.0963834,False,-99,0.003641437
2591190603581627175,0,2.60420115041319,GALEX J004538.8+411903,11.4119307825858,41.3176372635862,1,-999,24.2272,-999,0.7398122,0.09631194,False,-99,0.003277838
2495911323763736730,0,2.60528036521219,GALEX J004531.9+412002,11.3832278873072,41.3341327476161,1,-999,22.8035,-999,2.74537,0.09631194,False,-99,0.002542709
2496087245624183032,0,2.60543289490593,GALEX J004556.1+412028,11.4840547431834,41.3413080008061,1,-999,18.38628,-999,160.5042,0.0963834,False,-99,0.001417254
6449755137246236895,0,2.61392169222894,GALEX J004554.7+412302,11.4782474945676,41.3839246471098,1,-999,23.42837,-999,1.544019,0.1012051,False,-99,0.00236588
2591190603581628353,0,2.61471983570963,GALEX J004540.4+412404,11.4183125497637,41.4011372282586,1,-999,23.81671,-999,1.079727,0.1028315,False,-99,0.003138294
6372252785249879456,0,2.61644328969979,GALEX J004556.2+412029,11.4843696023591,41.3413923054447,1,-999,18.44166,-999,152.5233,0.0963834,False,-99,0.004053768
2590838759861798122,0,2.62171125071227,GALEX J004548.3+412358,11.4513076361154,41.3995632338162,2,23.82126,-999,1.075218,-999,0.1038084,False,0.002766411,-99
2591190603581627276,0,2.62294210933853,GALEX J004552.5+411932,11.4691244939511,41.3255689807323,1,-999,24.16583,-999,0.7828319,0.09222735,False,-99,0.00190208
2591190603583725499,0,2.62768245490712,GALEX J004548.4+412358,11.4518366349684,41.3995198964765,3,22.66545,23.96438,3.117608,0.9424297,0.1038084,False,0.004272414,0.003451349
6457284592873249894,0,2.63110370191329,GALEX J004537.4+411908,11.4059575495218,41.3189948549257,1,-999,21.84119,-999,6.660752,0.09631194,False,-99,0.003304802
6449719952874146343,0,2.63470757413638,GALEX J004557.4+412118,11.4893286781965,41.3552370487852,1,-999,23.27097,-999,1.784896,0.0963834,False,-99,0.002463526
2591190603581628170,0,2.63696954549058,GALEX J004554.7+412305,11.4780562330051,41.3847753268044,1,-999,24.04434,-999,0.8755124,0.1012051,False,-99,0.004147397
2495911323763736913,0,2.65459587029801,GALEX J004554.7+412307,11.4780234428837,41.3852985996561,1,-999,23.4596,-999,1.500234,0.1012051,False,-99,0.002102528
2591190603581627336,0,2.6547505492299,GALEX J004554.2+411948,11.4761894769759,41.3302083993969,1,-999,23.9807,-999,0.9283646,0.0963834,False,-99,0.002944977
6449192187292813850,0,2.65576905818745,GALEX J004532.0+411956,11.383526129169,41.3323632588134,1,-999,23.04453,-999,2.198818,0.09631194,False,-99,0.000667236
2496087245624183229,0,2.66336675727368,GALEX J004554.8+412306,11.4784505487258,41.3851149129293,1,-999,23.31396,-999,1.715592,0.1012051,False,-99,0.003396612
2590838759861797591,0,2.6656271541868,GALEX J004553.1+411934,11.4714860448291,41.3262096190356,2,23.50687,-999,1.43633,-999,0.09222735,False,0.003061884,-99
6449227371664904231,0,2.67316314575974,GALEX J004556.2+412241,11.4843823906153,41.3781037769513,1,-999,20.47113,-999,23.52586,0.1012051,False,-99,0.01444623
6449755137246237018,0,2.67317070092282,GALEX J004548.7+412359,11.4531562801917,41.3999459202296,1,-999,23.37224,-999,1.625932,0.1038084,False,-99,0.002704649
2591190603581627310,0,2.68407383626729,GALEX J004553.5+411937,11.4732537075134,41.3270699777217,1,-999,23.20779,-999,1.891837,0.09222735,False,-99,0.003035985
6449192187292814066,0,2.68470151591581,GALEX J004529.3+412159,11.372336050127,41.3665794524427,1,-999,23.39837,-999,1.587266,0.1017736,False,-99,0.001370933
2495840955019563666,0,2.68865888444985,GALEX J004540.9+412409,11.4207941356664,41.4027629181614,1,-999,22.24002,-999,4.613077,0.1028315,False,-99,0.003816787
2590838759862837862,0,2.69019721235709,GALEX J004531.9+412308,11.3832786189324,41.3855897105404,3,23.79288,22.21166,1.103701,4.735168,0.1017736,False,0.002608566,0.004104211
2591190603583725338,0,2.69809445684958,GALEX J004531.9+412308,11.3832283905549,41.3857582512319,3,23.51687,23.41998,1.423154,1.555997,0.1017736,False,0.003370948,0.001760351
6457284592873249548,0,2.70854620348758,GALEX J004538.0+411900,11.4084649654439,41.3167595398579,1,-999,23.28976,-999,1.754272,0.09631194,False,-99,0.002104959
2496087245626280425,0,2.7094080272253,GALEX J004535.4+412346,11.3976057779634,41.3961774390784,3,22.91865,23.11213,2.469111,2.06609,0.1028315,False,0.0025364,0.004073624
2495840955019563620,0,2.71046048088599,GALEX J004535.7+412348,11.3990755495374,41.3969109219442,1,-999,23.52949,-999,1.406705,0.1028315,False,-99,0.002434176
2590838759860740508,0,2.71387070985385,GALEX J004530.8+412250,11.3783776493772,41.3806637096409,1,-999,23.75561,-999,1.142233,0.1017736,False,-99,0.002829946
2496087245626280329,0,2.71846906274046,GALEX J004531.9+412309,11.3829599896798,41.3860546334272,3,23.27575,23.74009,1.777057,1.158682,0.1017736,False,0.001410455,0.003068601
6449227371664904195,0,2.72536078276209,GALEX J004535.2+412346,11.3970581673262,41.3962216213163,1,-999,23.75857,-999,1.139121,0.1028315,False,-99,0.002289404
2591190603583725485,0,2.72545711280472,GALEX J004535.2+412346,11.3970049872678,41.3961965048022,3,23.76214,23.27977,1.135395,1.770483,0.1028315,False,0.001229585,0.002872406
2495911323763736915,0,2.72649542785341,GALEX J004531.9+412310,11.3830177781883,41.3863314487434,1,-999,23.5458,-999,1.38574,0.1017736,False,-99,0.002690898
2590838759862837963,0,2.72725167540827,GALEX J004535.3+412346,11.3972181933461,41.3963406458185,3,23.24581,23.18207,1.826746,1.937179,0.1028315,False,0.001841351,0.004841992
2591190603581627845,0,2.73796189882467,GALEX J004529.0+412158,11.3710391209052,41.3661637680697,1,-999,24.52559,-999,0.5620364,0.1017736,False,-99,0.001674065
6457284592873249418,0,2.74143382564815,GALEX J004531.2+411959,11.3803711928861,41.3332544874572,1,-999,20.88987,-999,15.99751,0.09631194,False,-99,0.007078168
2495911323763736946,0,2.74166425391167,GALEX J004535.2+412347,11.3968696833693,41.3964540398274,1,-999,23.42281,-999,1.551942,0.1028315,False,-99,0.002762125
6449719952874146661,0,2.74200171388718,GALEX J004535.5+412349,11.3979325989618,41.3969884856076,1,-999,22.59491,-999,3.326858,0.1028315,False,-99,0.003555867
2495911323763736846,0,2.74314857601433,GALEX J004529.0+412157,11.3708888787158,41.3660119602474,1,-999,23.63194,-999,1.280046,0.1017736,False,-99,0.001338602
6449227371664903599,0,2.75248507406289,GALEX J004544.1+411846,11.4340036235572,41.312791830033,1,-999,23.22618,-999,1.860065,0.08864797,False,-99,0.002345018
2495840955019563658,0,2.7649265845259,GALEX J004537.4+412402,11.4060697828213,41.4007256684839,1,-999,22.67431,-999,3.092268,0.1028315,False,-99,0.003284392
6457284592873249904,0,2.76791851920769,GALEX J004544.2+411845,11.4344120997971,41.3125503321405,1,-999,22.15985,-999,4.966619,0.09222735,False,-99,0.003565385
2591190603581627128,0,2.77449359842628,GALEX J004544.1+411844,11.4340962245294,41.3124280286641,1,-999,23.55328,-999,1.376225,0.08864797,False,-99,0.003463619
6372252786323622887,0,2.7754018219176,GALEX J004530.1+412244,11.3756683741636,41.3789918493225,1,-999,21.13918,-999,12.7153,0.1017736,False,-99,0.00270429
2591190603583725519,0,2.78405531279215,GALEX J004537.3+412403,11.4056395659339,41.4009306147835,3,23.85412,23.63976,1.043169,1.270854,0.1028315,False,0.0017253,0.001641751
6457284592875346440,0,2.78704643923405,GALEX J004553.0+411923,11.4711329813088,41.3232590960702,3,21.63333,19.27593,8.066193,70.734,0.09222735,False,0.005241639,0.01500353
2590838759860740859,0,2.78743413466056,GALEX J004537.3+412403,11.4054583081285,41.4009310231762,1,-999,23.45905,-999,1.501001,0.1028315,False,-99,0.003784787
2591190603581627330,0,2.78954988796707,GALEX J004554.8+411943,11.4783820353708,41.3286754609091,1,-999,23.45747,-999,1.503187,0.0963834,False,-99,0.003056237
2496087245625237255,0,2.79160722725165,GALEX J004557.1+412027,11.4883080120185,41.3408918992298,2,23.60583,-999,1.311204,-999,0.0963834,False,0.002726986,-99
2496087245624183299,0,2.79305882978866,GALEX J004537.3+412403,11.4055965993612,41.4010806465523,1,-999,23.31509,-999,1.713808,0.1028315,False,-99,0.00375025
6449755137246237022,0,2.79385727133494,GALEX J004537.3+412403,11.4055481193541,41.4010788924802,1,-999,23.12755,-999,2.036947,0.1028315,False,-99,0.003033292
2591190603582686158,0,2.80028495528484,GALEX J004554.0+411933,11.4753837627698,41.3259332134204,2,22.37838,-999,4.061159,-999,0.09222735,False,0.004034532,-99
6449719952874146666,0,2.80297663628056,GALEX J004537.1+412403,11.4047952245376,41.4009879061381,1,-999,22.93562,-999,2.430823,0.1028315,False,-99,0.003399393
2495911323763736960,0,2.80952954499742,GALEX J004537.3+412404,11.4054558979182,41.4013341718071,1,-999,23.46365,-999,1.49465,0.1028315,False,-99,0.002896177
2495911323763736664,0,2.82636627775817,GALEX J004544.1+411841,11.4340471963963,41.311560605579,1,-999,23.25182,-999,1.816649,0.08864797,False,-99,0.001380281
6449719952874146741,0,2.83011114377817,GALEX J004548.9+412409,11.4539971400233,41.4025100246137,1,-999,22.46828,-999,3.738397,0.1038084,False,-99,0.005256195
2591190603583725394,0,2.83107573361408,GALEX J004554.0+412331,11.4752540707669,41.3921314320835,3,23.66452,24.2743,1.242202,0.7084037,0.1012051,False,0.002935982,0.002527729
6449755137246236413,0,2.83280715312851,GALEX J004539.7+411846,11.4154695990297,41.3128603699034,1,-999,22.01311,-999,5.685343,0.09631194,False,-99,0.004904611
6457284592875346882,0,2.8331254828974,GALEX J004539.7+411846,11.4155888411622,41.312832171006,3,21.41396,21.44782,9.872272,9.569118,0.09631194,False,0.003068493,0.005341697
2590838759861798152,0,2.83424566676568,GALEX J004546.9+412416,11.4456709178727,41.4045480237073,2,23.72033,-999,1.179964,-999,0.1038084,False,0.002344639,-99
2496087245626279872,0,2.83716077928011,GALEX J004539.8+411845,11.4158392980921,41.3127157533933,3,22.28528,21.92352,4.424763,6.174364,0.09631194,False,0.00182946,0.002126486
6449755137246236593,0,2.83914918952149,GALEX J004529.0+412038,11.3710492017955,41.3439894547873,1,-999,20.82025,-999,17.05693,0.1017736,False,-99,0.00323848
6449719952874146101,0,2.83922392719092,GALEX J004539.6+411845,11.4153501794671,41.3127729073119,1,-999,21.69708,-999,7.606215,0.09631194,False,-99,0.002523086
6449719952874146338,0,2.839559482885,GALEX J004529.0+412038,11.3710163135887,41.3440433730428,1,-999,20.73948,-999,18.37415,0.1017736,False,-99,0.00344421
6449755137246236870,0,2.84144349199839,GALEX J004556.9+412248,11.4872526047424,41.3800719052203,1,-999,23.81398,-999,1.082446,0.1012051,False,-99,0.001197011
6449227371664903827,0,2.84185692313086,GALEX J004529.0+412037,11.3710398014671,41.3438657134441,1,-999,20.80895,-999,17.2354,0.1017736,False,-99,0.003404258
2495840955020617355,0,2.84224625288354,GALEX J004539.7+411845,11.4157379613855,41.3126473370005,2,22.11656,-999,5.168673,-999,0.09631194,False,0.001602022,-99
2591190603583724328,0,2.84381261177045,GALEX J004539.7+411845,11.4156735149447,41.3126325170778,3,22.56819,21.78349,3.409786,7.024344,0.09631194,False,0.001784966,0.001606873
2590838759862836761,0,2.84414695816979,GALEX J004539.7+411845,11.4156941143166,41.3126229049761,3,22.44266,21.62808,3.8277,8.105295,0.09631194,False,0.002365407,0.002050449
2496087245626280076,0,2.84514264135695,GALEX J004529.0+412038,11.3708909254619,41.3440320345024,3,21.31454,20.72178,10.81897,18.67624,0.1017736,False,0.003394636,0.002646153
6449227371664903615,0,2.84927034604942,GALEX J004539.7+411845,11.4157879178209,41.3125173860835,1,-999,22.02479,-999,5.624499,0.09631194,False,-99,0.003202405
2591190603581627515,0,2.84982859940865,GALEX J004556.9+412012,11.487298478142,41.3369378441697,1,-999,22.01013,-999,5.700954,0.0963834,False,-99,0.005167775
6372252786323622516,0,2.85054232008894,GALEX J004539.7+411845,11.4155600363469,41.3125382624269,1,-999,21.91926,-999,6.198606,0.09631194,False,-99,0.002710009
2495911323765833826,0,2.8506508350228,GALEX J004539.7+411845,11.4156072859107,41.3125274854963,3,22.48134,21.86339,3.693733,6.525949,0.09631194,False,0.002718193,0.00361627
2591190603583724814,0,2.85362908828467,GALEX J004528.9+412038,11.3707470661543,41.3439066139011,3,21.15892,20.6702,12.48626,19.58489,0.1017736,False,0.006050937,0.001923205
2590838759862837300,0,2.85534244566649,GALEX J004528.9+412038,11.3706987626818,41.3439257952531,3,21.24072,20.77125,11.5801,17.84429,0.1017736,False,0.003605379,0.002351539
2495840955021660380,0,2.85706690889957,GALEX J004528.9+412037,11.3706962367627,41.3438388248236,3,21.41261,20.90141,9.884553,15.82838,0.1017736,False,0.00264057,0.003338067
6449192187292813988,0,2.86099615905533,GALEX J004528.9+412039,11.3704468686853,41.3442065934675,1,-999,20.65772,-999,19.81126,0.1017736,False,-99,0.004558408
6449192187292813757,0,2.8613699816275,GALEX J004539.6+411844,11.4153682895909,41.312388522012,1,-999,22.33559,-999,4.224391,0.09631194,False,-99,0.002989793
6372252786323622703,0,2.86454320556621,GALEX J004528.9+412036,11.3706604550813,41.3435226965652,1,-999,20.44818,-999,24.02855,0.1017736,False,-99,0.004964285
2495911323765833943,0,2.8650589818796,GALEX J004528.9+412037,11.370499553123,41.3438620341502,3,21.36551,20.54072,10.3228,22.0654,0.1017736,False,0.005210867,0.005029766
2591190603583725098,0,2.86636309126701,GALEX J004558.4+412201,11.4936637143733,41.3669930889202,3,23.57132,22.42594,1.353549,3.887094,0.1012051,False,0.003260694,0.002183876
6457284592873249681,0,2.86888688394531,GALEX J004551.7+411906,11.4655355905259,41.3184378917978,1,-999,22.3368,-999,4.219678,0.09222735,False,-99,0.003028232
2590838759862837040,0,2.86925590675246,GALEX J004553.2+411918,11.4716583471352,41.3218009842868,3,21.24583,20.75045,11.52578,18.18953,0.09222735,False,0.004794431,0.00279655
6449192187292813866,0,2.87328270197418,GALEX J004553.1+411917,11.4714956363298,41.3216131437917,1,-999,21.00708,-999,14.36043,0.09222735,False,-99,0.003364916
6449755137246236779,0,2.87343273288791,GALEX J004558.5+412201,11.4937934605005,41.3671178275614,1,-999,22.34782,-999,4.177081,0.1012051,False,-99,0.004472233
6449227371664903686,0,2.87666556355735,GALEX J004553.2+411918,11.4720533562029,41.3218875675977,1,-999,21.0694,-999,13.55943,0.09222735,False,-99,0.004064693
6449719952874146453,0,2.8772076547584,GALEX J004558.5+412202,11.4938273684289,41.3673290272562,1,-999,22.11201,-999,5.190356,0.1012051,False,-99,0.003309597
2591190603583724563,0,2.87889110902339,GALEX J004553.2+411917,11.4717293929696,41.3216366847014,3,21.49461,20.65684,9.16553,19.82727,0.09222735,False,0.002872961,0.002296003
2496087245626279990,0,2.88164855312696,GALEX J004553.3+411918,11.4720735483757,41.3217919190396,3,21.41275,20.70807,9.883295,18.91357,0.09222735,False,0.003246633,0.005316707
6449755137246236468,0,2.88181958297117,GALEX J004553.2+411917,11.4718114677337,41.3216243349182,1,-999,20.72096,-999,18.69021,0.09222735,False,-99,0.003614257
6449719952874146168,0,2.8825001341941,GALEX J004553.2+411917,11.471700645508,41.3215408771374,1,-999,20.725,-999,18.62086,0.09222735,False,-99,0.003894377
2495911323763736739,0,2.88272019735488,GALEX J004529.4+412019,11.372737291255,41.3387279133943,1,-999,23.27378,-999,1.780284,0.1017736,False,-99,0.003059581
2496087245624182812,0,2.88706322761672,GALEX J004532.8+411925,11.3867983815242,41.323768647129,1,-999,19.80625,-999,43.40093,0.09631194,False,-99,0.001420874
2495911323763736740,0,2.88783454689241,GALEX J004532.8+411925,11.3867484174011,41.3237866411679,1,-999,19.72758,-999,46.66238,0.09631194,False,-99,0.00163841
6449719952874146239,0,2.88945223477203,GALEX J004557.1+412011,11.4880131858431,41.3365374076289,1,-999,22.99331,-999,2.305025,0.0963834,False,-99,0.0035086
6457284592873249683,0,2.89096987393749,GALEX J004536.1+411858,11.4005792304965,41.3161861473026,1,-999,22.27411,-999,4.470479,0.09631194,False,-99,0.004519446
2495911323765833856,0,2.89139851243363,GALEX J004553.3+411917,11.4720763338401,41.3215819858002,3,21.48647,20.88599,9.234498,16.05469,0.09222735,False,0.003943038,0.003661716
6372252786323622586,0,2.89162924470224,GALEX J004553.2+411917,11.4720248706017,41.3215448463242,1,-999,21.00506,-999,14.38723,0.09222735,False,-99,0.004265183
6449192187292813845,0,2.89212095450439,GALEX J004532.7+411926,11.386348889928,41.3239757616735,1,-999,19.7893,-999,44.08377,0.09631194,False,-99,0.00173739
6449227371664903721,0,2.89281871038565,GALEX J004532.7+411925,11.3866190658425,41.3237645319293,1,-999,19.81363,-999,43.10714,0.09631194,False,-99,0.001782668
6449719952874146193,0,2.89291035635408,GALEX J004532.7+411925,11.3864824435144,41.3238607618281,1,-999,19.85546,-999,41.47786,0.09631194,False,-99,0.001414761
2591190603581627357,0,2.89340434083192,GALEX J004532.7+411925,11.3866171887313,41.323752378672,1,-999,19.79642,-999,43.79581,0.09631194,False,-99,0.001346522
2590838759860739812,0,2.89457040538881,GALEX J004532.7+411925,11.3865539957807,41.3237708736754,1,-999,19.85299,-999,41.57212,0.09631194,False,-99,0.001676355
2590838759860739484,0,2.89569279704383,GALEX J004546.7+411841,11.4449711895371,41.311503487432,1,-999,23.89141,-999,1.007939,0.09222735,False,-99,0.004095094
2591190603581627106,0,2.89815081076428,GALEX J004543.2+411837,11.4299927894586,41.3103145185755,1,-999,23.10694,-999,2.075988,0.08864797,False,-99,0.004894403
6449755137246236501,0,2.89932599911078,GALEX J004532.7+411925,11.3863946538568,41.3237758202629,1,-999,19.77247,-999,44.77268,0.09631194,False,-99,0.001625115
6372252786323622608,0,2.90002309094289,GALEX J004532.7+411924,11.3866163361866,41.3236005778439,1,-999,19.58253,-999,53.33178,0.09631194,False,-99,0.00243254
2495840955019563084,0,2.90230578421755,GALEX J004532.7+411925,11.3864955209506,41.323634494345,1,-999,19.84557,-999,41.85725,0.09631194,False,-99,0.002458316
6457284592873249669,0,2.90367123026872,GALEX J004532.8+411924,11.3868660001317,41.3233397116043,1,-999,19.33826,-999,66.78755,0.09631194,False,-99,0.00539504
6449755137246237072,0,2.91544537404973,GALEX J004549.2+412413,11.4550294417307,41.403732965996,1,-999,22.75434,-999,2.872522,0.1038084,False,-99,0.005229333
6449755137246236645,0,2.91807509202262,GALEX J004558.6+412053,11.494325653491,41.3483290227092,1,-999,22.3394,-999,4.209596,0.0963834,False,-99,0.00446993
6372252785249879423,0,2.91898235915877,GALEX J004553.3+411915,11.4721335957881,41.3210210265658,1,-999,21.72269,-999,7.428851,0.09222735,False,-99,0.002881774
2495911323763736969,0,2.91992181335059,GALEX J004549.2+412413,11.4550084798851,41.4038195743915,1,-999,23.56402,-999,1.362667,0.1038084,False,-99,0.002728695
2591190603581627158,0,2.92258524731519,GALEX J004551.2+411859,11.463728553362,41.3165542717656,1,-999,24.48534,-999,0.5832619,0.09222735,False,-99,0.003064015
6449755137246236947,0,2.93614630147568,GALEX J004529.9+412259,11.3746328684658,41.38321548632,1,-999,21.57493,-999,8.511913,0.1017736,False,-99,0.004444145
2591190603581628400,0,2.93696366252196,GALEX J004549.3+412414,11.455423057466,41.404000841064,1,-999,24.19538,-999,0.7618144,0.1038084,False,-99,0.002100682
2591190603581627660,0,2.93952366572834,GALEX J004558.7+412050,11.4945632458347,41.3474933837386,1,-999,22.99071,-999,2.310546,0.0963834,False,-99,0.003589609
2496087245626280368,0,2.94021612630142,GALEX J004529.9+412259,11.3745632886551,41.3832606454611,3,21.86827,21.42179,6.49675,9.801287,0.1017736,False,0.003294722,0.005878782
2496087245624183300,0,2.94157388113367,GALEX J004549.4+412414,11.4559741632443,41.403914851979,1,-999,23.54528,-999,1.386399,0.1038084,False,-99,0.002904421
2590838759860740875,0,2.94187157616253,GALEX J004549.3+412414,11.4554290958115,41.4040872216351,1,-999,23.73247,-999,1.166846,0.1038084,False,-99,0.004297259
6449227371664904158,0,2.9427133108836,GALEX J004529.9+412300,11.3745914800212,41.3833795421599,1,-999,21.29871,-999,10.97785,0.1017736,False,-99,0.004034282
2495911323763736773,0,2.94733736560291,GALEX J004558.7+412051,11.4947700630755,41.3475863513519,1,-999,23.32066,-999,1.705039,0.0963834,False,-99,0.00334572
2590838759862838174,0,2.94899916233565,GALEX J004529.8+412259,11.3742545304342,41.3831525892266,3,22.12959,20.29837,5.107022,27.58355,0.1017736,False,0.003764889,0.003198307
2591190603583725459,0,2.95058568157834,GALEX J004529.8+412300,11.3743711036802,41.3833564713797,3,22.10329,21.2791,5.232208,11.17788,0.1017736,False,0.004462698,0.002133317
6449719952874146594,0,2.95579207721538,GALEX J004529.8+412259,11.3742042086672,41.3833135965799,1,-999,21.56947,-999,8.554814,0.1017736,False,-99,0.004308112
6372252786323622959,0,2.9559793732503,GALEX J004529.8+412300,11.3742174409183,41.3833369558074,1,-999,20.83357,-999,16.84891,0.1017736,False,-99,0.003263274
6449719952874146290,0,2.95606527785152,GALEX J004558.8+412051,11.4950097579509,41.3477205602799,1,-999,23.23035,-999,1.852926,0.0963834,False,-99,0.002713601
2495840955021660717,0,2.9577158555802,GALEX J004529.7+412259,11.3740884627158,41.3832273350953,3,22.25392,21.4466,4.554416,9.579836,0.1017736,False,0.002403246,0.005502923
2495911323765834099,0,2.95901454775191,GALEX J004529.7+412259,11.3741201917667,41.3833118928885,3,21.78209,21.2448,7.033379,11.53663,0.1017736,False,0.004033209,0.004005399
2496087245624182911,0,2.95928235511388,GALEX J004558.7+412049,11.4948741166888,41.3470507970935,1,-999,23.29055,-999,1.752989,0.0963834,False,-99,0.004398991
2591190603581628459,0,2.9904309116106,GALEX J004544.8+412429,11.4366842930201,41.4082688120986,1,-999,24.57202,-999,0.5385082,0.1038084,False,-99,0.001748229
6372252785249879369,0,2.99274449782163,GALEX J004542.1+411832,11.425548103742,41.3089003095055,1,-999,20.66008,-999,19.76818,0.08864797,False,-99,0.003214335
6449192187292814218,0,2.99749045581975,GALEX J004529.6+412301,11.3735599436817,41.3838645560194,1,-999,21.43721,-999,9.6631,0.1017736,False,-99,0.005459286
6449719952874146088,0,2.99848622060669,GALEX J004542.1+411831,11.4254891923489,41.3088079465823,1,-999,20.53572,-999,22.16724,0.08864797,False,-99,0.001461393
6449227371664904206,0,2.99963637978791,GALEX J004558.3+412236,11.4930241568552,41.3768503134722,1,-999,20.98641,-999,14.63644,0.1012051,False,-99,0.01480915
6449755137246236372,0,3.0008157373098,GALEX J004542.2+411831,11.42588362574,41.3087452850608,1,-999,20.27233,-999,28.25321,0.08864797,False,-99,0.001730196
2495911323763736676,0,3.00348117860252,GALEX J004542.1+411831,11.4255247847377,41.3087222015566,1,-999,20.51257,-999,22.64499,0.08864797,False,-99,0.001629217
2591190603583725683,0,3.00431806146816,GALEX J004546.1+412428,11.4422862311174,41.407961827238,3,23.07689,23.05177,2.134252,2.184187,0.1038084,False,0.003580783,0.003207724
6449227371664904060,0,3.00632289586488,GALEX J004559.3+412147,11.4974714062512,41.3632422135368,1,-999,19.7403,-999,46.119,0.0963834,False,-99,0.003228232
6449192187292813752,0,3.00660845356732,GALEX J004542.0+411831,11.4253816893289,41.3086788654561,1,-999,20.54582,-999,21.96193,0.08864797,False,-99,0.002162206
2496087245626279867,0,3.00742499711124,GALEX J004542.1+411831,11.4256610092901,41.3086479362054,3,23.50535,20.41219,1.438345,24.83836,0.08864797,False,0.001572216,0.0013957
6449755137246236804,0,3.00769696940415,GALEX J004559.4+412146,11.4975433579607,41.3628933602222,1,-999,19.616,-999,51.71291,0.0963834,False,-99,0.001461822
6372252786323622509,0,3.00886257534849,GALEX J004542.0+411831,11.4252236174963,41.3086513255624,1,-999,20.63174,-999,20.29098,0.08864797,False,-99,0.003636877
6457284592873249849,0,3.00931785987587,GALEX J004530.9+411938,11.378866789149,41.3272485073691,1,-999,20.94364,-999,15.2245,0.09631194,False,-99,0.007816533
6449192187292814081,0,3.00947599728055,GALEX J004559.4+412147,11.4975610436782,41.3630823857451,1,-999,19.91504,-999,39.26285,0.0963834,False,-99,0.00205437
2591190603581627932,0,3.00964465183865,GALEX J004559.4+412146,11.4975903542986,41.3628616661655,1,-999,19.69365,-999,48.1437,0.0963834,False,-99,0.001340954
2590838759862836829,0,3.01056427654646,GALEX J004542.1+411830,11.4254614261763,41.3086076849876,3,23.51575,19.94857,1.424626,38.06901,0.08864797,False,0.00214688,0.00191452
2495840955019563039,0,3.01091244089493,GALEX J004542.1+411830,11.4256349876539,41.3085911954755,1,-999,20.09871,-999,33.15242,0.08864797,False,-99,0.005276429
2591190603583724284,0,3.0110135248667,GALEX J004542.1+411830,11.4255060912785,41.3085973940809,3,23.32947,20.48822,1.691269,23.15854,0.08864797,False,0.002599538,0.001385382
2591190603581628374,0,3.01104881521949,GALEX J004550.9+412410,11.4620701604529,41.4030515806685,1,-999,24.8068,-999,0.4337911,0.1038084,False,-99,0.002310872
2496087245624183155,0,3.01224963431042,GALEX J004559.4+412147,11.4976246829436,41.3630671587051,1,-999,19.61223,-999,51.89286,0.0963834,False,-99,0.002096042
2495911323763736896,0,3.01344157395439,GALEX J004559.4+412147,11.4976311557617,41.3632340907276,1,-999,19.56931,-999,53.98552,0.0963834,False,-99,0.002022155
6449719952874146476,0,3.01542552513588,GALEX J004559.4+412146,11.4977127144344,41.3629187475346,1,-999,19.6664,-999,49.36728,0.0963834,False,-99,0.001562046
6372252786323622811,0,3.01617236368872,GALEX J004559.4+412146,11.4977276374676,41.3629338172333,1,-999,19.69625,-999,48.02838,0.0963834,False,-99,0.003752064
6449227371664903613,0,3.01642294850462,GALEX J004542.1+411830,11.4256485739668,41.3084982380288,1,-999,20.55682,-999,21.74066,0.08864797,False,-99,0.003293671
2591190603581627382,0,3.01693874901443,GALEX J004529.2+412005,11.3719224387612,41.3349193666557,1,-999,24.24709,-999,0.7263782,0.09631194,False,-99,0.003010119
6449755137246236485,0,3.01840438459211,GALEX J004555.9+411937,11.4831543419039,41.3270266253292,1,-999,21.00995,-999,14.32248,0.0963834,False,-99,0.002499064
2496087245624183343,0,3.01985428904052,GALEX J004546.1+412429,11.4421165700733,41.4082460911864,1,-999,23.59919,-999,1.319241,0.1038084,False,-99,0.003428388
2590838759860739802,0,3.02035647246811,GALEX J004529.2+412005,11.3719731493345,41.3347280625141,1,-999,24.67638,-999,0.4891544,0.09631194,False,-99,0.003088142
6372252786323623007,0,3.02153795120133,GALEX J004553.1+412356,11.4712348646063,41.3989169503368,1,-999,20.45854,-999,23.80026,0.1012051,False,-99,0.005013212
6449719952874146192,0,3.02521970682532,GALEX J004556.0+411937,11.483444110481,41.3271160437692,1,-999,21.23646,-999,11.62559,0.0963834,False,-99,0.002396799
6449227371664903767,0,3.02573984518425,GALEX J004556.0+411937,11.4835540126273,41.3272055168853,1,-999,21.46222,-999,9.44299,0.0963834,False,-99,0.003602791
2591190603581627389,0,3.02623619270718,GALEX J004556.0+411937,11.483448814558,41.3270933498125,1,-999,21.10835,-999,13.08159,0.0963834,False,-99,0.00138582
6449192187292813835,0,3.02712826697373,GALEX J004556.0+411938,11.4836367873069,41.3272464982922,1,-999,21.73007,-999,7.378563,0.0963834,False,-99,0.002919015
6457284592873249379,0,3.0298893861905,GALEX J004542.1+411829,11.4257549618411,41.30826676777,1,-999,20.20846,-999,29.96501,0.08864797,False,-99,0.007006991
2590838759860740947,0,3.03045898745333,GALEX J004546.3+412429,11.4430353143776,41.4083049702534,1,-999,23.79706,-999,1.099448,0.1038084,False,-99,0.004279905
6449192187292814293,0,3.03127928085652,GALEX J004552.9+412357,11.4707561526017,41.399384946213,1,-999,21.16425,-999,12.4251,0.1012051,False,-99,0.00279436
2591190603581628395,0,3.03202888530845,GALEX J004553.0+412357,11.4710174438856,41.3992562889908,1,-999,21.04378,-999,13.8832,0.1012051,False,-99,0.00132887
2495911323763736721,0,3.03210632642731,GALEX J004556.0+411937,11.4836718917669,41.3271463453055,1,-999,21.36389,-999,10.33818,0.0963834,False,-99,0.00243911
6449755137246237062,0,3.0321867526768,GALEX J004553.0+412357,11.4708146705271,41.3993715361303,1,-999,20.94755,-999,15.16985,0.1012051,False,-99,0.003053395
6449719952874146688,0,3.03271879151069,GALEX J004553.0+412357,11.4710480198215,41.3992536301799,1,-999,21.09223,-999,13.27722,0.1012051,False,-99,0.001715223
2496087245624183316,0,3.03480713855975,GALEX J004553.0+412357,11.4712108351718,41.3992063830553,1,-999,21.08713,-999,13.33975,0.1012051,False,-99,0.001554836
6449227371664904250,0,3.0359691684895,GALEX J004553.1+412356,11.4714818566513,41.3990786370779,1,-999,21.51022,-999,9.034649,0.1012051,False,-99,0.003383277
6372252786323622613,0,3.03599256030893,GALEX J004556.0+411936,11.4835426291273,41.3269213245929,1,-999,20.97264,-999,14.82326,0.0963834,False,-99,0.003705237
2496087245624182801,0,3.03854221375563,GALEX J004556.1+411937,11.4838157401274,41.3271098357035,1,-999,21.16206,-999,12.45021,0.0963834,False,-99,0.001705002
2495911323763736968,0,3.04335181387745,GALEX J004553.0+412357,11.4711978583051,41.3993909201016,1,-999,21.24983,-999,11.48334,0.1012051,False,-99,0.001601798
2591190603581627433,0,3.04402057294549,GALEX J004558.3+412018,11.4929645074291,41.3383610074154,1,-999,23.76313,-999,1.134351,0.0963834,False,-99,0.003578292
6372252785249879727,0,3.04424778035263,GALEX J004550.1+412417,11.4588066444457,41.4048602900324,1,-999,22.06065,-999,5.441742,0.1038084,False,-99,0.002183458
6372252785249879706,0,3.0459137771035,GALEX J004553.1+412357,11.471389636185,41.3993373183455,1,-999,21.5715,-999,8.538865,0.1012051,False,-99,0.002647946
6372252785249879562,0,3.0502922433145,GALEX J004559.6+412145,11.498517792184,41.3626626266419,1,-999,19.93397,-999,38.58451,0.0963834,False,-99,0.004882216
6449755137246236387,0,3.05103455521718,GALEX J004533.5+411906,11.3896457691315,41.3183407417699,1,-999,23.1652,-999,1.967515,0.09631194,False,-99,0.003442799
2495840955019563714,0,3.05689174212527,GALEX J004540.0+412430,11.4167928570153,41.4084316973155,1,-999,22.93575,-999,2.430531,0.1028315,False,-99,0.003329886
2591190603581628408,0,3.08160122936111,GALEX J004550.2+412419,11.4595093993129,41.4053044769626,1,-999,24.34338,-999,0.6647326,0.1038084,False,-99,0.00302529
2590838759860740196,0,3.10567956562692,GALEX J004526.9+412114,11.3623121366441,41.3540292865262,1,-999,23.49939,-999,1.44625,0.1017736,False,-99,0.005535141
2495911323765834096,0,3.10743636456888,GALEX J004531.5+412340,11.381383449467,41.3946124483135,3,22.17604,22.32136,4.893124,4.280122,0.1017736,False,0.003243428,0.004619765
2591190603583725466,0,3.11023886160646,GALEX J004531.5+412341,11.3815302817545,41.3947930479465,3,23.79831,22.49955,1.098196,3.632297,0.1017736,False,0.002360741,0.002125644
6457284592873249834,0,3.11199497508394,GALEX J004536.4+411841,11.4018870372594,41.3115760840281,1,-999,22.34291,-999,4.195988,0.09631194,False,-99,0.003951114
2496087245626280418,0,3.11643410058554,GALEX J004531.6+412342,11.3816653107067,41.3950441386812,3,22.49618,22.74629,3.643588,2.893899,0.1017736,False,0.004881782,0.004211088
6449192187292814257,0,3.12184391592104,GALEX J004531.4+412341,11.3812127361129,41.3948254171968,1,-999,22.7106,-999,2.990613,0.1017736,False,-99,0.003103107
2590838759860740832,0,3.12257901938104,GALEX J004531.5+412342,11.3814576545675,41.3950316217414,1,-999,22.47406,-999,3.718574,0.1017736,False,-99,0.002745593
6449719952874146663,0,3.12339793845575,GALEX J004531.6+412343,11.3817908608321,41.3953045392354,1,-999,21.87877,-999,6.434126,0.1017736,False,-99,0.005062943
6449227371664904224,0,3.12955354136952,GALEX J004531.4+412342,11.3812252934451,41.395019514772,1,-999,22.36183,-999,4.123529,0.1017736,False,-99,0.004725347
6449755137246236992,0,3.130687539584,GALEX J004531.5+412342,11.3812494239667,41.3950651516353,1,-999,22.82928,-999,2.680936,0.1017736,False,-99,0.001625105
6372252785249879551,0,3.13160173848132,GALEX J004600.1+412123,11.5004738261106,41.3564149950919,1,-999,21.74776,-999,7.259324,0.0963834,False,-99,0.002663261
2591190603581627760,0,3.13185996128487,GALEX J004526.8+412113,11.3617472344249,41.3538735450939,1,-999,22.95438,-999,2.389179,0.1017736,False,-99,0.004955274
6372252785249879744,0,3.14147447862548,GALEX J004546.1+412436,11.442369214866,41.410269469284,1,-999,21.5423,-999,8.771655,0.1038084,False,-99,0.002026284
2590838759860740916,0,3.14503792568832,GALEX J004536.4+412422,11.4020285057758,41.4063085490154,1,-999,24.21407,-999,0.7488135,0.1028315,False,-99,0.003863557
6449755137246236493,0,3.1496625620972,GALEX J004528.7+411958,11.3699787525541,41.3329786335014,1,-999,23.53547,-999,1.398974,0.0958233,False,-99,0.001823599
2591190603581628426,0,3.15186871797764,GALEX J004536.4+412423,11.4018957236303,41.4063882278253,1,-999,24.45809,-999,0.5980837,0.1028315,False,-99,0.002261766
2590838759860740894,0,3.15715669055295,GALEX J004533.8+412406,11.3910501310998,41.401857277913,1,-999,23.80419,-999,1.092251,0.1028315,False,-99,0.003214308
6449719952874146673,0,3.15743405946854,GALEX J004533.8+412406,11.3910155646909,41.4018449135681,1,-999,23.56326,-999,1.363629,0.1028315,False,-99,0.002314872
2591190603581628373,0,3.15972676851558,GALEX J004533.7+412406,11.3906238056737,41.4016861381844,1,-999,24.40714,-999,0.6268191,0.1028315,False,-99,0.00205592
2591190603581627473,0,3.16073347012817,GALEX J004559.2+412024,11.4967826803099,41.3402694618336,1,-999,23.6693,-999,1.236748,0.0963834,False,-99,0.002402427
6449719952874146365,0,3.16208060401976,GALEX J004526.6+412115,11.3610186621875,41.3543514029373,1,-999,23.14868,-999,1.99769,0.1017736,False,-99,0.003685911
6372252785249879623,0,3.1622815546466,GALEX J004559.5+412228,11.4979065130152,41.3746245660297,1,-999,22.46818,-999,3.738765,0.1012051,False,-99,0.002343053
6449755137246237063,0,3.16317237394661,GALEX J004536.1+412422,11.4007709630534,41.40620217991,1,-999,23.41686,-999,1.56047,0.1028315,False,-99,0.002326389
6449192187292814032,0,3.16731765497149,GALEX J004600.3+412125,11.5012943335454,41.356959766415,1,-999,21.48799,-999,9.221542,0.0963834,False,-99,0.004755298
6449755137246236596,0,3.17176718336939,GALEX J004526.8+412056,11.3617131329642,41.3491525504902,1,-999,23.25191,-999,1.816501,0.1017736,False,-99,0.003051357
2591190603581628003,0,3.17216788633928,GALEX J004559.4+412232,11.4976508324037,41.3757313529794,1,-999,25.02724,-999,0.3540829,0.1012051,False,-99,0.001161535
2591190603581627808,0,3.17265968292228,GALEX J004600.3+412123,11.5013946917032,41.3565706826983,1,-999,21.57295,-999,8.527474,0.0963834,False,-99,0.001333993
6449192187292813748,0,3.17409017772444,GALEX J004540.5+411823,11.4187866770777,41.3065105874824,1,-999,20.65681,-999,19.82775,0.08864797,False,-99,0.004152985
6449755137246236720,0,3.17483662823819,GALEX J004600.3+412123,11.501446480858,41.3566375044893,1,-999,21.38208,-999,10.16642,0.0963834,False,-99,0.003558383
6372252786323622495,0,3.17529931867892,GALEX J004546.3+411823,11.4429834231391,41.3064600459635,1,-999,22.09889,-999,5.253413,0.09222735,False,-99,0.002551866
2496087245626279859,0,3.17733079969976,GALEX J004540.5+411823,11.4191099452828,41.3064136482064,3,21.45985,20.6719,9.463716,19.5542,0.08864797,False,0.002846972,0.003068173
2495840955021660305,0,3.17947696658539,GALEX J004540.6+411822,11.4193465421487,41.3063473047462,3,21.52305,19.78131,8.928596,44.40941,0.08864797,False,0.003224781,0.01342756
2590838759861797583,0,3.18103271071283,GALEX J004530.5+411926,11.3773466504185,41.3241413424691,2,23.33474,-999,1.683088,-999,0.09631194,False,0.002653021,-99
6449227371664903926,0,3.18111307874044,GALEX J004600.3+412123,11.5015822107785,41.3565644540705,1,-999,21.96865,-999,5.922981,0.0963834,False,-99,0.003452222
6449755137246236363,0,3.18112989462072,GALEX J004540.5+411822,11.4188186206552,41.3063872539172,1,-999,20.61736,-999,20.56154,0.08864797,False,-99,0.003354463
6449719952874146362,0,3.18362603457443,GALEX J004600.3+412123,11.501633443215,41.3564776132583,1,-999,21.82526,-999,6.75918,0.0963834,False,-99,0.00296517
2590838759862836922,0,3.18460959082749,GALEX J004540.5+411822,11.4188947699478,41.3063184065989,3,21.43491,19.67729,9.683654,48.87476,0.08864797,False,0.003430723,0.002616482
2591190603583724305,0,3.18572629725695,GALEX J004540.5+411822,11.4188956406725,41.3062994024706,3,21.47927,20.66198,9.295966,19.73364,0.08864797,False,0.003053512,0.002058156
2495911323765833821,0,3.18577459968252,GALEX J004540.5+411822,11.41880569251,41.3063103651094,3,21.5392,20.65613,8.79673,19.84023,0.08864797,False,0.003837056,0.002454996
2496087245624182982,0,3.18733509916781,GALEX J004600.4+412123,11.5017112039017,41.356393060565,1,-999,21.49747,-999,9.141368,0.0963834,False,-99,0.001920469
6449227371664903593,0,3.18791302639721,GALEX J004540.5+411822,11.4190378316163,41.3062439862244,1,-999,20.8378,-999,16.78337,0.08864797,False,-99,0.003666945
6449719952874146099,0,3.18803482153078,GALEX J004540.4+411822,11.4186049790732,41.3062987131017,1,-999,20.73995,-999,18.36615,0.08864797,False,-99,0.004074267
6449719952874146062,0,3.1884699635344,GALEX J004536.1+411838,11.4006220360374,41.3106142513267,1,-999,23.09053,-999,2.107594,0.09631194,False,-99,0.00275989
2495911323763736833,0,3.19453384685609,GALEX J004600.4+412123,11.5018790190561,41.3565373355987,1,-999,21.24962,-999,11.48553,0.0963834,False,-99,0.003865473
6457284592875347018,0,3.19568722792118,GALEX J004540.5+411821,11.419121283371,41.3061018474405,3,21.30268,20.4798,10.93775,23.33889,0.08864797,False,0.003823849,0.005712052
6372252786323622487,0,3.20140124042331,GALEX J004540.4+411821,11.4184947078544,41.3060871944132,1,-999,21.32454,-999,10.71975,0.08864797,False,-99,0.003366907
2496087245624183232,0,3.20656633417048,GALEX J004557.3+412322,11.4889232835918,41.3897048776512,1,-999,23.61989,-999,1.294322,0.1012051,False,-99,0.003275423
6457284592873249612,0,3.21831462091922,GALEX J004556.4+411924,11.4851165849383,41.3235927922031,1,-999,19.89078,-999,40.15018,0.0963834,False,-99,0.01168521
2495840955019563737,0,3.21893966503803,GALEX J004538.0+412434,11.4085811645409,41.4095549777779,1,-999,22.22141,-999,4.692843,0.1028315,False,-99,0.005174042
6449755137246236420,0,3.23219278760934,GALEX J004554.2+411900,11.4760953431861,41.3167119925791,1,-999,22.55264,-999,3.458962,0.09222735,False,-99,0.004671227
2591190603581628063,0,3.23261162545214,GALEX J004527.5+412246,11.364845096259,41.3795366586171,1,-999,24.48431,-999,0.5838168,0.1017736,False,-99,0.001666977
2496087245624183135,0,3.23471836695215,GALEX J004527.5+412246,11.3647788726509,41.379509076246,1,-999,23.70216,-999,1.199871,0.1017736,False,-99,0.002532154
6372252786323622766,0,3.2356137139053,GALEX J004526.2+412120,11.3592535821044,41.3557929295967,1,-999,20.88878,-999,16.01354,0.1017736,False,-99,0.003668415
2591190603583724364,0,3.23912307508262,GALEX J004554.4+411900,11.476700126864,41.3169332784153,3,23.88844,22.96273,1.010705,2.370866,0.09222735,False,0.001698168,0.002820421
6449719952874146263,0,3.24413390845975,GALEX J004526.8+412035,11.3619352312995,41.3432648779546,1,-999,23.29001,-999,1.753862,0.1037829,False,-99,0.002786483
6449719952874146098,0,3.24501455614464,GALEX J004554.3+411900,11.4766050553579,41.3167477210515,1,-999,23.55179,-999,1.378114,0.09222735,False,-99,0.002737533
2590838759860740682,0,3.24566968681891,GALEX J004527.4+412245,11.3644774803522,41.3794414583377,1,-999,21.75077,-999,7.239195,0.1017736,False,-99,0.007659567
2590838759862836759,0,3.24947710987328,GALEX J004554.4+411900,11.4769490430829,41.316863754346,3,24.01634,23.56201,0.8983893,1.3652,0.09222735,False,0.002168154,0.003200513
6372252786323623070,0,3.2503069735138,GALEX J004536.0+412427,11.4001009323942,41.4075712515953,1,-999,20.96549,-999,14.92113,0.1028315,False,-99,0.004767218
2496087245624182798,0,3.25386307439851,GALEX J004528.5+411952,11.3687337356664,41.3311193239566,1,-999,23.69632,-999,1.206343,0.0958233,False,-99,0.002856069
6372252786323623012,0,3.25596925446781,GALEX J004556.7+412335,11.4865998955631,41.3933116947786,1,-999,21.70897,-999,7.523377,0.1012051,False,-99,0.001517922
6449227371664904220,0,3.25944318923003,GALEX J004556.7+412336,11.4864808390586,41.3935091014267,1,-999,21.33715,-999,10.59594,0.1012051,False,-99,0.003976659
2591190603581628214,0,3.2609872659319,GALEX J004557.6+412323,11.4902347210411,41.3898853410473,1,-999,23.92911,-999,0.9735476,0.1012051,False,-99,0.002180236
6449192187292814261,0,3.26179546001167,GALEX J004556.6+412337,11.4862082119701,41.3938124004308,1,-999,21.59123,-999,8.385086,0.1012051,False,-99,0.002297994
2591190603581628351,0,3.2629717982729,GALEX J004556.6+412337,11.4862252058235,41.3938276766317,1,-999,20.91596,-999,15.61769,0.1012051,False,-99,0.001390775
2496087245626279865,0,3.26338204612834,GALEX J004554.5+411900,11.477274012984,41.3167649582752,3,23.58215,23.02893,1.34012,2.230628,0.09222735,False,0.001184945,0.002263033
2496087245624183286,0,3.26547524105302,GALEX J004556.7+412337,11.4863989149455,41.3937383605376,1,-999,20.98767,-999,14.61941,0.1012051,False,-99,0.001434636
2495911323763736975,0,3.26660248462755,GALEX J004556.7+412337,11.4863755713751,41.3937881827758,1,-999,21.08825,-999,13.32596,0.1012051,False,-99,0.001521672
2495911323763736684,0,3.26671759304027,GALEX J004530.8+411916,11.3783401553268,41.3211798855203,1,-999,23.31574,-999,1.712793,0.09631194,False,-99,0.002692664
6449719952874146645,0,3.26679365431274,GALEX J004556.7+412338,11.4862569572203,41.3938980104128,1,-999,20.81555,-999,17.13091,0.1012051,False,-99,0.001397144
2590838759860739596,0,3.26680084072192,GALEX J004546.0+411817,11.4420150477949,41.3047963498464,1,-999,21.73233,-999,7.363207,0.09222735,False,-99,0.01019167
6449755137246237013,0,3.26734260607272,GALEX J004556.7+412337,11.4862865944599,41.3938859825338,1,-999,20.90166,-999,15.82467,0.1012051,False,-99,0.001302584
2590838759862836957,0,3.26763950404951,GALEX J004528.4+411950,11.3686338773682,41.3307951219362,3,23.4052,23.59118,1.577324,1.329015,0.0958233,False,0.003264347,0.002858455
2591190603581627354,0,3.27081847872843,GALEX J004528.4+411950,11.368572467482,41.3307690066521,1,-999,23.37996,-999,1.614419,0.0958233,False,-99,0.002348601
6449755137246236474,0,3.27353520853597,GALEX J004528.4+411950,11.3686120827654,41.3306306948173,1,-999,23.38043,-999,1.613723,0.0958233,False,-99,0.002855148
2495911323763737004,0,3.27379305723135,GALEX J004540.6+412444,11.4192780874458,41.4124608846607,1,-999,23.07371,-999,2.140499,0.1028315,False,-99,0.001886834
6372252786323623123,0,3.28332696423673,GALEX J004544.1+412447,11.4340377346876,41.4132857446293,1,-999,21.98623,-999,5.827865,0.1038084,False,-99,0.002175957
6372252785249879670,0,3.28487158873543,GALEX J004556.9+412336,11.4871700149655,41.3935506134656,1,-999,21.01982,-999,14.19288,0.1012051,False,-99,0.003721191
6449192187292813795,0,3.28520069007372,GALEX J004556.5+411920,11.4854963362098,41.3222266413794,1,-999,22.64565,-999,3.174959,0.0963834,False,-99,0.003344587
6449192187292813768,0,3.2865371168115,GALEX J004553.1+411846,11.4713502679478,41.3129771723491,1,-999,20.65904,-999,19.78717,0.09222735,False,-99,0.002210015
6372252786323622499,0,3.28789646598111,GALEX J004536.2+411831,11.4010854459267,41.30862808259,1,-999,21.75263,-999,7.22682,0.09631194,False,-99,0.002016231
2495840955019563810,0,3.28882212717058,GALEX J004540.3+412445,11.4182851494744,41.4125882987885,1,-999,21.84984,-999,6.60788,0.1028315,False,-99,0.00517625
2591190603581627291,0,3.2911191959337,GALEX J004556.5+411919,11.4856377236932,41.3221976165944,1,-999,22.15748,-999,4.977459,0.0963834,False,-99,0.002902462
6449755137246236621,0,3.29140256235183,GALEX J004526.6+412035,11.3608378539906,41.3432741113637,1,-999,22.89394,-999,2.52595,0.1037829,False,-99,0.002971269
2496087245624183036,0,3.29220083220637,GALEX J004525.9+412140,11.3579724128188,41.3611202205038,1,-999,20.20148,-999,30.15836,0.1017736,False,-99,0.001388167
2591190603581627917,0,3.2927519298225,GALEX J004525.9+412139,11.357956723525,41.3610626268195,1,-999,20.2118,-999,29.87303,0.1017736,False,-99,0.001358474
6449719952874146107,0,3.29282614366225,GALEX J004553.1+411846,11.4715505389328,41.312951331763,1,-999,20.51113,-999,22.67503,0.09222735,False,-99,0.001480711
6449719952874146444,0,3.29339932073949,GALEX J004525.9+412140,11.3579516001644,41.3612148949733,1,-999,20.27501,-999,28.18366,0.1017736,False,-99,0.001515459
2496087245624182766,0,3.29346430287108,GALEX J004556.5+411919,11.4855247864542,41.3220436733412,1,-999,22.40486,-999,3.963276,0.0963834,False,-99,0.005049203
2495911323763736710,0,3.29438948569718,GALEX J004528.4+411948,11.3685484752522,41.330037432427,1,-999,23.49248,-999,1.455479,0.0958233,False,-99,0.003142104
2590838759860740391,0,3.29581186541877,GALEX J004525.8+412139,11.3578911925142,41.3611043875395,1,-999,20.27951,-999,28.06701,0.1017736,False,-99,0.001623645
6372252786323622532,0,3.29604892798882,GALEX J004553.1+411846,11.4714815099825,41.3128523299684,1,-999,20.33699,-999,26.61977,0.09222735,False,-99,0.002140189
6449227371664903649,0,3.29770517948351,GALEX J004553.2+411846,11.471732500375,41.3129448333137,1,-999,20.60832,-999,20.73339,0.09222735,False,-99,0.002692705
6449227371664903964,0,3.29837171136933,GALEX J004525.8+412139,11.3578282599423,41.3610015875407,1,-999,20.40331,-999,25.04235,0.1017736,False,-99,0.0015352
2590838759860740896,0,3.29885124016219,GALEX J004531.8+412359,11.3826422218728,41.3999181722147,1,-999,23.77823,-999,1.118687,0.1028315,False,-99,0.004888102
2496087245624183392,0,3.29892414010318,GALEX J004541.9+412448,11.4246599086534,41.4133870255138,1,-999,23.80183,-999,1.094634,0.1028315,False,-99,0.003472863
2590838759860739627,0,3.29957147704547,GALEX J004553.1+411846,11.4715401887897,41.3128111238176,1,-999,20.29747,-999,27.60656,0.09222735,False,-99,0.00202899
6372252786323622787,0,3.29981494328211,GALEX J004525.8+412138,11.3577790806241,41.3606820585444,1,-999,20.00914,-999,36.00332,0.1017736,False,-99,0.002941569
6449755137246236382,0,3.30046059595455,GALEX J004553.1+411846,11.4715201290347,41.3127833331332,1,-999,20.51362,-999,22.62299,0.09222735,False,-99,0.001553456
2591190603581627187,0,3.30131494271403,GALEX J004553.1+411846,11.471597305819,41.3128047492575,1,-999,20.44911,-999,24.00795,0.09222735,False,-99,0.001334087
2495840955019563371,0,3.3017806434567,GALEX J004525.8+412139,11.3577587027009,41.3611074714858,1,-999,20.33688,-999,26.62243,0.1017736,False,-99,0.00205131
2591190603581627331,0,3.30295767094409,GALEX J004528.7+411941,11.3698290134438,41.3282577899037,1,-999,23.70012,-999,1.202131,0.0958233,False,-99,0.002364908
2590838759860739739,0,3.30370807608052,GALEX J004528.7+411942,11.3696541352497,41.3284344548329,1,-999,23.89378,-999,1.005744,0.0958233,False,-99,0.004578602
2495911323763736852,0,3.30497871608469,GALEX J004525.8+412140,11.3576925515544,41.3611885694949,1,-999,20.238,-999,29.16082,0.1017736,False,-99,0.001577186
2495911323763736686,0,3.30559049364316,GALEX J004556.6+411920,11.486196242244,41.3223084485706,1,-999,23.35533,-999,1.651466,0.0963834,False,-99,0.002519686
6449192187292814086,0,3.30785190452255,GALEX J004525.8+412140,11.3576304106596,41.3612163957573,1,-999,20.23373,-999,29.27562,0.1017736,False,-99,0.001858693
2495911323763736682,0,3.30853299951408,GALEX J004553.2+411846,11.4718853885881,41.3128045438352,1,-999,20.52244,-999,22.44003,0.09222735,False,-99,0.001798477
2496087245624182733,0,3.30942253752921,GALEX J004553.2+411846,11.4719602699741,41.3128244110214,1,-999,20.47202,-999,23.50668,0.09222735,False,-99,0.00146137
2590838759860739625,0,3.30953350044533,GALEX J004529.8+411923,11.374532684798,41.3233244315282,1,-999,24.55796,-999,0.5455247,0.0958233,False,-99,0.00340746
6457284592873249917,0,3.30999280342012,GALEX J004553.3+411846,11.4723282435794,41.312999689116,1,-999,20.13903,-999,31.94385,0.09222735,False,-99,0.005987133
6372252785249879370,0,3.31286435031222,GALEX J004553.2+411845,11.4718738019303,41.312711863868,1,-999,20.38239,-999,25.52959,0.09222735,False,-99,0.005083731
6449755137246236761,0,3.31347829967412,GALEX J004525.8+412140,11.3574989647917,41.3611121203327,1,-999,20.1519,-999,31.5676,0.1017736,False,-99,0.002284116
2591190603583724403,0,3.32111794136569,GALEX J004529.8+411923,11.3744786963948,41.3230718229069,3,23.39364,24.06279,1.594217,0.8607612,0.0958233,False,0.003680388,0.003372978
6449719952874146141,0,3.32764284259327,GALEX J004556.7+411918,11.4863150194741,41.321853731776,1,-999,22.75821,-999,2.862313,0.0963834,False,-99,0.003791649
2591190603581627053,0,3.33465331557615,GALEX J004550.1+411825,11.4591266775866,41.3072027983074,1,-999,24.08857,-999,0.8405657,0.09222735,False,-99,0.002075139
2591190603581628416,0,3.33560378873944,GALEX J004553.4+412416,11.4727611738481,41.404532580163,1,-999,24.00941,-999,0.904139,0.1012051,False,-99,0.002326325
2496087245624182854,0,3.33734007751329,GALEX J004527.0+412012,11.3628572518141,41.3367723002592,1,-999,23.22909,-999,1.855092,0.1037829,False,-99,0.004818511
2496087245625237636,0,3.34016324198083,GALEX J004543.6+412451,11.4317227370179,41.4142778575491,2,22.55169,-999,3.462004,-999,0.1038084,False,0.004752331,-99
6449755137246236446,0,3.34019272819366,GALEX J004556.7+411917,11.4863131522017,41.3215374329556,1,-999,22.4747,-999,3.716389,0.0963834,False,-99,0.004339586
2496087245624183132,0,3.3443439998343,GALEX J004526.7+412240,11.3612684106274,41.3777997430025,1,-999,23.73323,-999,1.166027,0.1017736,False,-99,0.002805475
2591190603581628526,0,3.34545810772557,GALEX J004547.7+412445,11.449093534411,41.4126909506465,1,-999,23.80493,-999,1.091508,0.1038084,False,-99,0.001882619
6457284592873249196,0,3.34682483984074,GALEX J004528.4+411941,11.3687047110037,41.3282119218539,1,-999,19.35278,-999,65.90053,0.0958233,False,-99,0.01771812
2591190603581627044,0,3.35107201639146,GALEX J004541.9+411810,11.4246838483596,41.3029616557694,1,-999,23.17189,-999,1.955428,0.08864797,False,-99,0.002189077
6449755137246236458,0,3.35543217403098,GALEX J004558.4+411941,11.493565417831,41.3282610527438,1,-999,23.4388,-999,1.529246,0.0963834,False,-99,0.002054047
2495840955019563071,0,3.36960034185786,GALEX J004543.2+411808,11.430292490921,41.3024536184277,1,-999,20.19744,-999,30.27063,0.08864797,False,-99,0.01252516
6449755137246236630,0,3.37211664071632,GALEX J004601.2+412105,11.5052624876205,41.3514483601256,1,-999,22.14506,-999,5.034726,0.0963834,False,-99,0.005009961
6449755137246236454,0,3.38154627998903,GALEX J004557.7+411927,11.4904705456503,41.324219937108,1,-999,22.77395,-999,2.821098,0.0963834,False,-99,0.003663185
2591190603583724876,0,3.38356954159674,GALEX J004601.3+412104,11.5054663689975,41.3511480357529,3,23.94426,22.53832,0.9600577,3.504866,0.0963834,False,0.00245238,0.003955883
6449755137246236635,0,3.38542992211257,GALEX J004525.6+412059,11.3567249745427,41.3499408168852,1,-999,22.84313,-999,2.646968,0.1037829,False,-99,0.002897611
6449755137246237087,0,3.38630049361215,GALEX J004535.2+412431,11.3966667494795,41.4088276277953,1,-999,23.88043,-999,1.018189,0.1028315,False,-99,0.001249469
2591190603581628595,0,3.39066613747288,GALEX J004543.8+412454,11.4328431669834,41.4151052911856,1,-999,23.83787,-999,1.058888,0.1038084,False,-99,0.003543126
2590838759860741017,0,3.39264061758993,GALEX J004543.8+412454,11.432836737774,41.4151383268444,1,-999,24.88537,-999,0.4035086,0.1038084,False,-99,0.002642641
6449719952874146776,0,3.39345201147106,GALEX J004545.8+412452,11.4408914015775,41.4146796476127,1,-999,23.02621,-999,2.236223,0.1038084,False,-99,0.002654226
6449192187292814368,0,3.39698171337262,GALEX J004550.0+412440,11.4583301653124,41.4113836556897,1,-999,22.88862,-999,2.538358,0.1038084,False,-99,0.00256938
2496087245624183100,0,3.40025453675969,GALEX J004600.9+412223,11.5039888073802,41.3731339631453,1,-999,23.50355,-999,1.440718,0.1023527,False,-99,0.002932932
6372252785249879759,0,3.40068220801484,GALEX J004547.9+412448,11.4497409991442,41.413517327026,1,-999,21.96612,-999,5.936799,0.1038084,False,-99,0.002129226
2590838759860739529,0,3.40256670852193,GALEX J004542.5+411807,11.4274032395109,41.3019660185127,1,-999,20.41369,-999,24.80414,0.08864797,False,-99,0.006240163
2590838759862838159,0,3.40580109975208,GALEX J004545.8+412453,11.4411150309466,41.4148648756455,3,23.94373,24.35724,0.9605305,0.6562995,0.1038084,False,0.001935936,0.001702021
2495911323763736829,0,3.40582138574869,GALEX J004601.4+412102,11.5058977227988,41.3507789330601,1,-999,22.35733,-999,4.140635,0.0963834,False,-99,0.005892465
2591190603581628568,0,3.4058245968281,GALEX J004550.0+412441,11.458473787217,41.411499876641,1,-999,22.33478,-999,4.227541,0.1038084,False,-99,0.001514578
2591190603583725710,0,3.40744287337741,GALEX J004545.8+412453,11.4410626692598,41.4148977697644,3,23.80702,24.04308,1.089417,0.876535,0.1038084,False,0.002214115,0.001917413
2590838759860740990,0,3.40917363553257,GALEX J004550.0+412441,11.4585345241557,41.4115420184997,1,-999,22.71647,-999,2.974482,0.1038084,False,-99,0.002198993
2496087245624182943,0,3.4131650727301,GALEX J004601.4+412103,11.5061048919504,41.3510114564237,1,-999,22.4971,-999,3.64047,0.0963834,False,-99,0.005910822
2495911323763736653,0,3.41792588383152,GALEX J004542.8+411806,11.4286462356379,41.3016731063587,1,-999,22.12236,-999,5.141083,0.08864797,False,-99,0.002642689
6449192187292813746,0,3.42163266887586,GALEX J004542.8+411805,11.4285918027956,41.3016125790375,1,-999,21.85566,-999,6.572581,0.08864797,False,-99,0.004305414
2496087245624183239,0,3.42183018378024,GALEX J004558.2+412331,11.4926248352233,41.3919886521497,1,-999,23.60574,-999,1.311304,0.1023527,False,-99,0.002901687
2590838759860739430,0,3.42397117153325,GALEX J004548.5+411813,11.4522537171969,41.3038220273558,1,-999,22.35711,-999,4.141497,0.09222735,False,-99,0.003836883
6449755137246236291,0,3.42527098460308,GALEX J004542.8+411805,11.4287243155524,41.301548843226,1,-999,22.17483,-999,4.898552,0.08864797,False,-99,0.002003123
2496087245624183404,0,3.43175418785983,GALEX J004545.9+412455,11.4413175924525,41.4152807670215,1,-999,23.58679,-999,1.334388,0.1038084,False,-99,0.002121093
2591190603581627026,0,3.43265353130851,GALEX J004542.8+411805,11.4285518372729,41.3014297629135,1,-999,21.89725,-999,6.325536,0.08864797,False,-99,0.001326506
2496087245624182671,0,3.43397218204639,GALEX J004542.8+411805,11.4283873571739,41.3014118768789,1,-999,21.85788,-999,6.559168,0.08864797,False,-99,0.004225884
2591190603582686702,0,3.43736194046171,GALEX J004540.0+412453,11.4168662517035,41.4149105407225,2,23.95411,-999,0.9513928,-999,0.1028315,False,0.002589783,-99
6372252786323622995,0,3.43805015999717,GALEX J004558.4+412328,11.4936662675376,41.3913534204839,1,-999,21.82586,-999,6.755453,0.1023527,False,-99,0.004370528
6449719952874146032,0,3.4388950391437,GALEX J004542.8+411804,11.4285012206738,41.3013269165645,1,-999,21.75511,-999,7.210332,0.08864797,False,-99,0.004540015
6449719952874146020,0,3.44200341698327,GALEX J004548.1+411811,11.4507346514433,41.3031914307286,1,-999,23.35451,-999,1.652711,0.09222735,False,-99,0.002899203
2591190603582686273,0,3.44382594685061,GALEX J004601.4+412052,11.5061229884912,41.3479119554411,2,23.98077,-999,0.9283088,-999,0.0963834,False,0.001052455,-99
2495911323763736670,0,3.44713266418898,GALEX J004531.5+411853,11.3814924357312,41.3148049954255,1,-999,22.54312,-999,3.489409,0.09631194,False,-99,0.002829799
2496087245624183421,0,3.44722080718627,GALEX J004542.8+412457,11.4285273276625,41.4160348328073,1,-999,22.82318,-999,2.696034,0.1038084,False,-99,0.003120506
6449227371664903564,0,3.44844640759103,GALEX J004542.9+411804,11.428945312342,41.3011577178728,1,-999,21.98128,-999,5.854472,0.08864797,False,-99,0.004877196
2496087245625237205,0,3.45044545037706,GALEX J004527.2+411953,11.3633742307152,41.3316010100086,2,23.64067,-999,1.26979,-999,0.1037829,False,0.002208277,-99
6372252785249879351,0,3.4520731168103,GALEX J004543.0+411803,11.4292126404246,41.3010922162756,1,-999,21.79676,-999,6.938968,0.08864797,False,-99,0.002625535
2591190603581627002,0,3.45335426509624,GALEX J004548.4+411811,11.4520447487707,41.3032671136103,1,-999,24.15767,-999,0.7887366,0.09222735,False,-99,0.002969685
6457284592873249709,0,3.45651151295774,GALEX J004542.9+411803,11.4289051776597,41.3010240664988,1,-999,21.98949,-999,5.810377,0.08864797,False,-99,0.004602327
6449755137246236516,0,3.45850784437885,GALEX J004600.5+412012,11.5021283795463,41.3369009343421,1,-999,23.83476,-999,1.061927,0.0963834,False,-99,0.001402215
2590838759862836938,0,3.45905795431694,GALEX J004527.2+411952,11.3634857350441,41.3311420290938,3,23.32643,23.64709,1.696013,1.262301,0.1037829,False,0.003231561,0.004068333
6449192187292813976,0,3.46071379469054,GALEX J004601.7+412103,11.5071457931477,41.3508761075069,1,-999,23.11724,-999,2.056382,0.0963834,False,-99,0.002765278
2590838759860739873,0,3.46128488027379,GALEX J004551.2+411822,11.4633440256826,41.3062845826952,1,-999,19.03163,-999,88.58271,0.09222735,False,-99,0.01768797
2496087245624182794,0,3.46323570659536,GALEX J004527.2+411950,11.3637167646045,41.3306805182544,1,-999,23.78436,-999,1.112385,0.1037829,False,-99,0.00275852
2591190603581627355,0,3.4652227903474,GALEX J004527.2+411951,11.3633985789438,41.3310472408086,1,-999,23.51543,-999,1.425039,0.1037829,False,-99,0.002454616
6449755137246236475,0,3.46857260235289,GALEX J004527.1+411952,11.3631948570544,41.3312126114989,1,-999,22.70564,-999,3.004304,0.1037829,False,-99,0.003237574
2591190603581627119,0,3.47242722665,GALEX J004531.3+411852,11.3807659895524,41.31471641831,1,-999,24.16512,-999,0.7833449,0.0958233,False,-99,0.003335161
2590838759860739523,0,3.47305819765532,GALEX J004531.4+411852,11.3810567556063,41.3145160043919,1,-999,24.53094,-999,0.559274,0.0958233,False,-99,0.001924415
2590838759860740799,0,3.47405738779368,GALEX J004530.4+412359,11.3767143560017,41.3997610713676,1,-999,23.73036,-999,1.169114,0.1181692,False,-99,0.003980263
6449719952874146314,0,3.47490193509705,GALEX J004601.8+412104,11.5075179801183,41.3511837804633,1,-999,23.59802,-999,1.320656,0.0963834,False,-99,0.002422351
2591190603583725765,0,3.47628101345996,GALEX J004542.9+412459,11.4287769393115,41.4165251166752,3,23.33803,23.58024,1.677996,1.342462,0.1038084,False,0.001661651,0.002338764
2495840955019563768,0,3.47658401144047,GALEX J004541.2+412458,11.4218510037086,41.4161461716904,1,-999,22.24375,-999,4.597267,0.1028315,False,-99,0.004611468
2591190603581628329,0,3.47729084462237,GALEX J004530.3+412359,11.3765755016514,41.3997336509583,1,-999,24.38331,-999,0.6407332,0.1181692,False,-99,0.001629583
2495911323763736876,0,3.47832071019419,GALEX J004601.2+412230,11.50501866363,41.3751911536514,1,-999,23.46227,-999,1.496557,0.1023527,False,-99,0.003461643
6449755137246236562,0,3.47846191422676,GALEX J004601.3+412036,11.5055357853038,41.3434330043933,1,-999,23.8296,-999,1.066989,0.0963834,False,-99,0.00205389
2590838759862838010,0,3.47942694652017,GALEX J004525.9+412240,11.3581620201858,41.3779714930177,3,24.04379,21.03258,0.875962,14.02709,0.1017736,False,0.002572631,0.01315775
2591190603581627683,0,3.47976656317538,GALEX J004525.7+412028,11.3573307973058,41.3411422178983,1,-999,21.25667,-999,11.41121,0.1037829,False,-99,0.001489965
2590838759860740094,0,3.48131830260726,GALEX J004525.7+412028,11.3572896139134,41.3411542251189,1,-999,21.43888,-999,9.648187,0.1037829,False,-99,0.001705846
2495911323763736707,0,3.48225891351564,GALEX J004527.1+411951,11.3630848423746,41.330886130425,1,-999,23.29267,-999,1.749576,0.1037829,False,-99,0.003046576
2591190603581628033,0,3.48369615513953,GALEX J004525.9+412240,11.3580586767464,41.37796560911,1,-999,24.21686,-999,0.7468917,0.1017736,False,-99,0.0017124
2496087245625237544,0,3.49385396521123,GALEX J004528.1+412330,11.3672736397499,41.391838798167,2,21.74344,-999,7.288273,-999,0.1181692,False,0.002707548,-99
6449227371664904203,0,3.49415487291418,GALEX J004528.0+412329,11.367047909921,41.3916024134313,1,-999,21.43014,-999,9.726172,0.1181692,False,-99,0.003537589
2590838759862838224,0,3.4947071720548,GALEX J004542.8+412500,11.4287054309925,41.4168307844599,3,23.29011,23.96702,1.753708,0.9401416,0.1038084,False,0.002563595,0.004151536
6449755137246237012,0,3.4954366763426,GALEX J004528.0+412329,11.3668590133951,41.3914331127068,1,-999,21.33292,-999,10.63734,0.1181692,False,-99,0.004869475
6449227371664903595,0,3.49548825748471,GALEX J004531.3+411851,11.3806784864879,41.3142668998829,1,-999,23.94728,-999,0.9573907,0.0958233,False,-99,0.001277552
6372252786323622999,0,3.49861029819251,GALEX J004528.0+412330,11.3670410660004,41.3917259391333,1,-999,20.93447,-999,15.35368,0.1181692,False,-99,0.003578692
2591190603583725496,0,3.49922678813388,GALEX J004528.0+412329,11.3668802730784,41.3915684790297,3,21.91879,21.17208,6.201325,12.33585,0.1181692,False,0.002556439,0.001876081
2590838759862838028,0,3.5017918100634,GALEX J004528.0+412329,11.3668971590174,41.3916625696691,3,22.09159,21.20155,5.28892,12.00548,0.1181692,False,0.002329277,0.002133994
6372252786323622950,0,3.50181171390116,GALEX J004526.5+412259,11.3605031229871,41.3832577067524,1,-999,21.5066,-999,9.064868,0.1017736,False,-99,0.003278205
2495911323765834094,0,3.50326386581955,GALEX J004528.0+412329,11.3668577465936,41.3916628459352,3,22.06243,21.44159,5.432862,9.624154,0.1181692,False,0.003885681,0.002978734
6449719952874146648,0,3.50575310089165,GALEX J004528.0+412330,11.3669994437237,41.3918901746344,1,-999,21.13203,-999,12.79928,0.1181692,False,-99,0.003107806
6457284592873249906,0,3.50640388011988,GALEX J004530.4+411900,11.376685504313,41.3167523514912,1,-999,22.19762,-999,4.796811,0.0958233,False,-99,0.004202995
6449227371664903694,0,3.50663246846928,GALEX J004526.9+411951,11.3624447864686,41.3309206426653,1,-999,23.42646,-999,1.546731,0.1037829,False,-99,0.003463509
6449227371664904152,0,3.50727694712447,GALEX J004601.0+412243,11.5041885908199,41.3786128172045,1,-999,21.7453,-999,7.275763,0.1023527,False,-99,0.007392786
2495911323763736694,0,3.51201259178735,GALEX J004558.8+411932,11.4953496635144,41.3255643319036,1,-999,23.59973,-999,1.318578,0.0963834,False,-99,0.001379819
6449192187292814250,0,3.51349042517892,GALEX J004528.0+412330,11.3668129942568,41.3919146371076,1,-999,21.20399,-999,11.97851,0.1181692,False,-99,0.003244913
2591190603581627301,0,3.51402492980625,GALEX J004558.9+411932,11.4954280163024,41.3255909576672,1,-999,23.09968,-999,2.089903,0.0963834,False,-99,0.004652294
2590838759861797789,0,3.51720967422201,GALEX J004524.7+412115,11.3531116417898,41.354335554387,2,23.68116,-999,1.223315,-999,0.1037829,False,0.003038588,-99
2496087245624182768,0,3.51831781278009,GALEX J004558.9+411931,11.4954421069844,41.3254797237514,1,-999,23.90751,-999,0.9931082,0.0963834,False,-99,0.003025111
2495840955021660753,0,3.52045098756704,GALEX J004527.9+412330,11.366498717392,41.3917765487427,3,21.94436,21.92859,6.056997,6.145596,0.1181692,False,0.002034213,0.00256084
6449755137246236916,0,3.52469969682742,GALEX J004526.4+412300,11.3601154782403,41.3835364962673,1,-999,21.96402,-999,5.948262,0.1017736,False,-99,0.002380808
6449192187292814206,0,3.52555275687256,GALEX J004526.4+412302,11.3603519984291,41.3839451854017,1,-999,21.90892,-999,6.257917,0.1017736,False,-99,0.004720968
6449755137246236437,0,3.5257961282749,GALEX J004558.7+411927,11.4946648458897,41.324429086009,1,-999,22.89552,-999,2.52226,0.0963834,False,-99,0.001353098
6449192187292813827,0,3.52636607728705,GALEX J004558.9+411931,11.4957046717129,41.3255305085495,1,-999,22.90272,-999,2.505607,0.0963834,False,-99,0.00322323
2496087245624183206,0,3.52839215027322,GALEX J004526.4+412301,11.3601536712235,41.3837420975959,1,-999,21.9699,-999,5.91616,0.1017736,False,-99,0.001777288
6449192187292813938,0,3.528669690486,GALEX J004525.5+412027,11.3562534417033,41.3409971385613,1,-999,21.26643,-999,11.30907,0.1037829,False,-99,0.005524315
6449227371664904122,0,3.5291713000342,GALEX J004526.3+412300,11.3599376878199,41.3834268156528,1,-999,22.16318,-999,4.951412,0.1017736,False,-99,0.002179522
2590838759860740711,0,3.53029659792442,GALEX J004526.3+412300,11.3599742063461,41.3835300308983,1,-999,21.49117,-999,9.194591,0.1017736,False,-99,0.001796611
2590838759860739950,0,3.53076620932249,GALEX J004525.9+412014,11.3579486026144,41.3372714742346,1,-999,23.27317,-999,1.781284,0.1037829,False,-99,0.005882381
2495840955019563519,0,3.5343653897852,GALEX J004526.3+412301,11.3599762725042,41.3836931684227,1,-999,22.48687,-999,3.674946,0.1017736,False,-99,0.003665857
6372252786323623121,0,3.53483163461312,GALEX J004536.0+412446,11.4002410845376,41.4128168678529,1,-999,21.71637,-999,7.472267,0.1028315,False,-99,0.00205936
6372252785249879559,0,3.53507983058066,GALEX J004602.2+412126,11.5094807917703,41.3574880609428,1,-999,21.59302,-999,8.371262,0.0963834,False,-99,0.001738458
2591190603581628180,0,3.5354253421076,GALEX J004526.3+412301,11.3599241347944,41.3836514183169,1,-999,21.92802,-999,6.148832,0.1017736,False,-99,0.001357963
2496087245625237183,0,3.5355271969995,GALEX J004558.9+411930,11.4955943225189,41.3251398486264,2,23.08319,-999,2.121912,-999,0.0963834,False,0.003921195,-99
6449719952874146566,0,3.53850240910018,GALEX J004526.3+412301,11.3599069551179,41.3837445937823,1,-999,21.84226,-999,6.654215,0.1017736,False,-99,0.001933027
2495911323763736917,0,3.54276837405634,GALEX J004526.3+412301,11.3598579837968,41.3838334104758,1,-999,21.87781,-999,6.43984,0.1017736,False,-99,0.002156467
6449719952874146783,0,3.54585261606763,GALEX J004539.1+412458,11.4131142980064,41.4161650313746,1,-999,23.35895,-999,1.645956,0.1028315,False,-99,0.001640121
6457284592873249822,0,3.54636743947172,GALEX J004528.9+411914,11.3707114184166,41.3206031901666,1,-999,21.81157,-999,6.844981,0.0958233,False,-99,0.005025911
6449227371664904046,0,3.55529951267857,GALEX J004525.5+412242,11.3566293712088,41.3785118634053,1,-999,23.78014,-999,1.116716,0.1017736,False,-99,0.002444029
6449719952874146392,0,3.56103535737725,GALEX J004524.4+412140,11.3520084172,41.3613154134269,1,-999,22.44414,-999,3.822463,0.1037829,False,-99,0.00425084
2590838759860739661,0,3.56503957177267,GALEX J004535.4+411817,11.3976011250794,41.3047459714041,1,-999,21.12533,-999,12.87856,0.09631194,False,-99,0.01191062
6449719952874146248,0,3.5656394863301,GALEX J004557.8+411912,11.4911979653746,41.3200259893401,1,-999,22.28215,-999,4.437514,0.0963834,False,-99,0.004028619
2590838759860740259,0,3.56643963654722,GALEX J004524.4+412140,11.3518900911154,41.3613452439223,1,-999,23.14096,-999,2.011945,0.1037829,False,-99,0.001936513
2591190603581627516,0,3.57007177590049,GALEX J004525.7+412013,11.3571585941672,41.3369894749871,1,-999,22.51447,-999,3.582699,0.1037829,False,-99,0.00558142
2591190603581627793,0,3.57201650549361,GALEX J004524.4+412140,11.3517668902663,41.3613578458909,1,-999,23.01,-999,2.269861,0.1037829,False,-99,0.001810383
6449227371664903660,0,3.5720820235343,GALEX J004558.0+411913,11.4917965111458,41.3203910625379,1,-999,23.19151,-999,1.920423,0.0963834,False,-99,0.004205816
6449227371664904355,0,3.57248070845233,GALEX J004541.7+412504,11.4238661023654,41.4179114141215,1,-999,23.29078,-999,1.752616,0.1038084,False,-99,0.003509383
6449227371664903915,0,3.5732485391857,GALEX J004524.4+412140,11.3517286268685,41.3611729660578,1,-999,23.39349,-999,1.594423,0.1037829,False,-99,0.002638336
6449755137246237212,0,3.58260559381441,GALEX J004549.6+412454,11.456697864026,41.415122802503,1,-999,19.26358,-999,71.54328,0.1038084,False,-99,0.001576324
2591190603581628293,0,3.58433879821137,GALEX J004528.8+412350,11.3703034019916,41.3972689918368,1,-999,24.7329,-999,0.4643449,0.1181692,False,-99,0.002842294
6449755137246236412,0,3.5853251871869,GALEX J004557.9+411911,11.4916008873742,41.3198751773362,1,-999,22.58855,-999,3.346419,0.0963834,False,-99,0.002520688
6449227371664904428,0,3.5869557873343,GALEX J004549.6+412454,11.4567255984454,41.4151923135439,1,-999,19.38874,-999,63.75368,0.1038084,False,-99,0.002114381
2496087245624183508,0,3.58722239617346,GALEX J004549.6+412454,11.4568791256634,41.4151575868767,1,-999,19.26447,-999,71.4844,0.1038084,False,-99,0.001585999
6449719952874146897,0,3.58918566269137,GALEX J004549.6+412454,11.4566944141384,41.4152395519276,1,-999,19.25465,-999,72.13369,0.1038084,False,-99,0.001643068
2590838759860741266,0,3.58947230650678,GALEX J004549.5+412455,11.4563151176333,41.415340672733,1,-999,19.38245,-999,64.12367,0.1038084,False,-99,0.00201924
2495911323763737066,0,3.59039787523856,GALEX J004549.6+412454,11.4567364014299,41.4152501646595,1,-999,19.2886,-999,69.91344,0.1038084,False,-99,0.001614183
2495911323763736853,0,3.59064460482634,GALEX J004602.5+412143,11.5105952075095,41.362111007119,1,-999,23.24499,-999,1.828111,0.09879979,False,-99,0.003768232
2591190603581627313,0,3.59210566804955,GALEX J004600.0+411944,11.5003744429548,41.3290892410004,1,-999,24.30921,-999,0.6859847,0.0963834,False,-99,0.002284329
2590838759860740463,0,3.59290578033287,GALEX J004524.8+412224,11.3537242183612,41.3735217613024,1,-999,23.38381,-999,1.608696,0.1017736,False,-99,0.005649413
2591190603581628761,0,3.59308032032795,GALEX J004549.5+412455,11.4565790341276,41.4153374808992,1,-999,19.29859,-999,69.27291,0.1038084,False,-99,0.001322445
2495840955019562928,0,3.59515127207623,GALEX J004537.2+411806,11.4052485044538,41.3018979559838,1,-999,22.67359,-999,3.094305,0.09631194,False,-99,0.004108106
2495840955019562979,0,3.5954240853629,GALEX J004536.2+411810,11.4012067155004,41.3030202338617,1,-999,21.81597,-999,6.817273,0.09631194,False,-99,0.006071176
2495911323763736836,0,3.59609139597843,GALEX J004524.2+412140,11.351220204337,41.3611600839824,1,-999,23.03087,-999,2.226649,0.1037829,False,-99,0.003476175
2591190603581627240,0,3.59624018246326,GALEX J004558.0+411911,11.4918943958519,41.3198536107803,1,-999,22.43076,-999,3.86985,0.0963834,False,-99,0.001787364
6372252786323623109,0,3.59800833169006,GALEX J004549.6+412455,11.4566955582802,41.4153945774824,1,-999,19.44657,-999,60.44642,0.1038084,False,-99,0.001947163
6449192187292813792,0,3.60141810528206,GALEX J004558.0+411911,11.4919436821073,41.3197638676075,1,-999,22.38329,-999,4.042805,0.0963834,False,-99,0.002449157
6449192187292814435,0,3.60283689343914,GALEX J004549.5+412455,11.4565707522766,41.4155112213405,1,-999,19.37009,-999,64.85814,0.1038084,False,-99,0.00188568
2496087245624182753,0,3.60335608356101,GALEX J004558.0+411910,11.4917632176161,41.3195552332631,1,-999,22.62179,-999,3.245508,0.0963834,False,-99,0.003438277
6372252785249879743,0,3.60401060777687,GALEX J004549.7+412455,11.4572253471643,41.4153639636015,1,-999,19.55802,-999,54.54977,0.1038084,False,-99,0.003919559
2591190603582686638,0,3.60623062555877,GALEX J004555.8+412416,11.4825242080484,41.4046316685488,2,24.04961,-999,0.8712777,-999,0.1023527,False,0.00146512,-99
2495911323763736683,0,3.60748353608147,GALEX J004558.1+411911,11.4922293443939,41.3198608414425,1,-999,22.73611,-999,2.921148,0.0963834,False,-99,0.003255652
6457284592873249557,0,3.61355481411203,GALEX J004526.7+411943,11.3613352183493,41.3287496753782,1,-999,18.56932,-999,135.6038,0.1037829,False,-99,0.02428942
2591190603581628681,0,3.61379029916703,GALEX J004541.9+412507,11.4245916831593,41.4186487541654,1,-999,23.45019,-999,1.51329,0.1038084,False,-99,0.004187649
2590838759860741110,0,3.61750067620755,GALEX J004541.8+412507,11.4243766087803,41.4186976655208,1,-999,23.35526,-999,1.651569,0.1038084,False,-99,0.005252445
6449755137246237161,0,3.62351506127845,GALEX J004541.9+412507,11.4247993114691,41.4188235891232,1,-999,22.35383,-999,4.153996,0.1038084,False,-99,0.004703356
2590838759860739723,0,3.62516029733937,GALEX J004553.2+411823,11.4720076027171,41.30662706024,1,-999,21.0191,-999,14.20232,0.09222735,False,-99,0.005571743
6457284592873249538,0,3.63453763769341,GALEX J004559.2+411924,11.4967084873396,41.3234596265035,1,-999,21.44593,-999,9.585811,0.0963834,False,-99,0.006087841
2591190603581627996,0,3.63804580827524,GALEX J004602.1+412227,11.5090530860717,41.3742645054494,1,-999,23.82508,-999,1.071439,0.09879979,False,-99,0.002030006
6457284592873249517,0,3.64109956002616,GALEX J004531.0+411843,11.3792302558079,41.312010031911,1,-999,22.65524,-999,3.147054,0.0958233,False,-99,0.003282911
2495840955019563777,0,3.6512521647951,GALEX J004541.3+412508,11.4221975450755,41.419105919487,1,-999,22.59326,-999,3.331932,0.1038084,False,-99,0.003641141
6449755137246236847,0,3.65235581002917,GALEX J004602.2+412228,11.5092568994721,41.3746136933049,1,-999,22.7616,-999,2.853376,0.09879979,False,-99,0.003894457
2495911323763736660,0,3.65703364046396,GALEX J004532.4+411830,11.3850078542894,41.3083882106167,1,-999,23.09566,-999,2.097654,0.09631194,False,-99,0.003676312
6449719952874146636,0,3.67036473098777,GALEX J004559.5+412336,11.4979186637872,41.39354775105,1,-999,23.03921,-999,2.209614,0.1023527,False,-99,0.003413606
2591190603583725806,0,3.6715820071537,GALEX J004545.4+412510,11.4393393502704,41.4194834664939,3,23.29568,23.61129,1.744736,1.304623,0.1038084,False,0.002059834,0.001947037
6449755137246236872,0,3.67182173582953,GALEX J004525.2+412251,11.3551260234869,41.3810360007469,1,-999,23.37194,-999,1.626384,0.1181692,False,-99,0.003254316
2590838759860741122,0,3.672232761391,GALEX J004545.3+412510,11.4390271593703,41.4195179832489,1,-999,24.00382,-999,0.9088089,0.1038084,False,-99,0.004084432
2591190603581627434,0,3.67760416173186,GALEX J004601.3+412000,11.505476841543,41.3334973352553,1,-999,23.94731,-999,0.9573641,0.0963834,False,-99,0.00358875
2495911323763737023,0,3.68643287120061,GALEX J004545.3+412511,11.4390577517721,41.419753537547,1,-999,23.68472,-999,1.219304,0.1038084,False,-99,0.002570003
2495911323763736786,0,3.68781466648253,GALEX J004602.8+412058,11.5120142401559,41.3496887996253,1,-999,23.37225,-999,1.625923,0.0963834,False,-99,0.00271451
6449719952874146814,0,3.68859562345751,GALEX J004545.7+412510,11.440731661853,41.4196526239723,1,-999,23.00399,-999,2.282469,0.1038084,False,-99,0.003979699
6449192187292814412,0,3.69605245235356,GALEX J004539.0+412507,11.412761468688,41.4186730346019,1,-999,23.18061,-999,1.939799,0.1028315,False,-99,0.002371293
2590838759860740597,0,3.70571291766478,GALEX J004524.9+412247,11.3537385648537,41.3798857368823,1,-999,23.04232,-999,2.203293,0.1017736,False,-99,0.005118517
2495911323763736801,0,3.71011221233942,GALEX J004603.1+412116,11.5131965047151,41.3544898176298,1,-999,23.86698,-999,1.030881,0.09879979,False,-99,0.002063651
2591190603581628065,0,3.71723203023723,GALEX J004524.8+412248,11.3535930964454,41.3801448782148,1,-999,24.49752,-999,0.5767565,0.1181692,False,-99,0.001830802
2496087245625237668,0,3.71997175136272,GALEX J004545.5+412512,11.4398553295385,41.4202536673131,2,23.17155,-999,1.956059,-999,0.1038084,False,0.002693672,-99
2495840955019562909,0,3.72057702412972,GALEX J004547.1+411751,11.4463162946313,41.2976774957351,1,-999,22.68222,-999,3.069819,0.09222735,False,-99,0.003600561
2496087245624182624,0,3.72400938412925,GALEX J004550.3+411801,11.4595910759548,41.3003758880407,1,-999,23.82438,-999,1.072128,0.09222735,False,-99,0.002693753
2591190603581627114,0,3.73003331214469,GALEX J004556.9+411846,11.4870879784695,41.31288154598,1,-999,23.46058,-999,1.498876,0.0963834,False,-99,0.00148366
2496087245624183095,0,3.73550388245517,GALEX J004524.1+412037,11.3504229612101,41.3438657908329,1,-999,17.73728,-999,291.8016,0.1037829,False,-99,0.001505508
2590838759860739399,0,3.73979013803886,GALEX J004550.4+411800,11.4601567827935,41.3002532759723,1,-999,23.29479,-999,1.746154,0.09222735,False,-99,0.00593501
2496087245624182695,0,3.7398545702635,GALEX J004557.0+411846,11.4874875380366,41.3129360160629,1,-999,23.78684,-999,1.109852,0.0963834,False,-99,0.002875561
6449227371664903956,0,3.74009969555937,GALEX J004524.0+412037,11.3503589604508,41.3437401153831,1,-999,17.80295,-999,274.6764,0.1037829,False,-99,0.001720457
6372252786323622734,0,3.7422687097433,GALEX J004524.0+412037,11.3503321964934,41.3436706315902,1,-999,17.82767,-999,268.4919,0.1037829,False,-99,0.001709109
2495911323763736847,0,3.7423738504977,GALEX J004603.3+412138,11.5140507083126,41.3607596211521,1,-999,22.74245,-999,2.90416,0.09879979,False,-99,0.004547173
6449719952874146531,0,3.74274950670489,GALEX J004524.0+412038,11.3502442852337,41.3439062102383,1,-999,17.68788,-999,305.386,0.1037829,False,-99,0.001435926
6449755137246236680,0,3.74616848593284,GALEX J004524.0+412037,11.3502038566483,41.3437901988246,1,-999,17.71559,-999,297.6899,0.1037829,False,-99,0.001471694
2591190603583725093,0,3.74824213780679,GALEX J004524.0+412037,11.3501336549681,41.3438603477191,3,23.75225,17.72959,1.145784,293.8748,0.1037829,False,0.001900894,0.001351847
2495911323763736843,0,3.74903748193109,GALEX J004524.0+412037,11.3501206111555,41.3438445405135,1,-999,17.74977,-999,288.4648,0.1037829,False,-99,0.001547136
2590838759862837488,0,3.74950376860068,GALEX J004524.0+412038,11.3500938088772,41.3438943803724,3,23.84118,17.80426,1.055678,274.3448,0.1037829,False,0.002683418,0.001626482
2495840955019563389,0,3.7508903115145,GALEX J004524.0+412037,11.3500816022979,41.3438342905783,1,-999,17.73873,-999,291.4125,0.1037829,False,-99,0.001868132
6449719952874145991,0,3.75142194691622,GALEX J004542.6+411746,11.4278255801991,41.2961328723088,1,-999,22.62417,-999,3.238421,0.08864797,False,-99,0.002913611
6449719952874145966,0,3.75434577251003,GALEX J004546.9+411749,11.4457743987485,41.2970301422382,1,-999,23.74726,-999,1.151048,0.09222735,False,-99,0.002573681
6449192187292813998,0,3.75575514248737,GALEX J004523.9+412038,11.3499133903282,41.3440113780597,1,-999,17.75912,-999,285.992,0.1037829,False,-99,0.001636974
2591190603581627496,0,3.75583080856887,GALEX J004602.8+412033,11.5116640778613,41.3427444261216,1,-999,24.75814,-999,0.4536744,0.0963834,False,-99,0.002352744
6449755137246236272,0,3.76071039456052,GALEX J004550.5+411800,11.4608111137241,41.3000665562046,1,-999,23.31165,-999,1.719247,0.09222735,False,-99,0.00270047
2496087245626280276,0,3.76246632316834,GALEX J004523.3+412129,11.3474568826905,41.3582420121742,3,20.98447,20.34984,14.6627,26.30657,0.1037829,False,0.002524353,0.006366932
2591190603581628521,0,3.76286589498299,GALEX J004553.7+412444,11.4738670624354,41.4124506139486,1,-999,24.49293,-999,0.5792014,0.1038084,False,-99,0.002204815
2590838759860739284,0,3.76301795063213,GALEX J004546.6+411748,11.4441704282672,41.2966788877183,1,-999,24.51636,-999,0.5668358,0.09222735,False,-99,0.002116417
2591190603581626958,0,3.76459017548818,GALEX J004550.4+411759,11.4599918086474,41.2997660629971,1,-999,24.67608,-999,0.4892927,0.09222735,False,-99,0.002255354
6449719952874146183,0,3.76828420547582,GALEX J004601.4+411951,11.5061516576726,41.331020773419,1,-999,23.44338,-999,1.522822,0.0963834,False,-99,0.002012217
6449227371664903590,0,3.76900620720715,GALEX J004556.9+411843,11.4873699663065,41.3121947459774,1,-999,23.21415,-999,1.880793,0.0963834,False,-99,0.001726864
2496087245624182809,0,3.77013500404646,GALEX J004601.6+411954,11.5067705574877,41.3319183894548,1,-999,23.81348,-999,1.082945,0.0963834,False,-99,0.002825923
2591190603581628364,0,3.77239436049007,GALEX J004528.5+412403,11.3690592701054,41.4009542858445,1,-999,23.89883,-999,1.00108,0.1181692,False,-99,0.00376079
2496087245624183408,0,3.77445042903059,GALEX J004553.8+412444,11.4743409777851,41.4124622822462,1,-999,22.78379,-999,2.795659,0.1038084,False,-99,0.00455601
2591190603581626920,0,3.77572180138036,GALEX J004546.6+411747,11.4442180886628,41.2964701921641,1,-999,24.34974,-999,0.660848,0.09222735,False,-99,0.001707383
6457284592873249761,0,3.77768164409849,GALEX J004559.2+411910,11.4967923338056,41.3195727648794,1,-999,22.04631,-999,5.5141,0.0963834,False,-99,0.004925922
6449192187292814095,0,3.77898228833616,GALEX J004523.3+412129,11.3470895995441,41.3583126354006,1,-999,20.30227,-999,27.48478,0.1037829,False,-99,0.007387101
6457284592873249857,0,3.77944120459101,GALEX J004542.9+411744,11.4288968526971,41.2956402270969,1,-999,22.4573,-999,3.776423,0.08864797,False,-99,0.003846821
2495911323763736652,0,3.78139138972507,GALEX J004542.8+411744,11.4284362870446,41.2956173338985,1,-999,22.30347,-999,4.351235,0.08864797,False,-99,0.005453618
2495840955019562945,0,3.78322280830232,GALEX J004542.8+411744,11.4286922226414,41.2955812182734,1,-999,21.45846,-999,9.475759,0.08864797,False,-99,0.008659776
2495911323763736787,0,3.7845299539666,GALEX J004603.1+412041,11.5129997992536,41.3448434914606,1,-999,22.80563,-999,2.739992,0.0963834,False,-99,0.003747096
2590838759862837486,0,3.7846311649724,GALEX J004523.2+412128,11.3469690838224,41.3578841158782,3,21.0587,20.43025,13.69376,24.42867,0.1037829,False,0.002351566,0.002166689
2495840955021660518,0,3.78529636015399,GALEX J004523.2+412128,11.3469553154827,41.3578238196885,3,20.93878,20.50278,15.29293,22.85014,0.1037829,False,0.003265913,0.003598545
2591190603583725059,0,3.78553876736487,GALEX J004523.2+412128,11.3469499859887,41.3578207282197,3,21.05777,20.33599,13.70543,26.64434,0.1037829,False,0.002023761,0.00204209
6449227371664903954,0,3.78574918341957,GALEX J004523.2+412128,11.3469449897537,41.3578396146445,1,-999,20.39303,-999,25.28054,0.1037829,False,-99,0.002854614
2590838759860739515,0,3.78592629776884,GALEX J004530.6+411834,11.3778831664345,41.3097159891693,1,-999,23.37957,-999,1.615003,0.0958233,False,-99,0.006659964
6449755137246236766,0,3.78650666014306,GALEX J004523.2+412128,11.3469280768915,41.3578450711297,1,-999,20.19931,-999,30.21871,0.1037829,False,-99,0.003700616
6372252786323622770,0,3.78669489607254,GALEX J004523.2+412127,11.3469255496575,41.3577522098547,1,-999,20.40099,-999,25.09587,0.1037829,False,-99,0.003411881
6449719952874146028,0,3.79474289062126,GALEX J004551.7+411803,11.4657937534041,41.3010143889436,1,-999,23.13892,-999,2.015727,0.09222735,False,-99,0.003482309
2590838759862837557,0,3.79478073289207,GALEX J004542.7+411743,11.4280657339348,41.2954031619805,3,23.52657,21.74618,1.410498,7.269889,0.08864797,False,0.003408159,0.01793175
2495911323765833997,0,3.79875197271955,GALEX J004523.2+412128,11.3466561946826,41.3578426379925,3,21.09173,20.47375,13.28343,23.46937,0.1037829,False,0.002624918,0.002267819
2591190603582686106,0,3.80171854662496,GALEX J004559.5+411912,11.4980278422902,41.3201128822463,2,24.21601,-999,0.7474809,-999,0.0963834,False,0.002168317,-99
6449719952874146400,0,3.80309921126272,GALEX J004523.1+412128,11.3465572400097,41.3580025861379,1,-999,20.39565,-999,25.21979,0.1037829,False,-99,0.003940642
6372252786323622461,0,3.80646819634123,GALEX J004545.9+411744,11.4413883162209,41.2956514388421,1,-999,21.429,-999,9.736428,0.08864797,False,-99,0.003136932
6449755137246236311,0,3.81498060155759,GALEX J004542.5+411742,11.4273623656053,41.2950868087728,1,-999,22.31701,-999,4.297288,0.08864797,False,-99,0.006695725
6449227371664904184,0,3.81575034090713,GALEX J004602.5+412248,11.5107924474624,41.3800270768832,1,-999,21.0015,-999,14.43441,0.1023527,False,-99,0.009083917
2591190603583724228,0,3.81576877267091,GALEX J004542.7+411742,11.4279419426416,41.2950564411725,3,24.18472,22.05393,0.7693297,5.475552,0.08864797,False,0.001185034,0.005981698
2590838759861797468,0,3.82686490896732,GALEX J004553.7+411812,11.4739287495701,41.3035756453236,2,24.24854,-999,0.7254161,-999,0.09222735,False,0.002042351,-99
2496087245624182666,0,3.83090018845826,GALEX J004553.8+411812,11.4741604251663,41.3035998348526,1,-999,23.8781,-999,1.020373,0.09222735,False,-99,0.002974645
2591190603581627016,0,3.83114632583191,GALEX J004553.7+411812,11.4737857448227,41.3034303238418,1,-999,23.81712,-999,1.079321,0.09222735,False,-99,0.00271814
2496087245626279819,0,3.83650398903448,GALEX J004542.7+411740,11.4282000201365,41.2947039593817,3,22.72931,22.2249,2.939528,4.67778,0.08864797,False,0.004323322,0.006564467
2495840955019563788,0,3.84275532418239,GALEX J004537.0+412509,11.4042555264981,41.4194328795346,1,-999,22.6489,-999,3.165488,0.1143996,False,-99,0.003084726
2590838759860740994,0,3.84538175330519,GALEX J004532.1+412443,11.3839427051389,41.4120991019528,1,-999,24.18583,-999,0.7685384,0.1143996,False,-99,0.002527131
2496087245624183366,0,3.8455352150912,GALEX J004532.0+412443,11.3837048994708,41.4119839529511,1,-999,23.77484,-999,1.122186,0.1143996,False,-99,0.00255608
6372252785249879329,0,3.84649993458562,GALEX J004543.0+411740,11.4295348535457,41.294512221234,1,-999,21.78834,-999,6.992978,0.08864797,False,-99,0.002781491
2591190603581628577,0,3.84835399128889,GALEX J004532.1+412443,11.3838280880203,41.4121016489119,1,-999,23.53507,-999,1.399493,0.1143996,False,-99,0.003256371
6457284592873249905,0,3.850114495061,GALEX J004526.7+411917,11.361341017986,41.3214318307809,1,-999,21.98744,-999,5.821326,0.0958233,False,-99,0.001963827
2591190603581628652,0,3.85127299102758,GALEX J004547.8+412516,11.4494904606724,41.4212820835856,1,-999,24.16967,-999,0.7800657,0.1038084,False,-99,0.002731835
2591190603581627005,0,3.85242076478151,GALEX J004551.6+411759,11.4652576694515,41.2997828581146,1,-999,24.06627,-999,0.8580128,0.09222735,False,-99,0.003298583
6449227371664903551,0,3.86156661198986,GALEX J004542.6+411739,11.427623920561,41.2943016231878,1,-999,22.52029,-999,3.563568,0.08864797,False,-99,0.006505074
6449755137246236288,0,3.86201695522887,GALEX J004553.7+411810,11.4738303825156,41.3028551655327,1,-999,23.25148,-999,1.817212,0.09222735,False,-99,0.001880583
2496087245624182662,0,3.8716988239626,GALEX J004554.7+411816,11.4779049274898,41.3045427267821,1,-999,23.71607,-999,1.184604,0.09222735,False,-99,0.00362297
6457284592874300649,0,3.87446984759665,GALEX J004532.3+411814,11.3848321481471,41.3041315169455,2,22.79527,-999,2.766278,-999,0.0958233,False,0.002184808,-99
2496087245624183335,0,3.87480159621889,GALEX J004556.8+412427,11.4868423415783,41.4077544844551,1,-999,24.12964,-999,0.8093613,0.1023527,False,-99,0.002244584
2495911323763736656,0,3.87752327566051,GALEX J004534.8+411759,11.3952822026593,41.2998144331272,1,-999,22.62183,-999,3.245408,0.09631194,False,-99,0.004488751
2495911323763737028,0,3.87853638297079,GALEX J004534.8+412502,11.3951082062029,41.4173777429602,1,-999,23.14204,-999,2.009946,0.1143996,False,-99,0.003180686
2591190603581626946,0,3.87971135243989,GALEX J004536.7+411750,11.4029566063555,41.2974745669665,1,-999,25.21274,-999,0.2984716,0.08864797,False,-99,0.003571606
6449192187292813653,0,3.884043023369,GALEX J004545.7+411739,11.4406342944314,41.2942826369054,1,-999,23.12966,-999,2.032986,0.08864797,False,-99,0.00231103
6449227371664903501,0,3.89000550578099,GALEX J004545.7+411739,11.4404389498271,41.294166333261,1,-999,23.65769,-999,1.250034,0.08864797,False,-99,0.002265097
6457284592873249673,0,3.8908522878313,GALEX J004539.5+411741,11.4148027873524,41.2949145241461,1,-999,22.7971,-999,2.76159,0.08864797,False,-99,0.004178822
