objid,specObjID,distance_arcmin,IAUName,ra,dec,band,fuv_mag,nuv_mag,fuv_flux,nuv_flux,e_bv,isThereSpectrum,fuv_fwhm_world,nuv_fwhm_world
6449403293525348293,0,0.0310382366225321,GALEX J003801.0+410315,9.50450723133984,41.0542731681767,1,-999,22.68229,-999,3.069613,0.08272516,False,-99,0.003188764
2496509458089246906,0,0.0464715349173194,GALEX J003800.7+410315,9.50321897952374,41.0544235833207,1,-999,23.32341,-999,1.700728,0.08272516,False,-99,0.005147714
6449508846641611770,0,0.0529294398578591,GALEX J003800.7+410314,9.50331187268428,41.0541199701701,1,-999,23.16784,-999,1.96275,0.08272516,False,-99,0.00338039
2590979497349099847,0,0.0580089105189772,GALEX J003800.7+410315,9.50302221974221,41.0542863958885,1,-999,23.40861,-999,1.572368,0.08272516,False,-99,0.003583531
2591014681721177238,0,0.063961950181023,GALEX J003800.7+410314,9.50314119261445,41.0539884389964,1,-999,23.75024,-999,1.147894,0.08272516,False,-99,0.003483835
6449438477897434087,0,0.066637936860476,GALEX J003800.7+410314,9.50305933021144,41.0539899432099,1,-999,23.62408,-999,1.289335,0.08272516,False,-99,0.003015018
2495946508135830838,0,0.0709485923445629,GALEX J003800.7+410314,9.50289834723692,41.0540268760236,1,-999,23.84492,-999,1.052043,0.08272516,False,-99,0.003878213
2495946508135830822,0,0.257565226238563,GALEX J003801.7+410304,9.50737271149674,41.0511750374318,1,-999,23.80233,-999,1.094124,0.08272516,False,-99,0.004343696
6449403293525348358,0,0.345854353882781,GALEX J003800.1+410335,9.50071678663162,41.0598660737603,1,-999,23.53711,-999,1.396873,0.08272516,False,-99,0.002106077
6449403293525348260,0,0.376568700943688,GALEX J003759.5+410301,9.49804862115379,41.050467327726,1,-999,22.0119,-999,5.691646,0.08272516,False,-99,0.003408297
2590979497349099758,0,0.409212172665828,GALEX J003803.1+410314,9.51316960446929,41.0540704980991,1,-999,24.79217,-999,0.4396743,0.08272516,False,-99,0.002033769
6449508846641611736,0,0.466095062141964,GALEX J003803.4+410313,9.51439732407599,41.0538126284274,1,-999,23.84298,-999,1.053918,0.08272516,False,-99,0.002227289
6457249408501156769,0,0.498298855245442,GALEX J003800.7+410247,9.50324057903558,41.0464466582681,1,-999,23.7789,-999,1.117995,0.08272516,False,-99,0.002896498
6449403293525348318,0,0.565127113388384,GALEX J003758.0+410317,9.49167863065163,41.0549056942883,1,-999,22.89708,-999,2.518657,0.08272516,False,-99,0.003251157
6449473662269521992,0,0.596083044205458,GALEX J003803.6+410257,9.51515505984414,41.0492420306853,1,-999,21.7087,-999,7.525246,0.08272516,False,-99,0.004440124
6449438477897434067,0,0.611190147160402,GALEX J003803.7+410256,9.5154680899184,41.0491427367576,1,-999,22.5665,-999,3.415079,0.08272516,False,-99,0.002620462
2495876139392700851,0,0.613208320157752,GALEX J003803.7+410257,9.51562998951797,41.0492705028754,2,23.10635,-999,2.077121,-999,0.08272516,False,0.002426338,-99
2495946508136885712,0,0.620066406179288,GALEX J003803.7+410257,9.51580870916147,41.0492704030599,2,23.44799,-999,1.516377,-999,0.08272516,False,0.002078134,-99
2591014681721177328,0,0.625806267945675,GALEX J003800.8+410354,9.50366062327941,41.0651453448252,1,-999,25.18616,-999,0.3058701,0.08272516,False,-99,0.002485128
6449508846641611732,0,0.625956188530719,GALEX J003803.7+410256,9.5156417651256,41.0488951148733,1,-999,22.33274,-999,4.235468,0.08272516,False,-99,0.003017581
2590979497349099981,0,0.628480280349897,GALEX J003800.9+410354,9.50409984758715,41.0651967723895,1,-999,24.39537,-999,0.6336536,0.08272516,False,-99,0.001994679
2590979497351197001,0,0.628858812010625,GALEX J003803.7+410256,9.51579263056565,41.0489789617287,3,23.58294,22.03384,1.339134,5.577806,0.08272516,False,0.001964841,0.001627458
2591014681723274401,0,0.63421054731606,GALEX J003803.8+410256,9.51585914948958,41.048892942337,3,23.33372,22.21573,1.684667,4.717438,0.08272516,False,0.002489464,0.001679036
2590979497349099712,0,0.637016529144701,GALEX J003757.8+410304,9.49081306984394,41.0513584292039,1,-999,24.16333,-999,0.7846344,0.08272516,False,-99,0.001932504
2496509458090306155,0,0.640798411214948,GALEX J003803.8+410256,9.51614171948126,41.0490204132876,2,24.1985,-999,0.7596295,-999,0.08272516,False,0.002523687,-99
2495981692510015714,0,0.641655004615098,GALEX J003803.8+410256,9.51620038366536,41.0490640550307,3,23.21699,22.6286,1.875884,3.225207,0.08272516,False,0.002154836,0.002872792
6449508846641611715,0,0.64479074811932,GALEX J003757.8+410303,9.4908164062432,41.0509628035124,1,-999,23.81418,-999,1.082251,0.08272516,False,-99,0.002486631
6449403293525348322,0,0.648042301726934,GALEX J003803.8+410255,9.51611196817034,41.0487633282199,1,-999,21.51664,-999,8.981413,0.08089752,False,-99,0.005491116
2591014681721177158,0,0.650139018445773,GALEX J003757.7+410304,9.49058709319603,41.0511802453194,1,-999,23.85782,-999,1.039608,0.08272516,False,-99,0.002284155
6457249408501156799,0,0.657900500895333,GALEX J003757.7+410302,9.49059983597576,41.0507773819121,1,-999,24.22055,-999,0.7443568,0.08272516,False,-99,0.002053496
2590979497349099988,0,0.709907372778405,GALEX J003759.6+410356,9.49853248021781,41.0657650168628,1,-999,24.26666,-999,0.7134042,0.08272516,False,-99,0.002650511
6449508846641611833,0,0.724312433943797,GALEX J003802.5+410356,9.51064007908781,41.0657632916631,1,-999,24.15214,-999,0.7927656,0.08272516,False,-99,0.001770259
2496509458089246944,0,0.744009980820327,GALEX J003802.5+410358,9.5105981573558,41.0661347992257,1,-999,24.19689,-999,0.7607517,0.08272516,False,-99,0.002684659
2590979497349100051,0,0.757674391487051,GALEX J003802.5+410358,9.51061145815015,41.0663776727765,1,-999,23.62523,-999,1.287982,0.08272516,False,-99,0.002857522
6449403293525348242,0,0.761497179989137,GALEX J003757.6+410251,9.49024545475322,41.0475904182592,1,-999,22.9761,-999,2.341865,0.08272516,False,-99,0.003538652
2495946508135830891,0,0.76363049410669,GALEX J003802.6+410358,9.51112731157572,41.0663168274355,1,-999,23.89618,-999,1.003524,0.08272516,False,-99,0.002253268
2495981692507918666,0,0.764899746611097,GALEX J003802.4+410359,9.51028210122388,41.0666073982038,1,-999,24.15318,-999,0.7920051,0.08272516,False,-99,0.001938564
2496509458089246999,0,0.765251361229,GALEX J003800.3+410402,9.50135517401836,41.067299002046,1,-999,22.23187,-999,4.647831,0.08272516,False,-99,0.006535309
2495946508135830940,0,0.767519003258319,GALEX J003800.4+410402,9.50168652279112,41.0673767762926,1,-999,22.22196,-999,4.690472,0.08272516,False,-99,0.007137436
2591014681721177346,0,0.767734474451428,GALEX J003802.6+410359,9.51087754697433,41.0664747561257,1,-999,24.03417,-999,0.8837507,0.08272516,False,-99,0.001807433
6449403293525348460,0,0.768645646180244,GALEX J003800.2+410402,9.50100796239785,41.067309641136,1,-999,21.42444,-999,9.777369,0.08272516,False,-99,0.006431994
6449473662269522046,0,0.779631822916466,GALEX J003802.5+410400,9.51041445141029,41.0668320446441,1,-999,23.45069,-999,1.512598,0.08272516,False,-99,0.00354736
6457249408501156956,0,0.785850024849186,GALEX J003800.2+410403,9.50095651183564,41.0675941206279,1,-999,22.29453,-999,4.387216,0.08272516,False,-99,0.003475791
6449508846641611878,0,0.789433101261758,GALEX J003800.3+410403,9.50155656744996,41.0677314201066,1,-999,22.38532,-999,4.035276,0.08272516,False,-99,0.004164911
2496509458089246951,0,0.789793069342022,GALEX J003804.6+410340,9.51940523902276,41.0611438129745,1,-999,22.42444,-999,3.892453,0.08272516,False,-99,0.003018963
2495981692507918713,0,0.795119945745213,GALEX J003800.1+410403,9.50068170352871,41.067711091356,1,-999,22.80351,-999,2.745337,0.08272516,False,-99,0.004744741
6449438477897434170,0,0.796976656549272,GALEX J003800.2+410404,9.50100813981148,41.0677899232696,1,-999,23.16552,-999,1.966949,0.08272516,False,-99,0.003897057
2590979497349100109,0,0.798667592755288,GALEX J003800.2+410404,9.50112917674046,41.0678348367999,1,-999,22.59708,-999,3.320232,0.08272516,False,-99,0.0026754
6449403293525348392,0,0.799888385486601,GALEX J003804.7+410340,9.51965339811673,41.0611533490125,1,-999,22.15644,-999,4.98224,0.08272516,False,-99,0.002079664
2591014681721177422,0,0.800306486654466,GALEX J003800.1+410404,9.50074496815168,41.0678087683037,1,-999,22.6064,-999,3.291853,0.08272516,False,-99,0.002374009
6449438477897434138,0,0.801433035346235,GALEX J003804.6+410340,9.51951805420514,41.0613870612079,1,-999,22.7293,-999,2.939546,0.08272516,False,-99,0.001608327
6449473662269522049,0,0.801508525930528,GALEX J003800.1+410404,9.50044888158236,41.0677832603797,1,-999,22.46979,-999,3.733212,0.08272516,False,-99,0.003695142
6449473662269522024,0,0.802315830580195,GALEX J003804.6+410341,9.51938694145943,41.0615846429401,1,-999,22.96811,-999,2.359152,0.08272516,False,-99,0.004330898
2495981692507918645,0,0.804346543542371,GALEX J003804.7+410341,9.51958573845644,41.0613957140035,1,-999,22.6776,-999,3.082908,0.08272516,False,-99,0.002198065
2495946508135830875,0,0.804699635552015,GALEX J003804.7+410341,9.51959566282715,41.0613944959538,1,-999,22.7645,-999,2.845779,0.08272516,False,-99,0.002515141
2590979497349099977,0,0.805723925696308,GALEX J003804.7+410340,9.51963050902191,41.0613829534417,1,-999,22.64092,-999,3.188817,0.08272516,False,-99,0.001633215
2591014681721177318,0,0.805796246471366,GALEX J003804.7+410340,9.5196292305359,41.0613870706134,1,-999,22.81681,-999,2.711911,0.08272516,False,-99,0.001523398
6372252787397364727,0,0.813209970979599,GALEX J003800.1+410404,9.50066779689785,41.068016484384,1,-999,22.13609,-999,5.076507,0.08272516,False,-99,0.002419867
6449508846641611830,0,0.816895795764824,GALEX J003804.7+410341,9.51989037048965,41.0614149669496,1,-999,22.33938,-999,4.209678,0.08272516,False,-99,0.00239159
6457249408501156889,0,0.820444693205782,GALEX J003804.8+410340,9.52017059682583,41.0611527063623,1,-999,22.71386,-999,2.981633,0.08272516,False,-99,0.004400919
6449403293525348341,0,0.84450590810244,GALEX J003756.7+410331,9.48624461148378,41.0586556572783,1,-999,23.06044,-999,2.166818,0.08272516,False,-99,0.002812326
6449403293525348421,0,0.849000713964045,GALEX J003801.6+410407,9.50670924437091,41.0687417631686,1,-999,23.33094,-999,1.688977,0.08272516,False,-99,0.002704324
6449473662269521961,0,0.855656301119494,GALEX J003802.8+410230,9.51187889167433,41.0417012458653,1,-999,21.96886,-999,5.921799,0.08089752,False,-99,0.004425313
6449473662269522034,0,0.858409575857055,GALEX J003803.1+410402,9.51314305363021,41.0673268063483,1,-999,23.23761,-999,1.840582,0.08272516,False,-99,0.002213729
2591014681721177254,0,0.864085021338736,GALEX J003756.5+410328,9.48550404359408,41.0577810103559,1,-999,23.86141,-999,1.036177,0.08272516,False,-99,0.004251287
2590979497350156335,0,0.897935222648176,GALEX J003757.0+410246,9.48776693493467,41.0462953233743,2,23.61164,-999,1.304211,-999,0.08272516,False,0.002771919,-99
2590979497349099784,0,0.915929388054179,GALEX J003756.1+410319,9.48394056830401,41.0553620426944,1,-999,24.69917,-999,0.4789933,0.08272516,False,-99,0.002340456
2591014681721177191,0,0.922060287284105,GALEX J003756.1+410317,9.48378753554098,41.0547853738532,1,-999,25.01718,-999,0.3573783,0.08272516,False,-99,0.002552174
6449403293525348309,0,0.929870315349451,GALEX J003756.0+410319,9.48362830878929,41.0552867670407,1,-999,23.61062,-999,1.305419,0.08272516,False,-99,0.003298123
2496509458089246884,0,0.944370030285358,GALEX J003755.9+410315,9.48329950973122,41.0543719622221,1,-999,24.25725,-999,0.7196124,0.08272516,False,-99,0.00294254
6449403293525348390,0,1.03520652761735,GALEX J003805.7+410348,9.5238094287261,41.0635713780144,1,-999,23.01816,-999,2.252869,0.08104549,False,-99,0.003172655
2495981692507918423,0,1.03734557006532,GALEX J003801.8+410215,9.50754413083251,41.0376218008506,1,-999,22.44251,-999,3.828206,0.08089752,False,-99,0.004080545
6449403293525348445,0,1.14408623414225,GALEX J003804.6+410411,9.51939058717326,41.0699482042844,1,-999,22.2461,-999,4.58733,0.08104549,False,-99,0.004769976
2495946508136885559,0,1.14702352815598,GALEX J003759.9+410209,9.49960682993845,41.0359170282944,2,23.80673,-999,1.08971,-999,0.08089752,False,0.002079481,-99
6449508846641611859,0,1.15377877668092,GALEX J003804.5+410413,9.51903676268765,41.0703450094815,1,-999,23.82517,-999,1.07135,0.08104549,False,-99,0.001268303
2590979497349100096,0,1.15722045979932,GALEX J003804.6+410412,9.51954844939669,41.0701326162078,1,-999,23.74874,-999,1.149486,0.08104549,False,-99,0.001769203
6457249408501156954,0,1.1590582670171,GALEX J003804.5+410413,9.51913815427852,41.0703984239199,1,-999,24.11123,-999,0.8232077,0.08104549,False,-99,0.001898475
2496509458089246969,0,1.1601020812782,GALEX J003804.7+410412,9.51970665619207,41.0701025318384,1,-999,23.47896,-999,1.473716,0.08104549,False,-99,0.002250855
2591014681721177403,0,1.1605389384087,GALEX J003804.6+410413,9.51940380837472,41.0702829044956,1,-999,23.80688,-999,1.08955,0.08104549,False,-99,0.001665875
2495946508135830981,0,1.16142646222911,GALEX J003804.6+410413,9.51942796802141,41.0702878379765,1,-999,23.84149,-999,1.055371,0.08104549,False,-99,0.002522827
2495981692507918704,0,1.1689142911966,GALEX J003804.6+410413,9.51938109506633,41.0704685823544,1,-999,23.63312,-999,1.278654,0.08104549,False,-99,0.002708823
6449438477897434179,0,1.17006714696822,GALEX J003804.7+410412,9.5199553677191,41.0701680774526,1,-999,23.70815,-999,1.193271,0.08104549,False,-99,0.001910201
2495946508135830788,0,1.17482202449591,GALEX J003754.9+410258,9.47911593566001,41.0495726010968,1,-999,22.88577,-999,2.545012,0.08272516,False,-99,0.003278984
6449473662269521980,0,1.17609122514707,GALEX J003754.9+410259,9.4790117294165,41.0497852825034,1,-999,22.5318,-999,3.525983,0.08272516,False,-99,0.004424928
2496509458089246903,0,1.18016347428921,GALEX J003754.9+410259,9.47892762110487,41.0497595428252,1,-999,22.46288,-999,3.757071,0.08272516,False,-99,0.005529509
6449508846641611726,0,1.18068572754216,GALEX J003754.9+410259,9.47884345622879,41.0499733496387,1,-999,23.08246,-999,2.12332,0.08272516,False,-99,0.003375062
2591014681721177180,0,1.18071930254446,GALEX J003754.9+410259,9.47887236824895,41.0498842927657,1,-999,22.97206,-999,2.350588,0.08272516,False,-99,0.001696427
2590979497349099732,0,1.18541069875121,GALEX J003754.9+410259,9.47880677531607,41.0497624980486,1,-999,23.01024,-999,2.269363,0.08272516,False,-99,0.001623236
6457249408501156811,0,1.19076827008327,GALEX J003754.8+410259,9.47867617215735,41.0497867880044,1,-999,23.08565,-999,2.117096,0.08272516,False,-99,0.002810802
2496509458091344050,0,1.19106846969074,GALEX J003755.6+410239,9.48169676324377,41.0443821070638,3,22.30854,21.92831,4.330966,6.147192,0.08272516,False,0.002892156,0.004997704
2495981692510015699,0,1.19195688243661,GALEX J003755.5+410240,9.48157153682752,41.0445096271684,3,22.04741,22.0853,5.508554,5.319602,0.08272516,False,0.002728801,0.005221479
2495876139392700894,0,1.19408363570773,GALEX J003755.6+410239,9.48177015190363,41.0441966580144,2,22.467,-999,3.742843,-999,0.08272516,False,0.003034248,-99
6449473662269521969,0,1.19653022537924,GALEX J003755.5+410240,9.48140659083347,41.0445695435608,1,-999,21.91779,-999,6.207012,0.08272516,False,-99,0.005569767
2591014681723274405,0,1.20124428130782,GALEX J003755.5+410240,9.48131470529585,41.0445323784484,3,22.30264,21.765,4.354577,7.144981,0.08272516,False,0.005738982,0.003110539
2495981692507918548,0,1.2013100880204,GALEX J003754.8+410259,9.47843798550263,41.0497800187886,1,-999,23.09547,-999,2.098037,0.08272516,False,-99,0.004247097
6449508846641611724,0,1.20140048767517,GALEX J003755.5+410240,9.48137684352964,41.0444484807775,1,-999,21.90619,-999,6.27367,0.08272516,False,-99,0.004658634
6449438477897434069,0,1.20404815772791,GALEX J003755.4+410240,9.4812046728519,41.0445812391251,1,-999,22.04208,-999,5.535654,0.08272516,False,-99,0.00539715
2590979497351196984,0,1.20899196096608,GALEX J003755.4+410239,9.48119267838494,41.0444343998909,3,22.27596,21.76681,4.462927,7.133036,0.08272516,False,0.00444045,0.003627645
2495946508137927970,0,1.21624967145254,GALEX J003755.4+410239,9.48121439184365,41.0441725963889,3,22.00063,21.66019,5.751085,7.869045,0.08272516,False,0.004890234,0.004877767
6457249408503253930,0,1.22441375155536,GALEX J003755.4+410238,9.48110702087352,41.0440442439115,3,22.33724,22.15331,4.217985,4.99663,0.08384496,False,0.003510176,0.005010122
6449403293525348323,0,1.23302229292874,GALEX J003754.6+410257,9.47787390107973,41.0493204808898,1,-999,21.29578,-999,11.00748,0.08384496,False,-99,0.006000029
6449403293525348475,0,1.26885783451567,GALEX J003758.8+410205,9.49502797256977,41.0347292882185,1,-999,20.20992,-999,29.92467,0.08272516,False,-99,0.01076618
6449403293527445489,0,1.27169534554458,GALEX J003755.2+410237,9.48021646796126,41.0436321071758,3,22.13049,20.47789,5.102765,23.37999,0.08384496,False,0.001981362,0.009339943
6449473662269521942,0,1.27843094386664,GALEX J003758.9+410203,9.49563969920839,41.0344087324799,1,-999,23.2909,-999,1.752425,0.08272516,False,-99,0.003611038
2590979497349099448,0,1.27997208469748,GALEX J003758.8+410204,9.49518296591423,41.0344939267091,1,-999,24.19038,-999,0.7653273,0.08272516,False,-99,0.002254511
2591014681721176996,0,1.28483433977589,GALEX J003758.9+410203,9.49554335976504,41.0343198371403,1,-999,24.34641,-999,0.6628796,0.08272516,False,-99,0.003017297
2495946508135830683,0,1.28808070677953,GALEX J003759.1+410202,9.49640713769162,41.0340672769627,1,-999,22.98681,-999,2.318858,0.08089752,False,-99,0.005285394
6449403293525348532,0,1.31577221299711,GALEX J003801.9+410435,9.50809641755749,41.0764506829237,1,-999,23.05559,-999,2.176534,0.08272516,False,-99,0.003198483
6449403293525348171,0,1.32373337984972,GALEX J003756.3+410217,9.48473688254246,41.0382292952318,1,-999,22.20329,-999,4.771816,0.08384496,False,-99,0.002755373
2495946508135830682,0,1.32862236944672,GALEX J003801.1+410157,9.50460112820312,41.0325809406092,1,-999,23.39146,-999,1.597412,0.08089752,False,-99,0.004208039
2590979497349099674,0,1.3364944205548,GALEX J003807.5+410246,9.53144152153878,41.0461726799667,1,-999,23.70473,-999,1.197033,0.07986537,False,-99,0.004160049
2591014681721177111,0,1.3466617956099,GALEX J003807.6+410246,9.53173468854896,41.0462647181223,1,-999,24.33216,-999,0.6716351,0.07986537,False,-99,0.003745771
6457249408501157027,0,1.3471532705569,GALEX J003802.0+410436,9.50856669463981,41.076928345208,1,-999,23.11419,-999,2.062174,0.08272516,False,-99,0.003202593
2495946508135831052,0,1.36219995769308,GALEX J003802.0+410437,9.50855281481573,41.0771834192421,1,-999,23.90976,-999,0.9910504,0.08272516,False,-99,0.0033217
6449508846641611923,0,1.36842582252871,GALEX J003801.9+410438,9.50825396641565,41.0773201694274,1,-999,23.60502,-999,1.312171,0.08272516,False,-99,0.003048102
2590979497349100191,0,1.36940043648242,GALEX J003801.9+410438,9.50813902016567,41.0773482038745,1,-999,24.16371,-999,0.7843631,0.08272516,False,-99,0.001879971
6449403293525348471,0,1.3733264328061,GALEX J003754.6+410357,9.47766265133925,41.0658808433135,1,-999,21.2127,-999,11.88279,0.08272516,False,-99,0.005156419
2591014681721177473,0,1.37628833056354,GALEX J003801.9+410438,9.50829454948235,41.0774482481994,1,-999,24.34528,-999,0.6635727,0.08272516,False,-99,0.001879615
6449403293525348465,0,1.38676515522695,GALEX J003755.9+410417,9.4829676826558,41.0714170969258,1,-999,21.63176,-999,8.077825,0.08272516,False,-99,0.004136215
2496509458089247022,0,1.39322008112503,GALEX J003801.9+410439,9.50808368591246,41.0777539898939,1,-999,23.54147,-999,1.391273,0.08272516,False,-99,0.003328884
6449508846641611897,0,1.39557864036573,GALEX J003806.3+410415,9.52640967863569,41.0708388012386,1,-999,23.57621,-999,1.347463,0.08104549,False,-99,0.002769201
2590979497349100153,0,1.39646663290898,GALEX J003757.6+410431,9.49028944020638,41.0755122921549,1,-999,24.83945,-999,0.4209417,0.08272516,False,-99,0.002809576
2591014681721177380,0,1.40739292412439,GALEX J003806.5+410413,9.52735949943036,41.0703557221729,1,-999,25.6071,-999,0.2075675,0.08104549,False,-99,0.002032396
2495946508135830883,0,1.41117126185472,GALEX J003753.7+410335,9.4737585081106,41.0599579349201,1,-999,22.93391,-999,2.434653,0.08272516,False,-99,0.003845793
6449403293525348299,0,1.41732888809921,GALEX J003753.4+410315,9.47284633692382,41.0542900551132,1,-999,22.94646,-999,2.406677,0.08384496,False,-99,0.002938749
2496509458089246982,0,1.41764018681245,GALEX J003806.7+410412,9.52792104387168,41.0701319301808,1,-999,23.3471,-999,1.664028,0.08104549,False,-99,0.005133084
6449403293525348497,0,1.41834421383505,GALEX J003803.2+410438,9.51339976639814,41.0773130522798,1,-999,22.94811,-999,2.403014,0.08104549,False,-99,0.002657568
6449403293525348401,0,1.4186800525341,GALEX J003753.6+410337,9.4737096547457,41.0603460583816,1,-999,21.81399,-999,6.829739,0.08272516,False,-99,0.004511526
6449438477897434128,0,1.4243436748582,GALEX J003753.6+410337,9.4735793227071,41.0603415179105,1,-999,23.36841,-999,1.631689,0.08272516,False,-99,0.002359923
6457249408501156870,0,1.42513873016838,GALEX J003753.6+410336,9.4734892452776,41.060113522358,1,-999,23.35084,-999,1.658304,0.08272516,False,-99,0.001967276
6449508846641611791,0,1.43010943808994,GALEX J003753.6+410336,9.47342057881375,41.0602549868468,1,-999,24.12671,-999,0.8115528,0.08272516,False,-99,0.001266731
2496509458089246832,0,1.43153143062199,GALEX J003759.6+410152,9.49861480109966,41.0312336829293,1,-999,22.28012,-999,4.445804,0.08089752,False,-99,0.005496451
2591014681721177304,0,1.43201952335872,GALEX J003753.6+410336,9.47338372261579,41.060275674058,1,-999,23.40675,-999,1.575072,0.08272516,False,-99,0.001931595
2590979497349099976,0,1.43329030094758,GALEX J003753.5+410336,9.47330979387682,41.0601314760124,1,-999,23.54938,-999,1.38117,0.08272516,False,-99,0.001710652
2495876139392700668,0,1.43427374572116,GALEX J003757.7+410159,9.49069601942095,41.0330840710616,2,23.28786,-999,1.757354,-999,0.08272516,False,0.003714045,-99
2496509458089246930,0,1.43672462711501,GALEX J003753.5+410335,9.47313012643943,41.0597889978276,1,-999,22.95583,-999,2.385981,0.08272516,False,-99,0.005589556
2495981692507918600,0,1.44049734440108,GALEX J003753.5+410336,9.47316616677867,41.0601959913069,1,-999,24.45149,-999,0.6017311,0.08272516,False,-99,0.002078157
6449473662269522115,0,1.44704913894173,GALEX J003805.0+410203,9.52104976421981,41.0342400859253,1,-999,15.89927,-999,1585.964,0.08089752,False,-99,0.002045062
2590979497349100083,0,1.45092409144572,GALEX J003806.6+410416,9.52773695435149,41.071121553596,1,-999,24.43521,-999,0.6108242,0.08104549,False,-99,0.002123789
6449508846641611984,0,1.45737980771767,GALEX J003805.1+410203,9.52133449551145,41.0341713712675,1,-999,15.90901,-999,1571.798,0.08089752,False,-99,0.00177417
2496509458089246841,0,1.45969084568096,GALEX J003757.8+410156,9.49120588258709,41.0324442804945,1,-999,22.2489,-999,4.57552,0.08272516,False,-99,0.006732575
2495946508137927945,3138661632107877641,1.46521458180501,GALEX J003805.1+410202,9.52147143296471,41.0340821494211,3,20.44357,15.90743,24.13098,1574.081,0.08089752,True,0.001526859,0.001642551
6457249408503254442,0,1.46570632490221,GALEX J003805.1+410202,9.52133785818771,41.0340091285822,3,20.65984,15.90507,19.77264,1577.515,0.08089752,False,0.001224566,0.001999781
6449473662269522122,0,1.46573507365044,GALEX J003800.6+410444,9.50284328982338,41.0791307560529,1,-999,21.96718,-999,5.931007,0.08272516,False,-99,0.006008973
2591014681723274962,0,1.4688800368748,GALEX J003805.1+410202,9.52145578575204,41.0340024794103,3,20.55904,15.90991,21.69637,1570.488,0.08089752,False,0.001432988,0.001636151
2495981692507918403,0,1.47024194385602,GALEX J003757.7+410156,9.49067150886088,41.0324320429179,1,-999,22.79766,-999,2.760155,0.08272516,False,-99,0.004058078
6449438477897434342,0,1.47218992895894,GALEX J003805.1+410202,9.52164359929894,41.0340268666959,1,-999,15.92472,-999,1549.215,0.08089752,False,-99,0.001763553
2590979497351197928,0,1.47261016253728,GALEX J003805.1+410202,9.52153138541539,41.0339649282436,3,20.50184,15.87321,22.87002,1624.483,0.08089752,False,0.001235316,0.001464952
6449403293527445708,0,1.47551802500248,GALEX J003805.1+410201,9.52144975565541,41.0338690422515,3,20.5752,15.86436,21.37568,1637.781,0.08089752,False,0.001268569,0.001608107
2495876139392700629,0,1.47583431293028,GALEX J003805.2+410202,9.52166969901235,41.0339674001429,2,20.44678,-999,24.05956,-999,0.08089752,False,0.001170067,-99
2495981692510015973,0,1.47789584822747,GALEX J003805.2+410202,9.52195940572545,41.0340670064852,3,20.56322,15.91025,21.61292,1570.005,0.08089752,False,0.001008434,0.001543547
6372252787399461637,0,1.48288452910911,GALEX J003805.2+410201,9.52167812374272,41.0338323006793,3,20.33505,15.94246,26.66753,1524.115,0.08089752,False,0.002586729,0.00141408
6457249408501156648,0,1.4840235020768,GALEX J003757.7+410156,9.49050461075884,41.0322370471161,1,-999,22.95793,-999,2.381384,0.08272516,False,-99,0.002603932
6449438477897433956,0,1.48580426257807,GALEX J003757.6+410156,9.49017509403364,41.0323197922638,1,-999,22.89822,-999,2.516005,0.08272516,False,-99,0.002962561
6449508846641611624,0,1.48772091239588,GALEX J003757.6+410156,9.49020168033358,41.0322750687688,1,-999,22.56907,-999,3.407013,0.08272516,False,-99,0.003122825
2496509458091344421,0,1.48808124021567,GALEX J003805.2+410201,9.52181123450185,41.0337934019756,3,20.51472,15.88137,22.60035,1612.318,0.08089752,False,0.001271514,0.001919418
2591014681723274154,0,1.48893581649881,GALEX J003757.7+410155,9.49055830034369,41.0321285842648,3,23.99527,22.71561,0.9159965,2.976837,0.08272516,False,0.002742246,0.002241039
2495946508137927870,0,1.49217993204302,GALEX J003757.7+410155,9.49043991482173,41.0321098791738,3,22.7488,22.24246,2.887245,4.602722,0.08272516,False,0.004680321,0.005531547
2590979497349099464,0,1.49228618391582,GALEX J003757.6+410155,9.49037867422677,41.0321291331291,1,-999,22.6504,-999,3.161098,0.08272516,False,-99,0.002085149
2590979497349099733,0,1.49324340054398,GALEX J003808.8+410305,9.53687783225944,41.051421524515,1,-999,24.18112,-999,0.7718808,0.07986537,False,-99,0.002418452
2590979497349099372,0,1.49663899473952,GALEX J003759.6+410148,9.49844104972965,41.03015489086,1,-999,24.41889,-999,0.6200724,0.08089752,False,-99,0.00143219
6449473662269521939,0,1.49852639609063,GALEX J003757.4+410156,9.48916451845648,41.0324568118807,1,-999,22.64776,-999,3.1688,0.08272516,False,-99,0.004416755
2591014681721177289,0,1.50329106966913,GALEX J003808.6+410342,9.53599477549032,41.0619166226848,1,-999,24.93381,-999,0.3858996,0.07986537,False,-99,0.001709781
6449403293525348149,0,1.50456205474781,GALEX J003757.7+410154,9.49061728616931,41.0318229457267,1,-999,21.32159,-999,10.74885,0.08272516,False,-99,0.00479938
2591014681721177149,0,1.50574462168544,GALEX J003808.9+410304,9.53712381808966,41.0512406860007,1,-999,24.25964,-999,0.718032,0.07986537,False,-99,0.001822412
2590979497349099935,0,1.50876631444654,GALEX J003808.6+410343,9.536004906773,41.0622039474555,1,-999,24.62356,-999,0.5135431,0.07986537,False,-99,0.002272923
2591014681721177215,0,1.51410224306369,GALEX J003809.0+410324,9.5375267081614,41.0567198489329,1,-999,24.874,-999,0.4077558,0.07986537,False,-99,0.001664278
2591014681721177243,0,1.51410300885105,GALEX J003753.0+410329,9.47100864682684,41.0581348188476,1,-999,24.4015,-999,0.6300842,0.08384496,False,-99,0.002405457
2495946508135831062,0,1.51449172967481,GALEX J003801.8+410447,9.50748675395901,41.079839329083,1,-999,24.0525,-999,0.8689604,0.08272516,False,-99,0.004641473
6449508846641611720,0,1.51598696358546,GALEX J003808.9+410302,9.5372589062931,41.0507675075564,1,-999,23.69725,-999,1.205314,0.07986537,False,-99,0.003967596
2590979497349099864,0,1.51619755241757,GALEX J003809.0+410324,9.5375613111416,41.0568297870337,1,-999,24.32632,-999,0.6752611,0.07986537,False,-99,0.003104516
2495946508135830852,0,1.52491460448994,GALEX J003808.7+410342,9.53652495715803,41.0618354994801,1,-999,24.15525,-999,0.7904988,0.07986537,False,-99,0.002654589
6449403293525348408,0,1.53000606929226,GALEX J003808.0+410401,9.53369315577806,41.0671560573407,1,-999,23.58747,-999,1.33356,0.08104549,False,-99,0.002539459
2591014681721177457,0,1.55433044326306,GALEX J003805.1+410437,9.52144949760895,41.0771120035588,1,-999,24.86114,-999,0.4126132,0.08104549,False,-99,0.00245465
6449473662269521971,0,1.5575896268032,GALEX J003809.2+410307,9.53842880289776,41.0521996803915,1,-999,23.27988,-999,1.770301,0.07986537,False,-99,0.003031141
6457249408501156843,0,1.56195954827781,GALEX J003809.2+410307,9.53852087475123,41.052161568896,1,-999,23.45318,-999,1.509134,0.07986537,False,-99,0.003650779
6457249408501157033,0,1.57948457731331,GALEX J003803.7+410446,9.51579765374687,41.0795434932565,1,-999,23.59933,-999,1.319069,0.08104549,False,-99,0.002764198
2591014681721177121,0,1.5816886199923,GALEX J003809.1+410253,9.53802135340208,41.0481555830093,1,-999,24.68228,-999,0.4865057,0.07986537,False,-99,0.002832366
2590979497349100190,0,1.58393208610686,GALEX J003805.3+410438,9.52218488416422,41.0773573958001,1,-999,24.40444,-999,0.6283838,0.08104549,False,-99,0.00278435
6449473662269522027,0,1.58713593110935,GALEX J003808.9+410348,9.53726006092164,41.0634997920894,1,-999,22.95936,-999,2.378247,0.07986537,False,-99,0.003173788
6449403293525348504,0,1.5939604401506,GALEX J003754.6+410420,9.47769600006241,41.0722554657855,1,-999,21.48777,-999,9.223376,0.08272516,False,-99,0.003966679
6449403293525348271,0,1.61195898179996,GALEX J003809.4+410301,9.53934673050916,41.0504836987466,1,-999,22.98104,-999,2.331224,0.07986537,False,-99,0.002840836
6449403293525348378,0,1.61775540752579,GALEX J003752.4+410329,9.46872090294194,41.0582688357962,1,-999,22.16351,-999,4.949891,0.08384496,False,-99,0.004047066
2590979497349100242,0,1.6192133249164,GALEX J003803.7+410448,9.51579771902994,41.0802446736215,1,-999,24.0223,-999,0.8934705,0.08104549,False,-99,0.001752124
2495981692507918804,0,1.62507875039193,GALEX J003803.8+410449,9.51582592938651,41.0803407320615,1,-999,23.55608,-999,1.37268,0.08104549,False,-99,0.00181328
2591014681721177510,0,1.62561586353309,GALEX J003803.8+410449,9.51603521899945,41.0802955290188,1,-999,24.08971,-999,0.8396844,0.08104549,False,-99,0.002452295
6449403293525348545,0,1.64899939023932,GALEX J003759.8+410455,9.49916881760526,41.0819460196093,1,-999,22.66092,-999,3.130635,0.08272516,False,-99,0.003145563
2591014681721177434,0,1.69909414824823,GALEX J003754.2+410423,9.4758498285437,41.0733257365872,1,-999,23.73149,-999,1.167899,0.08272516,False,-99,0.003234824
2495946508136885892,0,1.70283110947761,GALEX J003753.9+410421,9.47497861885354,41.0726425152273,2,22.81345,-999,2.720345,-999,0.08272516,False,0.003697872,-99
2495946508135830645,0,1.70417472224134,GALEX J003758.5+410138,9.4938636095757,41.0274030449298,1,-999,23.67108,-999,1.234723,0.08089752,False,-99,0.003916381
2590979497349100161,0,1.71231152883997,GALEX J003753.9+410422,9.47490081556339,41.072820465413,1,-999,23.91389,-999,0.9872837,0.08272516,False,-99,0.004288815
6449403293525348180,0,1.72515213002894,GALEX J003753.7+410214,9.47377332788834,41.0373646571561,1,-999,22.63643,-999,3.202034,0.08384496,False,-99,0.003839389
6449438477897434204,0,1.72608831171299,GALEX J003754.1+410425,9.47553301207144,41.0737359007615,1,-999,24.46613,-999,0.5936728,0.08272516,False,-99,0.002169594
2496509458089247062,0,1.73020307856778,GALEX J003759.3+410459,9.49739338744547,41.0831031992515,1,-999,23.98753,-999,0.9225487,0.08272516,False,-99,0.003654611
2496509458091344260,0,1.7436616334174,GALEX J003804.5+410453,9.51891660929094,41.0815714287168,3,23.31113,22.06375,1.720091,5.426258,0.08104549,False,0.001891038,0.00607123
6449508846641612021,0,1.743832018438,GALEX J003804.5+410453,9.51875741146938,41.0816238962825,1,-999,21.67831,-999,7.738825,0.08104549,False,-99,0.005046152
2591014681721177018,0,1.74778602211084,GALEX J003758.8+410135,9.49506418115813,41.0264130682511,1,-999,22.60668,-999,3.290985,0.08089752,False,-99,0.007955926
6449403293527445716,0,1.74905326823272,GALEX J003804.5+410453,9.51909818857613,41.0816117641249,3,23.22601,21.77664,1.860369,7.06876,0.08104549,False,0.001538931,0.002909106
2590979497351197582,0,1.75243022875295,GALEX J003804.5+410454,9.51900794278497,41.0817010921056,3,22.94771,21.97392,2.40391,5.894295,0.08104549,False,0.001521268,0.001466176
2591014681723274791,0,1.75688291668952,GALEX J003804.5+410454,9.51913732482157,41.0817408750014,3,22.70256,21.99104,3.012859,5.802076,0.08104549,False,0.002524181,0.001468364
2496509458089247066,0,1.7585280736128,GALEX J003756.4+410449,9.48513895828852,41.0802801445084,1,-999,21.18287,-999,12.21378,0.08272516,False,-99,0.001762837
2495876139392701042,0,1.76010464106974,GALEX J003804.7+410453,9.51972829783587,41.081608995118,2,23.03415,-999,2.219941,-999,0.08104549,False,0.003062223,-99
2495946508137928152,0,1.76074514417551,GALEX J003804.5+410454,9.5188404844051,41.0819027953258,3,22.98579,22.08589,2.321057,5.316726,0.08104549,False,0.002629134,0.005312409
2495981692507918831,0,1.76209797820607,GALEX J003804.6+410454,9.51931431130797,41.0817791151808,1,-999,22.25593,-999,4.545991,0.08104549,False,-99,0.001848326
6457249408503254227,0,1.76355178806441,GALEX J003804.7+410454,9.51966726452878,41.0816916563838,3,22.63933,22.16203,3.193523,4.956644,0.08104549,False,0.002638762,0.002578865
6449438477897433919,0,1.76475679215042,GALEX J003758.6+410134,9.49454408858915,41.0262191295782,1,-999,23.70388,-999,1.19797,0.08089752,False,-99,0.002095578
6449438477897434278,0,1.76483770793639,GALEX J003756.5+410449,9.4854636946929,41.0805359406902,1,-999,21.29701,-999,10.99505,0.08272516,False,-99,0.004156377
6457249408501157078,0,1.76540343646685,GALEX J003756.4+410449,9.48520400217196,41.0804388036229,1,-999,21.44647,-999,9.580994,0.08272516,False,-99,0.002526668
2496509458089246813,0,1.76689970125711,GALEX J003758.6+410134,9.49425135921978,41.026239334512,1,-999,22.3367,-999,4.220075,0.08089752,False,-99,0.006056026
2495946508135831024,0,1.76891735074512,GALEX J003756.4+410449,9.48512234526642,41.0804715593483,1,-999,21.18321,-999,12.21001,0.08272516,False,-99,0.001818707
6449508846641611972,0,1.76925350269943,GALEX J003756.4+410449,9.48522218271817,41.0805197944508,1,-999,21.57442,-999,8.515957,0.08272516,False,-99,0.002015483
6449473662269522169,0,1.76962370797309,GALEX J003804.4+410455,9.51838409395288,41.0821992258211,1,-999,21.49574,-999,9.155975,0.08104549,False,-99,0.005967943
6449403293525348573,0,1.76964872014867,GALEX J003756.3+410449,9.48495527271377,41.0804149067422,1,-999,21.09807,-999,13.20601,0.08272516,False,-99,0.002017382
2495981692507918855,0,1.77236597240666,GALEX J003756.4+410450,9.48536171793046,41.08063691217,1,-999,21.38473,-999,10.14162,0.08272516,False,-99,0.004043873
2590979497349100326,0,1.77268802271528,GALEX J003756.4+410449,9.48498945165759,41.0804875225472,1,-999,21.38549,-999,10.1345,0.08272516,False,-99,0.001292202
6372252787397364802,0,1.7743077854838,GALEX J003756.3+410449,9.48476640840711,41.0804234962463,1,-999,21.06106,-999,13.66393,0.08272516,False,-99,0.003107457
2591014681721177674,0,1.7746117011457,GALEX J003756.4+410449,9.48500080948503,41.0805290797058,1,-999,21.33935,-999,10.57452,0.08272516,False,-99,0.001368104
6449438477897434348,0,1.77666262229314,GALEX J003804.4+410456,9.51847972715432,41.0822970100603,1,-999,21.49709,-999,9.14457,0.08104549,False,-99,0.005759961
6449473662269522033,0,1.77740844542222,GALEX J003809.8+410352,9.54120954908314,41.0645909986586,1,-999,23.37246,-999,1.625606,0.07986537,False,-99,0.004083259
6449473662269522111,0,1.77883787206832,GALEX J003756.3+410450,9.4849741396175,41.0805985461419,1,-999,21.30744,-999,10.88986,0.08272516,False,-99,0.002761511
2591014681721177110,0,1.7918497258692,GALEX J003810.0+410243,9.54175372196471,41.0453208689009,1,-999,24.47437,-999,0.5891843,0.07986537,False,-99,0.00330977
2590979497349099423,0,1.80115452891525,GALEX J003758.5+410132,9.49383678028092,41.0257316982133,1,-999,23.39546,-999,1.591536,0.08089752,False,-99,0.004946987
6449403293525348494,0,1.80649742258033,GALEX J003753.3+410422,9.47222724250774,41.0727938289397,1,-999,21.52222,-999,8.935307,0.08272516,False,-99,0.004613828
2590979497349099980,0,1.80997329430835,GALEX J003810.0+410353,9.54181148653249,41.0649343197304,1,-999,24.68019,-999,0.4874418,0.07986537,False,-99,0.001594705
2496509458089246942,0,1.81101210193199,GALEX J003810.1+410351,9.54215143267952,41.0642461784478,1,-999,23.92317,-999,0.9788834,0.07986537,False,-99,0.004319162
2591014681721177327,0,1.81272362754737,GALEX J003810.0+410353,9.54189961245738,41.0648847640358,1,-999,24.75624,-999,0.4544672,0.07986537,False,-99,0.002917629
6449438477897434132,0,1.81346656543282,GALEX J003810.3+410342,9.5431605522106,41.0617206301604,1,-999,23.92701,-999,0.9754276,0.07986537,False,-99,0.00104626
2495946508135830882,0,1.8324815387772,GALEX J003810.1+410354,9.54221432236431,41.0651973268739,1,-999,24.1167,-999,0.8190644,0.07986537,False,-99,0.003270612
2591014681722244308,0,1.83976612898591,GALEX J003810.2+410242,9.54283253139183,41.0452387003438,2,25.56347,-999,0.2160802,-999,0.07986537,False,0.002076619,-99
2496509458089247032,0,1.84860763854227,GALEX J003753.0+410421,9.47081616460781,41.0725256260875,1,-999,23.05094,-999,2.185859,0.08272516,False,-99,0.005634591
6372252787399461731,0,1.85346281374064,GALEX J003751.2+410304,9.4634453209594,41.051364715931,3,20.47067,19.94462,23.53602,38.20777,0.08384496,False,0.004387255,0.007657127
6449473662269521928,0,1.85980200075768,GALEX J003757.9+410130,9.49151010986943,41.025232140244,1,-999,22.89503,-999,2.523417,0.08201355,False,-99,0.004006809
2495981692507918741,0,1.86169874419047,GALEX J003753.1+410424,9.47125176177069,41.0733466816253,1,-999,23.68357,-999,1.220594,0.08272516,False,-99,0.002955847
6449403293525348074,0,1.87280807881905,GALEX J003801.3+410124,9.50547646310798,41.0235243924922,1,-999,22.60864,-999,3.285064,0.08089752,False,-99,0.002912365
2591014681721177466,0,1.8820325597722,GALEX J003753.0+410424,9.47083358251542,41.07349104293,1,-999,23.79445,-999,1.102091,0.08272516,False,-99,0.004161184
2590979497349100409,0,1.88545850473346,GALEX J003751.0+410306,9.46269233789173,41.0516707134764,1,-999,19.59704,-999,52.62381,0.08384496,False,-99,0.01447615
2591014681721177331,0,1.88565026115109,GALEX J003751.0+410306,9.46268656256584,41.0516824346387,1,-999,20.33775,-999,26.60112,0.08384496,False,-99,0.002334947
2495946508135830997,0,1.88688830950843,GALEX J003753.1+410426,9.47134412443672,41.0741273409628,1,-999,23.29972,-999,1.738248,0.08272516,False,-99,0.003824693
6372252787398416952,0,1.89431525043811,GALEX J003803.2+410507,9.51341854818158,41.0855140208645,2,21.75534,-999,7.20884,-999,0.08104549,False,0.001163754,-99
2590979497349100159,0,1.9091774964155,GALEX J003752.9+410425,9.47041884161775,41.0738283184738,1,-999,23.81557,-999,1.080863,0.08272516,False,-99,0.002284917
6372252787397364436,0,1.9121139013718,GALEX J003804.5+410129,9.5191068805967,41.0249124644153,1,-999,21.21966,-999,11.80689,0.08089752,False,-99,0.003378881
6449508846641611898,0,1.92220717210666,GALEX J003752.8+410426,9.47036387002218,41.0741336135128,1,-999,23.9269,-999,0.9755247,0.08272516,False,-99,0.001685038
2590979497349100367,0,1.92639700350851,GALEX J003804.3+410506,9.51806993510569,41.0850696574347,1,-999,24.1873,-999,0.7675002,0.08104549,False,-99,0.001842088
6449473662269521944,0,1.9271008148115,GALEX J003752.5+410212,9.46882579388054,41.0368008517734,1,-999,23.41221,-999,1.567165,0.08384496,False,-99,0.002659325
2591014681721177579,0,1.93045295506922,GALEX J003804.4+410506,9.51851664771197,41.0850230229433,1,-999,24.27034,-999,0.7109918,0.08104549,False,-99,0.002231192
2495946508135830803,0,1.93530279405733,GALEX J003811.2+410318,9.54693886200516,41.0550172178667,1,-999,24.31086,-999,0.6849423,0.07986537,False,-99,0.002339242
6449403293525348406,0,1.936866277772,GALEX J003751.0+410346,9.462796360106,41.0630266103464,1,-999,21.6341,-999,8.06044,0.08384496,False,-99,0.004001911
6449508846641611810,0,1.96012224657235,GALEX J003750.8+410344,9.46203392420558,41.0623332924042,1,-999,23.83311,-999,1.063543,0.08384496,False,-99,0.002920022
6449403293525348513,0,1.99395453218879,GALEX J003753.6+410442,9.47339772959082,41.0785182539854,1,-999,21.77705,-999,7.066117,0.08368652,False,-99,0.00315514
6449473662269521922,0,2.00932773339129,GALEX J003759.0+410118,9.49596702563514,41.0218094852461,1,-999,22.17466,-999,4.899302,0.08089752,False,-99,0.003755084
6449473662269522128,0,2.02330478914063,GALEX J003802.6+410516,9.51102709326702,41.0880449834633,1,-999,23.09478,-999,2.099365,0.08104549,False,-99,0.004418448
2495981692507918357,0,2.02490470650635,GALEX J003755.5+410132,9.48124315137432,41.0257392945216,1,-999,20.30756,-999,27.35123,0.08384496,False,-99,0.001430353
6449508846641611594,0,2.02576545568058,GALEX J003755.4+410133,9.48096073542057,41.0258506482897,1,-999,20.41604,-999,24.75038,0.08384496,False,-99,0.001539734
6457249408501156629,0,2.02765775149141,GALEX J003755.4+410132,9.48109312708351,41.0257535569794,1,-999,20.28318,-999,27.97231,0.08384496,False,-99,0.001681018
2495946508135830662,3138661632107877510,2.02820605758508,GALEX J003755.4+410132,9.48105738324221,41.0257591037549,1,-999,20.3446,-999,26.43377,0.08384496,True,-99,0.00150589
6449473662269521947,0,2.02855044571586,GALEX J003755.4+410133,9.48087420937214,41.0258359739887,1,-999,20.26972,-999,28.32115,0.08384496,False,-99,0.005103086
2591014681721176974,0,2.02936099174628,GALEX J003755.4+410132,9.48101620811458,41.025755338596,1,-999,20.37624,-999,25.67452,0.08384496,False,-99,0.001480991
6372252787397364459,0,2.03207408103672,GALEX J003755.4+410132,9.48099687516031,41.025711335641,1,-999,20.25051,-999,28.82679,0.08384496,False,-99,0.004192906
6449438477897433947,0,2.03301316218862,GALEX J003755.4+410132,9.48085350796324,41.0257584345344,1,-999,20.3985,-999,25.15346,0.08384496,False,-99,0.001610234
2590979497349099433,0,2.03337881326455,GALEX J003755.4+410132,9.48093217075076,41.0257153807566,1,-999,20.34063,-999,26.53068,0.08384496,False,-99,0.001359806
6449403293525348107,0,2.03484312105716,GALEX J003755.4+410132,9.48109793092653,41.0256117858417,1,-999,20.28902,-999,27.82231,0.08384496,False,-99,0.001631583
2590979497350156540,0,2.03942208661189,GALEX J003800.8+410519,9.50371720356196,41.088710901345,2,23.68989,-999,1.213521,-999,0.08272516,False,0.003212234,-99
6457249408501156905,0,2.04939409613788,GALEX J003811.6+410340,9.54861382696517,41.0613105186523,1,-999,23.23129,-999,1.851331,0.07986537,False,-99,0.003577833
2496509458089246855,0,2.0501168946151,GALEX J003755.4+410131,9.48091744605641,41.0253966010156,1,-999,20.10026,-999,33.10504,0.08384496,False,-99,0.002474234
2496509458090306182,0,2.05223583748883,GALEX J003811.7+410338,9.54882448716517,41.0607189173935,2,24.10634,-999,0.8269263,-999,0.07986537,False,0.002108459,-99
6449508846641611997,0,2.06317962443908,GALEX J003756.1+410507,9.48394090931747,41.0855428041437,1,-999,23.6786,-999,1.226191,0.08368652,False,-99,0.003172428
2495981692507918908,0,2.07232905422524,GALEX J003803.1+410519,9.51301732226541,41.0886104047614,1,-999,23.24801,-999,1.823037,0.08104549,False,-99,0.005042387
2590979497349099903,0,2.07674176430506,GALEX J003811.8+410338,9.54935839593881,41.0607878895043,1,-999,24.15217,-999,0.7927447,0.07986537,False,-99,0.001821929
6449508846641612018,0,2.07849985462143,GALEX J003803.0+410519,9.51283813429329,41.0887414587665,1,-999,23.78646,-999,1.110232,0.08104549,False,-99,0.002955521
2591014681723274423,0,2.08433164964975,GALEX J003811.8+410338,9.5495278261,41.0607919575822,3,24.33737,24.39517,0.668428,0.6337674,0.07986537,False,0.002310253,0.002211782
2496509458089247060,0,2.08492517655177,GALEX J003756.0+410508,9.48345032609571,41.0857633134878,1,-999,24.52917,-999,0.5601859,0.08368652,False,-99,0.002531768
2590979497349100519,0,2.09067355005766,GALEX J003803.0+410520,9.51286210567313,41.0889445889184,1,-999,23.45167,-999,1.511232,0.08104549,False,-99,0.002880851
2590979497349100388,0,2.09460366129741,GALEX J003756.0+410509,9.48363111162405,41.0860116063271,1,-999,24.3926,-999,0.6352713,0.08368652,False,-99,0.003135606
2496509458089247085,0,2.09782837590793,GALEX J003803.1+410520,9.51292783442712,41.0890565022088,1,-999,23.95434,-999,0.951183,0.08104549,False,-99,0.002335351
2591014681723274855,0,2.09837127851037,GALEX J003803.1+410520,9.51294104481335,41.0890637996862,3,24.21127,23.79994,0.750751,1.096536,0.08104549,False,0.002290724,0.002664035
2495946508135830848,0,2.0999045262813,GALEX J003811.9+410338,9.54991757789456,41.0606169231227,1,-999,24.58863,-999,0.5303324,0.07986537,False,-99,0.001417772
2496509458089247035,0,2.10303578902146,GALEX J003807.6+410458,9.53198953416022,41.0828031898033,1,-999,24.50863,-999,0.570885,0.08104549,False,-99,0.003057463
6449438477897434306,0,2.10489477554819,GALEX J003803.1+410520,9.51311387752497,41.0891492450922,1,-999,23.16487,-999,1.968126,0.08104549,False,-99,0.003575327
2495946508135831151,0,2.10623253083233,GALEX J003803.0+410521,9.51283893544106,41.0892119023952,1,-999,24.46611,-999,0.5936854,0.08104549,False,-99,0.002771413
6449473662269522107,0,2.10772736306327,GALEX J003755.9+410509,9.48303419731288,41.08603050349,1,-999,23.80962,-999,1.086805,0.08368652,False,-99,0.00143201
2495946508136885987,0,2.11017464270578,GALEX J003807.4+410500,9.53113752846296,41.0834177771778,2,23.43731,-999,1.53137,-999,0.08104549,False,0.002610659,-99
2495946508136885510,0,2.11105921839746,GALEX J003807.6+410134,9.53181443150177,41.0263835399953,2,23.54967,-999,1.380816,-999,0.08089752,False,0.003323524,-99
2590979497351197121,0,2.11141321315633,GALEX J003750.0+410250,9.45854869211811,41.047314291325,3,17.89465,18.27838,252.43,177.2754,0.08384496,False,0.008908296,0.004842992
2590979497349100421,0,2.11445348110097,GALEX J003758.5+410520,9.4938353949681,41.0890916589771,1,-999,24.79636,-999,0.4379807,0.08272516,False,-99,0.001613759
2591014681723274773,0,2.11535168452946,GALEX J003750.0+410247,9.45872737009257,41.0464313457911,3,17.86353,17.65565,259.7693,314.5867,0.08384496,False,0.008137467,0.005045952
2591014681721177640,0,2.11735286231581,GALEX J003756.0+410510,9.48348682795374,41.0863807642309,1,-999,24.42743,-999,0.6152183,0.08368652,False,-99,0.003471427
2591014681721177230,0,2.11761193891711,GALEX J003749.7+410325,9.45747269376737,41.057142236998,1,-999,23.73612,-999,1.16292,0.08384496,False,-99,0.002932002
2495876139392700942,0,2.11793369142316,GALEX J003750.0+410247,9.45863167827789,41.0465475046982,2,17.8314,-999,267.5738,-999,0.08384496,False,0.008441281,-99
2591014681721177635,0,2.12175292063266,GALEX J003758.3+410520,9.4931495020785,41.0890955477304,1,-999,25.12015,-999,0.3250414,0.08272516,False,-99,0.002347282
2495981692510016002,0,2.1251333052532,GALEX J003750.0+410248,9.45842749753316,41.0466776406055,3,17.90405,17.60487,250.2539,329.6487,0.08384496,False,0.009897393,0.007173341
2496509458091344372,0,2.12976884359485,GALEX J003750.0+410246,9.45841851348796,41.0463723027542,3,17.86105,17.50291,260.3657,362.1056,0.08384496,False,0.009326879,0.005828804
2591014681721177574,0,2.12978401132066,GALEX J003807.6+410500,9.5319334035439,41.083388723862,1,-999,24.36964,-999,0.6488476,0.08104549,False,-99,0.002376644
6449438477897434264,0,2.13071271629644,GALEX J003749.9+410248,9.45828061475425,41.0467435906033,1,-999,17.60107,-999,330.8045,0.08384496,False,-99,0.007283504
6457249408501156533,0,2.13302539676814,GALEX J003759.2+410110,9.49682202047212,41.0196061066575,1,-999,22.11915,-999,5.156295,0.08089752,False,-99,0.004162021
6449403293525348056,0,2.13467639033736,GALEX J003759.2+410110,9.49669577515552,41.0195933932436,1,-999,21.99142,-999,5.800024,0.08089752,False,-99,0.004793081
2590979497349099747,0,2.13554964150179,GALEX J003750.1+410241,9.45879939477244,41.0449099344217,1,-999,18.88591,-999,101.306,0.08384496,False,-99,0.002880913
2590979497349100300,0,2.13572631146821,GALEX J003807.7+410500,9.53215611907471,41.0833884211529,1,-999,24.8217,-999,0.4278781,0.08104549,False,-99,0.001743992
6372252787399461681,0,2.13595694704354,GALEX J003750.0+410246,9.45831709126696,41.0462506221295,3,18.05104,17.87134,218.5674,257.9081,0.08384496,False,0.005733056,0.01100303
6449508846641612009,0,2.13600290429531,GALEX J003749.9+410247,9.45821172014531,41.046578080677,1,-999,17.5797,-999,337.3787,0.08384496,False,-99,0.007511078
6457249408503254235,0,2.13706161698382,GALEX J003749.9+410247,9.45819877131986,41.0465426065148,3,17.89295,17.58792,252.8262,334.8353,0.08384496,False,0.01056864,0.006712479
6457249408501156746,0,2.13751886062349,GALEX J003811.9+410243,9.54978061238403,41.0454559135791,1,-999,23.8255,-999,1.071023,0.07986537,False,-99,0.002260559
6449403293527445796,0,2.14011226448149,GALEX J003749.9+410247,9.45814138050121,41.0465047190892,3,17.96554,17.40129,236.4753,397.6342,0.08384496,False,0.009224323,0.008434559
2591014681723274134,0,2.14028807738181,GALEX J003759.1+410110,9.49642770605733,41.0195316174379,3,23.58537,21.57463,1.336141,8.514279,0.08089752,False,0.003863399,0.004589992
2495946508137927757,0,2.14192055238569,GALEX J003759.1+410110,9.49630841217491,41.0195190706171,3,23.0598,22.45676,2.168123,3.7783,0.08201355,False,0.002532021,0.005880957
2495981692507918240,0,2.14193463461657,GALEX J003759.1+410110,9.49638222415235,41.0195095036476,1,-999,22.70313,-999,3.011266,0.08201355,False,-99,0.004281531
2495946508137928048,3138661632107877744,2.14205204046952,GALEX J003749.9+410247,9.45810400250318,41.0464834861997,3,17.8347,17.53915,266.761,350.2175,0.08384496,True,0.009632242,0.006144139
2495876139392700724,0,2.14240397836322,GALEX J003758.9+410110,9.49575348794706,41.0195839239532,2,23.25967,-999,1.803575,-999,0.08201355,False,0.003139055,-99
2496509458090306111,0,2.14338070793981,GALEX J003759.2+410110,9.49671682544535,41.0194439425048,2,23.62291,-999,1.290737,-999,0.08089752,False,0.002796866,-99
6449473662269522130,0,2.14483372320686,GALEX J003749.9+410248,9.4579645790688,41.0467298561854,1,-999,17.53825,-999,350.5092,0.08384496,False,-99,0.007235316
2590979497351196436,0,2.14580887675843,GALEX J003759.1+410110,9.49626060956338,41.0194594338742,3,22.82786,22.51001,2.68446,3.59746,0.08201355,False,0.003362575,0.002885222
6449438477897433869,0,2.14615831579592,GALEX J003759.1+410109,9.49646747701043,41.0194274986651,1,-999,22.85523,-999,2.617633,0.08201355,False,-99,0.002320891
6449508846641611555,0,2.14652911806057,GALEX J003759.1+410110,9.49626623522692,41.0194465424671,1,-999,22.50181,-999,3.624719,0.08201355,False,-99,0.004647389
2496509458089246880,0,2.15259109219322,GALEX J003812.2+410253,9.5509697057171,41.0482893718937,1,-999,23.38458,-999,1.60756,0.07986537,False,-99,0.005137174
2590979497349099979,0,2.17266701091766,GALEX J003749.7+410346,9.45737774914539,41.062878796181,1,-999,24.13751,-999,0.803515,0.08384496,False,-99,0.003209391
2496509458089246965,0,2.1757746416838,GALEX J003811.5+410410,9.54805690548971,41.0695493258132,1,-999,24.73085,-999,0.4652216,0.07986537,False,-99,0.002603208
2590979497349099684,0,2.18728233710532,GALEX J003812.4+410252,9.55164920076737,41.0478840757489,1,-999,23.70228,-999,1.199738,0.07986537,False,-99,0.002754771
2591014681721177291,0,2.18952568658721,GALEX J003749.6+410345,9.45696308726199,41.0627717908777,1,-999,24.55053,-999,0.5492731,0.08384496,False,-99,0.002989303
2591014681721177143,0,2.19731132020774,GALEX J003812.4+410251,9.55182601733456,41.0476934109561,1,-999,23.89412,-999,1.005432,0.07986537,False,-99,0.002249592
6449508846641611697,0,2.20014164470239,GALEX J003812.4+410252,9.55197270951731,41.048021189737,1,-999,23.53999,-999,1.393166,0.07986537,False,-99,0.002558811
6449403293525348036,0,2.20021366105522,GALEX J003803.9+410109,9.51634233141183,41.0192206595178,1,-999,22.58307,-999,3.363343,0.08089752,False,-99,0.003373055
6449403293525348610,0,2.20080175721182,GALEX J003803.9+410524,9.51658685897485,41.0901870312046,1,-999,23.74582,-999,1.152581,0.08104549,False,-99,0.002063351
6457249408501156897,0,2.2008655013503,GALEX J003749.6+410347,9.45681175789984,41.0631184015978,1,-999,23.96414,-999,0.9426343,0.08384496,False,-99,0.003123704
2591014681721176935,0,2.2040965944066,GALEX J003804.0+410109,9.51702776552353,41.0192913349141,1,-999,23.56238,-999,1.36473,0.08089752,False,-99,0.005120613
2590979497349099247,0,2.20697072743356,GALEX J003804.1+410109,9.51711478282007,41.0192596838682,1,-999,23.27984,-999,1.770374,0.08089752,False,-99,0.004144978
2495946508135830602,0,2.2132689338986,GALEX J003804.1+410109,9.51728178862718,41.0191856457021,1,-999,23.52825,-999,1.40831,0.08089752,False,-99,0.00257128
2495946508135830741,0,2.22379789384406,GALEX J003812.5+410250,9.55231170714987,41.0472749928059,1,-999,24.27448,-999,0.7082829,0.07986537,False,-99,0.003043277
2495981692507918255,0,2.23302136456355,GALEX J003804.0+410107,9.51688888192446,41.018763644789,1,-999,23.19197,-999,1.919613,0.08089752,False,-99,0.004703392
2495946508136885490,0,2.24213967570367,GALEX J003753.6+410131,9.47331985442558,41.0254797011426,2,23.93382,-999,0.9693348,-999,0.08384496,False,0.002633816,-99
2495946508137928275,0,2.24952394253905,GALEX J003755.0+410514,9.47947577814716,41.0872669678742,3,22.61537,23.71454,3.264775,1.186266,0.08368652,False,0.002132683,0.003875826
6449403293525348540,0,2.25343373744736,GALEX J003751.4+410438,9.46445917312252,41.0774001277329,1,-999,22.49984,-999,3.63131,0.08368652,False,-99,0.004052992
2590979497349100249,0,2.25375653592998,GALEX J003810.8+410433,9.54536458407511,41.0758438639716,1,-999,24.2686,-999,0.7121289,0.08104549,False,-99,0.003357509
2495981692507918659,0,2.25525546699144,GALEX J003812.7+410344,9.55299718327058,41.0622790115817,1,-999,23.9313,-999,0.9715781,0.07986537,False,-99,0.003988989
2495876139392701030,0,2.25903236981314,GALEX J003750.7+410426,9.46130785657305,41.074044404675,2,22.38313,-999,4.043424,-999,0.08476537,False,0.002458925,-99
2496509458091344176,0,2.26039779741745,GALEX J003750.6+410424,9.46092540279665,41.0735990400917,3,22.19128,21.90089,4.824896,6.304386,0.08476537,False,0.001646216,0.002541924
2495981692510015903,0,2.26339707273513,GALEX J003750.6+410425,9.46103112597292,41.0738350012018,3,22.03797,21.84733,5.556677,6.623186,0.08476537,False,0.001473962,0.002046744
6372252787397364765,0,2.26438322833134,GALEX J003750.6+410425,9.46094476843716,41.0737563464049,1,-999,21.59588,-999,8.349219,0.08476537,False,-99,0.003259752
6449508846641611855,0,2.2661760370182,GALEX J003749.8+410408,9.45780221367283,41.0690198796622,1,-999,23.71984,-999,1.180493,0.08476537,False,-99,0.002571606
2495946508137928130,0,2.27064112875284,GALEX J003750.5+410425,9.46076962543544,41.0737368651159,3,22.27736,21.84658,4.457145,6.627766,0.08476537,False,0.005417453,0.004179282
6457249408501156542,0,2.27193579606921,GALEX J003806.7+410117,9.52807040636082,41.0214247131473,1,-999,22.76084,-999,2.855386,0.08089752,False,-99,0.0037314
6449403293525348062,0,2.27194953405506,GALEX J003806.6+410116,9.52765103578184,41.0212551181064,1,-999,22.09896,-999,5.253125,0.08089752,False,-99,0.00389634
2591014681721176958,0,2.27889772835845,GALEX J003806.6+410116,9.5276259292225,41.0211141829253,1,-999,22.18358,-999,4.859224,0.08089752,False,-99,0.001651837
6449403293525348657,0,2.28107330046682,GALEX J003802.0+410533,9.50844456414803,41.0926030811457,1,-999,23.10155,-999,2.08631,0.08104549,False,-99,0.003704832
2590979497351197346,0,2.28157872186318,GALEX J003750.5+410425,9.4605992441359,41.07387859029,3,22.46732,21.95345,3.741751,6.006472,0.08476537,False,0.002586196,0.001594295
6449508846641611914,0,2.28190603894597,GALEX J003750.5+410426,9.46062337204822,41.0739205780103,1,-999,22.10318,-999,5.23272,0.08476537,False,-99,0.002668022
2591014681723274650,0,2.28217501256246,GALEX J003750.5+410426,9.46062254900484,41.0739283996563,3,22.19058,21.94149,4.828013,6.073002,0.08476537,False,0.002517962,0.001608264
2590979497349099401,0,2.28263532245433,GALEX J003806.6+410115,9.52770544444078,41.0210753818372,1,-999,22.30394,-999,4.349328,0.08089752,False,-99,0.001447141
6457249408503254168,0,2.28344821227628,GALEX J003750.5+410425,9.46051127296638,41.0738265214661,3,22.00253,21.96917,5.741044,5.920114,0.08476537,False,0.00307659,0.003077463
6449438477897434216,0,2.28393738224173,GALEX J003750.5+410426,9.46062090967663,41.0739844219117,1,-999,22.27403,-999,4.470829,0.08476537,False,-99,0.002852912
6449403293527445742,0,2.28787148007929,GALEX J003750.5+410426,9.46045392802093,41.0738988754371,3,22.56437,21.29237,3.421786,11.04206,0.08476537,False,0.00219174,0.007062106
6449438477897433895,0,2.28888145098035,GALEX J003806.6+410115,9.52757396052161,41.0209057672601,1,-999,22.72018,-999,2.964335,0.08089752,False,-99,0.003099115
6449508846641611557,0,2.29273923347559,GALEX J003806.7+410115,9.52790495101411,41.0209644889312,1,-999,22.49951,-999,3.632427,0.08089752,False,-99,0.002721869
6449473662269522090,0,2.29295248723392,GALEX J003750.4+410425,9.4603058086202,41.0738751614755,1,-999,21.7285,-999,7.389221,0.08476537,False,-99,0.006065977
2495981692507918309,0,2.29693065516282,GALEX J003806.8+410115,9.52843575625357,41.0211003384224,1,-999,22.09043,-999,5.294531,0.08089752,False,-99,0.00478005
2496509458089247068,0,2.29845181390648,GALEX J003754.7+410515,9.47804145592352,41.0875787038237,1,-999,24.28595,-999,0.7008409,0.08368652,False,-99,0.002868026
6449473662269521982,0,2.29875485261065,GALEX J003812.0+410217,9.55005701681749,41.0382893077711,1,-999,18.51893,-999,142.0455,0.07986537,False,-99,0.001941359
6449508846641611843,0,2.29944029253019,GALEX J003749.4+410402,9.45616299804826,41.0673171410204,1,-999,24.00513,-999,0.9077072,0.08476537,False,-99,0.002233034
6372252787397364885,0,2.30057381423715,GALEX J003801.1+410535,9.50465903228741,41.0930633225099,1,-999,21.64561,-999,7.975466,0.08104549,False,-99,0.002895499
2496509458091343977,0,2.30680021313131,GALEX J003757.1+410105,9.48826043498533,41.0181955766141,3,20.94543,20.09521,15.19957,33.2595,0.08201355,False,0.004941874,0.01179466
2590979497349100321,0,2.3121761531475,GALEX J003809.1+410500,9.53821691985803,41.0834631159462,1,-999,24.07276,-999,0.8528953,0.08104549,False,-99,0.002141757
6449508846641611722,0,2.31332833682881,GALEX J003812.0+410217,9.55036752932291,41.0382163047605,1,-999,18.50562,-999,143.7979,0.07986537,False,-99,0.001497122
6449473662269522074,0,2.31499914276186,GALEX J003812.5+410404,9.55218691053236,41.0680520723179,1,-999,23.42894,-999,1.543207,0.07986537,False,-99,0.003283257
2591014681721177188,0,2.31530205732264,GALEX J003812.0+410217,9.55035684474176,41.0381227421419,1,-999,18.54206,-999,139.051,0.07986537,False,-99,0.001543962
2591014681722244196,0,2.31561666555133,GALEX J003804.3+410103,9.51792158958167,41.0175493769965,2,24.06392,-999,0.8598748,-999,0.08089752,False,0.002230342,-99
2495946508135830806,3138661632107877654,2.31625733205463,GALEX J003812.0+410217,9.55039349099066,41.0381437479766,1,-999,18.55216,-999,137.7641,0.07986537,True,-99,0.001525237
6372252787397364534,0,2.31667865273491,GALEX J003812.0+410216,9.55029037941866,41.0379651065481,1,-999,18.3969,-999,158.9418,0.07986537,False,-99,0.001492855
2590979497349099808,0,2.31693543606009,GALEX J003812.0+410217,9.55036609331178,41.038074172641,1,-999,18.53431,-999,140.0479,0.07986537,False,-99,0.001357117
6449438477897434068,0,2.3192055984646,GALEX J003812.1+410217,9.55041701707508,41.038066796771,1,-999,18.54132,-999,139.1467,0.07986537,False,-99,0.001570283
6457249408501156818,0,2.32018841993329,GALEX J003812.1+410217,9.55044141563365,41.0380673199518,1,-999,18.45875,-999,150.1416,0.07986537,False,-99,0.001697554
6449403293525348348,0,2.32076354577948,GALEX J003812.1+410216,9.55040601782887,41.0379893680691,1,-999,18.53338,-999,140.1671,0.07986537,False,-99,0.001411851
2495876139392701316,0,2.32221226057758,GALEX J003754.7+410516,9.47797905435592,41.0880117485524,2,22.94268,-999,2.41507,-999,0.08368652,False,0.001680139,-99
2495981692507918541,0,2.3235004165403,GALEX J003812.1+410217,9.55054445191349,41.038102093992,1,-999,18.54109,-999,139.1763,0.07986537,False,-99,0.001501149
2496509458089246956,0,2.32537694130545,GALEX J003812.1+410216,9.55049675288232,41.0379542650874,1,-999,18.48128,-999,147.058,0.07986537,False,-99,0.001815547
2495981692507918828,0,2.32896111687634,GALEX J003809.1+410501,9.53823148053504,41.0838275164524,1,-999,23.86065,-999,1.036902,0.08104549,False,-99,0.001319726
2591014681721177566,0,2.33189623542114,GALEX J003809.2+410501,9.53859973247963,41.0836458980249,1,-999,24.23145,-999,0.7369205,0.08104549,False,-99,0.001724125
2591014681721177619,0,2.33193320819085,GALEX J003754.5+410516,9.4774653733556,41.0879685557194,1,-999,24.65377,-999,0.4994515,0.08368652,False,-99,0.00197065
2590979497349100393,0,2.33396343489285,GALEX J003754.5+410516,9.47744082119526,41.0879969073295,1,-999,24.20158,-999,0.7574739,0.08368652,False,-99,0.00213895
2496509458090306244,0,2.3345901309024,GALEX J003754.6+410517,9.47783423723321,41.0881868648463,2,23.97945,-999,0.9294376,-999,0.08368652,False,0.001558515,-99
6449438477897433930,0,2.33872858533776,GALEX J003756.7+410105,9.48660430469929,41.0180635215209,1,-999,20.42025,-999,24.65479,0.08201355,False,-99,0.005196285
2495981692510015471,0,2.34080167083478,GALEX J003756.8+410104,9.48679694368774,41.0179746573935,3,20.98014,20.52671,14.72129,22.35196,0.08201355,False,0.004781689,0.004834244
2495946508137927782,3138661632107877478,2.34161435833424,GALEX J003756.8+410104,9.48674467961133,41.0179743516675,3,20.78279,20.44389,17.65574,24.12366,0.08201355,True,0.004438873,0.004176454
6449508846641611637,0,2.34261627010583,GALEX J003756.7+410104,9.48643825410131,41.0180400522415,1,-999,20.48398,-999,23.24909,0.08201355,False,-99,0.006300659
2495981692507918260,0,2.34335906271037,GALEX J003754.4+410117,9.47698474257225,41.0214804781578,1,-999,23.01799,-999,2.253228,0.08384496,False,-99,0.003965078
2495876139392700707,0,2.3461525248768,GALEX J003756.8+410104,9.48666159806765,41.0179164584731,2,20.93282,-999,15.37713,-999,0.08201355,False,0.00537352,-99
2591014681721176910,0,2.34762655617874,GALEX J003753.5+410124,9.47316886368016,41.0233489220225,1,-999,24.49395,-999,0.5786526,0.08384496,False,-99,0.003411321
2591014681723274103,0,2.34830012406074,GALEX J003756.8+410104,9.48670850383787,41.0178657751363,3,21.01445,20.42301,14.26333,24.5922,0.08201355,False,0.004525437,0.003757087
2495946508135831188,0,2.35017502376145,GALEX J003801.6+410537,9.5069490367907,41.0938356052088,1,-999,23.96714,-999,0.9400324,0.08104549,False,-99,0.002626267
6449403293527445292,0,2.35093329231795,GALEX J003756.7+410104,9.48659491813696,41.0178498612151,3,20.97308,20.11962,14.81738,32.51997,0.08201355,False,0.004095337,0.007413242
6449403293525348047,0,2.35106555588421,GALEX J003754.2+410118,9.4760316641688,41.0217818173715,1,-999,22.62603,-999,3.232869,0.08384496,False,-99,0.001462396
2590979497351196471,0,2.35162572430719,GALEX J003756.8+410104,9.48672290316106,41.0178030516909,3,20.91381,20.45037,15.64877,23.98013,0.08201355,False,0.005399161,0.003859244
6457249408503253835,0,2.35320070680108,GALEX J003756.8+410103,9.4867671730396,41.017763312449,3,20.92355,20.41788,15.50891,24.70866,0.08201355,False,0.005313569,0.005760059
6449508846641611539,0,2.35614913372088,GALEX J003754.3+410117,9.47664041173132,41.0213906746921,1,-999,23.84756,-999,1.049483,0.08384496,False,-99,0.001544801
2495946508135830601,0,2.35627091515732,GALEX J003754.4+410116,9.47693478755031,41.0212510195602,1,-999,22.94725,-999,2.404919,0.08384496,False,-99,0.003515786
2591014681721176900,0,2.36004137725077,GALEX J003754.3+410117,9.47642363513373,41.0214164435554,1,-999,23.22783,-999,1.857247,0.08384496,False,-99,0.001730891
2590979497349099268,0,2.3628137997198,GALEX J003754.3+410116,9.47643164018021,41.0213581049517,1,-999,22.89651,-999,2.519971,0.08384496,False,-99,0.00244284
2590979497349100136,0,2.3647622934429,GALEX J003812.8+410402,9.55369845112737,41.067312963625,1,-999,23.43508,-999,1.534501,0.07986537,False,-99,0.00486618
6449438477897433876,0,2.36632891551547,GALEX J003754.4+410115,9.4768812661491,41.02107917428,1,-999,23.34361,-999,1.66939,0.08384496,False,-99,0.003346777
2590979497349100507,0,2.37155812648954,GALEX J003801.7+410539,9.507171513779,41.0941832279313,1,-999,25.22079,-999,0.2962683,0.08104549,False,-99,0.0008461333
2590979497349099262,0,2.37199237184439,GALEX J003753.5+410122,9.47290724376018,41.0229896149723,1,-999,24.38505,-999,0.639704,0.08384496,False,-99,0.001677958
6372252787397364384,0,2.37670820184163,GALEX J003756.6+410103,9.48604574005288,41.0175433830027,1,-999,20.72283,-999,18.65805,0.08201355,False,-99,0.005330051
2495946508135830909,0,2.37788444628267,GALEX J003812.9+410403,9.55383618698237,41.0676857746765,1,-999,23.73348,-999,1.165757,0.07986537,False,-99,0.003557365
6457249408501156520,0,2.37887541140527,GALEX J003754.3+410116,9.47625957812752,41.0211235436605,1,-999,23.30413,-999,1.731197,0.08384496,False,-99,0.003506256
2591014681721177705,0,2.38607718988014,GALEX J003801.6+410539,9.50698026538566,41.0944335715534,1,-999,24.96454,-999,0.3751298,0.08104549,False,-99,0.001566892
2590979497349099172,0,2.38685646566303,GALEX J003755.4+410108,9.48111900533257,41.0189409403573,1,-999,24.33547,-999,0.6695919,0.08201355,False,-99,0.001987406
2591014681721177368,0,2.38760039174618,GALEX J003812.9+410403,9.55414427214069,41.0675072746979,1,-999,23.89197,-999,1.007424,0.07986537,False,-99,0.002380521
2496509458089246948,0,2.39531401627942,GALEX J003813.0+410402,9.55443746972604,41.0672517727339,1,-999,23.46487,-999,1.492966,0.07986537,False,-99,0.004009559
2591014681721176921,0,2.4138455078979,GALEX J003752.4+410129,9.46848185867971,41.0248211395398,1,-999,24.09776,-999,0.8334782,0.08384496,False,-99,0.003883586
2590979497349099373,0,2.41796033298874,GALEX J003810.8+410143,9.54503286024811,41.0287605943119,1,-999,23.63025,-999,1.282036,0.07986537,False,-99,0.003627101
6449508846641611556,0,2.42080741954347,GALEX J003752.8+410125,9.47007747327368,41.0236296306921,1,-999,23.48911,-999,1.460006,0.08384496,False,-99,0.003563205
2590979497349099360,0,2.42827660297778,GALEX J003752.3+410129,9.4681351679257,41.0247332355979,1,-999,23.68356,-999,1.220605,0.08384496,False,-99,0.004563157
2590979497349100016,0,2.4283418729844,GALEX J003748.2+410255,9.45110739950098,41.0486412323096,1,-999,20.20155,-999,30.15654,0.08384496,False,-99,0.008100859
6449473662269522144,0,2.43061616494882,GALEX J003802.1+410542,9.5088174141733,41.0950804938679,1,-999,24.09311,-999,0.8370551,0.08104549,False,-99,0.001815656
2591014681721177226,0,2.43325918294737,GALEX J003800.4+410051,9.5019516399284,41.0142023359521,1,-999,21.29342,-999,11.03145,0.08089752,False,-99,0.01318151
2496509458089246801,0,2.43531408362027,GALEX J003752.4+410127,9.46857459033581,41.0242797033039,1,-999,23.46967,-999,1.48639,0.08384496,False,-99,0.004165161
6449403293525348529,0,2.43741740850355,GALEX J003811.3+410445,9.54713561243771,41.0792328651394,1,-999,22.63844,-999,3.196126,0.08104549,False,-99,0.00375304
2495946508135830611,0,2.44112371715703,GALEX J003752.4+410126,9.46872348980642,41.0240525078044,1,-999,23.19553,-999,1.913315,0.08384496,False,-99,0.00544684
6449403293525347991,0,2.44241662294159,GALEX J003800.9+410050,9.50376267609587,41.0140164191673,1,-999,21.81993,-999,6.792458,0.08089752,False,-99,0.003575151
6449438477897434245,0,2.44295338400561,GALEX J003811.2+410446,9.54680414168578,41.0797104947506,1,-999,22.99934,-999,2.292249,0.08104549,False,-99,0.002663033
2495981692510015941,0,2.44467937363393,GALEX J003811.4+410444,9.54756557499974,41.0790019980658,3,23.2482,22.85555,1.822726,2.616859,0.08104549,False,0.00228677,0.005620874
2590979497351197455,0,2.44991998202123,GALEX J003811.3+410446,9.54713564505179,41.0795767777177,3,22.93643,22.81156,2.429023,2.725067,0.08104549,False,0.003916626,0.001699388
6457249408501157114,0,2.45113896371352,GALEX J003811.3+410446,9.54709360014195,41.079651371968,1,-999,22.83481,-999,2.667313,0.08104549,False,-99,0.004326185
2496509458090306217,0,2.45398702175958,GALEX J003811.2+410447,9.54705613969686,41.0797656291617,2,23.05693,-999,2.173849,-999,0.08104549,False,0.003493147,-99
2495876139392701367,0,2.45927980291426,GALEX J003749.0+410416,9.454377186838,41.0711755733376,2,23.55019,-999,1.38015,-999,0.08476537,False,0.002320307,-99
2495876139392700916,0,2.4618122036788,GALEX J003811.3+410446,9.54746622185117,41.0795770757955,2,22.32852,-999,4.252021,-999,0.08104549,False,0.002547951,-99
2591014681721176835,0,2.47864661472222,GALEX J003801.7+410048,9.50715661545303,41.0134730577168,1,-999,22.30831,-999,4.331892,0.08089752,False,-99,0.006475682
6449508846641612010,0,2.48202427099987,GALEX J003811.3+410448,9.54741047023281,41.080183431036,1,-999,22.25163,-999,4.564034,0.08104549,False,-99,0.00590974
2591014681721176950,0,2.48463045759911,GALEX J003811.3+410144,9.54712095406904,41.028930040421,1,-999,24.94661,-999,0.3813778,0.07986537,False,-99,0.002511924
2496509458091344291,0,2.48499721238611,GALEX J003759.0+410544,9.49617990134636,41.0956988782805,3,22.99829,23.44059,2.294482,1.52674,0.08368652,False,0.001550629,0.004067987
6449403293526402724,0,2.48625398759713,GALEX J003758.8+410544,9.49513060506437,41.0955960650762,2,22.41664,-999,3.920539,-999,0.08368652,False,0.003412742,-99
2591014681723274879,0,2.48852321126017,GALEX J003811.4+410448,9.54754664348888,41.0802279473965,3,22.87203,22.18948,2.577441,4.832898,0.08104549,False,0.002563815,0.004004261
6372252787398416973,0,2.49239368690727,GALEX J003759.1+410545,9.49638493994127,41.095845818885,2,21.4969,-999,9.146213,-999,0.08368652,False,0.001170091,-99
2591014681721177622,0,2.49367936661497,GALEX J003752.3+410509,9.46793494705811,41.0860467045849,1,-999,24.38685,-999,0.6386459,0.08368652,False,-99,0.003579952
6457249408501156448,0,2.49449120954579,GALEX J003759.4+410048,9.49785597102243,41.0134207914463,1,-999,23.85679,-999,1.040599,0.08201355,False,-99,0.001805729
6449438477897434281,0,2.49472959123959,GALEX J003752.1+410507,9.46713162017045,41.0855316317623,1,-999,24.11849,-999,0.8177145,0.08368652,False,-99,0.002091325
2590979497349100338,0,2.49806433835397,GALEX J003752.0+410507,9.46694021419406,41.0854755153213,1,-999,24.33086,-999,0.6724413,0.08368652,False,-99,0.002381439
2590979497351197726,0,2.49850806056433,GALEX J003759.0+410545,9.49603832031886,41.0959107282163,3,22.54455,23.26109,3.484837,1.801202,0.08368652,False,0.004887688,0.001891508
6449473662269521927,0,2.49898829368524,GALEX J003752.5+410121,9.46879851893152,41.0227371543072,1,-999,23.02049,-999,2.248045,0.08384496,False,-99,0.003105287
6457249408502212316,0,2.50066264345712,GALEX J003759.0+410545,9.4961479389504,41.0959592311819,2,22.93746,-999,2.426718,-999,0.08368652,False,0.001833507,-99
6372252787397364506,0,2.50084439083124,GALEX J003748.8+410217,9.45341229129637,41.0382269255582,1,-999,21.75376,-999,7.219287,0.08384496,False,-99,0.002084161
6449508846641612050,0,2.5018390079943,GALEX J003758.9+410545,9.49579450117162,41.0959391288471,1,-999,23.28335,-999,1.764662,0.08368652,False,-99,0.003241808
6449403293526402506,0,2.50240550230029,GALEX J003748.7+410220,9.45297506674718,41.0389447650274,2,21.34978,-999,10.47344,-999,0.08384496,False,0.00507535,-99
2591014681721177077,0,2.50269164994592,GALEX J003748.7+410218,9.4532812245816,41.0383793774455,1,-999,21.91389,-999,6.229389,0.08384496,False,-99,0.00375404
2495946508137928117,0,2.50505426238564,GALEX J003811.5+410449,9.5478998982467,41.0803343677357,3,22.55737,22.25844,3.443933,4.535495,0.08104549,False,0.004182298,0.008580325
2495981692507918883,0,2.50507117061511,GALEX J003808.0+410524,9.5334967884584,41.0901375920671,1,-999,23.39161,-999,1.597193,0.08104549,False,-99,0.002123443
2590979497349100407,0,2.50637064955272,GALEX J003808.7+410519,9.53654460986597,41.0886213969836,1,-999,24.20951,-999,0.7519624,0.08104549,False,-99,0.002779987
2591014681723274911,0,2.50976142742615,GALEX J003759.0+410545,9.49591618832497,41.0960866014819,3,22.85677,23.12125,2.613925,2.048806,0.08368652,False,0.002186678,0.00183454
2590979497349099778,0,2.51260525019265,GALEX J003748.7+410218,9.45297730794784,41.0384970143235,1,-999,20.77806,-999,17.73268,0.08384496,False,-99,0.01216833
2495981692510016094,0,2.51328629002459,GALEX J003759.1+410546,9.49629749575154,41.0961881493227,3,22.30273,23.25502,4.354232,1.811305,0.08368652,False,0.002983982,0.003094211
2495946508135830505,0,2.51482494536388,GALEX J003801.7+410046,9.50707714465622,41.0128660110825,1,-999,24.07469,-999,0.8513799,0.08089752,False,-99,0.003159862
6449473662269522154,0,2.51975927907228,GALEX J003759.1+410546,9.49639900117415,41.0963079751176,1,-999,23.2284,-999,1.856267,0.08368652,False,-99,0.003853413
2591014681721176811,0,2.52178147914614,GALEX J003805.9+410056,9.52494114250079,41.015723039764,1,-999,25.20708,-999,0.3000323,0.08089752,False,-99,0.002467217
2591014681721177634,0,2.52282458081861,GALEX J003808.7+410520,9.53653830718116,41.0889621871541,1,-999,24.90406,-999,0.3966213,0.08104549,False,-99,0.001392335
6449403293525348005,0,2.52846360027847,GALEX J003805.8+410055,9.52446500112461,41.0154610903345,1,-999,22.88259,-999,2.552494,0.08089752,False,-99,0.003312327
6449438477897434352,0,2.53549284432646,GALEX J003758.8+410547,9.49514391484816,41.0964294512331,1,-999,22.89017,-999,2.534742,0.08368652,False,-99,0.003521005
2495876139392701302,0,2.54052647506924,GALEX J003759.3+410548,9.49714911376059,41.0967325624563,2,21.9166,-999,6.213841,-999,0.08368652,False,0.006119391,-99
6372252787397364542,0,2.55355556947973,GALEX J003747.9+410234,9.44990337504318,41.0430334222048,1,-999,21.10441,-999,13.12906,0.08384496,False,-99,0.004431353
6449473662269521921,0,2.55376157260037,GALEX J003751.7+410124,9.46578903167137,41.0235185789473,1,-999,23.47651,-999,1.477048,0.08384496,False,-99,0.003006774
2590979497349099654,0,2.56132168368458,GALEX J003747.9+410235,9.44967723147798,41.0431603057192,1,-999,21.48504,-999,9.246627,0.08384496,False,-99,0.00644405
2495946508137928276,0,2.56293780909956,GALEX J003759.0+410549,9.4961611565595,41.0970093992602,3,22.21921,22.78687,4.702372,2.787733,0.08368652,False,0.002484409,0.006726058
2495981692507918808,0,2.57603745141711,GALEX J003811.6+410453,9.54861880931294,41.0815578939017,1,-999,24.07193,-999,0.8535472,0.08104549,False,-99,0.003051995
2496509458091344136,0,2.5824238824448,GALEX J003747.3+410326,9.44720100585061,41.0574173049866,3,20.81898,20.25685,17.0769,28.65884,0.08384496,False,0.001538743,0.002395276
2590979497349100313,0,2.58533684225201,GALEX J003811.6+410454,9.54863362061403,41.0817914177364,1,-999,23.3696,-999,1.629897,0.08104549,False,-99,0.003033774
2495981692507918780,0,2.58577008697087,GALEX J003749.9+410449,9.4582732062866,41.0804140718396,1,-999,24.11068,-999,0.8236205,0.08476537,False,-99,0.0009943792
6449473662269521932,0,2.58669527212339,GALEX J003811.9+410143,9.54966891912295,41.0286301293756,1,-999,22.68075,-999,3.073959,0.07986537,False,-99,0.003941917
6449508846641612025,0,2.58722768036463,GALEX J003810.8+410504,9.54532836456573,41.0846617154759,1,-999,21.90639,-999,6.272516,0.08104549,False,-99,0.003837601
2495946508136885973,0,2.59025679242517,GALEX J003810.9+410504,9.54552798534718,41.0845779641805,2,22.27256,-999,4.476901,-999,0.08104549,False,0.003130118,-99
6457249408502212267,0,2.59100097377589,GALEX J003810.8+410505,9.54532573461699,41.0847542910841,2,22.37222,-999,4.084285,-999,0.08104549,False,0.001984753,-99
2495981692510015824,0,2.59144785027098,GALEX J003747.2+410327,9.44702691821601,41.0577131650581,3,20.84604,20.45154,16.65655,23.95428,0.08476537,False,0.001702183,0.00161075
6372252787399461961,0,2.59175946230081,GALEX J003810.9+410504,9.54572892143397,41.08445530028,3,21.0253,21.05403,14.12154,13.75267,0.08104549,False,0.003581397,0.00420928
6449473662269522170,0,2.59205835358969,GALEX J003810.9+410504,9.54550570807118,41.0846388862438,1,-999,21.10548,-999,13.1162,0.08104549,False,-99,0.008662823
2590979497351197654,0,2.59254290233487,GALEX J003810.9+410504,9.54555970962216,41.0846080854871,3,22.17294,21.65529,4.907102,7.904632,0.08104549,False,0.00351577,0.002932286
6457249408501156440,0,2.59341594745849,GALEX J003801.6+410041,9.50674928590412,41.0115425482575,1,-999,23.62553,-999,1.287619,0.08089752,False,-99,0.002685582
2591014681723274885,0,2.59519980352903,GALEX J003810.9+410504,9.54554183783337,41.0846861244781,3,22.71398,21.67802,2.981332,7.740869,0.08104549,False,0.003121991,0.002193994
6449403293527445774,0,2.59631156796633,GALEX J003810.9+410504,9.54576258949101,41.0845387614877,3,22.11318,21.84272,5.18479,6.651368,0.08104549,False,0.003714549,0.007005095
2590979497349099899,0,2.59696003507812,GALEX J003814.6+410338,9.56101211607668,41.060726287683,1,-999,24.91459,-999,0.3927915,0.07986537,False,-99,0.002596835
2496509458090306219,0,2.59765145024173,GALEX J003810.9+410504,9.54564215299524,41.0846662971416,2,22.17095,-999,4.916118,-999,0.08104549,False,0.003441706,-99
6457249408503254066,0,2.59803299980909,GALEX J003747.2+410326,9.44685547800296,41.057419064714,3,21.02052,20.43309,14.1839,24.3648,0.08476537,False,0.001668822,0.003302797
2591014681723274643,0,2.59958263159203,GALEX J003747.2+410326,9.44681473812186,41.0573398203337,3,20.83665,20.14856,16.80135,31.66468,0.08476537,False,0.001681439,0.00179672
2590979497351197442,0,2.60065398115417,GALEX J003747.2+410327,9.44680417797206,41.0574998330592,3,20.85739,20.30074,16.48334,27.5235,0.08476537,False,0.001507885,0.001677211
2495876139392701201,0,2.60259426617008,GALEX J003747.2+410326,9.44675727931051,41.0574530667108,2,20.92822,-999,15.44236,-999,0.08476537,False,0.002224815,-99
2495876139392700644,0,2.60353859785059,GALEX J003810.9+410506,9.54539746504617,41.0849986253166,2,22.27269,-999,4.47638,-999,0.08104549,False,0.002829337,-99
6449438477897434357,0,2.60387411261679,GALEX J003810.9+410505,9.54565670093842,41.0848046853166,1,-999,21.5789,-999,8.480825,0.08104549,False,-99,0.006419473
6449438477897434164,0,2.60388315302951,GALEX J003747.2+410327,9.44673468941193,41.0575237278102,1,-999,20.38178,-999,25.54395,0.08476537,False,-99,0.001807047
6449508846641611856,0,2.60688254139425,GALEX J003747.2+410327,9.44667314207959,41.0575804465736,1,-999,20.41195,-999,24.84398,0.08476537,False,-99,0.001778043
2495981692508973271,0,2.6071383092518,GALEX J003811.0+410505,9.54581479124734,41.084759006664,2,22.49646,-999,3.642656,-999,0.08104549,False,0.001344472,-99
2495946508137928069,3138661632107877765,2.6086902335404,GALEX J003747.1+410326,9.44660411130581,41.0572246219942,3,20.64808,20.18827,19.98799,30.52751,0.08476537,True,0.002133576,0.002365518
6449403293527445556,0,2.60938183193685,GALEX J003747.1+410326,9.44660143518482,41.057385655266,3,20.68683,20.12175,19.28717,32.4564,0.08476537,False,0.002023671,0.002007939
2591014681721177270,0,2.61047928370536,GALEX J003814.7+410338,9.56130899863904,41.0607524527458,1,-999,24.77248,-999,0.4477217,0.07986537,False,-99,0.002784756
6372252787399461792,0,2.61116432839785,GALEX J003747.1+410327,9.4465865736197,41.0576741696683,3,21.41821,20.40083,9.833716,25.09963,0.08476537,False,0.001240088,0.003959354
2590979497349099797,0,2.61800894973703,GALEX J003814.8+410315,9.56202567530333,41.0542240630262,1,-999,24.2918,-999,0.6970747,0.07986537,False,-99,0.003368454
6449473662269522056,0,2.61966372540028,GALEX J003747.1+410327,9.44640219069458,41.0577175309045,1,-999,20.22847,-999,29.41791,0.08476537,False,-99,0.002489595
2590979497349100243,0,2.6203987824701,GALEX J003812.7+410441,9.55312337909375,41.0780663234626,1,-999,23.77405,-999,1.122998,0.08104549,False,-99,0.003573043
6449438477897434226,0,2.62312106344995,GALEX J003812.7+410441,9.55309460784598,41.0781852887658,1,-999,24.17797,-999,0.7741249,0.08104549,False,-99,0.002506136
6372252787397364362,0,2.62335499585676,GALEX J003808.1+410101,9.53384563342526,41.0171656464638,1,-999,22.2198,-999,4.699816,0.08089752,False,-99,0.001210934
6449403293525348713,0,2.6254408708534,GALEX J003801.2+410554,9.50514128560029,41.0984734017314,1,-999,22.68497,-999,3.062037,0.08104549,False,-99,0.004594577
2591014681721177186,0,2.62554454591575,GALEX J003814.9+410314,9.56219021303859,41.054107165128,1,-999,24.55233,-999,0.5483641,0.07986537,False,-99,0.003058094
6449508846641612075,0,2.62750268735101,GALEX J003802.3+410553,9.50977377379305,41.0983094678156,1,-999,23.58336,-999,1.338617,0.08104549,False,-99,0.001922664
2591014681721177557,0,2.6294797233107,GALEX J003812.9+410439,9.55379198066979,41.0775413287466,1,-999,23.62373,-999,1.28976,0.08104549,False,-99,0.004978945
2590979497349099060,0,2.62954678338527,GALEX J003758.4+410041,9.49350206181667,41.011641101434,1,-999,24.69102,-999,0.4826053,0.08201355,False,-99,0.002494855
2591014681721176816,0,2.63506068063826,GALEX J003758.4+410041,9.49368788337519,41.0115217370166,1,-999,23.85641,-999,1.040966,0.08201355,False,-99,0.003908809
2496509458089246885,0,2.63786386283567,GALEX J003814.9+410312,9.56244820887583,41.0535770731469,1,-999,24.53151,-999,0.5589796,0.07986537,False,-99,0.003216109
2496509458091344309,0,2.63963946724367,GALEX J003805.1+410548,9.52163282822131,41.0966996995439,3,22.882,23.09525,2.553884,2.098453,0.08104549,False,0.002831447,0.003476355
2495946508135831157,0,2.64108279203379,GALEX J003801.4+410555,9.50601391289106,41.0987182372205,1,-999,22.90618,-999,2.497631,0.08104549,False,-99,0.003548109
2496509458089247059,0,2.64366282543032,GALEX J003812.7+410442,9.55329221393034,41.0785877279719,1,-999,23.45998,-999,1.499712,0.08104549,False,-99,0.004656293
6449473662269522171,0,2.64906863061692,GALEX J003805.2+410548,9.52199070170755,41.0967791366104,1,-999,23.16591,-999,1.966227,0.08104549,False,-99,0.003915421
2495946508135830484,0,2.64913466065118,GALEX J003758.2+410041,9.4925941197609,41.011441556179,1,-999,24.38129,-999,0.6419245,0.08201355,False,-99,0.003126998
2495946508135830881,0,2.65137797421873,GALEX J003814.9+410336,9.56232774640844,41.0601384069953,1,-999,23.89412,-999,1.005425,0.07986537,False,-99,0.005053339
6457249408501157153,0,2.65799448433094,GALEX J003809.1+410526,9.53825986829481,41.0908038946006,1,-999,23.71149,-999,1.189609,0.08104549,False,-99,0.002850087
6449403293525348692,0,2.65853681692384,GALEX J003805.0+410549,9.52092066022526,41.0971930420362,1,-999,23.32294,-999,1.701466,0.08104549,False,-99,0.003158843
2590979497349100636,0,2.66128061601315,GALEX J003801.4+410556,9.50601879384346,41.0990549192997,1,-999,23.40656,-999,1.575337,0.08104549,False,-99,0.002200351
6372252787397364693,0,2.66265820368781,GALEX J003747.1+410345,9.44624739422551,41.062597325664,1,-999,22.50534,-999,3.612968,0.08476537,False,-99,0.002107859
2496509458091344359,0,2.66882371750408,GALEX J003801.3+410557,9.50579375879567,41.0991857032773,3,23.89124,23.37989,1.008101,1.61452,0.08104549,False,0.002476508,0.004861688
2590979497351197771,0,2.67026323303099,GALEX J003805.1+410550,9.52157756386714,41.097247210124,3,23.18697,23.23031,1.928472,1.852999,0.08104549,False,0.002184931,0.002300851
2590979497349099845,0,2.67218387909633,GALEX J003815.1+410329,9.56305262709362,41.0581573855775,1,-999,24.39377,-999,0.634586,0.07986537,False,-99,0.003154836
2495876139392701147,0,2.67285649018179,GALEX J003805.1+410550,9.52160881156146,41.0972851722479,2,23.36855,-999,1.631488,-999,0.08104549,False,0.002331214,-99
2591014681723274912,0,2.67287968890195,GALEX J003805.1+410550,9.52160787070061,41.0972857960366,3,23.41003,23.32173,1.570321,1.703364,0.08104549,False,0.003828435,0.001960797
6449508846641612061,0,2.67563598112429,GALEX J003805.1+410550,9.5214840850154,41.0973625563674,1,-999,23.33445,-999,1.683523,0.08104549,False,-99,0.00209017
2591014681721177828,0,2.67754741027861,GALEX J003801.4+410557,9.50599161717364,41.0993268027818,1,-999,23.67777,-999,1.22713,0.08104549,False,-99,0.00288119
2495981692507918958,0,2.67863275389064,GALEX J003805.1+410550,9.5215666629523,41.0973957046089,1,-999,23.41238,-999,1.566927,0.08104549,False,-99,0.003074529
6457249408501157172,0,2.68435597430083,GALEX J003805.2+410550,9.52170927427265,41.0974623725456,1,-999,23.30993,-999,1.721978,0.08104549,False,-99,0.003002478
2495981692507918160,0,2.68691686035534,GALEX J003758.2+410038,9.49288680697992,41.0107560605532,1,-999,23.43686,-999,1.531985,0.08201355,False,-99,0.002970727
2495981692507918972,0,2.6890282700126,GALEX J003801.6+410558,9.50666900080828,41.0994996453775,1,-999,23.99398,-999,0.9170815,0.08104549,False,-99,0.00240302
6449403293525348024,0,2.69045377205247,GALEX J003754.5+410052,9.47743282098083,41.0146716042313,1,-999,22.26867,-999,4.492945,0.08201355,False,-99,0.004345693
2495946508135831025,0,2.69238573394196,GALEX J003813.2+410439,9.55537258867301,41.0775938433642,1,-999,23.92625,-999,0.9761143,0.08104549,False,-99,0.003665764
2495946508137928306,0,2.69537196843093,GALEX J003805.1+410551,9.52137953467266,41.0977303101524,3,23.36211,22.69207,1.641186,3.042074,0.08104549,False,0.00132393,0.005882764
6372252787397364582,0,2.70051804832334,GALEX J003747.0+410242,9.44585595660423,41.0451285722233,1,-999,21.33884,-999,10.57944,0.08384496,False,-99,0.00405322
6457249408501157200,0,2.70145256100627,GALEX J003811.3+410508,9.54739232623489,41.0857898964777,1,-999,20.63146,-999,20.2963,0.08104549,False,-99,0.008291482
2496509458089247216,0,2.70585605120646,GALEX J003811.4+410508,9.54754509558526,41.0857753139181,1,-999,20.39715,-999,25.18494,0.08104549,False,-99,0.01121507
2495876139392700737,0,2.70893132120221,GALEX J003754.6+410051,9.47756958297721,41.0142758041236,2,23.60739,-999,1.309317,-999,0.08201355,False,0.001836239,-99
2590979497349099480,0,2.71568170223009,GALEX J003813.9+410204,9.55789700030294,41.034561579812,1,-999,23.66798,-999,1.238247,0.07986537,False,-99,0.002749988
2495981692508973149,0,2.71666764482778,GALEX J003813.1+410149,9.55479111406628,41.0303869038368,2,22.64068,-999,3.189541,-999,0.07986537,False,0.003240485,-99
2591014681721176988,0,2.71675041933288,GALEX J003813.9+410204,9.55790554001238,41.0345345651335,1,-999,24.68713,-999,0.4843363,0.07986537,False,-99,0.002283354
6449403293525348612,0,2.72014672695061,GALEX J003751.1+410516,9.46304239718807,41.0877998328407,1,-999,22.08978,-999,5.297711,0.08368652,False,-99,0.003813607
6449438477897434387,0,2.72029539340788,GALEX J003804.8+410554,9.52022957348926,41.0984135948769,1,-999,23.06712,-999,2.153533,0.08104549,False,-99,0.004253152
6457249408501157098,0,2.72203591661335,GALEX J003751.0+410515,9.46259985368627,41.0875274287855,1,-999,23.00747,-999,2.275155,0.08368652,False,-99,0.002492701
2591014681721176954,0,2.72296451736213,GALEX J003813.2+410150,9.55526516086929,41.0307576669588,1,-999,24.83567,-999,0.4224087,0.07986537,False,-99,0.002848288
6372252787397364335,0,2.7230707212126,GALEX J003754.6+410050,9.47752521229441,41.0140294472837,1,-999,22.32816,-999,4.253383,0.08201355,False,-99,0.002069249
2496509458091344244,0,2.72375023806889,GALEX J003751.0+410515,9.46271980302414,41.0876529997212,3,22.93746,23.02763,2.426715,2.233305,0.08368652,False,0.003958034,0.003040302
6449438477897434331,0,2.72387677505348,GALEX J003751.1+410516,9.46300887598377,41.0878613573846,1,-999,22.87459,-999,2.571367,0.08368652,False,-99,0.003959556
2591014681723273971,0,2.72430356774206,GALEX J003754.5+410050,9.4773313120139,41.0140790461955,3,23.01233,23.27103,2.265019,1.784795,0.08201355,False,0.005212619,0.002042451
2495946508135830995,0,2.72519796204784,GALEX J003811.4+410510,9.54770780682507,41.0861139631654,1,-999,20.77519,-999,17.7796,0.08104549,False,-99,0.006039549
6449508846641611995,0,2.72814800021449,GALEX J003750.9+410515,9.46247458709882,41.0875780885953,1,-999,23.64925,-999,1.259793,0.08368652,False,-99,0.00179932
2495981692510016019,0,2.73078443519632,GALEX J003751.1+410516,9.46303400711983,41.0880365825347,3,23.37776,23.43596,1.617694,1.533254,0.08368652,False,0.002066958,0.001895236
2590979497351196300,0,2.73174845742288,GALEX J003754.5+410050,9.47714360479574,41.0140110653677,3,23.22497,23.23808,1.86214,1.839788,0.08201355,False,0.002497862,0.001902474
6457249408501156452,0,2.73394693439864,GALEX J003754.6+410049,9.47772100444075,41.0137551502802,1,-999,23.84761,-999,1.049437,0.08201355,False,-99,0.002546584
6372252787397364901,0,2.73398885988931,GALEX J003754.7+410545,9.47825189675737,41.0958884490141,1,-999,21.2989,-999,10.9759,0.08368652,False,-99,0.003442738
2591014681723274798,0,2.73468296616677,GALEX J003751.0+410516,9.46254701706198,41.0877806115831,3,24.24748,23.17288,0.7261243,1.953657,0.08368652,False,0.001587333,0.001861235
2590979497349100422,0,2.73741032575477,GALEX J003751.0+410516,9.46248252385911,41.0877971297857,1,-999,23.14832,-999,1.998349,0.08368652,False,-99,0.001617386
6449438477897433831,0,2.73886150876147,GALEX J003754.2+410051,9.4761952004707,41.0142434377967,1,-999,23.28518,-999,1.761687,0.08201355,False,-99,0.003720364
2496509458091344318,0,2.73895978074293,GALEX J003754.7+410545,9.4782129738382,41.0959662338724,3,22.06524,21.595,5.418814,8.356011,0.08368652,False,0.003635986,0.002692873
2496509458091343934,0,2.74123345795692,GALEX J003754.2+410051,9.4759213274457,41.0143070914504,3,22.8381,22.46598,2.659264,3.746346,0.08201355,False,0.004320385,0.006710226
6457249408503254371,0,2.74124190060561,GALEX J003754.7+410545,9.47802301771829,41.0959401613624,3,21.91434,21.57791,6.22681,8.48856,0.08368652,False,0.002537984,0.003657988
6457249408501156458,0,2.74415167914422,GALEX J003754.0+410052,9.47511548494314,41.0145779831317,1,-999,23.69992,-999,1.202356,0.08201355,False,-99,0.002771063
6449508846641611514,0,2.74457136537736,GALEX J003754.1+410051,9.4755516229999,41.0143922237702,1,-999,22.82635,-999,2.688192,0.08201355,False,-99,0.0044524
2495981692507918180,0,2.74588171248584,GALEX J003754.2+410051,9.47589258098679,41.0142309555593,1,-999,23.36846,-999,1.631601,0.08201355,False,-99,0.004161309
6449473662269522126,0,2.74642524121912,GALEX J003750.9+410516,9.46233637002421,41.087899715504,1,-999,22.65859,-999,3.137355,0.08368652,False,-99,0.004164999
2590979497349099534,0,2.74748596939271,GALEX J003814.8+410224,9.56178188012803,41.04027123988,1,-999,24.60644,-999,0.5217039,0.07986537,False,-99,0.002063594
6449508846641612081,0,2.7477068145889,GALEX J003754.7+410545,9.47809291895597,41.0960846536596,1,-999,21.54195,-999,8.774451,0.08368652,False,-99,0.005322306
2590979497349099497,0,2.74809790150452,GALEX J003813.3+410149,9.55556511799275,41.030329655934,1,-999,23.28415,-999,1.763363,0.07986537,False,-99,0.004632731
2590979497351197821,0,2.74968511726648,GALEX J003754.7+410545,9.47797170712884,41.0960776482389,3,21.93492,21.58483,6.109896,8.434636,0.08368652,False,0.002767585,0.001800911
6449403293527445869,0,2.7501416668334,GALEX J003754.6+410545,9.47779603896955,41.096022595486,3,22.19553,21.35045,4.806063,10.46691,0.08368652,False,0.003398145,0.005753726
2495981692510016149,0,2.751226413027,GALEX J003754.8+410546,9.47834084572911,41.0962377615113,3,21.80433,21.52507,6.890797,8.911916,0.08368652,False,0.002708427,0.003547368
2495876139392700690,0,2.75132794332236,GALEX J003810.5+410111,9.54373655820406,41.0199100310841,2,23.43309,-999,1.537323,-999,0.08089752,False,0.00263563,-99
2495946508135831013,0,2.75186136870113,GALEX J003748.3+410439,9.4514854848291,41.07765554233,1,-999,24.00204,-999,0.910301,0.08476537,False,-99,0.004857746
2495981692510016100,0,2.75316699581006,GALEX J003811.5+410511,9.54814847012325,41.0864411173122,3,21.55629,20.95601,8.659353,15.05204,0.08104549,False,0.002307187,0.007260406
6457249408502212174,0,2.75458760689571,GALEX J003810.5+410111,9.54373062465618,41.0198346861376,2,22.6682,-999,3.109731,-999,0.08089752,False,0.003286672,-99
2495946508137928222,0,2.7552262746963,GALEX J003750.9+410517,9.46246815739611,41.0881954507817,3,23.00011,22.61352,2.290636,3.27033,0.08368652,False,0.001719625,0.005218248
2591014681723274986,0,2.75696688603116,GALEX J003754.6+410546,9.47784274195585,41.0961656912658,3,22.0351,21.58659,5.57135,8.420972,0.08368652,False,0.003101139,0.002012741
6449403293525348043,0,2.75740401400857,GALEX J003810.4+410110,9.54358554881841,41.0196798258304,1,-999,22.3521,-999,4.160645,0.08089752,False,-99,0.003884628
6372252787398416919,0,2.75820557389661,GALEX J003746.9+410402,9.44558362567447,41.0674528183971,2,21.53771,-999,8.808796,-999,0.08476537,False,0.0009097578,-99
6449438477897433873,0,2.7618334402438,GALEX J003810.5+410111,9.54389426222222,41.0197814086337,1,-999,22.82846,-999,2.682979,0.08089752,False,-99,0.003276678
2495946508135830557,0,2.76217486292547,GALEX J003754.1+410050,9.47561830127603,41.0140331302924,1,-999,22.51063,-999,3.595419,0.08201355,False,-99,0.005679715
2591014681723274036,0,2.76272183971447,GALEX J003810.5+410110,9.54378216286114,41.0196896245749,3,23.62569,22.79002,1.287438,2.779655,0.08089752,False,0.001634034,0.001940466
2590979497351196409,0,2.76350951048491,GALEX J003810.5+410110,9.54372949022227,41.0196385489763,3,23.16387,22.64887,1.96994,3.165572,0.08089752,False,0.001910711,0.002343152
6449473662269522182,0,2.76596080855072,GALEX J003754.6+410546,9.47759409326192,41.0962419184164,1,-999,21.50585,-999,9.071085,0.08368652,False,-99,0.003528723
2495946508137928195,0,2.76659131351159,GALEX J003754.6+410546,9.4777168718779,41.09629810472,3,21.71353,21.34858,7.491896,10.48499,0.08368652,False,0.002588203,0.003810452
2495946508136885451,0,2.76743649895192,GALEX J003810.5+410110,9.54397399941931,41.0197099802453,2,23.27004,-999,1.786423,-999,0.08089752,False,0.003539941,-99
6449438477897434525,0,2.76950137808076,GALEX J003754.7+410547,9.47809469862746,41.0964871269564,1,-999,21.74539,-999,7.275153,0.08368652,False,-99,0.00570352
2590979497349099133,0,2.76998331277332,GALEX J003753.8+410051,9.47446652249758,41.0143560155201,1,-999,23.19711,-999,1.910535,0.08201355,False,-99,0.002486778
6457249408501156463,0,2.77035120384409,GALEX J003807.2+410046,9.5302605588408,41.0129553280874,1,-999,23.56981,-999,1.355426,0.08089752,False,-99,0.003142989
2495981692508973179,0,2.7708024355136,GALEX J003814.9+410224,9.56220835611053,41.0400079516704,2,23.20956,-999,1.888758,-999,0.07986537,False,0.002191526,-99
2591014681721176831,0,2.77161830116009,GALEX J003753.9+410051,9.4746087616956,41.0142655458666,1,-999,23.41602,-999,1.561673,0.08201355,False,-99,0.002863799
6372252787397364817,0,2.77323260976435,GALEX J003811.7+410511,9.54877330664087,41.0864307403301,1,-999,20.75448,-999,18.12205,0.08104549,False,-99,0.003927795
2495981692507918226,0,2.77336634205272,GALEX J003810.6+410111,9.54427276070356,41.0197736725363,1,-999,23.22535,-999,1.861478,0.08089752,False,-99,0.004045315
2590979497349100563,0,2.77575920508646,GALEX J003810.5+410524,9.54374905233338,41.090074529366,1,-999,22.70797,-999,2.997874,0.08104549,False,-99,0.005188018
2496509458090306108,0,2.77884386927387,GALEX J003810.5+410109,9.54377988206634,41.0193358133127,2,23.26751,-999,1.790594,-999,0.08089752,False,0.001564837,-99
6449403293527445750,0,2.78413078118508,GALEX J003811.6+410512,9.54860725899697,41.0868261850108,3,21.69263,21.83638,7.637474,6.690311,0.08104549,False,0.003081492,0.002841653
6449473662269522139,0,2.7846835625936,GALEX J003811.6+410512,9.54852828429295,41.0869015137813,1,-999,21.29865,-999,10.97846,0.08104549,False,-99,0.004070614
6449508846641612020,0,2.78692874566454,GALEX J003811.6+410512,9.54868128498898,41.0868353318571,1,-999,21.51798,-999,8.970326,0.08104549,False,-99,0.004187915
2495946508136885945,0,2.78975416313876,GALEX J003811.6+410512,9.54864942254837,41.0869284621385,2,21.8567,-999,6.566323,-999,0.08104549,False,0.004771553,-99
2590979497351197704,0,2.78988642919776,GALEX J003811.6+410512,9.54870752699475,41.0868859628456,3,22.08411,21.41456,5.325482,9.866789,0.08104549,False,0.002241425,0.001494218
2495876139392701121,0,2.7905409776745,GALEX J003811.7+410512,9.54890379299404,41.0867465792891,2,21.97778,-999,5.873422,-999,0.08104549,False,0.002710626,-99
6457249408502212295,0,2.79371291301598,GALEX J003811.6+410513,9.54872821777129,41.0869618648679,2,21.79129,-999,6.97406,-999,0.08104549,False,0.002811334,-99
6449438477897434349,0,2.79375841764684,GALEX J003811.6+410513,9.54868565350514,41.086996372931,1,-999,21.3461,-999,10.50895,0.08104549,False,-99,0.002518667
2590979497349099804,0,2.79378649222019,GALEX J003746.1+410314,9.44242727067985,41.0539603985139,1,-999,22.93378,-999,2.434935,0.08384496,False,-99,0.002575737
2591014681721177527,0,2.79395539611126,GALEX J003813.4+410448,9.55600300010192,41.0800408501959,1,-999,23.00355,-999,2.283384,0.08104549,False,-99,0.004644461
2591014681723274844,0,2.79478619802847,GALEX J003811.7+410512,9.5487918892824,41.0869376336639,3,22.05004,21.40576,5.49525,9.947102,0.08104549,False,0.00258194,0.001511806
2590979497349100273,0,2.79565166788368,GALEX J003813.4+410447,9.55621490697968,41.0798448997638,1,-999,23.27705,-999,1.774916,0.08104549,False,-99,0.002397858
2591014681721177698,0,2.79645823541496,GALEX J003810.4+410526,9.54362896310676,41.0906001586153,1,-999,23.68309,-999,1.221136,0.08104549,False,-99,0.005044134
2496509458090306228,0,2.79777617360919,GALEX J003811.7+410512,9.54902353319862,41.0868266565016,2,22.10238,-999,5.236596,-999,0.08104549,False,0.002640686,-99
6449403293525348032,0,2.80519517998685,GALEX J003809.8+410102,9.54122772977478,41.0172471477548,1,-999,22.55549,-999,3.449888,0.08089752,False,-99,0.002224821
2590979497349098987,0,2.80576627313217,GALEX J003802.2+410029,9.50952430259001,41.0081344254713,1,-999,24.51799,-999,0.5659838,0.08089752,False,-99,0.002325105
2591014681721176860,0,2.80713452999552,GALEX J003809.9+410102,9.54131542305094,41.01725621,1,-999,22.2875,-999,4.415697,0.08089752,False,-99,0.001667519
2590979497349099202,0,2.80968548029698,GALEX J003809.9+410101,9.54124077305065,41.0171611587584,1,-999,22.24034,-999,4.611718,0.08089752,False,-99,0.001457763
6449473662269521926,0,2.81350631587973,GALEX J003812.8+410133,9.55332830475761,41.0260183868169,1,-999,23.69111,-999,1.212144,0.07986537,False,-99,0.002329893
2495946508135830456,0,2.81383508614389,GALEX J003802.5+410029,9.51056746956999,41.0080741964092,1,-999,24.4621,-999,0.5958829,0.08089752,False,-99,0.002347128
2591014681721176767,0,2.81700297893936,GALEX J003806.1+410038,9.52555677407721,41.0106318731423,1,-999,24.76602,-999,0.4503942,0.08089752,False,-99,0.002963125
6449508846641611941,0,2.82241381845675,GALEX J003813.6+410448,9.55665880341452,41.0801494270782,1,-999,23.51101,-999,1.430855,0.08104549,False,-99,0.002876616
2591014681721177371,0,2.82252960669772,GALEX J003746.6+410404,9.4442994806093,41.0679631303362,1,-999,24.49381,-999,0.5787275,0.08476537,False,-99,0.003141891
2496509458089247026,0,2.82419322128819,GALEX J003813.5+410448,9.55661592001609,41.0802544425228,1,-999,24.56459,-999,0.5422036,0.08104549,False,-99,0.002941236
2591014681721177256,0,2.82444082284797,GALEX J003815.9+410330,9.56640816562736,41.0583510199732,1,-999,23.57918,-999,1.343775,0.07986537,False,-99,0.003778481
2590979497349099052,0,2.82784318095986,GALEX J003806.0+410037,9.52498066631707,41.0102836082582,1,-999,24.44303,-999,0.6064411,0.08089752,False,-99,0.003161933
2495981692507918321,0,2.83258568795898,GALEX J003748.3+410144,9.45162417483426,41.0290649502975,1,-999,23.76513,-999,1.132268,0.08384496,False,-99,0.003238847
2495946508135830957,0,2.83980810507814,GALEX J003746.5+410404,9.44386737695808,41.0678742315627,1,-999,23.45358,-999,1.508577,0.08476537,False,-99,0.00383185
6449403293525348335,0,2.84136363094725,GALEX J003745.9+410311,9.44140062872697,41.0531919526491,1,-999,22.39384,-999,4.003733,0.08384496,False,-99,0.004324701
2495946508135831195,0,2.849212019519,GALEX J003809.3+410539,9.53882524719232,41.0943751347252,1,-999,23.86688,-999,1.030974,0.08104549,False,-99,0.003138978
2590979497349099377,0,2.85151475284099,GALEX J003748.2+410145,9.45097232786293,41.0292471545021,1,-999,23.83959,-999,1.057219,0.08384496,False,-99,0.002448716
2591014681721176989,0,2.85808505538107,GALEX J003748.2+410144,9.45087544487464,41.0291580156838,1,-999,23.47087,-999,1.484737,0.08384496,False,-99,0.004369109
6457249408501156953,0,2.86837495708128,GALEX J003746.3+410403,9.44309811671133,41.0675745307898,1,-999,23.186,-999,1.930195,0.08476537,False,-99,0.003790184
6449403293525348761,0,2.87383258190473,GALEX J003801.0+410609,9.50432229549946,41.102619288252,1,-999,22.50788,-999,3.604517,0.08099837,False,-99,0.003926758
6449473662269521940,0,2.87546078473796,GALEX J003814.5+410158,9.5607580212656,41.0329272263963,1,-999,22.98708,-999,2.318287,0.07986537,False,-99,0.003084874
6449403293527445271,0,2.8772891975824,GALEX J003749.2+410127,9.45501480931316,41.024304334394,3,22.36822,21.11936,4.099326,12.94963,0.08384496,False,0.001386165,0.006075068
2591014681721176933,0,2.87736136453453,GALEX J003813.5+410138,9.55644125022646,41.0274229585,1,-999,24.78269,-999,0.4435301,0.07986537,False,-99,0.002951064
2496509458089246847,0,2.8799267419112,GALEX J003748.0+410145,9.45008011814426,41.0294285910206,1,-999,22.04063,-999,5.543041,0.08384496,False,-99,0.008145583
2495876139392700656,0,2.88230233018151,GALEX J003749.1+410127,9.45485399667598,41.0243205697504,2,22.04149,-999,5.538687,-999,0.08384496,False,0.004831707,-99
2495946508135830667,0,2.88532391963925,GALEX J003748.0+410144,9.45035777158964,41.0289260948635,1,-999,23.46777,-999,1.488993,0.08384496,False,-99,0.004777585
2496509458091344322,0,2.88552843881486,GALEX J003801.1+410610,9.50492567735302,41.1028109593574,3,23.50094,23.75204,1.444193,1.145997,0.08099837,False,0.001572732,0.002752129
2591014681721177319,0,2.88571505717205,GALEX J003745.8+410344,9.44122215950759,41.0624977689123,1,-999,23.4254,-999,1.548244,0.08476537,False,-99,0.003580051
2591014681721177746,0,2.8868010775049,GALEX J003808.1+410550,9.53391029865443,41.0972916142532,1,-999,23.72091,-999,1.179326,0.08104549,False,-99,0.003489768
2496509458091344023,0,2.88759101809689,GALEX J003749.1+410126,9.45494725972245,41.024096088116,3,22.40388,21.37166,3.966889,10.26448,0.08384496,False,0.002068477,0.006681496
2495946508137927843,0,2.888515319202,GALEX J003749.1+410126,9.45496216152828,41.0240582902069,3,22.19868,21.5701,4.792156,8.549892,0.08384496,False,0.005317566,0.002293097
2495981692510015466,0,2.88892491402054,GALEX J003749.1+410126,9.45490771349591,41.0240973157356,3,22.61608,21.64961,3.262647,7.946139,0.08384496,False,0.002965265,0.002670176
2591014681721177344,0,2.88914859399535,GALEX J003802.2+410024,9.50919726995885,41.0067195146854,1,-999,21.09023,-999,13.3017,0.08089752,False,-99,0.01408258
6449403293525348755,0,2.89305054657207,GALEX J003802.5+410609,9.51067328960773,41.1026896246273,1,-999,22.59258,-999,3.334011,0.08104549,False,-99,0.004008634
2591014681723274138,0,2.90260209195599,GALEX J003749.1+410126,9.45472026574848,41.0239105641275,3,22.30895,21.56995,4.329348,8.551042,0.08384496,False,0.005206898,0.001960814
6449508846641611478,0,2.90424644858669,GALEX J003757.0+410028,9.48756772640045,41.0079657072664,1,-999,23.11586,-999,2.058991,0.08201355,False,-99,0.003882223
2590979497351196548,0,2.90569523628629,GALEX J003749.1+410125,9.45467973189394,41.0238666478157,3,22.67619,21.56226,3.086934,8.611818,0.08384496,False,0.001858659,0.001896926
6449438477897433928,0,2.9092700764695,GALEX J003749.1+410125,9.45456363204069,41.0238791327954,1,-999,21.67341,-999,7.773864,0.08384496,False,-99,0.002906619
2591014681723275007,0,2.91061530319531,GALEX J003801.0+410611,9.50428186982903,41.1032323995465,3,23.62702,23.44943,1.285856,1.51435,0.08099837,False,0.003202477,0.002282354
6449403293525347972,0,2.9120562275565,GALEX J003801.7+410022,9.50728784965288,41.006245096128,1,-999,22.18781,-999,4.840361,0.08089752,False,-99,0.003923538
6449473662269521934,0,2.9125738297873,GALEX J003749.0+410125,9.45455152566861,41.0238037169882,1,-999,21.60773,-999,8.25865,0.08384496,False,-99,0.004793315
6449403293525348156,0,2.9158584271718,GALEX J003747.2+410157,9.44685322522474,41.0325138434892,1,-999,22.21629,-999,4.715022,0.08384496,False,-99,0.00524475
6457249408503253773,0,2.91634893356803,GALEX J003749.0+410126,9.45434105355729,41.0238975330849,3,22.22615,21.60782,4.672437,8.257922,0.08384496,False,0.004393963,0.003340338
2590979497349100587,0,2.91671527052819,GALEX J003808.2+410551,9.53439282857897,41.0976632999322,1,-999,23.94327,-999,0.9609327,0.08104549,False,-99,0.00364198
6372252787397364425,0,2.91682313030173,GALEX J003749.0+410125,9.45450026396257,41.0237393556279,1,-999,21.09308,-999,13.2668,0.08384496,False,-99,0.003879728
2590979497351197858,0,2.91877457903489,GALEX J003801.0+410612,9.50433454435954,41.1033683006084,3,23.70584,23.39915,1.195816,1.586137,0.08099837,False,0.002307272,0.00253409
6457249408501157217,0,2.9233755885685,GALEX J003802.4+410611,9.51035521458545,41.1032213124701,1,-999,23.22117,-999,1.868671,0.08099837,False,-99,0.002306081
2591014681721177124,0,2.9263929559859,GALEX J003745.8+410236,9.44121430276366,41.0435454188238,1,-999,23.08182,-999,2.124583,0.08384496,False,-99,0.006620074
6449508846641612119,0,2.92886125569189,GALEX J003802.5+410611,9.51044050157156,41.1033069466848,1,-999,22.81867,-999,2.707259,0.08099837,False,-99,0.001898319
2496509458089247188,0,2.9300063592251,GALEX J003802.4+410612,9.50999464628665,41.1033576517313,1,-999,22.91848,-999,2.469491,0.08099837,False,-99,0.003308068
6449508846641611593,0,2.93040117094094,GALEX J003748.9+410125,9.45401294310568,41.0238301581923,1,-999,21.42926,-999,9.734083,0.08384496,False,-99,0.004973921
6449473662269522202,0,2.93360140902741,GALEX J003802.3+410612,9.50974996035998,41.1034341010688,1,-999,22.71723,-999,2.972394,0.08099837,False,-99,0.002426121
2590979497349099885,0,2.93411838414891,GALEX J003745.8+410236,9.44104334139763,41.0435312338429,1,-999,21.34315,-999,10.53759,0.08384496,False,-99,0.01420922
2591014681723274965,0,2.93532225858138,GALEX J003803.5+410610,9.51480522086927,41.1029825051831,3,24.1093,24.51274,0.8246744,0.5687256,0.08104549,False,0.002640217,0.001516898
2590979497349100733,0,2.93552619469092,GALEX J003802.3+410612,9.50988165654625,41.1034576269504,1,-999,22.79263,-999,2.772973,0.08099837,False,-99,0.002726997
6449438477897433782,0,2.93678762930859,GALEX J003757.1+410026,9.48796012362863,41.0073271401676,1,-999,23.30581,-999,1.728528,0.08201355,False,-99,0.001748586
2591014681721176770,0,2.93725152024443,GALEX J003757.0+410026,9.48783553339414,41.0073434938543,1,-999,23.25916,-999,1.804407,0.08201355,False,-99,0.001799943
2591014681721177871,0,2.93810904708544,GALEX J003802.3+410612,9.50995611213145,41.1034958529905,1,-999,22.90825,-999,2.492872,0.08099837,False,-99,0.001341197
6457249408501157228,0,2.93892590289446,GALEX J003801.2+410613,9.50502280582503,41.1037000689831,1,-999,23.69299,-999,1.210053,0.08099837,False,-99,0.002588163
2590979497349100657,0,2.94000416649151,GALEX J003803.5+410610,9.51497776786957,41.1030398481067,1,-999,24.56641,-999,0.5412989,0.08104549,False,-99,0.002766977
6449403293525348684,0,2.94146073833282,GALEX J003807.8+410555,9.53260606100739,41.0988105282741,1,-999,23.63486,-999,1.276607,0.08104549,False,-99,0.002177173
2495946508135831248,0,2.94158208238082,GALEX J003803.6+410611,9.51504928916047,41.1030573989921,1,-999,24.12741,-999,0.8110253,0.08104549,False,-99,0.003172304
2495981692507919071,0,2.94215443494585,GALEX J003802.5+410612,9.51040902515008,41.1035318360669,1,-999,23.01124,-999,2.267266,0.08099837,False,-99,0.002485435
2495946508135831236,0,2.94258530356961,GALEX J003802.4+410612,9.5102868217774,41.1035478421287,1,-999,23.09395,-999,2.100976,0.08099837,False,-99,0.00246988
2495946508135831175,0,2.9434029283748,GALEX J003808.4+410552,9.53528008371094,41.0978087910937,1,-999,22.51513,-999,3.580546,0.08104549,False,-99,0.006190576
2590979497349099079,0,2.94419636875356,GALEX J003757.0+410026,9.48780498399019,41.0072298928596,1,-999,23.00105,-999,2.288663,0.08201355,False,-99,0.001680597
2495946508135830657,3138661632107877505,2.94505849276618,GALEX J003810.5+410056,9.54386786224502,41.0158319046554,1,-999,20.42177,-999,24.62022,0.08089752,True,-99,0.004156514
6449438477897434395,0,2.9458313595264,GALEX J003801.1+410613,9.50463805544123,41.1038181256954,1,-999,23.57832,-999,1.344842,0.08099837,False,-99,0.003137117
2590979497349099385,0,2.94660941728974,GALEX J003747.3+410151,9.44717156491442,41.0309746969683,1,-999,24.4552,-999,0.599682,0.08384496,False,-99,0.002825089
2591014681721176757,0,2.94747705057809,GALEX J003806.7+410032,9.52798250228272,41.0090005164569,1,-999,24.19769,-999,0.7601954,0.08089752,False,-99,0.003797798
6449508846641611597,0,2.94770090375597,GALEX J003810.5+410056,9.5439468040165,41.0158221967042,1,-999,20.37302,-999,25.75092,0.08089752,False,-99,0.005854458
2590979497349099029,0,2.94774604483768,GALEX J003806.6+410032,9.52780805969691,41.0089442209725,1,-999,24.13179,-999,0.8077626,0.08089752,False,-99,0.001801562
2496509458089246840,0,2.94889237941346,GALEX J003810.4+410055,9.54345417856383,41.0155135305506,1,-999,20.06272,-999,34.26996,0.08089752,False,-99,0.005822722
2495981692507918112,0,2.94896216138059,GALEX J003757.1+410025,9.48802816382356,41.0071044717453,1,-999,23.40137,-999,1.582891,0.08201355,False,-99,0.002193632
6449403293525347958,0,2.94955529720516,GALEX J003757.0+410025,9.48775625958499,41.0071471669736,1,-999,22.55256,-999,3.459198,0.08201355,False,-99,0.003540121
6449403293525348580,0,2.95181489735543,GALEX J003749.0+410511,9.45453075643328,41.0866603412606,1,-999,22.67923,-999,3.078274,0.08476537,False,-99,0.002639125
6457249408501156405,0,2.95373495117083,GALEX J003756.9+410025,9.48745997428299,41.0071338196433,1,-999,22.59399,-999,3.329682,0.08201355,False,-99,0.00288494
6457249408501156663,0,2.95526430309194,GALEX J003810.5+410056,9.54383807671915,41.0156002858647,1,-999,20.31216,-999,27.23542,0.08089752,False,-99,0.004572196
6449438477897434417,0,2.95559573721704,GALEX J003802.3+410613,9.50996818931605,41.1037876455274,1,-999,22.53722,-999,3.508417,0.08099837,False,-99,0.00306518
6449438477897434037,0,2.95575978226232,GALEX J003745.6+410238,9.44038046753384,41.0441005364167,1,-999,23.62577,-999,1.287337,0.08384496,False,-99,0.003164911
2495946508136886105,0,2.95907445777904,GALEX J003800.9+410614,9.50384063296955,41.1040395174943,2,21.94152,-999,6.072864,-999,0.08099837,False,0.004102004,-99
2495946508135831223,0,2.95993485843334,GALEX J003800.4+410614,9.50197988889579,41.1040269223852,1,-999,23.11348,-999,2.063519,0.08099837,False,-99,0.005949409
6449438477897434243,0,2.9627258147699,GALEX J003814.4+410449,9.56007293213817,41.0804450746619,1,-999,23.90806,-999,0.9926021,0.08104549,False,-99,0.002775307
2590979497349099883,0,2.96853914499181,GALEX J003745.3+410336,9.43893941329659,41.0600796434062,1,-999,24.14852,-999,0.7954085,0.08476537,False,-99,0.002334686
6449473662269521963,0,2.97220037041879,GALEX J003745.6+410237,9.44008997653109,41.0438246093468,1,-999,22.69584,-999,3.031557,0.08384496,False,-99,0.004857237
6449438477897433938,0,2.97330664126001,GALEX J003810.5+410055,9.54402486315317,41.015329550838,1,-999,20.546,-999,21.95836,0.08089752,False,-99,0.004461814
2591014681721177655,0,2.97408107694401,GALEX J003813.1+410511,9.55464935912179,41.0864792095444,1,-999,23.26135,-999,1.800774,0.08104549,False,-99,0.0055582
2495981692507918984,0,2.97522088009039,GALEX J003806.8+410602,9.52872887419679,41.1007227649966,1,-999,23.98099,-999,0.928117,0.08104549,False,-99,0.002268808
2495981692507918341,0,2.9816297439113,GALEX J003810.5+410054,9.54407039963412,41.0151813371983,1,-999,20.44341,-999,24.13428,0.08089752,False,-99,0.00334175
6449403293525348735,0,2.98186039098877,GALEX J003800.0+410615,9.50036994682832,41.1043374205288,1,-999,23.34719,-999,1.663885,0.08099837,False,-99,0.002269553
2496509458089247114,0,2.98256821525645,GALEX J003812.0+410525,9.55016147981504,41.0903411878929,1,-999,21.67856,-999,7.737059,0.08104549,False,-99,0.00153211
2590979497349100726,0,2.98524846711993,GALEX J003759.9+410615,9.49956810643908,41.1043554644013,1,-999,23.89651,-999,1.003215,0.08099837,False,-99,0.002589012
6449403293525348626,0,2.98541490185809,GALEX J003811.9+410526,9.54991811082108,41.0905847950173,1,-999,21.69031,-999,7.653789,0.08104549,False,-99,0.002502207
2496509458089247174,0,2.98664384702885,GALEX J003759.9+410615,9.49981910907328,41.1043916231845,1,-999,24.22808,-999,0.7392079,0.08099837,False,-99,0.002039465
2590979497349100390,0,2.98739404930882,GALEX J003813.1+410512,9.55475946015025,41.0867258541057,1,-999,23.9794,-999,0.9294748,0.08104549,False,-99,0.002685588
6449473662269522168,0,2.98773719819663,GALEX J003811.9+410526,9.54982164471826,41.0907082035249,1,-999,21.53717,-999,8.813163,0.08104549,False,-99,0.004665433
6457249408501156465,0,2.98919676946449,GALEX J003751.1+410056,9.46305463615814,41.0157306633172,1,-999,24.26457,-999,0.7147759,0.08384496,False,-99,0.0008855643
2590979497349100570,0,2.98987962571176,GALEX J003812.0+410526,9.55005207176281,41.0905908452207,1,-999,21.62559,-999,8.123868,0.08104549,False,-99,0.001455928
2591014681721177859,0,2.99151640014861,GALEX J003759.8+410616,9.49944674556676,41.1044537238975,1,-999,23.9215,-999,0.9803944,0.08099837,False,-99,0.003219468
6449438477897434336,0,2.99237065866643,GALEX J003812.0+410526,9.55017991167484,41.0905554467701,1,-999,21.63397,-999,8.061444,0.08104549,False,-99,0.003173278
2495946508135831106,0,2.99241653306899,GALEX J003812.0+410526,9.5500979780521,41.0906162159931,1,-999,21.5013,-999,9.109142,0.08104549,False,-99,0.001427485
2591014681721177757,0,2.99267508855463,GALEX J003812.0+410526,9.55011072757713,41.0906129293813,1,-999,21.59535,-999,8.353329,0.08104549,False,-99,0.00142863
6457249408501157167,0,2.99579930610867,GALEX J003812.0+410526,9.55003717193635,41.0907386126736,1,-999,21.35349,-999,10.43763,0.08104549,False,-99,0.0033541
6372252787397364855,0,2.99621573586734,GALEX J003811.9+410527,9.54985284566139,41.0908811405618,1,-999,21.44733,-999,9.573393,0.08104549,False,-99,0.001364967
6449508846641612041,0,2.99622031898359,GALEX J003812.0+410526,9.55020203028122,41.0906286019963,1,-999,21.67869,-999,7.736099,0.08104549,False,-99,0.002645025
6372252787397364363,0,3.00109163320484,GALEX J003810.5+410053,9.54399946767012,41.0147342662593,1,-999,20.60201,-999,20.8542,0.08089752,False,-99,0.003698659
2591014681721176897,0,3.0020936553851,GALEX J003810.6+410053,9.54449566704113,41.0149971783372,1,-999,20.68878,-999,19.25249,0.08089752,False,-99,0.001576644
2495981692507918931,0,3.00243669154495,GALEX J003812.0+410526,9.55028839581182,41.0907097819138,1,-999,21.58873,-999,8.404406,0.08104549,False,-99,0.001557644
2590979497349099285,0,3.00462744111801,GALEX J003810.6+410053,9.54448496664832,41.0149378409381,1,-999,20.68019,-999,19.40545,0.08089752,False,-99,0.001375489
2496509458089246756,0,3.00590420760288,GALEX J003754.7+410030,9.47821473115195,41.0086071434151,1,-999,23.48919,-999,1.459907,0.08201355,False,-99,0.005195013
6449403293525348034,0,3.00806630390084,GALEX J003810.6+410053,9.54449571116822,41.0148719198803,1,-999,20.68407,-999,19.3362,0.08089752,False,-99,0.001983097
6449403293525348747,0,3.00809866949031,GALEX J003801.7+410617,9.50710615728871,41.1048082117249,1,-999,23.82405,-999,1.072457,0.08099837,False,-99,0.0009751888
2590979497349100607,0,3.01072829607415,GALEX J003754.3+410601,9.47633751839128,41.1003054147387,1,-999,24.77042,-999,0.4485696,0.08368652,False,-99,0.001212627
2591014681721176842,0,3.01279443604289,GALEX J003751.0+410055,9.46278235349265,41.0153915905663,1,-999,24.16228,-999,0.7853903,0.08384496,False,-99,0.004240227
2590979497349099134,0,3.0151692922834,GALEX J003751.0+410055,9.46256933376651,41.0154689603104,1,-999,24.48838,-999,0.5816297,0.08384496,False,-99,0.00320265
2590979497349098932,0,3.01717056397245,GALEX J003759.7+410016,9.49884274601755,41.0045966838048,1,-999,24.8583,-999,0.4136939,0.08201355,False,-99,0.001919164
2591014681721177807,0,3.01870404599829,GALEX J003754.2+410601,9.4761359008901,41.100381682346,1,-999,24.44006,-999,0.6081016,0.08368652,False,-99,0.002126459
2495946508135830573,0,3.01871172220781,GALEX J003757.5+410020,9.48983715221322,41.0055853271202,1,-999,21.96121,-999,5.963687,0.08201355,False,-99,0.006496765
6449438477897433816,0,3.02013726639805,GALEX J003806.5+410027,9.52739257868984,41.0075342408785,1,-999,23.08212,-999,2.123995,0.08089752,False,-99,0.004609752
6372252787397364962,0,3.02229321421372,GALEX J003759.8+410617,9.49937974389539,41.1049643676238,1,-999,22.10086,-999,5.243919,0.08099837,False,-99,0.002348885
6449438477897434056,0,3.02316548930975,GALEX J003745.0+410255,9.43783793279349,41.0486565268915,1,-999,23.62402,-999,1.289408,0.08384496,False,-99,0.002820222
2495946508135831251,0,3.02406750786167,GALEX J003804.6+410613,9.51935820171511,41.1038052021614,1,-999,24.87808,-999,0.4062251,0.08104549,False,-99,0.002978069
2591014681721177578,0,3.02455234705821,GALEX J003814.1+410501,9.55879746855058,41.0837862225093,1,-999,23.2417,-999,1.833656,0.08104549,False,-99,0.003667768
2495981692507918695,0,3.02786849148369,GALEX J003816.2+410413,9.56782514179914,41.0703058392585,1,-999,23.62522,-999,1.287991,0.07986537,False,-99,0.002757016
2590979497349100400,0,3.02816508584522,GALEX J003814.1+410501,9.55884090514087,41.0838442607441,1,-999,22.78594,-999,2.790131,0.08104549,False,-99,0.004658381
6372252787397364402,0,3.02918011292247,GALEX J003813.7+410126,9.5573678015263,41.0240846221329,1,-999,22.19429,-999,4.811514,0.07986537,False,-99,0.001757303
2591014681723274439,0,3.02959588160292,GALEX J003745.0+410255,9.43766934875369,41.0488166342977,3,23.73496,21.99956,1.16417,5.756737,0.08384496,False,0.002717944,0.007194994
2496509458089246761,0,3.03020410085555,GALEX J003806.2+410025,9.52611590400173,41.0070101534009,1,-999,22.87768,-999,2.56405,0.08089752,False,-99,0.004868843
2591014681721176957,0,3.03054173966282,GALEX J003815.0+410148,9.56263509346021,41.0300949187602,1,-999,24.82495,-999,0.4265993,0.07986537,False,-99,0.00302796
6449438477897434385,0,3.03072147076998,GALEX J003806.9+410605,9.52894273419444,41.1016546382552,1,-999,23.88978,-999,1.009458,0.08104549,False,-99,0.001533326
2591014681721177568,0,3.03102677318479,GALEX J003748.0+410505,9.45038831496193,41.0848579215303,1,-999,25.17702,-999,0.3084547,0.08476537,False,-99,0.00233052
2590979497349099898,0,3.03122205073986,GALEX J003745.0+410255,9.43764191919498,41.048760965009,1,-999,21.98479,-999,5.835599,0.08384496,False,-99,0.007322178
2591014681721177842,0,3.03200806196076,GALEX J003806.4+410608,9.52686985271124,41.1022695268714,1,-999,23.77075,-999,1.126419,0.08104549,False,-99,0.004183107
2590979497349099403,0,3.03517763455521,GALEX J003815.0+410148,9.56271401633846,41.0300430777055,1,-999,23.85115,-999,1.046022,0.07986537,False,-99,0.002765047
2495946508136886157,0,3.03568235469233,GALEX J003759.9+410618,9.49968569379979,41.1052040529016,2,23.56892,-999,1.356548,-999,0.08099837,False,0.001963653,-99
2590979497349100650,0,3.03849723833779,GALEX J003806.4+410608,9.52680009128031,41.1024033119901,1,-999,24.06916,-999,0.8557282,0.08104549,False,-99,0.003833433
2495946508135830460,0,3.03931856998509,GALEX J003806.0+410023,9.52521181427441,41.0066189339192,1,-999,23.6225,-999,1.291215,0.08089752,False,-99,0.00372283
2496509458089247116,0,3.04097684222195,GALEX J003810.5+410544,9.54395045312854,41.0955793455385,1,-999,24.26027,-999,0.7176173,0.08104549,False,-99,0.003603887
2496509458089246775,0,3.04283295115906,GALEX J003757.7+410018,9.49050730306733,41.005066186656,1,-999,21.74003,-999,7.311192,0.08201355,False,-99,0.006938379
6449403293525348700,0,3.04314819614437,GALEX J003754.1+410602,9.47553846628522,41.1006211665397,1,-999,22.80264,-999,2.74753,0.08368652,False,-99,0.002369901
2495946508135830427,0,3.04333417437553,GALEX J003804.3+410018,9.51825046589803,41.0051251614636,1,-999,24.0797,-999,0.8474588,0.08089752,False,-99,0.001676699
6449473662269522073,0,3.04474764562431,GALEX J003746.7+410442,9.44471081293596,41.0785070656349,1,-999,23.77593,-999,1.121061,0.08476537,False,-99,0.002050086
2591014681721177376,0,3.04564260095127,GALEX J003816.3+410412,9.56830232562997,41.0701547197708,1,-999,24.5767,-999,0.5361925,0.07845637,False,-99,0.001688034
6449403293525348746,0,3.04817965667284,GALEX J003803.4+410617,9.51451651373884,41.1049226038886,1,-999,23.01964,-999,2.249807,0.08104549,False,-99,0.002599884
6449508846641611463,0,3.04894577809912,GALEX J003757.8+410017,9.49096020903287,41.0048926149906,1,-999,22.49908,-999,3.63384,0.08201355,False,-99,0.002336997
6449403293525348243,0,3.04896934023885,GALEX J003745.2+410237,9.43835956149598,41.0437983067797,1,-999,22.53123,-999,3.527843,0.08384496,False,-99,0.003744236
2591014681721177715,0,3.04908363430028,GALEX J003810.7+410542,9.54491788856319,41.0952035340964,1,-999,23.76175,-999,1.135799,0.08104549,False,-99,0.002551849
2591014681721176756,0,3.04948577142022,GALEX J003806.2+410023,9.52582434711177,41.0065949155527,1,-999,23.96423,-999,0.9425568,0.08089752,False,-99,0.002620532
2590979497349099022,0,3.05110078344947,GALEX J003806.1+410023,9.52561718795567,41.0065137586725,1,-999,23.35423,-999,1.653128,0.08089752,False,-99,0.0027653
6449403293525347920,0,3.05175543241814,GALEX J003800.4+410013,9.50201789319265,41.0038854683423,1,-999,21.97605,-999,5.882729,0.08201355,False,-99,0.004678306
6449403293525347922,0,3.05225423616398,GALEX J003757.8+410017,9.49110911305459,41.0048140838503,1,-999,21.98453,-999,5.836997,0.08201355,False,-99,0.003361632
6372252787397364462,0,3.05304884492454,GALEX J003815.0+410146,9.56284552505201,41.0296124415757,1,-999,21.97573,-999,5.884465,0.07986537,False,-99,0.002211842
2495946508135831240,0,3.0536708561942,GALEX J003806.3+410609,9.5265547503622,41.1027372411673,1,-999,23.326,-999,1.696672,0.08104549,False,-99,0.003884852
2495981692507918857,0,3.0539368660046,GALEX J003813.3+410515,9.55552655791085,41.0877596899941,1,-999,23.36819,-999,1.632016,0.08104549,False,-99,0.003677572
2495981692507918104,0,3.05597335625917,GALEX J003757.8+410017,9.49114093373489,41.0047461795493,1,-999,22.56963,-999,3.405235,0.08201355,False,-99,0.002841686
2496509458089247077,0,3.05607673842374,GALEX J003814.2+410502,9.55932401026065,41.0841350514217,1,-999,23.53838,-999,1.395237,0.08104549,False,-99,0.004792231
2496509458089246875,0,3.05715823237354,GALEX J003813.9+410126,9.55799038468267,41.0239317581463,1,-999,21.37234,-999,10.25801,0.07986537,False,-99,0.009231483
6449508846641611714,0,3.05793789929734,GALEX J003744.8+410256,9.43700519309597,41.0490364964522,1,-999,23.02546,-999,2.237777,0.08384496,False,-99,0.004023699
2591014681721176754,0,3.05870035812282,GALEX J003757.8+410017,9.49082528055675,41.0047472244939,1,-999,22.27761,-999,4.456125,0.08201355,False,-99,0.001731533
2591014681722244505,0,3.05918186544916,GALEX J003756.7+410614,9.48646632660207,41.103931839171,2,24.30173,-999,0.690734,-999,0.08368652,False,0.001749569,-99
6457249408501156815,0,3.06072824426585,GALEX J003744.8+410258,9.43686732176863,41.0495697113457,1,-999,23.38597,-999,1.605501,0.08384496,False,-99,0.003748096
2495946508135830670,0,3.06074074135476,GALEX J003813.8+410125,9.55778322851791,41.0236288879164,1,-999,21.68767,-999,7.672385,0.07986537,False,-99,0.002072358
2591014681721176960,0,3.06149235881166,GALEX J003813.8+410125,9.55780481125415,41.0236295103771,1,-999,21.72806,-999,7.39224,0.07986537,False,-99,0.001690006
6449403293525348261,0,3.06255270742879,GALEX J003744.8+410254,9.43701219536414,41.0483440444962,1,-999,22.88934,-999,2.536679,0.08384496,False,-99,0.003357386
2590979497349099014,0,3.0629168028,GALEX J003757.8+410016,9.49090651867052,41.0046632577971,1,-999,22.24002,-999,4.613101,0.08201355,False,-99,0.001428363
6457249408501156425,0,3.06364889130355,GALEX J003757.8+410016,9.49082876440039,41.0046625688395,1,-999,22.17288,-999,4.907366,0.08201355,False,-99,0.002830832
2496509458089246966,0,3.06412699557998,GALEX J003816.5+410411,9.56885510341224,41.069856227106,1,-999,24.06602,-999,0.8582084,0.07845637,False,-99,0.003144836
6449438477897433788,0,3.06467174085165,GALEX J003757.7+410016,9.49056426404326,41.0046856847161,1,-999,22.17889,-999,4.880254,0.08201355,False,-99,0.003276891
2590979497349099379,0,3.06518348715489,GALEX J003813.8+410124,9.55781753795297,41.0235411464463,1,-999,21.66667,-999,7.822215,0.07986537,False,-99,0.001489808
2495981692507918108,0,3.06527713654089,GALEX J003806.3+410023,9.52662615818052,41.0065254371171,1,-999,23.59986,-999,1.318428,0.08089752,False,-99,0.002887271
6449508846641611573,0,3.06560026249132,GALEX J003813.9+410125,9.55806696497131,41.0237752764381,1,-999,21.8474,-999,6.622793,0.07986537,False,-99,0.001991753
6457249408501156622,0,3.06646613465009,GALEX J003813.8+410124,9.55777591005363,41.0234655037349,1,-999,21.6087,-999,8.25124,0.07986537,False,-99,0.003001613
2590979497349100060,0,3.06646936325544,GALEX J003816.4+410413,9.56871558500386,41.0703201236272,1,-999,24.76232,-999,0.4519293,0.07845637,False,-99,0.001209022
6449438477897433913,0,3.06742542118302,GALEX J003813.9+410124,9.55793818780889,41.0235981689121,1,-999,21.93914,-999,6.086143,0.07986537,False,-99,0.002926287
2495981692507918332,0,3.06747664248905,GALEX J003813.8+410124,9.5578888013535,41.0235483080142,1,-999,21.79102,-999,6.975752,0.07986537,False,-99,0.002943372
2591014681721176740,0,3.06774251817891,GALEX J003754.3+410028,9.47649982634099,41.0080467262996,1,-999,25.5813,-999,0.2125585,0.08201355,False,-99,0.001854067
6449438477897433761,0,3.06911556899221,GALEX J003800.3+410012,9.50158862884369,41.0036072804837,1,-999,23.35987,-999,1.644571,0.08201355,False,-99,0.003819571
6457249408503253502,0,3.06969758289207,GALEX J003800.6+410012,9.50287004543394,41.0035699470322,3,22.76923,23.09328,2.833423,2.102274,0.08201355,False,0.002851641,0.003334554
2496509458089246752,0,3.07259316936376,GALEX J003800.6+410012,9.50264227515,41.0035252494374,1,-999,22.85887,-999,2.608861,0.08201355,False,-99,0.006339937
2496509458089246820,0,3.07310016714648,GALEX J003815.7+410157,9.56544073537019,41.0326397930359,1,-999,24.05461,-999,0.8672714,0.07986537,False,-99,0.0036579
2495946508135830982,0,3.07310818637463,GALEX J003816.5+410414,9.56874083597819,41.0706210862476,1,-999,24.1398,-999,0.8018253,0.07845637,False,-99,0.002363688
6449403293525348093,0,3.07647323434519,GALEX J003814.0+410125,9.55834479986095,41.0237515841131,1,-999,21.77206,-999,7.098668,0.07986537,False,-99,0.002570675
2495946508135830966,0,3.08096593976985,GALEX J003814.4+410502,9.56019442924051,41.0839203571956,1,-999,23.20783,-999,1.891769,0.07891403,False,-99,0.004680719
6449508846641612098,0,3.08325191814282,GALEX J003806.5+410611,9.52720769309681,41.1030855911544,1,-999,23.69189,-999,1.211277,0.08104549,False,-99,0.001652318
6457249408501157090,0,3.084270684599,GALEX J003814.4+410501,9.56033439751138,41.0838643445091,1,-999,22.87808,-999,2.563115,0.07891403,False,-99,0.003846295
2495946508137927662,0,3.08507474672403,GALEX J003800.5+410011,9.5021234278063,41.0033274180975,3,23.34855,22.60512,1.661808,3.295737,0.08201355,False,0.001755417,0.007301352
2496509458089247046,0,3.08561312217356,GALEX J003814.9+410453,9.56244092077471,41.0814517764359,1,-999,23.55202,-999,1.377822,0.07845637,False,-99,0.003623305
6449508846641611458,0,3.08563793983904,GALEX J003800.3+410012,9.50144779119018,41.003335840303,1,-999,22.40137,-999,3.976037,0.08201355,False,-99,0.00422298
2496509458090306090,0,3.08585554961689,GALEX J003756.7+410018,9.48639621932302,41.0050690823804,2,23.19437,-999,1.915381,-999,0.08201355,False,0.002283089,-99
2496509458090306089,0,3.08623409597036,GALEX J003800.7+410011,9.50291024613655,41.003293720551,2,24.22246,-999,0.7430529,-999,0.08201355,False,0.001252417,-99
6449403293525348709,0,3.0900589319124,GALEX J003752.4+410554,9.4683386762438,41.0985731655755,1,-999,22.51761,-999,3.572366,0.08368652,False,-99,0.003527463
2495876139392700794,0,3.09222500600904,GALEX J003800.6+410011,9.50260878712504,41.0031985402506,2,23.31978,-999,1.706435,-999,0.08201355,False,0.001492113,-99
2590979497351196129,0,3.09253708986108,GALEX J003800.6+410011,9.50249344252713,41.0031953955414,3,23.5453,23.21331,1.386378,1.882245,0.08201355,False,0.002736984,0.003209215
2591014681723273973,0,3.09478454639484,GALEX J003800.6+410011,9.50263447390838,41.0031554321824,3,23.15773,21.57058,1.981117,8.54609,0.08201355,False,0.003161001,0.006574031
2495981692510015234,0,3.10186995542161,GALEX J003800.6+410010,9.50282410904932,41.003034311286,3,22.8964,23.02243,2.520231,2.244016,0.08201355,False,0.001594436,0.0035566
6449403293525348693,0,3.10656986061168,GALEX J003810.0+410552,9.54190467645842,41.0979827140914,1,-999,23.11912,-999,2.052821,0.08104549,False,-99,0.003224152
6457249408501157211,0,3.11096727138484,GALEX J003807.3+410609,9.53070857108852,41.1025559500124,1,-999,23.92576,-999,0.9765494,0.08104549,False,-99,0.002449528
6372252787397364482,0,3.1235960119606,GALEX J003745.9+410159,9.44125302607891,41.0333037096152,1,-999,21.63758,-999,8.034666,0.08384496,False,-99,0.003515578
2496509458089247133,0,3.12582789474922,GALEX J003810.1+410553,9.5422786209989,41.0981813345654,1,-999,24.65126,-999,0.5006075,0.08104549,False,-99,0.002512236
6449473662269522039,0,3.12704731022968,GALEX J003817.3+410348,9.57231545900102,41.0634207696872,1,-999,20.38888,-999,25.37733,0.07845637,False,-99,0.002002933
2590979497349100606,0,3.12909433148469,GALEX J003810.0+410554,9.54183279064589,41.0984666123108,1,-999,24.45703,-999,0.5986716,0.08104549,False,-99,0.003011908
2495946508135831048,0,3.13011631778622,GALEX J003816.0+410437,9.56667467435841,41.0770940230435,1,-999,23.93412,-999,0.9690579,0.07845637,False,-99,0.002881706
6372252787397364668,0,3.13268971377746,GALEX J003817.3+410347,9.57247835109724,41.0632563263922,1,-999,20.39948,-999,25.13097,0.07845637,False,-99,0.001968933
6449438477897434176,0,3.13505256394299,GALEX J003817.4+410347,9.57254639812171,41.0631870587352,1,-999,20.33544,-999,26.65788,0.07845637,False,-99,0.001580773
2590979497349099496,0,3.1355850406328,GALEX J003745.3+410213,9.4389278687966,41.0371085374978,1,-999,24.01965,-999,0.8956567,0.08384496,False,-99,0.003599107
2591014681721176820,0,3.13594199154297,GALEX J003810.0+410038,9.54166303105556,41.0107714138864,1,-999,23.53728,-999,1.396654,0.08089752,False,-99,0.005782017
6449438477897433986,0,3.13767674390839,GALEX J003745.3+410214,9.43879526635052,41.0372854131057,1,-999,23.35849,-999,1.646657,0.08384496,False,-99,0.002424184
6449403293525348407,0,3.13794396978182,GALEX J003817.4+410347,9.57261749066677,41.0631578449633,1,-999,20.30511,-999,27.413,0.07845637,False,-99,0.001456316
2590979497349100092,0,3.13806786862813,GALEX J003817.4+410347,9.57259630662722,41.0632679140655,1,-999,20.35454,-999,26.1928,0.07845637,False,-99,0.001371089
6372252787397364609,0,3.13812487597851,GALEX J003817.6+410321,9.57350566214305,41.0559852076775,1,-999,21.14331,-999,12.667,0.07986537,False,-99,0.004253479
2590979497349099140,0,3.13821144788684,GALEX J003810.0+410038,9.54174416709492,41.0107658492443,1,-999,23.87854,-999,1.019961,0.08089752,False,-99,0.004270405
2495981692507918712,0,3.13880083785185,GALEX J003817.4+410347,9.57260263250118,41.0633138713316,1,-999,20.33351,-999,26.70528,0.07845637,False,-99,0.001484607
2591014681721177390,0,3.13880844865876,GALEX J003817.4+410347,9.57260639281192,41.0632975593676,1,-999,20.34562,-999,26.40891,0.07845637,False,-99,0.001493082
2495946508135830938,3138661632107877786,3.13884570136165,GALEX J003817.4+410347,9.57260949961287,41.0632872182467,1,-999,20.35507,-999,26.18001,0.07845637,True,-99,0.001552468
2496509458089246974,0,3.13951362189791,GALEX J003817.4+410347,9.57266776686444,41.0630875742519,1,-999,20.35502,-999,26.1814,0.07845637,False,-99,0.001703481
6457249408501156950,0,3.14009707664807,GALEX J003817.4+410347,9.57264678304202,41.0632449872791,1,-999,20.26545,-999,28.4327,0.07845637,False,-99,0.002002151
2591014681721177754,0,3.14021183268459,GALEX J003810.0+410555,9.54195733955289,41.0986265946019,1,-999,24.3266,-999,0.6750885,0.08104549,False,-99,0.002212336
2495981692508973273,0,3.14037899782712,GALEX J003812.9+410528,9.55383708371872,41.0912912956302,2,21.46728,-999,9.399153,-999,0.08104549,False,0.004622133,-99
6449508846641611889,0,3.14182561091277,GALEX J003817.4+410348,9.57265237299216,41.063395431921,1,-999,20.31931,-999,27.05682,0.07845637,False,-99,0.001501849
2495946508135831221,0,3.14321558660839,GALEX J003810.1+410554,9.54223395181158,41.0985504293899,1,-999,23.87321,-999,1.024979,0.08104549,False,-99,0.00306975
2591014681721177036,0,3.14843255760362,GALEX J003745.2+410213,9.4386341947364,41.0370920378369,1,-999,23.72757,-999,1.172117,0.08384496,False,-99,0.003794003
6449438477897433982,0,3.15437089407667,GALEX J003745.6+410202,9.44014056999965,41.0339348203448,1,-999,22.66312,-999,3.124299,0.08384496,False,-99,0.00491007
6449473662269522010,0,3.15705863336937,GALEX J003817.7+410323,9.57390562430499,41.0564812512263,1,-999,21.3713,-999,10.26788,0.07986537,False,-99,0.003145144
6457249408501156913,0,3.15878034043826,GALEX J003817.7+410322,9.57395330165767,41.0562461088095,1,-999,21.00482,-999,14.39038,0.07986537,False,-99,0.006310201
2590979497349099922,0,3.16094204219486,GALEX J003817.7+410323,9.57399524852177,41.0563934918213,1,-999,21.47799,-999,9.30687,0.07986537,False,-99,0.00133297
2495876139392701012,0,3.16108942251555,GALEX J003803.6+410624,9.51539169379105,41.1067231634098,2,23.66634,-999,1.240131,-999,0.08099837,False,0.002179147,-99
2495946508135830756,0,3.16315933495073,GALEX J003745.5+410203,9.43968870322045,41.0343623479622,1,-999,22.05145,-999,5.488089,0.08384496,False,-99,0.006787191
2496509458089246931,0,3.16502201904702,GALEX J003817.7+410322,9.57409167076744,41.0562366393063,1,-999,21.33498,-999,10.61715,0.07986537,False,-99,0.00187324
2495946508135830850,0,3.16616380908133,GALEX J003817.7+410323,9.57410995253423,41.0564118641008,1,-999,21.50193,-999,9.103872,0.07986537,False,-99,0.00149097
2591014681721177623,0,3.16660052579494,GALEX J003813.9+410517,9.55815634242239,41.0883183842376,1,-999,24.50792,-999,0.571256,0.07891403,False,-99,0.002999555
6449438477897434119,0,3.16661004823585,GALEX J003817.7+410322,9.57412678238684,41.056236685437,1,-999,21.50755,-999,9.056945,0.07986537,False,-99,0.002385686
2496509458090306205,0,3.1667897556519,GALEX J003816.4+410432,9.56844908371457,41.0756196770518,2,23.69087,-999,1.212422,-999,0.07845637,False,0.003291938,-99
2591014681721177447,0,3.16687570561422,GALEX J003817.7+410323,9.57412450780448,41.0564399350545,1,-999,21.44823,-999,9.565487,0.07986537,False,-99,0.001492821
2495981692507918629,0,3.16856871127158,GALEX J003817.8+410322,9.57416830990022,41.0562834288037,1,-999,21.49124,-999,9.193993,0.07986537,False,-99,0.002260336
2590979497349100404,0,3.16865957827195,GALEX J003813.9+410518,9.55805968028635,41.0884602723681,1,-999,23.76806,-999,1.129214,0.07891403,False,-99,0.003199745
2590979497350156165,0,3.16872262903485,GALEX J003808.2+410025,9.53440489817921,41.0070903138196,2,23.98421,-999,0.9253789,-999,0.08089752,False,0.002104901,-99
2495981692507918402,0,3.16927235973431,GALEX J003745.5+410202,9.43977250599078,41.0339519125165,1,-999,22.55713,-999,3.444688,0.08384496,False,-99,0.002870443
6449403293525348476,0,3.16947013922474,GALEX J003744.9+410413,9.43726555063228,41.070404579563,1,-999,21.92232,-999,6.181164,0.08476537,False,-99,0.005469127
6449508846641611822,0,3.16999362984409,GALEX J003817.8+410323,9.57418454356373,41.0566376178837,1,-999,21.49898,-999,9.128635,0.07986537,False,-99,0.001654768
2591014681721177042,0,3.17020431450879,GALEX J003745.5+410202,9.43973705505912,41.0339749338669,1,-999,22.5851,-999,3.357049,0.08384496,False,-99,0.002171073
6449403293525348163,0,3.17046740118339,GALEX J003745.5+410202,9.43968715940331,41.0340520150386,1,-999,22.00186,-999,5.744545,0.08384496,False,-99,0.004527128
6449508846641611627,0,3.17280712338945,GALEX J003745.4+410203,9.43947575374335,41.0343296452894,1,-999,22.50857,-999,3.602222,0.08384496,False,-99,0.002415328
2590979497349099495,0,3.17508228635195,GALEX J003745.5+410202,9.43958890609101,41.0340297525374,1,-999,22.5652,-999,3.419163,0.08384496,False,-99,0.002202787
6449473662269521943,0,3.17662381740691,GALEX J003745.4+410204,9.43917513962344,41.0347115304078,1,-999,22.85553,-999,2.616911,0.08384496,False,-99,0.003735412
6449403293525348380,0,3.17679991608475,GALEX J003817.8+410322,9.57434683731167,41.0563711037408,1,-999,21.15675,-999,12.51124,0.07986537,False,-99,0.002710079
2590979497349098890,0,3.17774586409656,GALEX J003759.2+410007,9.49669538582175,41.0020605458128,1,-999,24.40713,-999,0.6268277,0.08201355,False,-99,0.002028624
2591014681721177682,0,3.1780051956723,GALEX J003749.2+410533,9.45503658249018,41.0925864830681,1,-999,24.97833,-999,0.3703954,0.08368652,False,-99,0.002253772
6449508846641611936,0,3.17885378617676,GALEX J003746.1+410447,9.44238397430395,41.0799660285405,1,-999,24.53186,-999,0.5588005,0.08476537,False,-99,0.002133508
6457249408501156660,0,3.17894754229677,GALEX J003745.4+410202,9.43952273196069,41.0339825319048,1,-999,22.52186,-999,3.558397,0.08384496,False,-99,0.002894262
2495946508136886056,0,3.1791991020326,GALEX J003749.0+410531,9.45442935210202,41.0921612741759,2,23.55122,-999,1.378844,-999,0.08368652,False,0.002404745,-99
2590979497349099197,0,3.17940087058871,GALEX J003813.3+410107,9.55575441930145,41.0187528845178,1,-999,24.40905,-999,0.6257207,0.07854324,False,-99,0.003299179
2495946508135831171,0,3.17993958361828,GALEX J003749.1+410532,9.45462276987477,41.0923241812695,1,-999,24.14969,-999,0.7945573,0.08368652,False,-99,0.002294732
2590979497349100467,0,3.18351668160851,GALEX J003748.9+410530,9.45396342290555,41.0919088365624,1,-999,24.84481,-999,0.4188657,0.08368652,False,-99,0.002455606
2591014681721176849,0,3.18897893381063,GALEX J003813.4+410107,9.55596858936521,41.0186925522338,1,-999,24.32784,-999,0.674319,0.07854324,False,-99,0.004021676
2591014681721176777,0,3.19158882294535,GALEX J003759.0+410006,9.49621615949502,41.0018682921064,1,-999,23.65996,-999,1.247424,0.08201355,False,-99,0.00621192
2495981692507918393,0,3.19236240197319,GALEX J003816.8+410210,9.57032174441968,41.0362416577535,1,-999,23.52336,-999,1.414674,0.07986537,False,-99,0.00281629
6449473662269522189,0,3.21394387759126,GALEX J003753.6+410610,9.47332396970718,41.1029793732194,1,-999,23.83974,-999,1.057069,0.08368652,False,-99,0.001433334
6449403293525347909,0,3.21427495588764,GALEX J003753.9+410021,9.47486264810098,41.005924574365,1,-999,23.28976,-999,1.754263,0.08201355,False,-99,0.002949145
6372252787397364259,0,3.21566752827474,GALEX J003758.8+410005,9.4952086518311,41.0015555221622,1,-999,22.14606,-999,5.030114,0.08201355,False,-99,0.002165907
2591014681721176701,0,3.21662344778577,GALEX J003801.4+410004,9.50587787750688,41.0011273761309,1,-999,23.20266,-999,1.90079,0.08201355,False,-99,0.003219818
2496509458089246746,0,3.22415256615753,GALEX J003801.5+410003,9.50650621569194,41.0010153381964,1,-999,22.50295,-999,3.620909,0.08201355,False,-99,0.00698805
2590979497349098904,0,3.22482967471627,GALEX J003801.4+410003,9.5061054802462,41.0009949658458,1,-999,24.06956,-999,0.8554121,0.08201355,False,-99,0.002188681
2495946508135831215,0,3.22499673264142,GALEX J003751.0+410553,9.4624827300037,41.0983303632111,1,-999,23.68198,-999,1.222387,0.08368652,False,-99,0.003127742
2495946508135830703,0,3.22737633736328,GALEX J003744.5+410222,9.43570778149826,41.0396322066129,1,-999,23.70597,-999,1.195669,0.08384496,False,-99,0.002788655
6449403293525347877,0,3.2323248499819,GALEX J003801.5+410003,9.50637075067764,41.0008758074436,1,-999,22.25158,-999,4.564215,0.08201355,False,-99,0.004251111
6449403293525347885,0,3.24690140631935,GALEX J003759.3+410003,9.49740956695418,41.0008478193293,1,-999,22.61246,-999,3.273531,0.08201355,False,-99,0.002378691
6457249408501156667,0,3.24746435279599,GALEX J003744.7+410213,9.43633332476533,41.03705227181,1,-999,22.99306,-999,2.305563,0.08384496,False,-99,0.003447332
6449403293525348228,0,3.25034471519952,GALEX J003744.8+410209,9.43673941442087,41.0360506038948,1,-999,21.44104,-999,9.629044,0.08384496,False,-99,0.006995862
6449403293525348112,0,3.25509988609785,GALEX J003750.9+410038,9.46235364553345,41.0105814757379,1,-999,20.22935,-999,29.39416,0.08384496,False,-99,0.007591824
2590979497349099174,0,3.26189997635014,GALEX J003750.8+410038,9.46191889143296,41.0106776801868,1,-999,20.83869,-999,16.76961,0.08384496,False,-99,0.001422854
2591014681721176847,0,3.2619204172488,GALEX J003750.8+410038,9.46188468060499,41.0106959403768,1,-999,20.87176,-999,16.26656,0.08384496,False,-99,0.001619129
6449403293525348683,0,3.26310114728234,GALEX J003811.6+410551,9.5485954005549,41.0975709660474,1,-999,23.24413,-999,1.829567,0.08104549,False,-99,0.002836679
6457249408501156545,0,3.26358433796328,GALEX J003750.8+410038,9.46184336490808,41.0106842797849,1,-999,20.84245,-999,16.7116,0.08384496,False,-99,0.001597148
2495981692507918229,0,3.2642022723928,GALEX J003750.9+410037,9.46220823080735,41.0104734264833,1,-999,20.87859,-999,16.16457,0.08384496,False,-99,0.001685664
2591014681721176789,0,3.26902162186275,GALEX J003812.3+410048,9.55123785234485,41.0133973317467,1,-999,24.87816,-999,0.4061973,0.07954718,False,-99,0.002763728
2496509458089246818,0,3.26936555568111,GALEX J003750.8+410037,9.4619522353354,41.0105060947166,1,-999,20.4987,-999,22.93608,0.08384496,False,-99,0.005670458
2495946508136886129,0,3.27348238018848,GALEX J003751.8+410603,9.4659730250167,41.1010650457803,2,23.05461,-999,2.178499,-999,0.08368652,False,0.003923531,-99
6449438477897434377,0,3.27384361636391,GALEX J003811.7+410551,9.54902702332325,41.0975430121629,1,-999,23.36157,-999,1.642,0.08104549,False,-99,0.003121427
6449508846641611546,0,3.27721058583807,GALEX J003750.8+410037,9.46192675733521,41.0103588880821,1,-999,20.67062,-999,19.57721,0.08384496,False,-99,0.002043295
2496509458091344363,0,3.2786795373963,GALEX J003801.9+410633,9.50820042411088,41.1092822255585,3,23.63583,22.87341,1.275466,2.57415,0.08099837,False,0.001281508,0.003204666
6449438477897433898,0,3.27871540467183,GALEX J003750.8+410037,9.46199293365967,41.0102922382445,1,-999,20.69625,-999,19.12058,0.08384496,False,-99,0.003427468
2496509458089247144,0,3.28089939717997,GALEX J003810.6+410600,9.5444783796548,41.1001827751733,1,-999,24.82026,-999,0.4284446,0.08104549,False,-99,0.001247752
2496509458089247146,0,3.28669195605224,GALEX J003811.8+410551,9.54932994856765,41.0976353803857,1,-999,23.63894,-999,1.271817,0.08104549,False,-99,0.00426483
6457249408501157305,0,3.28701634281546,GALEX J003801.9+410633,9.50827067393759,41.1094184184116,1,-999,22.60509,-999,3.295825,0.08099837,False,-99,0.003369821
2590979497349099107,0,3.28720295511228,GALEX J003812.3+410047,9.55134066960748,41.0130648346874,1,-999,24.28341,-999,0.7024856,0.07954718,False,-99,0.002950734
2590979497349100612,0,3.28907085543717,GALEX J003811.7+410552,9.54890577098878,41.0979375018393,1,-999,23.24899,-999,1.821391,0.08104549,False,-99,0.002531143
2496509458089246753,0,3.29074908763917,GALEX J003754.8+410012,9.47855228887779,41.0033929935213,1,-999,21.26802,-999,11.29249,0.08201355,False,-99,0.004518116
2495946508136886104,0,3.2914662022445,GALEX J003811.5+410554,9.54812469006898,41.0984408298129,2,23.78013,-999,1.116735,-999,0.08104549,False,0.00210862,-99
2495946508135830495,0,3.29156891151857,GALEX J003812.3+410046,9.55145414468954,41.0130422884636,1,-999,24.41513,-999,0.6222251,0.07954718,False,-99,0.001815111
6449508846641612165,0,3.29214866300425,GALEX J003801.9+410634,9.50804459756936,41.1095134506677,1,-999,22.6444,-999,3.178623,0.08099837,False,-99,0.001977695
2495946508135831254,0,3.29245173318386,GALEX J003801.9+410634,9.50825029128741,41.1095100182395,1,-999,22.67879,-999,3.079514,0.08099837,False,-99,0.003402086
2591014681721177549,0,3.29250274178447,GALEX J003745.7+410452,9.4405025075043,41.0813197990425,1,-999,24.61902,-999,0.5156919,0.08476537,False,-99,0.003093696
2495946508135830582,0,3.2926903948852,GALEX J003750.8+410036,9.46172184525368,41.0101522974254,1,-999,20.60398,-999,20.81639,0.08384496,False,-99,0.003875148
2590979497351198010,0,3.29600465037068,GALEX J003801.9+410634,9.50829082887795,41.1095676034961,3,23.04704,22.76254,2.193747,2.85091,0.08099837,False,0.003689713,0.001590029
2590979497349100134,0,3.29782777987926,GALEX J003817.6+410417,9.57362960835856,41.0713945471451,1,-999,23.4308,-999,1.54057,0.07845637,False,-99,0.002793993
6449473662269522238,0,3.29826730707026,GALEX J003802.0+410634,9.50833935666643,41.1096032908762,1,-999,22.87306,-999,2.574998,0.08099837,False,-99,0.0024859
6449508846641611976,0,3.29856097771438,GALEX J003815.7+410504,9.5654546669489,41.0845113329382,1,-999,23.87436,-999,1.023891,0.07891403,False,-99,0.001562714
2591014681721177833,0,3.3019830529582,GALEX J003811.7+410553,9.54904214730344,41.0981302751645,1,-999,22.83659,-999,2.662943,0.08104549,False,-99,0.004101026
2591014681723275113,0,3.30221465562233,GALEX J003802.0+410634,9.50833142500935,41.1096695298304,3,23.00216,22.67817,2.286313,3.08128,0.08099837,False,0.00249778,0.001725048
2590979497349099466,0,3.30410910200092,GALEX J003744.4+410211,9.43522851981035,41.0365743222643,1,-999,24.87157,-999,0.4086671,0.08384496,False,-99,0.002816538
2495946508135830941,0,3.30421597271561,GALEX J003743.6+410342,9.43176109359643,41.0619280750304,1,-999,23.2504,-999,1.819036,0.08476537,False,-99,0.004927512
6457249408501156665,0,3.30447525596911,GALEX J003817.3+410206,9.57245293290042,41.0352069846548,1,-999,23.09417,-999,2.10055,0.07986537,False,-99,0.00330734
6449438477897434470,0,3.30618958957951,GALEX J003802.0+410635,9.508495597584,41.1097286856056,1,-999,22.62747,-999,3.22857,0.08099837,False,-99,0.003293419
6372252787397364359,0,3.30642708993028,GALEX J003750.8+410035,9.46176299118947,41.0098486150706,1,-999,20.39786,-999,25.1684,0.08384496,False,-99,0.00589677
2590979497349099489,0,3.30778817833376,GALEX J003817.3+410206,9.57245817906385,41.0350622099678,1,-999,23.58639,-999,1.334883,0.07986537,False,-99,0.002736458
6449403293525348815,0,3.30799532168342,GALEX J003802.0+410635,9.50862347054422,41.1097530347964,1,-999,21.7559,-999,7.205123,0.08099837,False,-99,0.004950535
2495946508135831022,0,3.31133433552465,GALEX J003744.5+410427,9.43567020915377,41.0741818388896,1,-999,23.55086,-999,1.379295,0.08476537,False,-99,0.003229867
2590979497351196323,0,3.31311022207766,GALEX J003814.2+410106,9.55937798466782,41.0184627866793,3,23.60907,24.0009,1.307296,0.9112551,0.07854324,False,0.002509065,0.002095244
2591014681721177587,0,3.31313858762297,GALEX J003817.7+410417,9.57394643496489,41.0714854864706,1,-999,22.3774,-999,4.064798,0.07845637,False,-99,0.008194303
2591014681721177024,0,3.31418503829102,GALEX J003817.4+410206,9.57265221947275,41.0351469891324,1,-999,23.82412,-999,1.072392,0.07986537,False,-99,0.002379115
6449508846641612153,0,3.31466259004703,GALEX J003759.6+410635,9.49833241383721,41.1097912849175,1,-999,24.02264,-999,0.8931878,0.08099837,False,-99,0.002088649
2495946508135830668,0,3.31718769663107,GALEX J003817.4+410206,9.57269300086908,41.0350870468042,1,-999,24.06395,-999,0.8598421,0.07986537,False,-99,0.003107859
2495981692507918966,0,3.31855512129891,GALEX J003811.8+410553,9.54943918057896,41.0982469116145,1,-999,23.66162,-999,1.245521,0.08104549,False,-99,0.003187303
2591014681721177040,0,3.31982401683507,GALEX J003817.8+410217,9.57419447021841,41.0382237049424,1,-999,24.68791,-999,0.4839903,0.07986537,False,-99,0.002814924
2590979497349100122,0,3.32045726559108,GALEX J003744.5+410427,9.43544869332037,41.0741696721176,1,-999,24.60308,-999,0.5233222,0.08476537,False,-99,0.002241781
2591014681721177006,0,3.32333543497216,GALEX J003744.3+410211,9.43484316193543,41.03643480367,1,-999,24.53923,-999,0.5550205,0.08384496,False,-99,0.002998088
2495946508135831094,0,3.32429464455116,GALEX J003745.7+410456,9.44040097153162,41.0822638866264,1,-999,24.22957,-999,0.7381974,0.08476537,False,-99,0.002346533
6449508846641611455,0,3.32545654712378,GALEX J003754.8+410010,9.47833694798384,41.0028361088059,1,-999,21.19496,-999,12.07862,0.08201355,False,-99,0.004428944
6449403293525347925,0,3.32563082784634,GALEX J003752.9+410019,9.47047746114737,41.0054647008014,1,-999,22.66303,-999,3.12454,0.08201355,False,-99,0.00299658
2495946508135830493,0,3.32569152413672,GALEX J003754.8+410010,9.47831972991082,41.0028368048154,1,-999,21.24071,-999,11.58015,0.08201355,False,-99,0.00169137
2495946508135830977,0,3.32645803736881,GALEX J003817.7+410419,9.57397767261494,41.0721325889466,1,-999,23.66049,-999,1.246818,0.07845637,False,-99,0.004480149
6449403293525347948,0,3.32728482597887,GALEX J003754.7+410010,9.47818912123155,41.0028455503712,1,-999,20.97135,-999,14.84085,0.08201355,False,-99,0.004178238
6449403293525348076,0,3.32876507434552,GALEX J003747.7+410105,9.44880061891549,41.0181997937478,1,-999,21.86325,-999,6.52679,0.08384496,False,-99,0.007795931
2590979497349099513,0,3.32925520281651,GALEX J003817.8+410216,9.57433549409757,41.0380378943471,1,-999,24.40535,-999,0.6278568,0.07986537,False,-99,0.002819572
2591014681721177420,0,3.32951406785956,GALEX J003744.4+410427,9.43527550489275,41.0742513928042,1,-999,24.97888,-999,0.3702101,0.08476537,False,-99,0.002821917
2591014681721176738,0,3.33046981673918,GALEX J003754.7+410010,9.47821377419634,41.0027817993537,1,-999,21.30144,-999,10.95024,0.08201355,False,-99,0.001645562
2496509458090306309,0,3.33073781242539,GALEX J003755.7+410627,9.48236323097521,41.1077458689197,2,24.04293,-999,0.8766562,-999,0.08368652,False,0.002425134,-99
6449508846641611618,0,3.33096289010704,GALEX J003817.4+410205,9.57283913025725,41.0347332124831,1,-999,23.09919,-999,2.090863,0.07986537,False,-99,0.001747639
2495876139392700710,0,3.33130712671887,GALEX J003751.4+410028,9.46446114075623,41.0079723189685,2,23.78203,-999,1.114781,-999,0.08201355,False,0.002158079,-99
2495981692507918405,0,3.33206621405333,GALEX J003817.8+410215,9.57425415060641,41.0376915813705,1,-999,23.95505,-999,0.9505569,0.07986537,False,-99,0.001194545
6449438477897433790,0,3.33234356183967,GALEX J003754.8+410009,9.47844340453081,41.0026835067411,1,-999,21.18575,-999,12.18141,0.08201355,False,-99,0.00414858
2590979497349099016,0,3.33234687255239,GALEX J003754.7+410009,9.47828114757851,41.0027292533998,1,-999,21.20746,-999,11.9403,0.08201355,False,-99,0.001527085
2495981692507918101,0,3.3336382713922,GALEX J003754.7+410009,9.4782194120144,41.0027237706621,1,-999,21.42306,-999,9.789863,0.08201355,False,-99,0.001431824
6372252787397364273,0,3.33410530320505,GALEX J003754.6+410010,9.47765714966652,41.0028770690865,1,-999,21.42387,-999,9.782578,0.08201355,False,-99,0.001963656
6457249408501156384,0,3.33481923722298,GALEX J003754.8+410009,9.47832828816721,41.0026719111624,1,-999,21.14832,-999,12.60872,0.08201355,False,-99,0.003694143
2496509458089246990,0,3.33912889249705,GALEX J003817.9+410414,9.57482454445626,41.0708125157038,1,-999,23.38595,-999,1.605527,0.07845637,False,-99,0.00532508
2495946508136886057,0,3.3393221266887,GALEX J003813.9+410534,9.55791451110866,41.0928767312131,2,24.12139,-999,0.8155448,-999,0.07891403,False,0.002337761,-99
2496509458089246831,0,3.34126178071753,GALEX J003817.5+410205,9.57308747971486,41.0347419383086,1,-999,23.84357,-999,1.053344,0.07986537,False,-99,0.004112261
2495981692507918711,0,3.34205775337244,GALEX J003817.9+410416,9.57474061175557,41.0711869814888,1,-999,23.39792,-999,1.587926,0.07845637,False,-99,0.003393169
2495946508135831210,0,3.34289612988248,GALEX J003811.8+410556,9.54917736359202,41.0989136625289,1,-999,23.56277,-999,1.364237,0.08104549,False,-99,0.003838644
2591014681721177700,0,3.34638203861727,GALEX J003748.4+410538,9.45174129331164,41.0940757911045,1,-999,25.02036,-999,0.3563341,0.08368652,False,-99,0.002292763
2495981692507919111,0,3.34672568456661,GALEX J003802.0+410637,9.50857710391097,41.1104018272584,1,-999,22.76491,-999,2.8447,0.08099837,False,-99,0.004027099
2496509458089246783,0,3.34966529621023,GALEX J003814.5+410106,9.56055741565022,41.0185626479016,1,-999,24.2142,-999,0.7487203,0.07854324,False,-99,0.003620286
2495946508135831111,0,3.34979874509166,GALEX J003745.9+410503,9.44130745210037,41.08423723681,1,-999,24.14955,-999,0.7946546,0.08476537,False,-99,0.0006049354
6457249408501156389,0,3.35532613070145,GALEX J003810.4+410026,9.54357804736648,41.0073576702277,1,-999,23.32736,-999,1.694547,0.07954718,False,-99,0.002813779
2590979497349098854,0,3.35560939930506,GALEX J003759.3+405956,9.49733959022579,40.999033054669,1,-999,24.0952,-999,0.8354473,0.08201355,False,-99,0.002923195
2496509458089247010,0,3.35837803577483,GALEX J003744.7+410439,9.4364578839514,41.0776778713938,1,-999,23.16749,-999,1.963375,0.08476537,False,-99,0.002787546
6449403293525348270,0,3.36214054643404,GALEX J003743.6+410230,9.43182400752929,41.0419370514781,1,-999,21.43649,-999,9.669457,0.08384496,False,-99,0.004715942
2496509458090306235,0,3.37343460315138,GALEX J003746.0+410508,9.44188014840368,41.085642461428,2,24.24791,-999,0.7258361,-999,0.08476537,False,0.002195948,-99
2495946508135830681,0,3.3765397548705,GALEX J003744.0+410211,9.4335504024052,41.036541158541,1,-999,23.68266,-999,1.221621,0.08531417,False,-99,0.003551645
6449473662269522054,0,3.3818101440681,GALEX J003818.0+410418,9.57536619478437,41.0718962093628,1,-999,22.85669,-999,2.614101,0.07845637,False,-99,0.00324697
2591014681721177462,0,3.38193490985666,GALEX J003744.6+410439,9.43581530269127,41.0775556169977,1,-999,25.214,-999,0.2981254,0.08476537,False,-99,0.001088319
6457249408502212294,0,3.38302842275633,GALEX J003816.1+410506,9.56720176577651,41.0850656894513,2,23.24382,-999,1.830101,-999,0.07845637,False,0.002169781,-99
2590979497349100800,0,3.38328199256212,GALEX J003804.4+410636,9.51846443594833,41.1100707821141,1,-999,24.42486,-999,0.6166767,0.08099837,False,-99,0.002716851
6449438477897434339,0,3.38377793312766,GALEX J003747.8+410535,9.44931166692942,41.0930688023553,1,-999,23.51233,-999,1.429109,0.08476537,False,-99,0.003518928
6449473662269521945,0,3.38692194961279,GALEX J003744.0+410211,9.43337732839161,41.0363883914409,1,-999,22.7107,-999,2.990339,0.08531417,False,-99,0.002444589
2590979497349100192,0,3.38942512660644,GALEX J003744.5+410440,9.43580192724376,41.0778398458966,1,-999,24.56504,-999,0.5419786,0.08476537,False,-99,0.002683938
2591014681721176727,0,3.39395951816463,GALEX J003800.4+405953,9.50202879354474,40.9981792275935,1,-999,22.9551,-999,2.387598,0.08201355,False,-99,0.006327671
2495981692507919058,0,3.3953412258737,GALEX J003755.4+410630,9.48096293963409,41.1085404748601,1,-999,23.8255,-999,1.071022,0.08368652,False,-99,0.002516103
6449508846641612145,0,3.4001970760652,GALEX J003753.2+410621,9.47175081942038,41.105853696835,1,-999,23.03405,-999,2.220138,0.08368652,False,-99,0.003201813
6449473662269522157,0,3.40057610450051,GALEX J003813.1+410547,9.55476545659762,41.096642054216,1,-999,23.36243,-999,1.640687,0.07891403,False,-99,0.00320448
2591014681721177633,0,3.40125122829615,GALEX J003815.7+410514,9.56573058951346,41.087269530822,1,-999,24.03053,-999,0.8867251,0.07891403,False,-99,0.003593352
6449508846641611457,0,3.40202064514294,GALEX J003806.2+410001,9.52590030448505,41.0004441465124,1,-999,19.89355,-999,40.04794,0.08089752,False,-99,0.002127116
2591014681721176798,0,3.40277636790594,GALEX J003806.1+410001,9.52545576227303,41.0003308441917,1,-999,19.92374,-999,38.94981,0.08089752,False,-99,0.001646998
6372252787397364271,0,3.40311578558494,GALEX J003806.1+410001,9.52540827865836,41.0003143832348,1,-999,19.84945,-999,41.70823,0.08089752,False,-99,0.001661604
2496509458089246759,0,3.40488436375869,GALEX J003806.2+410001,9.52598845419861,41.0004144043605,1,-999,19.81985,-999,42.86059,0.08089752,False,-99,0.002285268
2591014681721176760,0,3.40513318230069,GALEX J003751.1+410025,9.46311623897873,41.0071629519461,1,-999,23.28885,-999,1.755736,0.08201355,False,-99,0.002210636
2495981692507918123,0,3.4059519398745,GALEX J003806.2+410001,9.52607618787428,41.0004159120497,1,-999,19.85861,-999,41.35773,0.08089752,False,-99,0.001844989
2590979497349099087,0,3.40648451065554,GALEX J003806.1+410000,9.52545827226384,41.0002669677677,1,-999,19.94503,-999,38.19339,0.08089752,False,-99,0.001347824
6457249408501156392,0,3.40707333271296,GALEX J003806.1+410001,9.52575674108194,41.0003236428512,1,-999,19.86883,-999,40.9701,0.08089752,False,-99,0.001957021
2590979497349099033,0,3.40777598148288,GALEX J003751.1+410025,9.46304392232626,41.0071459278244,1,-999,22.97997,-999,2.333515,0.08201355,False,-99,0.002361067
2495946508135830509,3138661632107877357,3.40823916361705,GALEX J003806.2+410001,9.52584627314701,41.0003236213855,1,-999,19.87383,-999,40.78183,0.08089752,True,-99,0.001686179
6449438477897433781,0,3.40829037545618,GALEX J003806.2+410001,9.52581862474289,41.0003164639343,1,-999,19.98048,-999,36.96655,0.08089752,False,-99,0.001764088
6449473662269522101,0,3.40916647120468,GALEX J003816.3+410505,9.56800048082402,41.084928867442,1,-999,23.96209,-999,0.9444211,0.07845637,False,-99,0.002358702
6449403293525347915,0,3.41088136649179,GALEX J003806.1+410000,9.52578342749695,41.0002634218809,1,-999,20.03726,-999,35.08291,0.08089752,False,-99,0.001718239
6457249408501156358,0,3.41444765858214,GALEX J003809.1+410014,9.53810021612921,41.0038973089926,1,-999,22.62022,-999,3.250207,0.07954718,False,-99,0.002959009
2590979497349100380,0,3.41761431517385,GALEX J003815.8+410514,9.56615075368817,41.0872924245626,1,-999,25.05539,-999,0.3450211,0.07891403,False,-99,0.001795036
2591014681721177958,0,3.41959752068833,GALEX J003803.1+410640,9.51301630855146,41.1113238115493,1,-999,23.68105,-999,1.223429,0.08099837,False,-99,0.00322898
2495946508135831114,0,3.42038975719092,GALEX J003815.9+410513,9.56634198962907,41.0871658761784,1,-999,24.03266,-999,0.8849857,0.07891403,False,-99,0.003469369
2496509458089247135,0,3.4216515516577,GALEX J003813.2+410549,9.55501807970117,41.0969437114868,1,-999,23.70447,-999,1.197327,0.07891403,False,-99,0.003657118
2590979497349100582,0,3.42205198745699,GALEX J003813.2+410548,9.55508675080198,41.0969056668511,1,-999,23.17266,-999,1.954052,0.07891403,False,-99,0.002923258
2496509458090306086,0,3.42212702915454,GALEX J003806.9+410003,9.52899458479147,41.0008498632086,2,23.69783,-999,1.204677,-999,0.08089752,False,0.0023411,-99
2591014681723273829,0,3.42607980947672,GALEX J003807.1+410003,9.52993923382359,41.0010328535624,3,23.18018,22.91622,1.94058,2.474639,0.08089752,False,0.003127843,0.001998933
2590979497349099800,0,3.42710119371495,GALEX J003819.1+410318,9.57991008108123,41.0551699877938,1,-999,23.98378,-999,0.9257331,0.07845637,False,-99,0.002132486
6449508846641611436,0,3.42765111415438,GALEX J003808.7+410011,9.53660423681693,41.003100883014,1,-999,23.73306,-999,1.166205,0.07954718,False,-99,0.001571225
2591014681721177788,0,3.42768609385427,GALEX J003813.2+410548,9.55526229702359,41.096912105317,1,-999,23.0349,-999,2.218393,0.07891403,False,-99,0.003594103
2495876139392700818,0,3.42824635331857,GALEX J003807.2+410003,9.53022496014628,41.0010729400571,2,22.88636,-999,2.543663,-999,0.08089752,False,0.003170281,-99
2495946508136885329,0,3.42875866610119,GALEX J003807.2+410003,9.53038691899059,41.0011087638936,2,23.59936,-999,1.319038,-999,0.08089752,False,0.002780732,-99
2591014681721177220,0,3.42887673908099,GALEX J003819.1+410318,9.57994902952169,41.0551991269763,1,-999,24.0834,-999,0.8445781,0.07845637,False,-99,0.002609087
6449473662269522100,0,3.42947296033295,GALEX J003817.7+410436,9.57408007173237,41.0768244414391,1,-999,21.91099,-999,6.246014,0.07845637,False,-99,0.007499319
2590979497351196104,0,3.4302372446997,GALEX J003807.1+410003,9.52996181976531,41.000965333823,3,23.27536,22.48429,1.7777,3.683713,0.08089752,False,0.002479208,0.003002823
2495946508135831153,0,3.43116839003273,GALEX J003813.2+410549,9.55508564678548,41.0971116803007,1,-999,22.87955,-999,2.559643,0.07891403,False,-99,0.005185815
2495946508135830878,3138661632107877726,3.4332979394182,GALEX J003742.8+410258,9.42860798715099,41.0494665767798,1,-999,19.23049,-999,73.75681,0.08476537,True,-99,0.02176678
2591014681721176752,0,3.44027069490012,GALEX J003808.8+410010,9.53700691245854,41.0030126676853,1,-999,23.37924,-999,1.615485,0.07954718,False,-99,0.00553634
6449403293525348662,0,3.44303419559217,GALEX J003813.4+410548,9.55599807162782,41.0967488644411,1,-999,23.24437,-999,1.829166,0.07891403,False,-99,0.00308244
2495981692508973103,0,3.44380621516019,GALEX J003807.3+410003,9.5304041408937,41.000846312274,2,23.26246,-999,1.798942,-999,0.07954718,False,0.001275728,-99
6457249408501157182,0,3.44554313464912,GALEX J003813.3+410549,9.55562290779787,41.097066848794,1,-999,23.25931,-999,1.804162,0.07891403,False,-99,0.001931758
2590979497349098981,0,3.44838166258578,GALEX J003808.8+410010,9.53706231694215,41.0028828103944,1,-999,23.44483,-999,1.520789,0.07954718,False,-99,0.004976675
2495981692507918967,0,3.44934713242957,GALEX J003813.5+410547,9.55652215836521,41.0965228216006,1,-999,23.06113,-999,2.165453,0.07891403,False,-99,0.004238775
2496509458089246771,0,3.4500120636087,GALEX J003809.3+410012,9.53884728664339,41.0035185987053,1,-999,22.54044,-999,3.498039,0.07954718,False,-99,0.007926592
2495946508135830805,0,3.45022105287652,GALEX J003819.3+410318,9.58042175656584,41.0550951239238,1,-999,23.92578,-999,0.976535,0.07845637,False,-99,0.003027459
