objid,specObjID,distance_arcmin,IAUName,ra,dec,band,fuv_mag,nuv_mag,fuv_flux,nuv_flux,e_bv,isThereSpectrum,fuv_fwhm_world,nuv_fwhm_world
6380943365958009666,0,0.185391773061541,GALEX J004522.8+140552,11.3452861844242,14.0977893809318,1,-999,22.4484,-999,3.80751,0.09677788,False,-99,0.002827794
6380943365958009656,0,0.461614563430068,GALEX J004523.1+140535,11.3465785592995,14.0931737839442,1,-999,22.08949,-999,5.299092,0.09677788,False,-99,0.001947923
3791153613469910259,0,0.674393436099536,GALEX J004523.2+140643,11.3468300577395,14.1120315784647,1,-999,23.74131,-999,1.157383,0.09730799,False,-99,0.003036234
6380943365958009681,0,0.674895768562792,GALEX J004525.7+140606,11.3573951191938,14.1017183784079,1,-999,22.82138,-999,2.700523,0.09730799,False,-99,0.002186144
6380943375621688761,0,0.683537216183522,GALEX J004520.7+140627,11.3363654699791,14.1075762466169,1,-999,22.7548,-999,2.871311,0.09677788,False,-99,0.001494813
6380943365958009634,0,0.85869842080765,GALEX J004522.2+140512,11.3428141771419,14.0868244697434,1,-999,22.65899,-999,3.136187,0.09677788,False,-99,0.002073461
6380943375621688567,0,0.962737872168282,GALEX J004521.9+140658,11.3413985815827,14.1162917889772,1,-999,22.62159,-999,3.24612,0.09730799,False,-99,0.00222812
6380943365958009735,0,1.00278237034406,GALEX J004522.6+140702,11.3442479294226,14.1174754950326,1,-999,22.89852,-999,2.515301,0.09730799,False,-99,0.002083864
6380943365958009619,0,1.00567116639399,GALEX J004523.6+140503,11.348367184751,14.0842532970902,1,-999,22.91705,-999,2.472747,0.09372878,False,-99,0.00142004
6380943365958009676,0,1.03776965764714,GALEX J004518.7+140601,11.3280088267649,14.1002843940124,1,-999,23.07257,-999,2.142744,0.09677788,False,-99,0.002101813
6380943375621688694,0,1.14388693770493,GALEX J004524.7+140459,11.353251496479,14.08317833298,1,-999,22.9874,-999,2.317604,0.09372878,False,-99,0.002098999
3791153613469910119,0,1.22397759051613,GALEX J004526.4+140509,11.3603318082767,14.0860548701557,1,-999,24.15182,-999,0.7929987,0.09324849,False,-99,0.002753522
3791153613469910194,0,1.24952120330504,GALEX J004528.1+140557,11.3672403384324,14.0992108376016,1,-999,23.72362,-999,1.176391,0.09324849,False,-99,0.003004973
3791153613469910120,0,1.25769377079977,GALEX J004519.1+140511,11.3299417434032,14.0866270178111,1,-999,24.0838,-999,0.8442675,0.09677788,False,-99,0.002480296
3791153613469910283,0,1.31192562522699,GALEX J004519.0+140655,11.3291538191517,14.1155445726532,1,-999,24.60294,-999,0.5233884,0.09677788,False,-99,0.00120822
3791153613469910127,0,1.32957265704261,GALEX J004518.5+140516,11.3272774314123,14.087904961146,1,-999,24.04547,-999,0.8746029,0.09677788,False,-99,0.002569627
6380943375621688590,0,1.38486168735207,GALEX J004521.1+140444,11.3380179329217,14.0790325689445,1,-999,22.76439,-999,2.84606,0.09372878,False,-99,0.003169185
6380943365958009646,0,1.4925429211845,GALEX J004517.4+140524,11.3226923479607,14.0901068558999,1,-999,22.92401,-999,2.456949,0.09677788,False,-99,0.002190318
3791153613469910041,0,1.52209393780466,GALEX J004523.5+140431,11.3479045095036,14.0755447665098,1,-999,23.59888,-999,1.319617,0.09372878,False,-99,0.001099741
6380943375621688525,0,1.5425606419195,GALEX J004523.6+140430,11.3484335445399,14.0752479885974,1,-999,22.8417,-999,2.65046,0.09372878,False,-99,0.001552687
6380943375621688550,0,1.57877926759353,GALEX J004527.8+140459,11.3659817309088,14.0832128450704,1,-999,22.84476,-999,2.642977,0.09324849,False,-99,0.002424116
3791153613469910039,0,1.58097661323517,GALEX J004521.5+140430,11.3399414793297,14.0751108764879,1,-999,24.06595,-999,0.8582647,0.09372878,False,-99,0.002167968
3791153613469910331,0,1.59533509436396,GALEX J004527.1+140717,11.3630426018913,14.12153153368,1,-999,24.10556,-999,0.8275129,0.09730799,False,-99,0.002266946
3791153613469910110,0,1.60009497202123,GALEX J004518.1+140457,11.325632736997,14.0827412988503,1,-999,22.98219,-999,2.328757,0.09677788,False,-99,0.003242766
6380943365958009729,0,1.71048743504125,GALEX J004517.0+140658,11.3211288824116,14.1162821897824,1,-999,22.63241,-999,3.213918,0.09677788,False,-99,0.001367081
3791153613469910280,0,1.73415144654803,GALEX J004516.7+140653,11.3198339458954,14.1149595265447,1,-999,24.01393,-999,0.900381,0.09677788,False,-99,0.002093729
6380943375621688742,0,1.75542957841697,GALEX J004518.7+140728,11.3280634414301,14.1244762108323,1,-999,22.26456,-999,4.509982,0.09751048,False,-99,0.002941388
6380943375621688846,0,1.75875969740156,GALEX J004524.7+140745,11.3532122303421,14.1292590641711,1,-999,22.80426,-999,2.743438,0.09730799,False,-99,0.002087471
6380943365958009767,0,1.77064946705301,GALEX J004527.1+140730,11.3630187071953,14.1251872065307,1,-999,22.32345,-999,4.271873,0.09730799,False,-99,0.003725405
6380943375621688800,0,1.81113983632101,GALEX J004517.7+140720,11.3240967248808,14.1224384347728,1,-999,23.1707,-999,1.957584,0.09751048,False,-99,0.00101816
6380943365958009601,0,1.81174447081669,GALEX J004528.5+140450,11.3691040740821,14.0807745927888,1,-999,22.99722,-999,2.296744,0.09324849,False,-99,0.0020552
3791153613469910270,0,1.81643862004492,GALEX J004529.8+140646,11.3744214700725,14.1129899354324,1,-999,24.21972,-999,0.7449262,0.09730799,False,-99,0.001245061
6380943375622738147,0,1.82189332973577,GALEX J004518.2+140728,11.326152587853,14.1244494847518,2,22.06791,-999,5.405529,-999,0.09751048,False,0.002399806,-99
3791153613469910253,0,1.86666825376622,GALEX J004530.4+140633,11.3766993103817,14.1093053927729,1,-999,23.13616,-999,2.020865,0.09730799,False,-99,0.001835747
6380943375621688835,0,1.88531681673191,GALEX J004528.9+140715,11.3706852299597,14.1209934943322,1,-999,22.66255,-999,3.125936,0.09730799,False,-99,0.002381744
3791153613469910114,0,1.94254013424738,GALEX J004530.1+140509,11.3754462373046,14.0858915865445,1,-999,23.56506,-999,1.361364,0.09324849,False,-99,0.002524326
6380943375622738162,0,1.98181246601325,GALEX J004529.3+140448,11.3723085989722,14.0800583654937,2,22.57795,-999,3.379266,-999,0.09324849,False,0.001590975,-99
6380943375621688662,0,1.9864798497063,GALEX J004523.2+140802,11.3469596045649,14.1339233087898,1,-999,23.0012,-999,2.288344,0.09730799,False,-99,0.002093933
3791153613469910163,0,2.0108798339662,GALEX J004531.1+140538,11.3796954756953,14.0941538351576,1,-999,23.92496,-999,0.9772748,0.09324849,False,-99,0.001571864
6380943365958009560,0,2.04081018127405,GALEX J004518.3+140421,11.3263341169374,14.0725628075372,1,-999,22.45896,-999,3.770642,0.09677788,False,-99,0.001689785
3791153613469910335,0,2.05943837952695,GALEX J004529.7+140718,11.3737671445963,14.1219098572153,1,-999,23.89779,-999,1.002041,0.09730799,False,-99,0.002554385
6380943365958009617,0,2.07512687845454,GALEX J004515.3+140506,11.3140402458667,14.0851717961396,1,-999,22.65407,-999,3.150444,0.09677788,False,-99,0.002108313
6380943375621688581,0,2.11141887344077,GALEX J004522.1+140356,11.3422905121875,14.0658111996665,1,-999,22.81473,-999,2.717116,0.09372878,False,-99,0.00234251
3791153613469909995,0,2.12663936591992,GALEX J004522.1+140356,11.3422762384602,14.0655576669346,1,-999,23.57074,-999,1.35427,0.09372878,False,-99,0.003985394
6380943375621688793,0,2.14443217047357,GALEX J004521.3+140809,11.3390401849098,14.1359614531977,1,-999,22.77453,-999,2.819606,0.09907401,False,-99,0.0007255995
6380943375621688732,0,2.1671272570638,GALEX J004514.3+140634,11.309721446337,14.1096622121386,1,-999,22.48792,-999,3.6714,0.09677788,False,-99,0.00225675
3791153613469910182,0,2.19059431781023,GALEX J004514.1+140540,11.3087478760255,14.0945691891918,1,-999,22.50417,-999,3.616848,0.09677788,False,-99,0.005243991
3791153613469910376,0,2.22129347434317,GALEX J004528.4+140750,11.3684033785416,14.1306911212938,1,-999,23.89522,-999,1.004414,0.09730799,False,-99,0.002361258
3791153613469910249,0,2.26600319765236,GALEX J004513.9+140636,11.3080858451406,14.1101112826661,1,-999,24.09559,-999,0.8351508,0.09751048,False,-99,0.002151606
6380943375621688859,0,2.27411746772609,GALEX J004522.5+140819,11.3438527022114,14.13868658897,1,-999,22.60438,-999,3.297974,0.09907401,False,-99,0.002200389
3791153613469910243,0,2.29417356671694,GALEX J004513.5+140607,11.3064309899546,14.1021076972997,1,-999,21.89421,-999,6.34328,0.09677788,False,-99,0.006027098
6380943375621688584,0,2.31690430139689,GALEX J004523.4+140344,11.3477425950431,14.0622626933572,1,-999,22.17965,-999,4.876838,0.09372878,False,-99,0.002833475
3791153613469910429,0,2.32598156290508,GALEX J004525.1+140819,11.3547609843299,14.1386205121009,1,-999,23.54237,-999,1.390118,0.09730799,False,-99,0.003197444
3791153613469909980,0,2.34511371372389,GALEX J004527.2+140356,11.3633746911004,14.0656456255707,1,-999,23.50628,-999,1.437106,0.09372878,False,-99,0.003119337
3791153613469910050,0,2.34692075276449,GALEX J004515.3+140437,11.313880593355,14.0769684524449,1,-999,24.03705,-999,0.881412,0.09677788,False,-99,0.0009393795
3791153613469910171,0,2.35451640302138,GALEX J004532.5+140534,11.3854548807687,14.0928840519864,1,-999,24.27107,-999,0.7105132,0.09324849,False,-99,0.003493745
6380943365958009679,0,2.38315213856575,GALEX J004513.1+140611,11.3049444955063,14.1030624685061,1,-999,22.93775,-999,2.426056,0.09677788,False,-99,0.001768357
6380943365958009642,0,2.4004046228941,GALEX J004513.5+140519,11.3065237191751,14.0887116648997,1,-999,22.86329,-999,2.598253,0.09817362,False,-99,0.002090617
3791153613469910033,0,2.45744970108469,GALEX J004516.6+140407,11.3194274679446,14.0688717723536,1,-999,22.55853,-999,3.440246,0.09677788,False,-99,0.005684555
6380943375621688583,0,2.47814168194459,GALEX J004516.7+140404,11.3199562497021,14.0680321643918,1,-999,22.33211,-999,4.237935,0.09677788,False,-99,0.003174125
6380943375621688799,0,2.5042007647789,GALEX J004530.6+140744,11.3776421951952,14.128945961377,1,-999,22.70416,-999,3.008392,0.09903061,False,-99,0.002429209
3791153613469910449,0,2.51833692077868,GALEX J004521.4+140832,11.3394862329575,14.142351821279,1,-999,23.80446,-999,1.091986,0.09907401,False,-99,0.002386835
6380943365958009543,0,2.55798436793782,GALEX J004516.8+140358,11.3200649072019,14.0662951642225,1,-999,23.73346,-999,1.165782,0.09372878,False,-99,0.001730304
3791153613469909942,0,2.57482912811443,GALEX J004522.0+140329,11.3420367472993,14.0580778098469,1,-999,23.42237,-999,1.552578,0.09372878,False,-99,0.003101501
3791153613469909975,0,2.58657783410447,GALEX J004525.2+140331,11.3551616723909,14.0586839301592,1,-999,23.81254,-999,1.083886,0.09372878,False,-99,0.001432272
3791153613469909957,0,2.62349601080192,GALEX J004526.8+140335,11.3617159447607,14.059912156584,1,-999,22.27873,-999,4.451511,0.09372878,False,-99,0.005725791
6380943375621688574,0,2.66089154546573,GALEX J004527.1+140335,11.3630422345513,14.0597463090534,1,-999,22.42009,-999,3.908081,0.09372878,False,-99,0.002950576
3791153613469910042,0,2.66518975612782,GALEX J004529.3+140352,11.3722533383196,14.0645506777687,1,-999,18.93295,-999,97.01025,0.09324849,False,-99,0.00133012
6380943375621688832,0,2.66594438748116,GALEX J004529.3+140352,11.3722837021841,14.064556090899,1,-999,18.78437,-999,111.2376,0.09324849,False,-99,0.001723872
6380943365958009485,0,2.67573234742001,GALEX J004529.3+140351,11.3723431474127,14.064397096047,1,-999,18.9134,-999,98.77354,0.09324849,False,-99,0.001614637
3791153613469910491,0,2.69438277917274,GALEX J004530.6+140800,11.377564482966,14.1335383123655,1,-999,23.2615,-999,1.800523,0.09903061,False,-99,0.002991389
3791153613469910078,0,2.7151887508865,GALEX J004513.8+140428,11.3078897972773,14.0745002107968,1,-999,22.98726,-999,2.317912,0.09817362,False,-99,0.004924144
6380943365958009559,0,2.72376171739579,GALEX J004531.3+140412,11.3804002716051,14.0702278213407,1,-999,22.44852,-999,3.807072,0.09324849,False,-99,0.002246737
6380943365958009505,0,2.75976442289259,GALEX J004525.3+140321,11.3557117058547,14.0558463299134,1,-999,22.67029,-999,3.103717,0.09372878,False,-99,0.0008881686
6380943365958009740,0,2.76079045492598,GALEX J004533.4+140709,11.3893486408985,14.119168198897,1,-999,22.6925,-999,3.040875,0.09903061,False,-99,0.002130793
3791153613469910519,0,2.76453563212719,GALEX J004517.4+140828,11.3228657992943,14.141167572513,1,-999,23.94576,-999,0.9587257,0.09907401,False,-99,0.002218922
6380943365958009506,0,2.77551766308483,GALEX J004519.3+140325,11.3307309071662,14.0569553884371,1,-999,22.35701,-999,4.141874,0.09372878,False,-99,0.00265324
6380943375621688996,0,2.78485454922797,GALEX J004525.9+140844,11.3582064028899,14.1456697497961,1,-999,22.06379,-999,5.426039,0.09907401,False,-99,0.004253516
6380943375621688726,0,2.80295167863151,GALEX J004522.1+140315,11.3423582432159,14.0542392358924,1,-999,22.90138,-999,2.50869,0.09372878,False,-99,0.001889665
6380943375621688873,0,2.81269057383182,GALEX J004527.7+140836,11.3657702413233,14.14353866884,1,-999,22.60837,-999,3.285875,0.09903061,False,-99,0.00131144
3791153613469910004,0,2.84574400616734,GALEX J004531.3+140403,11.3806840778396,14.0675637269386,1,-999,23.39006,-999,1.599463,0.09324849,False,-99,0.00173131
6380943375621688768,0,2.84886500654377,GALEX J004511.2+140558,11.2968946366392,14.0995683798585,1,-999,22.9071,-999,2.495504,0.09817362,False,-99,0.003257927
6380943375622738178,0,2.86875296924394,GALEX J004511.1+140552,11.2966268766022,14.0979263342022,2,22.3586,-999,4.135838,-999,0.09817362,False,0.002123568,-99
6380943375621688547,0,2.93793400495071,GALEX J004533.4+140434,11.3894324464875,14.0761477539622,1,-999,23.19249,-999,1.918686,0.09324849,False,-99,0.002062525
3791153613469909972,0,2.95242885063724,GALEX J004514.8+140350,11.3120455490141,14.0641275160478,1,-999,24.02215,-999,0.8935903,0.09817362,False,-99,0.002083568
6380943375621688526,0,2.95699070301871,GALEX J004512.5+140432,11.3021160965522,14.0757160803382,1,-999,22.3979,-999,3.988786,0.09817362,False,-99,0.002362493
3791153613469910268,0,2.96178202888141,GALEX J004511.1+140647,11.2965662600258,14.1132292268785,1,-999,24.03966,-999,0.8792957,0.09751048,False,-99,0.001803754
6380943375621688756,0,2.99355893444573,GALEX J004510.7+140544,11.2946547829708,14.0957891741393,1,-999,22.78829,-999,2.784086,0.09817362,False,-99,0.001956201
6380943365958009515,0,3.01285983169016,GALEX J004529.0+140325,11.3712278109734,14.0570753608277,1,-999,22.50949,-999,3.59918,0.09324849,False,-99,0.002480841
6380943375621688817,0,3.06200121029272,GALEX J004530.8+140827,11.3784030139475,14.140917714225,1,-999,22.93274,-999,2.437279,0.09903061,False,-99,0.002072988
6380943365958009765,0,3.06301411193881,GALEX J004511.8+140729,11.2993978728143,14.1248764841567,1,-999,22.48906,-999,3.667557,0.09751048,False,-99,0.001750794
6380943375621688568,0,3.09834147326882,GALEX J004535.7+140612,11.3990050250691,14.1035169763122,1,-999,22.83954,-999,2.655728,0.09367565,False,-99,0.00226582
3791153613469910386,0,3.1077555709,GALEX J004533.2+140754,11.3885790248941,14.1318866966098,1,-999,24.05825,-999,0.8643701,0.09903061,False,-99,0.002799855
3791153613469910431,0,3.1372266927671,GALEX J004531.7+140821,11.3823611198654,14.1392920253989,1,-999,24.60937,-999,0.5202999,0.09903061,False,-99,0.0009520827
3791153613469910408,0,3.13731852050766,GALEX J004512.3+140750,11.3015174411458,14.1306160907875,1,-999,22.64724,-999,3.170311,0.09751048,False,-99,0.003679431
6380943365960106934,0,3.13803646456544,GALEX J004512.3+140750,11.3015164030431,14.1306356444843,3,21.23586,22.89135,11.63206,2.53198,0.09751048,False,0.002978252,0.0018442
6380943375622738134,0,3.17105466064559,GALEX J004509.9+140548,11.2915047086173,14.0967391749558,2,22.1157,-999,5.172752,-999,0.09817362,False,0.002451373,-99
3791153613469910222,0,3.18503424291686,GALEX J004536.1+140616,11.4004352925888,14.1045119267792,1,-999,23.86477,-999,1.032976,0.09367565,False,-99,0.002480196
3791153613469910303,0,3.18901697723259,GALEX J004510.5+140704,11.2939324104791,14.1179014844224,1,-999,24.41652,-999,0.6214264,0.09751048,False,-99,0.001619248
6380943375621688593,0,3.21449226676624,GALEX J004515.5+140323,11.3147527420352,14.0565453590467,1,-999,21.66358,-999,7.844571,0.09428862,False,-99,0.001787756
3791153613469909961,0,3.21739554631497,GALEX J004515.5+140323,11.3147492741833,14.0564891260043,1,-999,21.49559,-999,9.157201,0.09428862,False,-99,0.001940726
6380943365958009491,0,3.22913198921572,GALEX J004515.4+140323,11.3145038534916,14.056414714483,1,-999,21.31613,-999,10.80312,0.09428862,False,-99,0.004887292
3791153613469909979,0,3.23446997123528,GALEX J004513.4+140347,11.3061818333206,14.0630591502852,1,-999,23.65384,-999,1.254477,0.09817362,False,-99,0.00320558
3791153613469910237,0,3.24206506849634,GALEX J004536.2+140625,11.4011608843941,14.1071858850238,1,-999,23.64754,-999,1.261785,0.09367565,False,-99,0.003085003
3791153613469909908,0,3.24999148492461,GALEX J004529.2+140310,11.3719652323387,14.0529633655956,1,-999,24.05601,-999,0.8661521,0.08988448,False,-99,0.00254292
6380943365958009755,0,3.25357610438131,GALEX J004527.6+140905,11.3653343220891,14.1516550954519,1,-999,19.68669,-999,48.45337,0.1020572,False,-99,0.001814063
3791153613469910509,0,3.26410478942971,GALEX J004518.9+140909,11.3290573547758,14.1527455805638,1,-999,24.19056,-999,0.7652047,0.09907401,False,-99,0.002210397
6380943375621688924,0,3.26585917527726,GALEX J004527.7+140906,11.3657098743204,14.1517370489628,1,-999,19.82407,-999,42.69455,0.1020572,False,-99,0.003327418
3791153613469910568,0,3.26955429826609,GALEX J004527.7+140906,11.3655657479799,14.1518555364245,1,-999,19.81216,-999,43.16544,0.1020572,False,-99,0.001323463
6380943365958009584,0,3.32309666997113,GALEX J004535.4+140438,11.3974940784439,14.0772365352128,1,-999,22.46869,-999,3.737016,0.09324849,False,-99,0.00221484
6380943365958009568,0,3.33008525535519,GALEX J004511.3+140418,11.2971073057194,14.0717331658433,1,-999,22.71734,-999,2.972089,0.09817362,False,-99,0.002675203
3791153613469910526,0,3.34320567107715,GALEX J004523.2+140923,11.346712546468,14.1565469041905,1,-999,23.95417,-999,0.9513305,0.09907401,False,-99,0.00252681
6380943375622738133,0,3.38616194393011,GALEX J004522.7+140239,11.3446312208148,14.0444093480504,2,22.23136,-999,4.650068,-999,0.09372878,False,0.002410571,-99
3791153613469909973,0,3.39370098513091,GALEX J004533.6+140350,11.3901594490492,14.0640808751862,1,-999,23.62462,-999,1.288694,0.08766424,False,-99,0.002912594
3791153613469910292,0,3.40507884400083,GALEX J004536.7+140644,11.403139838297,14.1123118377005,1,-999,22.81034,-999,2.728125,0.09367565,False,-99,0.004656028
6380943375621688845,0,3.4227271991296,GALEX J004534.7+140755,11.3949662663973,14.1321979172151,1,-999,22.4456,-999,3.817323,0.09903061,False,-99,0.00253365
6380943365958009717,0,3.43706376995292,GALEX J004509.1+140648,11.2882037873261,14.1133887191707,1,-999,22.77401,-999,2.820948,0.09721915,False,-99,0.002421032
3791153613469910525,0,3.46116975610421,GALEX J004529.2+140909,11.3718467912536,14.1527111122093,1,-999,23.02214,-999,2.244619,0.09903061,False,-99,0.003984647
6380943365959061309,0,3.47572821415903,GALEX J004528.1+140917,11.3672094603878,14.1549261351353,2,22.02602,-999,5.618161,-999,0.1020572,False,0.002227094,-99
3791153613469909873,0,3.48066705644914,GALEX J004519.6+140240,11.3317155375762,14.0444616956377,1,-999,24.05467,-999,0.8672266,0.09428862,False,-99,0.001694429
6380943365958009494,0,3.51317085441854,GALEX J004514.6+140311,11.310812955813,14.0531409553958,1,-999,22.317,-999,4.297331,0.09428862,False,-99,0.003215372
6380943375621688795,0,3.53158541956279,GALEX J004537.3+140642,11.4054610627266,14.1117969509196,1,-999,21.85499,-999,6.576643,0.09367565,False,-99,0.002494981
3791153613469910415,0,3.55092364248423,GALEX J004510.6+140758,11.2945407908917,14.1328973083746,1,-999,22.31251,-999,4.315135,0.09751048,False,-99,0.003130225
6380943365959061301,0,3.55124986052291,GALEX J004519.8+140930,11.3325805814791,14.1586086846541,2,21.72329,-999,7.42482,-999,0.09907401,False,0.002713175,-99
3791153613469910433,0,3.55820665404254,GALEX J004534.1+140822,11.392187734436,14.1395121294959,1,-999,23.65222,-999,1.256352,0.09903061,False,-99,0.003231754
6380943365960106932,0,3.55844865824747,GALEX J004510.7+140759,11.2946552588371,14.1332986266075,3,21.99041,21.66076,5.80546,7.864925,0.09751048,False,0.002055887,0.004826432
6380943375621688630,0,3.56957695274366,GALEX J004523.6+140229,11.3483821021931,14.0413917756714,1,-999,22.07204,-999,5.384994,0.09372878,False,-99,0.00358659
6380943365958009860,0,3.60887129011194,GALEX J004518.5+140929,11.3271946707958,14.1582011549922,1,-999,23.01664,-999,2.256028,0.09907401,False,-99,0.0009913931
3791153613469909864,0,3.62280862438627,GALEX J004523.6+140225,11.3483617408707,14.04050301945,1,-999,23.37579,-999,1.620626,0.09372878,False,-99,0.003147952
3791153613469910168,0,3.62894214674052,GALEX J004508.0+140543,11.2837167269668,14.0954873655543,1,-999,24.70681,-999,0.475635,0.09721915,False,-99,0.001112673
3791153613469910416,0,3.68271687241125,GALEX J004535.3+140812,11.3970829220794,14.1368486345698,1,-999,24.07667,-999,0.8498325,0.09903061,False,-99,0.001330948
6380943365958009825,0,3.69497903445184,GALEX J004513.4+140855,11.3058167927229,14.1486507288186,1,-999,22.56077,-999,3.433144,0.09751048,False,-99,0.003310896
3791153613469910493,0,3.7178824391298,GALEX J004513.4+140857,11.306197648012,14.1494357904854,1,-999,23.42203,-999,1.553064,0.09751048,False,-99,0.003601619
6380943375621688823,0,3.71803054895461,GALEX J004530.9+140913,11.3789344248129,14.1538382652446,1,-999,22.44422,-999,3.822197,0.09903061,False,-99,0.001286987
6380943365958009526,0,3.73042383628252,GALEX J004511.1+140341,11.2962503336346,14.0614299975885,1,-999,22.60529,-999,3.295205,0.09817362,False,-99,0.002507362
6380943365958009702,0,3.73276682530538,GALEX J004538.3+140626,11.4096356457204,14.1072693372318,1,-999,22.60733,-999,3.289016,0.09367565,False,-99,0.001436332
6380943375621688899,0,3.78476951032826,GALEX J004533.4+140851,11.3893274406275,14.1477368043457,1,-999,22.01362,-999,5.682658,0.09903061,False,-99,0.004099121
6380943375621688709,0,3.79154561380018,GALEX J004538.0+140458,11.4083231851523,14.0829505442244,1,-999,22.37895,-999,4.059007,0.09367565,False,-99,0.002785072
3791153613469910424,0,3.80083138815276,GALEX J004510.3+140817,11.2930155546044,14.138104796895,1,-999,24.06765,-999,0.8569212,0.09751048,False,-99,0.002307289
6380943375621688755,0,3.80698364124285,GALEX J004527.9+140226,11.3663291161965,14.0405787045829,1,-999,22.69148,-999,3.043749,0.08988448,False,-99,0.002212481
3791153613469909918,0,3.82258626464297,GALEX J004512.0+140318,11.3001525038315,14.0550549337731,1,-999,23.97075,-999,0.936915,0.09817362,False,-99,0.002636591
3791153613469910506,0,3.82328713168963,GALEX J004533.5+140853,11.3898668380687,14.148129624709,1,-999,22.28462,-999,4.42741,0.09903061,False,-99,0.002660037
6380943375622738142,0,3.84870564242898,GALEX J004530.5+140926,11.3771123444911,14.1573533880277,2,22.13446,-999,5.084154,-999,0.09903061,False,-7.285446E-05,-99
6380943375621688625,0,3.86341613253194,GALEX J004507.3+140518,11.2806781382741,14.0884775455411,1,-999,21.04301,-999,13.893,0.09817362,False,-99,0.006176369
3791153613469909842,0,3.87431087126506,GALEX J004521.5+140211,11.3397365764857,14.0365328706099,1,-999,23.97083,-999,0.9368446,0.09372878,False,-99,0.001707036
6380943375621688977,0,3.93708453016627,GALEX J004530.8+140929,11.3785011575454,14.1582975949501,1,-999,22.62456,-999,3.237258,0.09903061,False,-99,0.00134614
6380943365958009624,0,3.94845447165344,GALEX J004506.9+140519,11.2791355604411,14.0887556946433,1,-999,21.72904,-999,7.385589,0.09817362,False,-99,0.003446385
3791153613469910157,0,3.9549580541557,GALEX J004506.9+140520,11.2789890927929,14.0889274172446,1,-999,21.80255,-999,6.90207,0.09721915,False,-99,0.001759399
6380943375621688718,0,3.97028231140662,GALEX J004510.0+140336,11.2920537126892,14.060119852863,1,-999,21.90219,-999,6.296854,0.09817362,False,-99,0.002773357
3791153613469910574,0,3.99340454440629,GALEX J004519.3+140956,11.3306056929634,14.1657312871932,1,-999,23.67446,-999,1.230885,0.09907401,False,-99,0.002199841
3791153613469909901,0,3.995542684234,GALEX J004530.7+140231,11.3779560494381,14.0419803592809,1,-999,23.37722,-999,1.618499,0.08988448,False,-99,0.005688958
6380943365958009521,0,3.99879502945135,GALEX J004510.0+140333,11.2920481599181,14.0593588450141,1,-999,21.78413,-999,7.020163,0.09817362,False,-99,0.002396411
3791153613469909964,0,4.00381173749243,GALEX J004510.0+140333,11.291925126084,14.0593746852426,1,-999,22.29707,-999,4.376965,0.09817362,False,-99,0.001792912
6380943365958009463,0,4.01321298672138,GALEX J004516.0+140224,11.3169869690591,14.0400803549185,1,-999,22.6815,-999,3.071839,0.09428862,False,-99,0.002343862
3791153613469910067,0,4.01619110462887,GALEX J004538.5+140441,11.4107828435421,14.0782047839714,1,-999,23.17332,-999,1.952853,0.08866032,False,-99,0.003379704
6380943365958009895,0,4.02806382770225,GALEX J004525.4+141002,11.3558557448918,14.1672604983607,1,-999,22.63863,-999,3.195557,0.1020572,False,-99,0.002165421
3791153613469910201,0,4.04478919338736,GALEX J004506.3+140601,11.2763275452999,14.1003671179866,1,-999,23.9679,-999,0.9393743,0.09721915,False,-99,0.002475622
6380943365958009700,0,4.05892686043115,GALEX J004506.3+140623,11.2763364180764,14.1066062117435,1,-999,22.8209,-999,2.70172,0.09721915,False,-99,0.002123106
3791153613469910304,0,4.05993330640861,GALEX J004506.7+140704,11.2782945157357,14.1178098759339,1,-999,24.26649,-999,0.7135188,0.09721915,False,-99,0.002420045
6380943365958009581,0,4.07885329711101,GALEX J004538.7+140438,11.4115765871749,14.0772674829017,1,-999,22.55348,-999,3.45626,0.08866032,False,-99,0.002851006
3791153613469909953,0,4.10872000127374,GALEX J004509.2+140338,11.2885887953315,14.0607540041565,1,-999,23.2923,-999,1.750158,0.09817362,False,-99,0.001773014
6380943375621688545,0,4.14520955054059,GALEX J004538.4+140417,11.41035930166,14.0715755475367,1,-999,20.33193,-999,26.74415,0.08866032,False,-99,0.002360724
3791153613469910088,0,4.14682336437312,GALEX J004538.4+140417,11.4103784437163,14.0715517614536,1,-999,20.35832,-999,26.10191,0.08866032,False,-99,0.001497323
6380943365958009801,0,4.15077452536155,GALEX J004536.8+140829,11.4035677304683,14.1414653195232,1,-999,22.52434,-999,3.55029,0.09903061,False,-99,0.003624839
3791153613469909832,0,4.15616298550652,GALEX J004527.0+140200,11.3625041461158,14.0334779318963,1,-999,24.09822,-999,0.8331251,0.08988448,False,-99,0.00258883
6380943375621688749,0,4.15968493834598,GALEX J004532.1+140232,11.3840805141329,14.0422670391829,1,-999,21.48263,-999,9.267169,0.08766424,False,-99,0.004540775
6380943375621688531,0,4.16422103400532,GALEX J004506.6+140444,11.2778755782984,14.0791004439332,1,-999,22.22087,-999,4.695172,0.09817362,False,-99,0.002903046
6380943365958009556,0,4.16595090334136,GALEX J004538.5+140416,11.4106417608877,14.0713455233299,1,-999,20.55917,-999,21.69355,0.08866032,False,-99,0.002240574
3791153613469909875,0,4.17248316720256,GALEX J004532.1+140230,11.3839622427769,14.0419425074038,1,-999,22.32772,-999,4.255113,0.08766424,False,-99,0.001918324
6380943365958009459,0,4.17416952318617,GALEX J004532.1+140230,11.3839731513361,14.0419159652692,1,-999,21.85409,-999,6.582101,0.08766424,False,-99,0.002632996
6380943375621688757,0,4.17699643654678,GALEX J004529.6+140211,11.373564249807,14.03662344874,1,-999,22.21988,-999,4.699453,0.08988448,False,-99,0.002777868
6380943375621688538,0,4.18691422733573,GALEX J004540.2+140600,11.4177795793745,14.1001441920811,1,-999,22.11724,-999,5.16539,0.09367565,False,-99,0.00358648
6380943365958009838,0,4.19121642122853,GALEX J004532.2+140935,11.3842517707357,14.1599223935762,1,-999,20.05518,-999,34.50874,0.09903061,False,-99,0.001977718
6380943375621688889,0,4.19951803554265,GALEX J004532.2+140936,11.3842670254758,14.1600765992944,1,-999,20.37317,-999,25.74738,0.09903061,False,-99,0.004871377
3791153613469910641,0,4.20109668072455,GALEX J004532.2+140936,11.384299295195,14.1600879936979,1,-999,20.11465,-999,32.66943,0.09903061,False,-99,0.001292812
6380943365958009675,0,4.20345409895766,GALEX J004540.3+140600,11.4180624857506,14.1000247182188,1,-999,22.28312,-999,4.43355,0.09367565,False,-99,0.002832531
3791153613469910227,0,4.20445851838512,GALEX J004540.3+140600,11.418079778464,14.1000273090255,1,-999,21.9497,-999,6.02727,0.09367565,False,-99,0.002563547
3791153613469910369,0,4.20649353503351,GALEX J004507.1+140746,11.2798409485523,14.1294545529276,1,-999,23.74928,-999,1.148915,0.09721915,False,-99,0.001301842
6380943375621688597,0,4.22604370229794,GALEX J004510.1+140311,11.2924490298809,14.0530874649645,1,-999,21.82616,-999,6.753605,0.09817362,False,-99,0.003371546
6380943365958009867,0,4.2354815285614,GALEX J004530.9+140949,11.3790034378917,14.1636702292299,1,-999,20.96985,-999,14.86138,0.1020572,False,-99,0.002581065
3791153613469910653,0,4.24447764334539,GALEX J004530.9+140949,11.3790204819768,14.1638301855257,1,-999,20.8646,-999,16.37415,0.1020572,False,-99,0.001535164
6380943375621688523,0,4.25769096363685,GALEX J004506.6+140430,11.2776155685835,14.0751896131104,1,-999,22.46896,-999,3.736087,0.09817362,False,-99,0.002515598
6380943375621688747,0,4.26737378678262,GALEX J004539.8+140716,11.4160694225996,14.1212925607486,1,-999,22.67636,-999,3.086416,0.09367565,False,-99,0.002067238
3791153613469909803,0,4.29015176617507,GALEX J004522.9+140145,11.3457766241044,14.0293308250571,1,-999,23.78163,-999,1.11519,0.08988448,False,-99,0.002936931
6380943375621688563,0,4.31242603528068,GALEX J004536.1+140307,11.4004067113837,14.0522147870455,1,-999,22.70389,-999,3.009159,0.08766424,False,-99,0.002100682
3791153613469909874,0,4.32787128950355,GALEX J004511.8+140240,11.299268479299,14.044594384569,1,-999,24.14654,-999,0.7968617,0.09428862,False,-99,0.001994539
3791153613469909930,0,4.32859219565181,GALEX J004509.1+140319,11.2881512940301,14.0552889884408,1,-999,22.7842,-999,2.794604,0.09817362,False,-99,0.003915008
3791153613469910342,0,4.34001157542396,GALEX J004540.0+140723,11.4167939142759,14.1231060725534,1,-999,24.07761,-999,0.8490937,0.09367565,False,-99,0.00227285
6380943365958009550,0,4.35702518717745,GALEX J004506.9+140404,11.2790701207123,14.0679718606656,1,-999,22.68562,-999,3.060204,0.09817362,False,-99,0.002202768
3791153613469909951,0,4.39487344928413,GALEX J004507.7+140339,11.282436594768,14.0610337726296,1,-999,24.34693,-999,0.6625614,0.09817362,False,-99,0.0008621229
6380943375621688591,0,4.40009049228729,GALEX J004540.5+140455,11.418916756227,14.0820337236556,1,-999,22.07041,-999,5.393083,0.08866032,False,-99,0.003754431
3791153613469909852,0,4.40463878704142,GALEX J004513.4+140218,11.3059420710396,14.0384486076327,1,-999,23.09669,-999,2.095669,0.09428862,False,-99,0.004222505
6380943365958009577,0,4.4131457579191,GALEX J004540.2+140438,11.4176650815493,14.07725539681,1,-999,22.68991,-999,3.048148,0.08866032,False,-99,0.002962298
6380943375621688532,0,4.42996615567243,GALEX J004513.4+140216,11.305830612912,14.0380191040109,1,-999,21.641,-999,8.009372,0.09428862,False,-99,0.00512354
3791153613469910459,0,4.43296145034504,GALEX J004538.2+140828,11.4095377244308,14.1413544313498,1,-999,23.55411,-999,1.375173,0.09903061,False,-99,0.003373015
3791153613469910620,0,4.44712130326019,GALEX J004528.2+141018,11.3674978987687,14.1719123240488,1,-999,23.77055,-999,1.126628,0.1020572,False,-99,0.002936402
3791153613469909866,0,4.4471611804207,GALEX J004512.6+140223,11.3025322727698,14.0397635787708,1,-999,23.35503,-999,1.651915,0.09428862,False,-99,0.003830951
3791153613469910368,0,4.47595360464114,GALEX J004505.8+140741,11.2742649648249,14.1281757939263,1,-999,23.33745,-999,1.678883,0.09721915,False,-99,0.001787112
6380943375621688543,0,4.47736219005685,GALEX J004540.5+140440,11.4190252509818,14.0778343742291,1,-999,22.52874,-999,3.535934,0.08866032,False,-99,0.002931549
6380943375621688557,0,4.48287372756792,GALEX J004515.9+140154,11.3166113227418,14.0317046002653,1,-999,22.3462,-999,4.183316,0.09428862,False,-99,0.003385309
6380943375621688522,0,4.49515472633715,GALEX J004505.3+140441,11.2721614356491,14.0783168042833,1,-999,22.63832,-999,3.19647,0.09817362,False,-99,0.002394051
6380943365958009818,0,4.50329674865253,GALEX J004507.9+140841,11.2832152575862,14.1449430649258,1,-999,22.26518,-999,4.507422,0.09768642,False,-99,0.002502148
6380943375621688911,0,4.51767986985731,GALEX J004533.0+140950,11.3878392414669,14.1641577646486,1,-999,22.92106,-999,2.463626,0.09903061,False,-99,0.002048952
6380943375621688746,0,4.53370142087128,GALEX J004538.4+140330,11.4103695325515,14.058511573569,1,-999,22.85474,-999,2.618798,0.08766424,False,-99,0.002201469
6380943375621688778,0,4.53767200551843,GALEX J004541.4+140648,11.4227061918709,14.1135299029282,1,-999,22.33515,-999,4.226102,0.09367565,False,-99,0.003022992
3791153613469910473,0,4.54168643455362,GALEX J004507.8+140842,11.282546006527,14.1451377346164,1,-999,23.36061,-999,1.64344,0.09768642,False,-99,0.004149048
3791153613469910232,0,4.56349959413648,GALEX J004504.1+140603,11.2674121560031,14.1009696906148,1,-999,20.25233,-999,28.77851,0.09721915,False,-99,0.001093826
6380943365959061307,0,4.56416636477319,GALEX J004508.8+140903,11.2869332721997,14.1510725405133,2,22.22976,-999,4.656933,-999,0.09768642,False,0.001074622,-99
6380943365958009663,0,4.56786474684993,GALEX J004504.1+140603,11.2673370402602,14.1008356300162,1,-999,20.35007,-999,26.301,0.09721915,False,-99,0.002068877
6380943365958009771,0,4.5929682071721,GALEX J004540.8+140734,11.4202760772151,14.12628153509,1,-999,22.68564,-999,3.060159,0.09367565,False,-99,0.001738012
3791153613469910420,0,4.60536385964841,GALEX J004539.7+140813,11.4155407928571,14.1371858708951,1,-999,23.81929,-999,1.077169,0.1018474,False,-99,0.002256122
6380943365958009447,0,4.60546844513028,GALEX J004513.6+140202,11.3069323329749,14.0339911453662,1,-999,22.76014,-999,2.857214,0.09428862,False,-99,0.001851674
6380943375621688941,0,4.608593856975,GALEX J004535.5+140930,11.3980437474448,14.1585938826472,1,-999,22.37086,-999,4.089351,0.09903061,False,-99,0.002765212
6380943365958009567,0,4.61161606201544,GALEX J004540.5+140416,11.4189447358614,14.0711880929846,1,-999,22.59138,-999,3.337699,0.08866032,False,-99,0.0028321
6380943375621688651,0,4.62401635103634,GALEX J004531.9+140158,11.3832292694633,14.0328372223391,1,-999,22.59808,-999,3.317166,0.08988448,False,-99,0.002484056
3791153613469910291,0,4.6750328897991,GALEX J004503.8+140640,11.2662006064555,14.1111475979941,1,-999,22.53309,-999,3.5218,0.09721915,False,-99,0.00466761
6380943375621688600,0,4.68139148635424,GALEX J004541.8+140703,11.4244088761346,14.1175783211504,1,-999,22.80313,-999,2.746284,0.09367565,False,-99,0.001961244
3791153613469910245,0,4.68569408293175,GALEX J004542.2+140632,11.4259118539069,14.1090235630124,1,-999,24.32122,-999,0.6784411,0.09367565,False,-99,0.002066802
6380943375622738213,0,4.69558946845227,GALEX J004533.6+140958,11.3901217327317,14.1662557354964,2,22.20001,-999,4.786263,-999,0.09903061,False,0.002098638,-99
6380943365958009754,0,4.69727785782799,GALEX J004541.5+140725,11.4230309295918,14.1237205455328,1,-999,22.15272,-999,4.999312,0.09794895,False,-99,0.00256862
6380943375621688661,0,4.73888431947324,GALEX J004541.8+140447,11.4243594917452,14.0799245196403,1,-999,22.67976,-999,3.076767,0.08866032,False,-99,0.002650461
6380943375621688792,0,4.74230517298554,GALEX J004542.5+140624,11.427104548891,14.1066867238058,1,-999,22.81241,-999,2.722921,0.09367565,False,-99,0.002608862
3791153613469910346,0,4.74729391583992,GALEX J004542.0+140708,11.4252135443767,14.1190950065903,1,-999,23.52021,-999,1.418778,0.09794895,False,-99,0.003754582
6380943365958009433,0,4.74963892847872,GALEX J004516.5+140134,11.3187433906471,14.0261615422087,1,-999,22.13856,-999,5.064938,0.09428862,False,-99,0.002567301
6380943365958009496,0,4.7769174046966,GALEX J004507.5+140305,11.2813356265512,14.051591977286,1,-999,22.75962,-999,2.858584,0.1004823,False,-99,0.001954722
3791153613469909799,0,4.77910508462866,GALEX J004528.4+140127,11.3685301427722,14.0242848485341,1,-999,22.80747,-999,2.735347,0.08988448,False,-99,0.003828787
6380943365959061285,0,4.79593037705164,GALEX J004542.5+140650,11.4271250919923,14.1140015100096,2,22.11729,-999,5.165182,-999,0.09367565,False,0.002178306,-99
6380943375621688918,0,4.79789349142715,GALEX J004534.4+140957,11.3936574545663,14.16597630381,1,-999,22.08289,-999,5.331411,0.09903061,False,-99,0.003580092
3791153613469909911,0,4.86509828552579,GALEX J004539.1+140310,11.4131841683941,14.0528022696771,1,-999,23.60144,-999,1.316512,0.08766424,False,-99,0.002976531
6380943365958009509,0,4.87792279563631,GALEX J004506.1+140322,11.2757387116166,14.0562581206396,1,-999,22.79411,-999,2.769219,0.1004823,False,-99,0.002108444
3791153613469909881,0,4.89139368259639,GALEX J004508.1+140244,11.2838397388981,14.0457872282273,1,-999,23.84746,-999,1.049582,0.1004823,False,-99,0.002744736
6380943365958009846,0,4.89492990252541,GALEX J004508.0+140920,11.2835446014266,14.1556688444836,1,-999,22.36868,-999,4.097579,0.09768642,False,-99,0.002904792
3791153613469910706,0,4.91144748132372,GALEX J004518.1+141049,11.3255091876826,14.180282851981,1,-999,23.41931,-999,1.556949,0.1011534,False,-99,0.001482937
3791153613469910547,0,4.91806947229894,GALEX J004508.0+140922,11.2835536527374,14.1562506370259,1,-999,21.92884,-999,6.144187,0.09768642,False,-99,0.00261485
6380943365958009948,0,4.91947062370174,GALEX J004523.4+141058,11.3476589247887,14.1828053973459,1,-999,22.75208,-999,2.878495,0.1020572,False,-99,0.002218034
6380943365958009888,0,4.92024241238108,GALEX J004535.5+140955,11.3979353276598,14.1654235456204,1,-999,22.60272,-999,3.303028,0.1018474,False,-99,0.002347883
6380943365958009419,0,4.92426364819244,GALEX J004529.6+140123,11.3734244543801,14.0232489842994,1,-999,22.31215,-999,4.316561,0.08988448,False,-99,0.002812047
6380943375621688880,0,4.92461014268383,GALEX J004535.4+140956,11.3977442824304,14.1656602485058,1,-999,22.48914,-999,3.667279,0.09903061,False,-99,0.002579784
3791153613469909783,0,4.93142917433748,GALEX J004529.7+140123,11.3738153045735,14.0232542782581,1,-999,22.8229,-999,2.696749,0.08988448,False,-99,0.004947906
6380943375621688687,0,4.93352390834371,GALEX J004529.6+140123,11.3736904494673,14.0231750442122,1,-999,22.76831,-999,2.835788,0.08988448,False,-99,0.002210136
3791153613469909758,0,4.96005606572986,GALEX J004527.0+140111,11.362678444385,14.0197967839492,1,-999,24.03551,-999,0.8826617,0.08988448,False,-99,0.002877964
6380943375621688673,0,4.98782385950939,GALEX J004533.3+140144,11.3890835570446,14.0290659513599,1,-999,22.93209,-999,2.438731,0.08766424,False,-99,0.001791473
3791153613469909801,0,5.00055795785315,GALEX J004532.2+140134,11.3843447031575,14.026332024253,1,-999,23.33131,-999,1.688401,0.08988448,False,-99,0.003049829
3791153613469909835,0,5.01323876669119,GALEX J004511.0+140157,11.2961413155984,14.0325849456175,1,-999,23.99082,-999,0.9197532,0.09428862,False,-99,0.003089556
3791153613469910542,0,5.01689755728209,GALEX J004538.0+140929,11.4084975648374,14.1582673215673,1,-999,24.10283,-999,0.8295981,0.1018474,False,-99,0.001974404
3791153613469909984,0,5.0190009080757,GALEX J004504.1+140359,11.2671395736205,14.0666088830884,1,-999,24.27048,-999,0.710897,0.1004823,False,-99,0.002194452
3791153613469910626,0,5.01939113785529,GALEX J004533.8+141019,11.3909396184754,14.1721439086637,1,-999,24.08193,-999,0.8457217,0.1020572,False,-99,0.002423308
6380943375621688920,0,5.02214251275003,GALEX J004534.9+141008,11.3957841198024,14.169096104858,1,-999,22.32853,-999,4.251945,0.1018474,False,-99,0.00283789
3791153613469910453,0,5.02287679268611,GALEX J004540.9+140832,11.4207884461264,14.142358070535,1,-999,23.96518,-999,0.9417346,0.1018474,False,-99,0.002326973
3791153613469909850,0,5.0307089451402,GALEX J004508.7+140224,11.2862453782967,14.0400949577208,1,-999,23.78364,-999,1.113123,0.09700115,False,-99,0.001926477
6380943365958009836,0,5.04086794885927,GALEX J004506.4+140905,11.2766878960237,14.1514507275112,1,-999,22.93851,-999,2.424351,0.09768642,False,-99,0.00206151
3791153613469909789,0,5.05087244338019,GALEX J004531.2+140124,11.3800318046784,14.0234641812808,1,-999,23.80049,-999,1.095985,0.08988448,False,-99,0.002855812
3791153613469910788,0,5.05181647079031,GALEX J004524.5+141105,11.3524511387354,14.1847853686112,1,-999,23.80892,-999,1.087504,0.1020572,False,-99,0.003190699
6380943375622738151,0,5.05743869625055,GALEX J004535.2+140157,11.3970238975112,14.0327213470951,2,21.87086,-999,6.481238,-999,0.08766424,False,0.002606578,-99
3791153613469909945,0,5.08024991953472,GALEX J004541.4+140338,11.4227189005219,14.0607377689843,1,-999,23.98548,-999,0.9242855,0.08866032,False,-99,0.00232169
6380943375621688540,0,5.12962046332471,GALEX J004540.0+140301,11.4169716050177,14.0503572169065,1,-999,23.28016,-999,1.76985,0.08766424,False,-99,0.002051334
3791153613469909754,0,5.13665833153575,GALEX J004529.6+140110,11.3734476729657,14.0195210159895,1,-999,23.66168,-999,1.245457,0.08988448,False,-99,0.003288879
3791153613469910289,0,5.14546262998685,GALEX J004502.1+140658,11.2588279675185,14.1161383588783,1,-999,23.75817,-999,1.139549,0.09721915,False,-99,0.001487751
3791153613469910152,0,5.15503523068078,GALEX J004501.9+140516,11.2582719629213,14.087816226316,1,-999,22.89423,-999,2.525264,0.09878827,False,-99,0.003001777
3791153613469910761,0,5.17249822481608,GALEX J004529.2+141059,11.3718026257937,14.1832816601165,1,-999,19.94482,-999,38.2008,0.1020572,False,-99,0.001324398
6380943365958009927,0,5.17551599556842,GALEX J004529.2+141059,11.3718173972719,14.1833298758958,1,-999,19.94333,-999,38.25312,0.1020572,False,-99,0.002017918
3791153613469909804,0,5.18302397342615,GALEX J004510.9+140146,11.2954334495354,14.0296151679264,1,-999,23.7753,-999,1.121704,0.09700115,False,-99,0.001682681
3791153613469909816,0,5.21960018483049,GALEX J004535.8+140151,11.3993094671474,14.0309973887066,1,-999,24.89381,-999,0.4003837,0.08766424,False,-99,0.002545998
6380943365958009950,0,5.22840027569937,GALEX J004516.0+141059,11.3167825408106,14.1832943064973,1,-999,22.35068,-999,4.166072,0.1011534,False,-99,0.002580205
3791153613469910728,0,5.24894250731452,GALEX J004522.6+141117,11.3444322576138,14.1883051583302,1,-999,24.14779,-999,0.7959458,0.102858,False,-99,0.001232864
6380943375621688654,0,5.25114369741984,GALEX J004537.2+140205,11.4051980540174,14.0349270564281,1,-999,22.70128,-999,3.01638,0.08766424,False,-99,0.002711069
6380943375621688575,0,5.25500271148138,GALEX J004544.3+140655,11.4348794374557,14.1154194945975,1,-999,22.53802,-999,3.505848,0.09794895,False,-99,0.002675372
6380943375621688906,0,5.26300293774029,GALEX J004536.0+140151,11.4003806062313,14.0308721601083,1,-999,21.58136,-999,8.461691,0.08766424,False,-99,0.003703777
3791153613469910169,0,5.26306115539861,GALEX J004544.5+140525,11.4356293664807,14.0903778397358,1,-999,22.51485,-999,3.581457,0.08866032,False,-99,0.004694132
3791153613469909750,0,5.26833938490469,GALEX J004518.1+140055,11.3254221347635,14.0152892046526,1,-999,24.2179,-999,0.746171,0.09006254,False,-99,0.003122913
6380943375621688735,0,5.27089995547929,GALEX J004544.5+140521,11.4356274957319,14.0893209323391,1,-999,21.66167,-999,7.858337,0.08866032,False,-99,0.005772705
6380943365958009650,0,5.31233189889158,GALEX J004544.7+140524,11.4364503672307,14.090122922411,1,-999,22.85511,-999,2.617911,0.08866032,False,-99,0.002551548
3791153613469910808,0,5.31590751174438,GALEX J004521.1+141120,11.337906237086,14.1890977130602,1,-999,23.23287,-999,1.848638,0.1011534,False,-99,0.002704464
6380943365958009412,0,5.31998471723209,GALEX J004530.9+140105,11.3790737271439,14.0182378364868,1,-999,22.45291,-999,3.791718,0.08988448,False,-99,8.377123E-06
3791153613469910031,0,5.32613303720448,GALEX J004502.3+140415,11.2596375309036,14.0709958268711,1,-999,23.35367,-999,1.65398,0.1004823,False,-99,0.004372945
6380943365958009925,0,5.37727391877962,GALEX J004518.5+141119,11.3272818310998,14.18863059647,1,-999,18.07546,-999,213.7053,0.1011534,False,-99,0.001411603
3791153613469909743,0,5.38210699224559,GALEX J004528.5+140050,11.368871196868,14.0139599811046,1,-999,23.2907,-999,1.752746,0.08988448,False,-99,0.004522025
6380943365958009900,0,5.39278638155133,GALEX J004537.6+141006,11.4068596703747,14.168481331656,1,-999,22.57539,-999,3.38722,0.1018474,False,-99,0.001411255
6380943375621688570,0,5.39400472215384,GALEX J004502.4+140358,11.2603301228378,14.0661329960894,1,-999,22.70817,-999,2.997307,0.1004823,False,-99,0.002152455
3791153613469910923,0,5.39717999122092,GALEX J004518.4+141120,11.3269912929891,14.1889112609293,1,-999,18.07661,-999,213.4797,0.1011534,False,-99,0.002139442
6380943375621688576,0,5.3978659156556,GALEX J004504.1+140310,11.2673828792176,14.0528415811217,1,-999,22.46758,-999,3.740845,0.1004823,False,-99,0.002651609
3791153613469909787,0,5.4019119016875,GALEX J004523.9+140039,11.3496284638216,14.0108767701153,1,-999,22.54801,-999,3.473732,0.09006254,False,-99,0.004440701
3791153613469909955,0,5.4048102779327,GALEX J004504.2+140308,11.2675283274184,14.0524031104566,1,-999,22.6475,-999,3.16955,0.1004823,False,-99,0.004518418
6380943375621688504,0,5.40704324673359,GALEX J004523.9+140038,11.349816752535,14.0107988297389,1,-999,22.52314,-999,3.554204,0.09006254,False,-99,0.00317859
6380943365959061308,0,5.42271722174131,GALEX J004504.7+140910,11.2696034619726,14.1528281568733,2,21.9745,-999,5.891181,-999,0.09768642,False,0.001422839,-99
3791153613469910553,0,5.43846862087493,GALEX J004539.7+140940,11.4154939569906,14.1612688572105,1,-999,24.12786,-999,0.8106929,0.1018474,False,-99,0.00263791
3791153613469910532,0,5.44968457262758,GALEX J004505.1+140921,11.2713691373387,14.1559260165814,1,-999,23.15266,-999,1.990372,0.09768642,False,-99,0.003747072
3791153613469909848,0,5.45853467260188,GALEX J004506.3+140221,11.2766374059424,14.0394210748934,1,-999,24.36582,-999,0.6511346,0.1004823,False,-99,0.001406578
3791153613469910310,0,5.48283657390763,GALEX J004545.2+140701,11.4385584642224,14.1170621425836,1,-999,23.93497,-999,0.9683033,0.09794895,False,-99,0.00291976
6380943365958009382,0,5.51255391996149,GALEX J004523.8+140032,11.3492788916779,14.0090182525762,1,-999,22.52979,-999,3.532497,0.09006254,False,-99,0.001094586
6380943375622738127,0,5.52557950217281,GALEX J004526.0+140034,11.3584765491964,14.0095606860317,2,22.27737,-999,4.457098,-999,0.08988448,False,0.002093613,-99
6380943365958009790,0,5.54925031098778,GALEX J004544.3+140802,11.4348941665515,14.1339087699003,1,-999,22.78571,-999,2.790713,0.09794895,False,-99,0.001141503
3791153613469910417,0,5.58298667533529,GALEX J004544.2+140812,11.4342666622763,14.1369325992687,1,-999,24.52285,-999,0.5634574,0.09794895,False,-99,0.002521305
6380943365958009803,0,5.60364069212042,GALEX J004543.9+140824,11.4331945620521,14.1401359145418,1,-999,22.66577,-999,3.116673,0.09794895,False,-99,0.002107128
6380943365958009511,0,5.60983187120356,GALEX J004502.5+140324,11.2607716200859,14.0568517024815,1,-999,22.91339,-999,2.481091,0.1004823,False,-99,0.00122653
3791153613469909886,0,5.62579794566715,GALEX J004541.7+140243,11.4238175785101,14.0454293903575,1,-999,23.6205,-999,1.293594,0.08866032,False,-99,0.00368997
6380943365958009378,0,5.62657274661551,GALEX J004521.0+140026,11.3377163983068,14.0073882765174,1,-999,22.44535,-999,3.818194,0.09006254,False,-99,0.001681184
3791153613469910802,0,5.63684787677102,GALEX J004521.1+141140,11.3382263494412,14.1944907780948,1,-999,22.46043,-999,3.76554,0.102858,False,-99,0.00473292
3791153613469910836,0,5.64138381333396,GALEX J004510.9+141052,11.2956092413307,14.1812599224012,1,-999,19.51147,-999,56.93922,0.09768642,False,-99,0.003806405
6380943365958009922,0,5.64177673950381,GALEX J004537.0+141033,11.4041756198681,14.1759388332019,1,-999,22.13488,-999,5.082158,0.1018474,False,-99,0.002665425
6380943365958009982,0,5.65331632859591,GALEX J004526.5+141138,11.3604379294153,14.1939849396109,1,-999,22.46111,-999,3.763199,0.1020572,False,-99,0.003225425
6380943365960107022,0,5.65977252248725,GALEX J004510.9+141054,11.2957311693261,14.1816891875352,3,20.40994,19.69997,24.89006,47.86425,0.09768642,False,0.004759589,0.004624593
6380943365959061304,0,5.69310371982804,GALEX J004543.3+140852,11.4306997427132,14.1480537286313,2,21.85244,-999,6.592119,-999,0.1018474,False,0.001653193,-99
3791153613469910061,0,5.69494560983945,GALEX J004500.1+140445,11.2505140248725,14.0793458114782,1,-999,24.09353,-999,0.8367332,0.09878827,False,-99,0.002274137
6380943375621688839,0,5.70898461988627,GALEX J004546.2+140658,11.4426311489462,14.1163382665417,1,-999,23.17949,-999,1.941793,0.09794895,False,-99,0.00145541
3791153613469910507,0,5.71155081402401,GALEX J004543.4+140852,11.4311293774295,14.1479443508002,1,-999,22.55288,-999,3.45819,0.1018474,False,-99,0.003594947
3791153613469910023,0,5.71192644171407,GALEX J004545.0+140401,11.4376423517792,14.0671726737557,1,-999,21.37428,-999,10.23974,0.08866032,False,-99,0.001933095
6380943375621688553,0,5.7197140283956,GALEX J004545.0+140402,11.4378558984336,14.0673543325676,1,-999,21.39172,-999,10.07656,0.08866032,False,-99,0.003737618
6380943365958009539,0,5.72245853665214,GALEX J004545.0+140400,11.4377450532619,14.066940368283,1,-999,21.19232,-999,12.10793,0.08866032,False,-99,0.002597792
6380943375621688610,0,5.72720045883093,GALEX J004545.4+140414,11.4392484595708,14.0708028398362,1,-999,22.14834,-999,5.019517,0.08866032,False,-99,0.002968286
3791153613469910035,0,5.73054245778236,GALEX J004545.4+140414,11.4393030242499,14.0707854846985,1,-999,22.15275,-999,4.99917,0.08866032,False,-99,0.003254053
3791153613469909763,0,5.73153001816111,GALEX J004509.9+140116,11.2914877147457,14.021171493634,1,-999,23.86994,-999,1.028073,0.09700115,False,-99,0.002763559
6380943365958009966,0,5.74220723325704,GALEX J004517.3+141137,11.3223133725985,14.1937796060999,1,-999,21.5931,-999,8.370643,0.1011534,False,-99,0.003305926
6380943365958009555,0,5.74678504512489,GALEX J004545.4+140414,11.4395513447715,14.0706518357301,1,-999,22.09584,-999,5.268221,0.08866032,False,-99,0.003759207
6380943365958009975,0,5.75121408002156,GALEX J004528.6+141138,11.3692874829374,14.1939497774312,1,-999,22.52617,-999,3.544307,0.1020572,False,-99,0.002464939
6380943365958009655,0,5.75382480511637,GALEX J004459.3+140536,11.2472566223795,14.093392913694,1,-999,22.59143,-999,3.337554,0.09878827,False,-99,0.002815911
6380943375621688892,0,5.75944882810604,GALEX J004543.6+140855,11.4316845987013,14.1486111946669,1,-999,22.18862,-999,4.836719,0.1018474,False,-99,0.003050616
3791153613469910771,0,5.78028295160682,GALEX J004526.4+141146,11.3603878176681,14.1961320401699,1,-999,23.76023,-999,1.137391,0.1020572,False,-99,0.00249497
3791153613469910147,0,5.80078990799947,GALEX J004546.7+140522,11.4448483657398,14.0896763235808,1,-999,23.75709,-999,1.140678,0.09170669,False,-99,0.003169373
3791153613469910582,0,5.82330579925961,GALEX J004505.4+141002,11.2728537344744,14.1672506342276,1,-999,24.12547,-999,0.812475,0.09768642,False,-99,0.002166335
3791153613469910235,0,5.8489843061703,GALEX J004547.1+140611,11.4463144625395,14.1032560783082,1,-999,23.07599,-999,2.136007,0.09170669,False,-99,0.004329423
6380943365958009768,0,5.8522081106823,GALEX J004459.6+140733,11.2486488468547,14.125936734104,1,-999,22.61458,-999,3.26714,0.09493468,False,-99,0.001639133
6380943365958009685,0,5.85876232432777,GALEX J004547.1+140609,11.4464975572165,14.1025648351282,1,-999,22.67589,-999,3.08775,0.09170669,False,-99,0.002420724
6380943375621688605,0,5.87029173247626,GALEX J004547.2+140613,11.4466628249889,14.1038818280514,1,-999,22.55048,-999,3.465824,0.09170669,False,-99,0.00133142
6380943375621688728,0,5.87406174397369,GALEX J004546.9+140509,11.4455992705283,14.0859492873015,1,-999,22.93665,-999,2.428511,0.09170669,False,-99,0.00209743
6380943375621688704,0,5.89436271383908,GALEX J004546.1+140751,11.4422415979643,14.1309872444368,1,-999,20.28659,-999,27.88448,0.09794895,False,-99,0.002115743
3791153613469910803,0,5.90339462058083,GALEX J004520.3+141155,11.3347575894279,14.1986353433595,1,-999,22.59398,-999,3.329706,0.102858,False,-99,0.0039805
6380943375621688707,0,5.90502250986171,GALEX J004508.9+140114,11.287131702737,14.0205623864874,1,-999,23.20206,-999,1.901851,0.09700115,False,-99,0.002352786
3791153613469910456,0,5.90846656538719,GALEX J004546.1+140752,11.4423993831998,14.1312779139913,1,-999,20.16282,-999,31.25141,0.09794895,False,-99,0.001532799
3791153613469910051,0,5.90950391190431,GALEX J004546.6+140439,11.4444908472917,14.0775073334968,1,-999,23.91372,-999,0.987446,0.08866032,False,-99,0.002654642
6380943365958009721,0,5.91090102375558,GALEX J004546.2+140751,11.4425014590996,14.1311038993448,1,-999,20.3401,-999,26.54358,0.09794895,False,-99,0.002538542
3791153613469909717,0,5.91257489566532,GALEX J004531.2+140028,11.3800175993358,14.0080375570517,1,-999,24.1768,-999,0.7749575,0.08485696,False,-99,0.002827054
6380943365958009980,0,5.94367741483464,GALEX J004531.5+141137,11.3812887407922,14.1937373187231,1,-999,22.51031,-999,3.596481,0.1020572,False,-99,0.002443231
6380943365958009786,0,5.95665054549688,GALEX J004542.9+140931,11.4290653234023,14.158637311837,1,-999,22.64906,-999,3.165025,0.1018474,False,-99,0.002464388
6380943375621688638,0,5.95693037861709,GALEX J004538.8+140130,11.4119112517569,14.0250147497368,1,-999,22.38839,-999,4.023876,0.08406522,False,-99,0.00297146
3791153613469909796,0,5.96899854714844,GALEX J004538.9+140129,11.4121804987933,14.0249723690912,1,-999,22.69342,-999,3.038301,0.08406522,False,-99,0.00319956
6380943365958009428,0,5.96984706986845,GALEX J004538.9+140130,11.4122928315299,14.0250463718495,1,-999,22.653,-999,3.153562,0.08406522,False,-99,0.001145216
6380943365958009451,0,5.97492871266944,GALEX J004541.6+140207,11.4233187984859,14.0355083037164,1,-999,23.16539,-999,1.967182,0.08406522,False,-99,0.002099572
6380943365958010009,0,5.98013436065298,GALEX J004522.6+141201,11.3444083269844,14.2004926607841,1,-999,22.9117,-999,2.484965,0.102858,False,-99,0.002278339
3791153613469909725,0,5.98648593568883,GALEX J004534.9+140048,11.3954267996621,14.0134228543685,1,-999,23.38984,-999,1.599786,0.08485696,False,-99,0.002678754
3791153613469910170,0,5.99711705123277,GALEX J004458.4+140525,11.2433513977509,14.0903086004456,1,-999,23.05204,-999,2.183655,0.09878827,False,-99,0.005244256
3791153613469910314,0,5.99819296004048,GALEX J004458.6+140706,11.2443919071574,14.1185859201421,1,-999,23.6732,-999,1.232309,0.09493468,False,-99,0.002834718
3791153613469909683,0,6.01157843447102,GALEX J004523.2+140002,11.3468777543309,14.0006454822678,1,-999,24.24086,-999,0.7305627,0.09006254,False,-99,0.00285923
6380943375621688546,0,6.02351949576239,GALEX J004547.4+140455,11.4475105634545,14.0820418175456,1,-999,22.84576,-999,2.640564,0.09170669,False,-99,0.002109574
3791153613469910296,0,6.02742444786421,GALEX J004547.5+140659,11.4481403981984,14.1165438837641,1,-999,24.13956,-999,0.8020015,0.09794895,False,-99,0.002304389
3791153613469910752,0,6.03243748254647,GALEX J004533.5+141130,11.3896836111165,14.1919400027054,1,-999,23.27813,-999,1.773161,0.1035781,False,-99,0.003560181
3791153613469909742,0,6.03692523705651,GALEX J004535.9+140053,11.3999298260092,14.0149863935035,1,-999,23.45746,-999,1.503196,0.08406522,False,-99,0.003280859
6380943375621688486,0,6.04409591212219,GALEX J004528.5+140009,11.3687329514634,14.0025783213467,1,-999,23.04175,-999,2.204456,0.08988448,False,-99,0.002519997
3791153613469910003,0,6.06289522536082,GALEX J004546.5+140358,11.4437579545762,14.0663467302104,1,-999,23.74944,-999,1.148741,0.08866032,False,-99,0.003132727
6380943365958010003,0,6.1071303649086,GALEX J004516.7+141157,11.3196624007444,14.1994046475617,1,-999,22.18562,-999,4.850094,0.1011534,False,-99,0.002595125
6380943365958009411,0,6.11067876034666,GALEX J004508.3+140105,11.284641679945,14.0180753216208,1,-999,22.42549,-999,3.888683,0.09700115,False,-99,0.002879223
3791153613469910203,0,6.12910066539313,GALEX J004457.7+140559,11.2405137441111,14.0997930976536,1,-999,23.18509,-999,1.931809,0.09878827,False,-99,0.003250204
3791153613469910604,0,6.14132085319798,GALEX J004504.2+141011,11.2678606504626,14.1698222765506,1,-999,23.63503,-999,1.2764,0.09768642,False,-99,0.002712051
3791153613469910820,0,6.14286632015393,GALEX J004517.7+141203,11.3241266269445,14.2010275038026,1,-999,22.9592,-999,2.378598,0.1011534,False,-99,0.004094602
6380943365958009984,0,6.15487033111168,GALEX J004512.3+141138,11.3014040267632,14.1939292945013,1,-999,22.94408,-999,2.411939,0.1011534,False,-99,0.002243805
6380943365959061277,0,6.16929490938159,GALEX J004457.5+140559,11.2398221777049,14.0998725846606,2,21.91548,-999,6.220309,-999,0.09878827,False,0.002187275,-99
3791153613469909711,0,6.17967836289477,GALEX J004512.1+140027,11.3005372229182,14.0076820970069,1,-999,23.91935,-999,0.9823312,0.09700115,False,-99,0.002722129
3791153613469910190,0,6.19470267173505,GALEX J004548.5+140554,11.452260239748,14.0985871776464,1,-999,24.08046,-999,0.8468681,0.09170669,False,-99,0.002075876
6380943365958009495,0,6.21625732927316,GALEX J004500.3+140309,11.2512560639008,14.0526862850644,1,-999,22.66354,-999,3.123096,0.1004823,False,-99,0.002212602
3791153613469910017,0,6.2349935630929,GALEX J004458.3+140414,11.2432818215231,14.0707540683383,1,-999,23.74445,-999,1.154039,0.09878827,False,-99,0.003239955
3791153613469909726,0,6.27090217753849,GALEX J004509.1+140045,11.2879880601085,14.0126590187609,1,-999,24.05075,-999,0.8703594,0.09700115,False,-99,0.002730834
3791153613469910036,0,6.27232163466328,GALEX J004547.9+140421,11.4496259081932,14.0726621367956,1,-999,23.71654,-999,1.184084,0.08866032,False,-99,0.002731188
3791153613469910579,0,6.27285365036426,GALEX J004502.4+140951,11.2601499262462,14.1642859516852,1,-999,23.05398,-999,2.179751,0.09493468,False,-99,0.003383583
3791153613469909790,0,6.27589181356319,GALEX J004505.0+140132,11.2708366455315,14.0256776107907,1,-999,24.06389,-999,0.8598936,0.09700115,False,-99,0.002535403
6380943365958010028,0,6.28155383574184,GALEX J004525.6+141217,11.357015775362,14.2049628773857,1,-999,22.2443,-999,4.594959,0.102858,False,-99,0.001574555
3791153613469909681,0,6.28530994268334,GALEX J004517.0+135956,11.3209861663978,13.9988889912899,1,-999,23.81958,-999,1.076876,0.09006254,False,-99,0.003580845
3791153613469910674,0,6.30274622956912,GALEX J004505.9+141048,11.274745759015,14.1800972816705,1,-999,23.9607,-999,0.9456245,0.09768642,False,-99,0.002494461
3791153613469909698,0,6.3036910130561,GALEX J004532.1+140009,11.3841169974431,14.0025547296784,1,-999,23.26342,-999,1.797343,0.08485696,False,-99,0.00231901
6380943375621688483,0,6.31246729144864,GALEX J004532.1+140008,11.3840808322716,14.0023851546561,1,-999,22.83671,-999,2.662661,0.08485696,False,-99,0.001446564
6380943375621688598,0,6.31584397160576,GALEX J004459.4+140321,11.2477186336339,14.055848586707,1,-999,22.81984,-999,2.704354,0.1004823,False,-99,0.0015398
3791153613469910617,0,6.34549429191037,GALEX J004542.5+141016,11.4271817424029,14.1712744672845,1,-999,23.73874,-999,1.160123,0.1018474,False,-99,0.002997823
6380943375621688667,0,6.35140982749435,GALEX J004540.3+141048,11.418120903041,14.1801557657574,1,-999,21.98393,-999,5.840188,0.1018474,False,-99,0.003211197
6380943365958009645,0,6.35947085815267,GALEX J004549.0+140521,11.4544658040158,14.0893004788458,1,-999,22.58737,-999,3.350065,0.09170669,False,-99,0.002309842
6380943375621688471,0,6.36890857633529,GALEX J004516.8+135951,11.3202361434121,13.9976301592873,1,-999,22.76753,-999,2.837835,0.09006254,False,-99,0.002503952
3791153613469910829,0,6.37588955190965,GALEX J004529.1+141215,11.3713384523767,14.2041802791758,1,-999,23.62303,-999,1.29059,0.1020572,False,-99,0.003746605
3791153613469910161,0,6.4021223897935,GALEX J004456.6+140536,11.2360882237841,14.0933608443184,1,-999,23.97463,-999,0.9335742,0.09878827,False,-99,0.002586745
6380943365959061327,0,6.42327394302235,GALEX J004526.3+141225,11.3598040461275,14.2070273534082,2,22.20666,-999,4.757076,-999,0.102858,False,0.002196615,-99
6380943365958009287,0,6.43796653610167,GALEX J004532.5+140002,11.3855960881385,14.0007069764827,1,-999,21.79124,-999,6.974339,0.08485696,False,-99,0.004541542
6380943375621688507,0,6.44616953295234,GALEX J004507.7+140046,11.2822532556791,14.012864149841,1,-999,23.11917,-999,2.05272,0.09700115,False,-99,0.002056731
3791153613469910707,0,6.46005915825088,GALEX J004505.3+141053,11.2724190484809,14.181606898651,1,-999,23.68686,-999,1.216904,0.09768642,False,-99,0.003097916
6380943365958009325,0,6.46055155161236,GALEX J004516.5+135946,11.3191431218321,13.9963168292354,1,-999,23.04712,-999,2.193571,0.09006254,False,-99,0.0009482864
6380943375621688459,0,6.46789908949064,GALEX J004525.8+135937,11.3576444382159,13.9936456761153,1,-999,22.62321,-999,3.24127,0.09006254,False,-99,0.003359379
3791153613469910213,0,6.48423321306862,GALEX J004549.7+140551,11.4572125956694,14.0976610801504,1,-999,23.79526,-999,1.101274,0.09170669,False,-99,0.002635922
6380943365958009425,0,6.49163641006695,GALEX J004541.9+140127,11.424592544189,14.0242230213412,1,-999,22.93647,-999,2.428902,0.08406522,False,-99,0.0007769005
6380943365958009995,0,6.49169735448573,GALEX J004510.5+141147,11.2937974331691,14.1965422812749,1,-999,22.88717,-999,2.541755,0.1011534,False,-99,0.002130982
3791153613469910801,0,6.49679734873727,GALEX J004532.4+141207,11.3850670212407,14.2022102337857,1,-999,23.54346,-999,1.388719,0.1035781,False,-99,0.003094102
3791153613469909992,0,6.49694039678875,GALEX J004457.7+140353,11.2405628283116,14.0647874365189,1,-999,24.0412,-999,0.8780515,0.09878827,False,-99,0.003751517
3791153613469909706,0,6.49992962866871,GALEX J004525.7+135935,11.3574692757102,13.9930908708217,1,-999,22.84567,-999,2.640773,0.08663449,False,-99,0.004279679
3791153613469909845,0,6.50196935815142,GALEX J004544.1+140203,11.4339835566835,14.0342612007858,1,-999,23.45328,-999,1.509001,0.08431947,False,-99,0.003786264
6380943375621688891,0,6.51855104572445,GALEX J004541.2+141050,11.4219286995105,14.1805722563107,1,-999,22.72501,-999,2.951183,0.1018474,False,-99,0.002811747
3791153613469910024,0,6.52780024456838,GALEX J004457.0+140419,11.2376320457514,14.072150330254,1,-999,23.4424,-999,1.524194,0.09878827,False,-99,0.003625019
3791153613469910544,0,6.52844647110684,GALEX J004500.0+140928,11.250297414769,14.1578932955714,1,-999,24.06888,-999,0.8559507,0.09493468,False,-99,0.002613096
6380943375621688464,0,6.52887511252289,GALEX J004516.2+135943,11.3178255913603,13.9954654042349,1,-999,22.88761,-999,2.540724,0.09006254,False,-99,0.001866255
6380943365958009573,0,6.53314321527295,GALEX J004549.2+140435,11.4552631673396,14.0765272988091,1,-999,21.68324,-999,7.703796,0.09170669,False,-99,0.004180324
3791153613469909712,0,6.54658980241859,GALEX J004537.1+140028,11.404624663625,14.0078152286046,1,-999,23.47347,-999,1.481195,0.08406522,False,-99,0.001699673
6380943375623785860,0,6.551632845119,GALEX J004504.4+140116,11.2687076590471,14.0212968458615,3,22.1107,22.45014,5.196607,3.801414,0.09700115,False,0.002520313,0.002017674
6380943375621688854,0,6.56123767735784,GALEX J004549.4+140438,11.4559308632844,14.0772724077281,1,-999,22.6648,-999,3.119446,0.09170669,False,-99,0.00251359
3791153613469909769,0,6.56619461122109,GALEX J004504.4+140115,11.2686677174302,14.0210003359688,1,-999,23.09116,-999,2.106375,0.09700115,False,-99,0.00280245
3791153613469910072,0,6.57394216785642,GALEX J004549.4+140438,11.4561664912428,14.0773256224007,1,-999,22.59416,-999,3.329179,0.09170669,False,-99,0.004635265
6380943375621688462,0,6.57616503710981,GALEX J004530.3+135943,11.3763322612836,13.9952995201031,1,-999,23.28136,-999,1.767892,0.08485696,False,-99,0.001793385
3791153613469910819,0,6.61135970210407,GALEX J004534.8+141200,11.3951790701784,14.2000916593151,1,-999,21.04648,-999,13.84865,0.1035781,False,-99,0.008465825
6380943365958009939,0,6.62288485215446,GALEX J004504.0+141049,11.2668787772587,14.1803461754135,1,-999,22.16679,-999,4.934947,0.09768642,False,-99,0.002366591
3791153613469910472,0,6.62437831943636,GALEX J004548.0+140841,11.4502141779184,14.1449113324318,1,-999,23.91484,-999,0.9864268,0.09794895,False,-99,0.00317364
3791153613469909676,0,6.65649304278722,GALEX J004532.2+135946,11.3842334609154,13.9963328680561,1,-999,23.47836,-999,1.474535,0.08485696,False,-99,0.004351306
3791153613469909766,0,6.6618698334465,GALEX J004542.2+140117,11.4259419368941,14.0215279672513,1,-999,24.106,-999,0.827178,0.08406522,False,-99,0.002552207
6380943375622738226,0,6.66895950233621,GALEX J004541.6+141057,11.4235294399513,14.1825513490807,2,21.41473,-999,9.865297,-999,0.1018474,False,0.002316896,-99
3791153613469910255,0,6.66907092222564,GALEX J004455.6+140639,11.2317138099885,14.111073834996,1,-999,24.02631,-999,0.8901772,0.09624148,False,-99,0.002716809
3791153613469910326,0,6.6774151534325,GALEX J004455.8+140712,11.2327979079984,14.1200141949957,1,-999,23.54542,-999,1.386221,0.09624148,False,-99,0.003730069
3791153613469910859,0,6.68445479671795,GALEX J004518.5+141238,11.3271979457198,14.2107657751266,1,-999,23.13087,-999,2.03072,0.102858,False,-99,0.00363091
3791153613469909807,0,6.68796076416144,GALEX J004501.8+140144,11.2578337137438,14.0291528204559,1,-999,23.91737,-999,0.9841278,0.1004823,False,-99,0.002815287
3791153613469909642,0,6.69570570762884,GALEX J004528.4+135929,11.3687138018182,13.9914679491462,1,-999,23.74199,-999,1.15666,0.08485696,False,-99,0.002983161
3791153613469909674,0,6.70165915851314,GALEX J004511.7+135956,11.2987462143483,13.9989064161499,1,-999,23.84364,-999,1.053278,0.09124552,False,-99,0.001804759
3791153613469910868,0,6.70934003233608,GALEX J004530.8+141228,11.3786143784477,14.2080429252004,1,-999,23.0058,-999,2.278668,0.1035781,False,-99,0.003650985
3791153613469909932,0,6.71499336171884,GALEX J004457.4+140329,11.2391957383341,14.0580934424896,1,-999,24.32349,-999,0.6770248,0.1004823,False,-99,0.002542728
3791153613469910846,0,6.71582572291467,GALEX J004529.6+141234,11.3736614115,14.209462663973,1,-999,23.85506,-999,1.042258,0.1038499,False,-99,0.002711122
3791153613469910853,0,6.74205371508443,GALEX J004515.7+141233,11.3155018375046,14.2092837300632,1,-999,23.77537,-999,1.121639,0.1011534,False,-99,0.002917963
6380943365958009466,0,6.7623860716704,GALEX J004459.1+140231,11.2465962732063,14.0422082718095,1,-999,22.16363,-999,4.949342,0.1004823,False,-99,0.003344225
6380943365958009480,0,6.77015025996774,GALEX J004458.4+140250,11.2433878650974,14.047377946929,1,-999,22.90205,-999,2.507141,0.1004823,False,-99,0.002144731
3791153613469910026,0,6.77176727376804,GALEX J004549.9+140417,11.4582251761092,14.0716043919566,1,-999,23.57068,-999,1.354342,0.09170669,False,-99,0.003534234
3791153613469909872,0,6.77716699002233,GALEX J004459.0+140232,11.2461562325618,14.0424369126294,1,-999,23.14539,-999,2.003759,0.1004823,False,-99,0.003499235
6380943365958010016,0,6.78968159689299,GALEX J004510.8+141209,11.2950456738264,14.2027170573987,1,-999,22.45398,-999,3.787981,0.1033636,False,-99,0.002941534
6380943365958009429,0,6.81897666729607,GALEX J004543.9+140130,11.4332553318351,14.0251704244238,1,-999,22.8896,-999,2.536066,0.08406522,False,-99,0.002113784
6380943365958009992,0,6.82379309837303,GALEX J004507.5+141145,11.2815040823324,14.1959305853209,1,-999,22.76987,-999,2.831717,0.1005418,False,-99,0.002180137
6380943365958009373,0,6.83430491712297,GALEX J004504.8+140049,11.2701772919785,14.0137229538952,1,-999,22.74609,-999,2.894435,0.09700115,False,-99,0.00293225
3791153613469909624,0,6.83801108761191,GALEX J004520.6+135914,11.3362084947648,13.987249615536,1,-999,23.58785,-999,1.333084,0.09006254,False,-99,0.002642181
6380943375621688646,0,6.85201712328651,GALEX J004459.9+140205,11.249704535004,14.0349020317179,1,-999,22.87705,-999,2.565553,0.1004823,False,-99,0.002094915
3791153613469910189,0,6.85251445229774,GALEX J004454.7+140546,11.2281731006365,14.0962382769414,1,-999,23.47814,-999,1.474835,0.09878827,False,-99,0.003376672
3791153613469910831,0,6.85953679651876,GALEX J004512.5+141225,11.302446545957,14.2071370996519,1,-999,23.59776,-999,1.320978,0.1033636,False,-99,0.002925371
6380943375621688623,0,6.86571060359185,GALEX J004548.4+140303,11.4519489140558,14.0508391509783,1,-999,22.09554,-999,5.26968,0.08431947,False,-99,0.002512876
6380943375621688502,0,6.8674092301996,GALEX J004539.6+140029,11.4151491686442,14.0082102789337,1,-999,22.52625,-999,3.54406,0.08406522,False,-99,0.002970203
6380943365958009318,0,6.87013075992116,GALEX J004528.4+135918,11.368520540839,13.9884662899349,1,-999,22.81171,-999,2.724687,0.08485696,False,-99,0.001871799
6380943365958009892,0,6.87092432207753,GALEX J004546.1+141000,11.4423798960536,14.1667752900256,1,-999,22.6927,-999,3.040334,0.1018474,False,-99,0.002232943
3791153613469910581,0,6.87430933321682,GALEX J004546.1+141001,11.4423256303074,14.1669478056731,1,-999,23.80161,-999,1.094852,0.1053142,False,-99,0.002555127
6380943375621688863,0,6.87525768215362,GALEX J004543.6+141045,11.4320394928163,14.1792063314695,1,-999,21.53866,-999,8.80104,0.1018474,False,-99,0.003756998
6380943375621688838,0,6.87560666631257,GALEX J004548.1+140912,11.4507617315232,14.1535361145636,1,-999,22.06934,-999,5.398393,0.102952,False,-99,0.003045855
3791153613469909653,0,6.87620137679569,GALEX J004533.0+135937,11.3878764484808,13.9937331722324,1,-999,23.75286,-999,1.145128,0.08485696,False,-99,0.001766334
3791153613469910584,0,6.88079074560454,GALEX J004548.2+140911,11.4509958186903,14.1532845616215,1,-999,21.67955,-999,7.730022,0.102952,False,-99,0.007170802
3791153613469910740,0,6.88516524480973,GALEX J004505.8+141132,11.2745482701252,14.1924312304607,1,-999,23.40474,-999,1.577988,0.1005418,False,-99,0.004169602
3791153613469910959,0,6.89597781744034,GALEX J004533.9+141224,11.3916374561923,14.2068381258709,1,-999,20.15585,-999,31.4527,0.1035781,False,-99,0.009048974
3791153613469909639,0,6.90113934189098,GALEX J004529.7+135920,11.3738782324862,13.9890783615653,1,-999,23.80378,-999,1.092671,0.08485696,False,-99,0.003412888
6380943365958009442,0,6.91278026957175,GALEX J004500.0+140157,11.2501032600929,14.0326339095359,1,-999,22.50972,-999,3.598416,0.1004823,False,-99,0.002839859
6380943365959061329,0,6.91624170808519,GALEX J004524.9+141257,11.3538804716644,14.2158396424829,2,22.00169,-999,5.745457,-999,0.102858,False,0.002198409,-99
6380943375621688475,0,6.92084759381304,GALEX J004509.5+135957,11.2896214294358,13.9991894152822,1,-999,22.81435,-999,2.718063,0.09700115,False,-99,0.002179862
6380943375621688511,0,6.92402709892946,GALEX J004504.3+140048,11.2680073693922,14.0135538113538,1,-999,22.82976,-999,2.679757,0.09700115,False,-99,0.002178898
3791153613469909780,0,6.92877274296008,GALEX J004544.2+140125,11.4343630848398,14.0236276686778,1,-999,23.83374,-999,1.06293,0.08406522,False,-99,0.001420566
3791153613469910338,0,6.94933474959704,GALEX J004454.7+140709,11.2279384464537,14.1193167800301,1,-999,21.94183,-999,6.071102,0.09624148,False,-99,0.001938334
6380943365958009736,0,6.95536041437511,GALEX J004454.6+140709,11.2278191146954,14.1192297474278,1,-999,22.16891,-999,4.925348,0.09624148,False,-99,0.002351178
6380943365958010059,0,6.96148314972981,GALEX J004523.3+141300,11.347387748951,14.2168482626409,1,-999,22.35773,-999,4.1391,0.102858,False,-99,0.002056257
3791153613469909648,0,6.96605520688891,GALEX J004532.8+135930,11.3867365535072,13.9917237332722,1,-999,23.57889,-999,1.344141,0.08485696,False,-99,0.00330513
3791153613469911240,0,6.97142125556703,GALEX J004537.1+141207,11.4046847754001,14.2020446535252,1,-999,20.49443,-999,23.02656,0.1035781,False,-99,0.008425871
6380943365958009535,0,6.98255366581606,GALEX J004550.1+140343,11.45901077446,14.062200899936,1,-999,22.7374,-999,2.917692,0.08712573,False,-99,0.002339146
6380943365958009314,0,6.98520078198836,GALEX J004529.7+135915,11.3737380530007,13.9876043543781,1,-999,22.80866,-999,2.732354,0.08485696,False,-99,0.002102008
3791153613469910364,0,6.98706305650495,GALEX J004551.0+140739,11.4626954711676,14.1275951606578,1,-999,23.82775,-999,1.068804,0.09794895,False,-99,0.002739952
3791153613469909888,0,6.98776131222583,GALEX J004457.3+140252,11.2389238108571,14.0478255525347,1,-999,24.03603,-999,0.8822381,0.1015873,False,-99,0.002601298
3791153613469910712,0,6.99089514635699,GALEX J004503.0+141105,11.2626664288855,14.1849281587342,1,-999,24.31394,-999,0.6830053,0.1005418,False,-99,0.002185744
3791153613469910029,0,6.99400394963843,GALEX J004551.0+140426,11.4627778588967,14.0739631064433,1,-999,23.91431,-999,0.9869077,0.09170669,False,-99,0.002197003
6380943375621688790,0,6.99925128960164,GALEX J004551.3+140724,11.4638212769248,14.1235190191621,1,-999,23.0906,-999,2.107465,0.09794895,False,-99,0.001139851
3791153613469909721,0,6.99988041860766,GALEX J004504.5+140040,11.2689418211183,14.0111277900473,1,-999,24.27787,-999,0.706076,0.09700115,False,-99,0.002387673
3791153613469909839,0,7.00496694159227,GALEX J004546.8+140205,11.4451061195936,14.0348210679578,1,-999,23.87112,-999,1.026955,0.08431947,False,-99,0.003206531
6380943365958009914,0,7.03002322893934,GALEX J004545.4+141029,11.4394677411939,14.1748859418563,1,-999,22.39217,-999,4.009891,0.1053142,False,-99,0.002496932
3791153613469910379,0,7.03523394768025,GALEX J004454.9+140748,11.2287753746119,14.1301742330482,1,-999,23.89367,-999,1.005844,0.09624148,False,-99,0.001787971
3791153613469909761,0,7.03803112979829,GALEX J004501.7+140115,11.2572169318564,14.0210205945807,1,-999,24.12033,-999,0.816332,0.09700115,False,-99,0.001678375
3791153613469910656,0,7.04074000591827,GALEX J004545.2+141034,11.4384486265243,14.1763595783738,1,-999,23.76977,-999,1.12744,0.1053142,False,-99,0.003574576
3791153613469911406,0,7.04132638434857,GALEX J004540.9+141135,11.4204826414438,14.1932057596225,1,-999,14.99755,-999,3638.985,0.1035781,False,-99,0.001761765
6380943365960106924,0,7.04948864230248,GALEX J004540.9+141135,11.4207050215351,14.1932094613774,3,21.00511,14.98633,14.38662,3676.796,0.1035781,False,0.001474939,0.001774229
3791153613469910891,0,7.05333842751203,GALEX J004530.2+141252,11.3759510901763,14.2147039451794,1,-999,23.69,-999,1.213389,0.1038499,False,-99,0.003097559
6380943365958009779,0,7.06416252931616,GALEX J004454.7+140747,11.228202971517,14.1299508176677,1,-999,22.77506,-999,2.818218,0.09624148,False,-99,0.002315252
3791153613469909851,0,7.07898660177161,GALEX J004547.5+140213,11.4481157307188,14.0369856231684,1,-999,22.8758,-999,2.568511,0.08431947,False,-99,0.002401541
6380943375621688434,0,7.08267242742985,GALEX J004520.7+135859,11.3365167527694,13.9831353096021,1,-999,22.7398,-999,2.911242,0.09006254,False,-99,0.001444438
3791153613469909854,0,7.08576962724362,GALEX J004548.0+140224,11.4502658598817,14.0401278108808,1,-999,24.17449,-999,0.7766107,0.08431947,False,-99,0.002279804
6380943365958009908,0,7.09445905454049,GALEX J004459.9+141024,11.249612877799,14.1734615951545,1,-999,22.19657,-999,4.801461,0.09475646,False,-99,0.002951247
6380943375622738140,0,7.10460163067558,GALEX J004457.2+140239,11.2386139401275,14.0442241219578,2,21.90495,-999,6.280906,-999,0.1015873,False,0.002628024,-99
3791153613469910890,0,7.10655521975138,GALEX J004515.4+141254,11.314226353587,14.2152423089841,1,-999,23.94163,-999,0.9623851,0.1033636,False,-99,0.002490418
3791153613469910053,0,7.1200471580604,GALEX J004454.2+140438,11.2259007611881,14.0773704781669,1,-999,24.30424,-999,0.6891305,0.09878827,False,-99,0.002174473
6380943375621688455,0,7.12435113436213,GALEX J004510.8+135933,11.2953038938723,13.9926844496334,1,-999,23.07377,-999,2.14039,0.09124552,False,-99,0.002065835
3791153613469909613,0,7.1416822894742,GALEX J004528.3+135901,11.3680961192553,13.9837811145802,1,-999,23.87392,-999,1.024314,0.08663449,False,-99,0.001451329
6380943375621688985,0,7.14607333894432,GALEX J004543.2+141114,11.4302406829145,14.1873545997382,1,-999,22.72989,-999,2.937938,0.1018474,False,-99,0.001162996
3791153613469909824,0,7.1489914219438,GALEX J004547.1+140157,11.4465745004902,14.0326612014747,1,-999,23.53315,-999,1.401979,0.08431947,False,-99,0.00324287
3791153613469910155,0,7.15778572679294,GALEX J004552.4+140532,11.4685301409382,14.0924563342283,1,-999,23.90818,-999,0.9924917,0.09170669,False,-99,0.001549323
6380943365958009811,0,7.17120177263576,GALEX J004550.7+140832,11.4614484264212,14.1422321690426,1,-999,23.39396,-999,1.593729,0.102952,False,-99,0.002028456
3791153613469909994,0,7.18751190058497,GALEX J004454.8+140349,11.2283609783537,14.0638560313676,1,-999,21.62698,-999,8.113471,0.1014141,False,-99,0.002853549
6380943365960106680,0,7.20189222017859,GALEX J004454.7+140348,11.2281921712634,14.0635849074887,3,21.29109,22.33915,11.05519,4.210561,0.1014141,False,0.002209962,0.003200327
3791153613469910513,0,7.20274233577463,GALEX J004549.7+140912,11.4571295139569,14.1533884709757,1,-999,24.52467,-999,0.5625136,0.102952,False,-99,0.001326332
3791153613469910943,0,7.20350180671311,GALEX J004524.9+141314,11.3537745061495,14.2206445294745,1,-999,22.76684,-999,2.839649,0.102858,False,-99,0.004090344
3791153613469909634,0,7.21759538308499,GALEX J004511.9+135921,11.2995664123824,13.9892272665429,1,-999,23.76693,-999,1.130393,0.09124552,False,-99,0.002788206
3791153613469909967,0,7.22526453693358,GALEX J004550.9+140334,11.4624221609183,14.0594476465438,1,-999,23.22008,-999,1.870548,0.08712573,False,-99,0.004031381
6380943365958009423,0,7.23325670126895,GALEX J004545.6+140120,11.4402245603048,14.0224140053176,1,-999,22.81095,-999,2.7266,0.08431947,False,-99,0.001568839
6380943375621688642,0,7.23587703029941,GALEX J004457.7+140212,11.2404361339379,14.0368667725229,1,-999,22.57629,-999,3.384414,0.1015873,False,-99,0.003059155
6380943365958009565,0,7.23642976164612,GALEX J004454.0+140416,11.2253024741416,14.0711867810777,1,-999,22.1856,-999,4.850196,0.1014141,False,-99,0.002401765
6380943365959061324,0,7.23766688547416,GALEX J004538.9+141210,11.4122717228216,14.2028179405618,2,22.0539,-999,5.47575,-999,0.1035781,False,0.002440071,-99
3791153613469910209,0,7.24139731242667,GALEX J004453.1+140605,11.2213963247516,14.1016310437299,1,-999,24.06439,-999,0.8594975,0.09624148,False,-99,0.002386714
3791153613469910918,0,7.24144474371207,GALEX J004533.2+141251,11.3883233089549,14.2142743514339,1,-999,22.20015,-999,4.785628,0.1035781,False,-99,0.005394888
3791153613469910404,0,7.24469154807503,GALEX J004454.3+140805,11.226404040284,14.1349592443302,1,-999,23.8419,-999,1.054971,0.09624148,False,-99,0.002514902
6380943365958010081,0,7.2575739766629,GALEX J004518.1+141312,11.3257229190795,14.22021085424,1,-999,22.23807,-999,4.621392,0.102858,False,-99,0.00275781
6380943375621688433,0,7.26830806889512,GALEX J004516.1+135858,11.3174219188136,13.9828721521077,1,-999,22.79342,-999,2.770956,0.09124552,False,-99,0.001753871
3791153613469909658,0,7.26943910264465,GALEX J004508.0+135945,11.2833935991715,13.9959043023036,1,-999,23.51612,-999,1.424135,0.09700115,False,-99,0.00347918
6380943375621688745,0,7.26947452485336,GALEX J004552.7+140505,11.4696541739456,14.0848134862273,1,-999,22.46161,-999,3.761459,0.09170669,False,-99,0.002877854
3791153613469909626,0,7.27086045663755,GALEX J004515.9+135858,11.3164842012846,13.9830446470762,1,-999,21.91189,-999,6.240843,0.09124552,False,-99,0.0062584
3791153613469910882,0,7.27530163511438,GALEX J004512.3+141251,11.301504534157,14.2142145302873,1,-999,23.90355,-999,0.9967313,0.1033636,False,-99,0.00184404
3791153613469910967,0,7.28107515829855,GALEX J004532.3+141258,11.3845859822216,14.2162205636074,1,-999,21.42557,-999,9.7672,0.1038499,False,-99,0.005434644
6380943375621688621,0,7.28423331708678,GALEX J004551.7+140812,11.4654154224062,14.1367487823287,1,-999,22.72355,-999,2.955165,0.102952,False,-99,0.002172881
3791153613469909699,0,7.28745644772441,GALEX J004541.2+140015,11.4218812392429,14.0043468677154,1,-999,23.88977,-999,1.009469,0.08406522,False,-99,0.002237219
6380943365958009298,0,7.29577000773162,GALEX J004516.1+135856,11.3171134003815,13.9824722337636,1,-999,22.28716,-999,4.417097,0.09124552,False,-99,0.00285988
6380943365958009784,0,7.30286259127165,GALEX J004454.2+140813,11.2260049151067,14.1370266558352,1,-999,21.8039,-999,6.893474,0.09624148,False,-99,0.003601349
3791153613469910825,0,7.30985035334085,GALEX J004507.4+141219,11.2811685759484,14.2052901359923,1,-999,23.7132,-999,1.187736,0.1005418,False,-99,0.002170674
6380943375621688561,0,7.32359847858948,GALEX J004551.6+140822,11.4651493345841,14.139687044703,1,-999,23.02152,-999,2.245902,0.102952,False,-99,0.002145365
3791153613469910957,0,7.32622590460384,GALEX J004518.0+141316,11.3252410230605,14.2212935616091,1,-999,22.45499,-999,3.784463,0.102858,False,-99,0.003250806
3791153613469910233,0,7.34695105761613,GALEX J004553.2+140613,11.472052558425,14.1037149781993,1,-999,22.97602,-999,2.342026,0.09170669,False,-99,0.005429771
6380943365958009493,0,7.37389099540608,GALEX J004454.5+140325,11.2274406238216,14.0570546490152,1,-999,20.47795,-999,23.37864,0.1014141,False,-99,0.003834711
3791153613469909962,0,7.37536075061211,GALEX J004454.5+140325,11.2274369390834,14.0569953302863,1,-999,20.5271,-999,22.34403,0.1014141,False,-99,0.001231037
6380943365958009858,0,7.39161459298789,GALEX J004549.9+140929,11.458294820428,14.1581287363336,1,-999,22.75238,-999,2.8777,0.102952,False,-99,0.002406012
3791153613469910908,0,7.3940926548264,GALEX J004510.8+141249,11.2950748547528,14.2138135947353,1,-999,23.52161,-999,1.416949,0.1033636,False,-99,0.003562742
3791153613469910160,0,7.39540241327647,GALEX J004553.4+140535,11.4726764160886,14.093249120049,1,-999,24.14528,-999,0.7977852,0.09170669,False,-99,0.002179107
6380943365959061265,0,7.39950451582575,GALEX J004452.8+140456,11.2201211023011,14.0823312496547,2,22.22236,-999,4.688764,-999,0.09878827,False,0.002100419,-99
6380943365959061288,0,7.40834620108293,GALEX J004452.8+140718,11.2203621839759,14.1217670872699,2,21.7267,-999,7.401546,-999,0.09624148,False,0.002922894,-99
3791153613469910876,0,7.41030034261786,GALEX J004535.5+141248,11.3983056107024,14.2133715607375,1,-999,23.56455,-999,1.362005,0.1035781,False,-99,0.003029334
3791153613469910951,0,7.41460151811941,GALEX J004519.5+141324,11.3312354407517,14.2235967522117,1,-999,23.88253,-999,1.016219,0.102858,False,-99,0.002193982
3791153613469909575,0,7.41802607187024,GALEX J004520.7+135839,11.336499667778,13.9775315980163,1,-999,23.95275,-999,0.9525768,0.08663449,False,-99,0.00263656
6380943365958010013,0,7.42012359905016,GALEX J004538.8+141223,11.4119123310098,14.2066095110518,1,-999,20.44995,-999,23.98941,0.1035781,False,-99,0.00279005
3791153613469910452,0,7.42665710195689,GALEX J004453.8+140819,11.224340984673,14.1387664929127,1,-999,22.20042,-999,4.784459,0.09624148,False,-99,0.005194652
3791153613469910962,0,7.44727669789621,GALEX J004522.5+141329,11.3440331982252,14.2249423388199,1,-999,23.12767,-999,2.036721,0.102858,False,-99,0.004323471
3791153613469910630,0,7.45229323930743,GALEX J004457.9+141021,11.2412509963336,14.1725398436935,1,-999,22.96853,-999,2.35824,0.09475646,False,-99,0.003123747
3791153613469910757,0,7.46164962960155,GALEX J004502.7+141140,11.2614358202501,14.1944720804562,1,-999,23.30891,-999,1.723589,0.1005418,False,-99,0.003097685
3791153613469910989,0,7.46676607894739,GALEX J004531.3+141314,11.38063844701,14.2206162154699,1,-999,20.56573,-999,21.56295,0.1038499,False,-99,0.009915177
6380943375621688412,0,7.48407510104838,GALEX J004524.7+135834,11.3531192415965,13.9762991778109,1,-999,23.28321,-999,1.764884,0.08663449,False,-99,0.002295186
6380943375622738129,0,7.48989689757819,GALEX J004545.0+140048,11.4376466950099,14.0133659112016,2,22.41457,-999,3.928029,-999,0.08406522,False,0.001944666,-99
6380943375621688427,0,7.51006615513302,GALEX J004533.4+135858,11.3893046822979,13.9829840091038,1,-999,22.79395,-999,2.76962,0.08485696,False,-99,0.002524907
3791153613469909929,0,7.5210669508054,GALEX J004551.8+140318,11.4661818771665,14.0551595805354,1,-999,23.77354,-999,1.123523,0.08712573,False,-99,0.002909816
6380943375621688457,0,7.52986233779215,GALEX J004540.0+135945,11.416952282726,13.9960010839285,1,-999,22.35648,-999,4.14388,0.08406522,False,-99,0.004340613
3791153613469909817,0,7.53084352596793,GALEX J004457.1+140152,11.2382050825581,14.0311614140517,1,-999,23.50886,-999,1.433688,0.1015873,False,-99,0.003137299
3791153613469910936,0,7.53837135689405,GALEX J004514.5+141318,11.3104925391452,14.2217096137236,1,-999,24.01311,-999,0.9010612,0.1033636,False,-99,0.001949832
6380943375621688445,0,7.53896919082729,GALEX J004507.9+135926,11.2832736867214,13.990812373225,1,-999,22.35256,-999,4.158883,0.09124552,False,-99,0.003928576
6380943365958009654,0,7.54574344018094,GALEX J004451.9+140536,11.2163886270297,14.0934652221837,1,-999,21.93718,-999,6.097187,0.09878827,False,-99,0.003940399
3791153613469910566,0,7.54894502356411,GALEX J004550.7+140929,11.4613529621777,14.1581051098287,1,-999,23.58915,-999,1.331501,0.102952,False,-99,0.003177915
3791153613469910896,0,7.56517548809614,GALEX J004509.3+141251,11.2888745109506,14.2141802517546,1,-999,23.37519,-999,1.621527,0.1033636,False,-99,0.00312585
6380943365959061206,0,7.57626772564794,GALEX J004540.0+135941,11.4167953367472,13.9949773543428,2,21.89323,-999,6.349049,-999,0.08406522,False,0.002226099,-99
3791153613469909599,0,7.5853666858497,GALEX J004516.0+135839,11.316661268804,13.9776189264496,1,-999,22.82987,-999,2.679491,0.09124552,False,-99,0.004366914
3791153613469910166,0,7.58891659512026,GALEX J004451.7+140538,11.2156177318315,14.0939391712579,1,-999,23.98579,-999,0.9240212,0.09878827,False,-99,0.001552216
6380943365958009884,0,7.58966070007623,GALEX J004456.1+140956,11.2337641686898,14.16556470538,1,-999,22.46307,-999,3.756402,0.09475646,False,-99,0.002622281
6380943365958009923,0,7.61528781566498,GALEX J004459.7+141110,11.2490588886657,14.1862906347628,1,-999,21.33046,-999,10.66148,0.09475646,False,-99,0.003387156
3791153613469910898,0,7.61682296967654,GALEX J004536.0+141258,11.4003416357182,14.2162550373285,1,-999,23.28938,-999,1.754873,0.1035781,False,-99,0.001628333
6380943365958009961,0,7.62850029613502,GALEX J004500.2+141118,11.2508525799499,14.1884825886746,1,-999,21.953,-999,6.008974,0.1005418,False,-99,0.002692296
6380943365959061337,0,7.63501099253958,GALEX J004514.0+141322,11.3084178044065,14.2228025345348,2,21.79152,-999,6.972616,-999,0.1033636,False,0.002845252,-99
3791153613469909593,0,7.65108044794325,GALEX J004533.6+135851,11.3902971575084,13.9808325754347,1,-999,23.59754,-999,1.321243,0.08485696,False,-99,0.003108555
3791153613469909604,0,7.65248006469779,GALEX J004532.8+135846,11.3867099771029,13.9796135513643,1,-999,22.51702,-999,3.574303,0.08485696,False,-99,0.00409185
3791153613469911153,0,7.65304833787551,GALEX J004534.4+141311,11.3934152869809,14.2197478472922,1,-999,20.71603,-999,18.77534,0.1035781,False,-99,0.01125007
3791153613469910990,0,7.65838129534884,GALEX J004524.8+141341,11.3534453505379,14.2282594568522,1,-999,23.01687,-999,2.255539,0.102858,False,-99,0.003215319
6380943375621688686,0,7.66379833557038,GALEX J004548.8+140138,11.4534566132339,14.0272387463467,1,-999,22.61466,-999,3.266887,0.08431947,False,-99,0.002720409
6380943365958009631,0,7.6652536561721,GALEX J004554.4+140517,11.4769134522156,14.0882597567478,1,-999,22.32999,-999,4.246248,0.09170669,False,-99,0.002002456
6380943365959061311,0,7.66608590793954,GALEX J004455.0+140939,11.2295314429331,14.1608729596892,2,22.3097,-999,4.326336,-999,0.09475646,False,0.002187067,-99
3791153613469910935,0,7.67765520327978,GALEX J004533.3+141318,11.3890009505011,14.2217551705128,1,-999,23.359,-999,1.645886,0.1038499,False,-99,0.003580591
6380943365958009309,0,7.68871089644527,GALEX J004536.8+135907,11.4033290393661,13.9854640289413,1,-999,22.67413,-999,3.09278,0.08485696,False,-99,0.002345477
3791153613469910974,0,7.68983425974489,GALEX J004517.0+141336,11.3209000879895,14.226696522524,1,-999,23.52347,-999,1.414525,0.1038407,False,-99,0.002789828
3791153613469909553,0,7.69786293192483,GALEX J004525.1+135822,11.3549291756177,13.972839440387,1,-999,24.45773,-999,0.5982846,0.08663449,False,-99,0.002250764
3791153613469909734,0,7.70000432546012,GALEX J004500.6+140035,11.2525640409321,14.0098202360566,1,-999,23.33609,-999,1.680977,0.09864714,False,-99,0.00500066
6380943365958009278,0,7.71047401533358,GALEX J004516.0+135831,11.3170466367709,13.9753966355049,1,-999,22.39408,-999,4.002816,0.09124552,False,-99,0.002369665
3791153613469909625,0,7.71380343536584,GALEX J004507.8+135915,11.2828269991778,13.9877292732767,1,-999,24.34345,-999,0.6646894,0.09124552,False,-99,0.002247774
3791153613469909735,0,7.71976123042485,GALEX J004459.2+140055,11.246739410818,14.0153121696412,1,-999,23.65297,-999,1.255489,0.09864714,False,-99,0.001554288
6380943365958009352,0,7.72611725011345,GALEX J004459.2+140053,11.2470375494274,14.0148296229918,1,-999,22.44116,-999,3.832963,0.09864714,False,-99,0.003979955
3791153613469911016,0,7.74418986899879,GALEX J004522.3+141347,11.3432037622648,14.2298779797919,1,-999,23.01974,-999,2.249585,0.102858,False,-99,0.004549401
3791153613469910327,0,7.74700877188453,GALEX J004451.4+140712,11.2142168522777,14.1202715986705,1,-999,24.08167,-999,0.8459248,0.09624148,False,-99,0.002486508
3791153613469909840,0,7.74974070499253,GALEX J004550.5+140206,11.4604787624881,14.0351376680545,1,-999,23.73908,-999,1.159762,0.08431947,False,-99,0.003528563
3791153613469909602,0,7.75799610493296,GALEX J004511.1+135850,11.2964306435026,13.980743759262,1,-999,23.74739,-999,1.150912,0.09124552,False,-99,0.003079181
3791153613469910912,0,7.7762280281213,GALEX J004537.6+141257,11.4069651431662,14.2160880251261,1,-999,23.30267,-999,1.733536,0.1035781,False,-99,0.003107108
3791153613469910230,0,7.77655607403035,GALEX J004555.0+140621,11.479360500676,14.1060981581454,1,-999,23.77211,-999,1.125008,0.09621945,False,-99,0.00328863
6380943365960107062,0,7.79404799260278,GALEX J004458.5+141106,11.2438516795113,14.1850644965553,3,18.74736,17.70825,115.0956,299.7097,0.09475646,False,0.001250803,0.001514101
3791153613469910938,0,7.79632330449338,GALEX J004458.5+141106,11.2437949295218,14.1850583611362,1,-999,17.64862,-999,316.6289,0.09475646,False,-99,0.001395071
6380943365958009341,0,7.79711031022361,GALEX J004503.9+135945,11.2665390248609,13.9960937305693,1,-999,23.06528,-999,2.157184,0.09864714,False,-99,0.0006258508
3791153613469910988,0,7.79980777043963,GALEX J004529.7+141340,11.3738606578552,14.2279579746783,1,-999,22.36885,-999,4.096951,0.1038499,False,-99,0.004018534
6380943375621688740,0,7.8027339918777,GALEX J004553.1+140848,11.4713110417942,14.1467103727929,1,-999,22.22621,-999,4.672139,0.102952,False,-99,0.003661056
6380943375621688406,0,7.80370701411278,GALEX J004531.0+135829,11.3795519055434,13.9749523566264,1,-999,21.81379,-999,6.830979,0.08485696,False,-99,0.004284761
3791153613469911023,0,7.80837022577305,GALEX J004531.2+141335,11.380290154217,14.2266113374273,1,-999,21.88631,-999,6.389649,0.1038499,False,-99,0.005849053
6380943365958010045,0,7.80936069479781,GALEX J004505.8+141239,11.2742074890779,14.2109113426559,1,-999,22.78076,-999,2.803472,0.1005418,False,-99,0.002051349
6380943365958010117,0,7.81178082748736,GALEX J004525.9+141349,11.3580066149643,14.2304935634102,1,-999,22.39246,-999,4.00881,0.102858,False,-99,0.002118195
6380943365958009748,0,7.82137038996847,GALEX J004554.8+140719,11.4784637801986,14.1219884498658,1,-999,23.83512,-999,1.061576,0.09621945,False,-99,0.002094819
3791153613469909587,0,7.82294201326749,GALEX J004531.1+135828,11.3796164989634,13.9746374172082,1,-999,21.6324,-999,8.073053,0.08485696,False,-99,0.00452523
3791153613469910066,0,7.83024790406255,GALEX J004554.8+140442,11.478376363732,14.0783660730562,1,-999,23.56642,-999,1.359663,0.08712573,False,-99,0.003130674
6380943365958009210,0,7.83247346770645,GALEX J004531.0+135827,11.3792882967286,13.9743911444532,1,-999,21.44396,-999,9.603176,0.08485696,False,-99,0.004431594
3791153613469911015,0,7.8365366163639,GALEX J004524.0+141352,11.3501593046462,14.2313749090906,1,-999,22.77956,-999,2.806569,0.102858,False,-99,0.00351929
6380943365958009590,0,7.84444249862844,GALEX J004554.8+140441,11.4785702247172,14.0780697444108,1,-999,22.92643,-999,2.451477,0.08712573,False,-99,0.001156182
3791153613469910634,0,7.85073348439783,GALEX J004549.7+141028,11.457260999394,14.1746248052327,1,-999,24.09394,-999,0.83642,0.1053142,False,-99,0.002077348
3791153613469911001,0,7.86044320528854,GALEX J004526.7+141351,11.3615116402122,14.2309557696405,1,-999,22.58809,-999,3.34782,0.1038499,False,-99,0.004101392
6380943365958010064,0,7.87501538439402,GALEX J004507.1+141255,11.2799019213964,14.2154620952718,1,-999,23.41152,-999,1.56816,0.1033636,False,-99,0.002174886
6380943375621688723,0,7.87675522643602,GALEX J004555.3+140526,11.4807920721902,14.090797671226,1,-999,21.91603,-999,6.217065,0.09170669,False,-99,0.0026302
3791153613469910567,0,7.88993946822079,GALEX J004551.9+140939,11.4664933525117,14.160840789101,1,-999,22.89439,-999,2.524907,0.102952,False,-99,0.004752943
3791153613469910407,0,7.89314442632693,GALEX J004555.5+140601,11.4814718057614,14.100374910009,1,-999,18.01864,-999,225.1863,0.09621945,False,-99,0.001357428
6380943375621688751,0,7.89552266835785,GALEX J004555.5+140601,11.4815127086421,14.1003836949455,1,-999,18.07405,-999,213.9822,0.09621945,False,-99,0.001556076
6380943365958009616,0,7.8961720768609,GALEX J004555.5+140600,11.4815233491296,14.1002627581622,1,-999,18.03154,-999,222.5269,0.09621945,False,-99,0.001474955
3791153613469909937,0,7.89965816027954,GALEX J004452.5+140316,11.2187638336081,14.0545379637145,1,-999,22.64915,-999,3.164761,0.1014141,False,-99,0.00507089
3791153613469911103,0,7.90659800653993,GALEX J004532.6+141336,11.3861453195266,14.2266797722765,1,-999,20.76418,-999,17.96096,0.1038499,False,-99,0.01218495
3791153613469910697,0,7.90954101585961,GALEX J004457.0+141050,11.2376362456255,14.1806462968998,1,-999,22.88147,-999,2.555114,0.09475646,False,-99,0.004151419
6380943365959061335,0,7.91650051199238,GALEX J004536.5+141315,11.4022198915898,14.2209143766663,2,22.24197,-999,4.604817,-999,0.1035781,False,0.0009932361,-99
6380943375622738152,0,7.93152819573612,GALEX J004555.5+140645,11.4815980126822,14.1125654378532,2,22.43585,-999,3.851792,-999,0.09621945,False,0.002145294,-99
3791153613469909898,0,7.93984491043827,GALEX J004452.8+140257,11.2201538575458,14.0493524492781,1,-999,23.75688,-999,1.1409,0.1014141,False,-99,0.00289801
3791153613469910724,0,7.94285529263889,GALEX J004547.9+141112,11.4496027175882,14.1868542163662,1,-999,24.37899,-999,0.6432844,0.1053142,False,-99,0.002433008
6380943365959061217,0,7.94414573053265,GALEX J004548.5+140105,11.4523738052144,14.0180722484387,2,21.95281,-999,6.010034,-999,0.08431947,False,0.00212035,-99
6380943365959061274,0,7.94461917613889,GALEX J004555.7+140548,11.4822928788607,14.0968033546237,2,21.6564,-999,7.896605,-999,0.09170669,False,0.002802256,-99
6380943365958010004,0,7.95166116891745,GALEX J004536.1+141319,11.4007722527788,14.222183933784,1,-999,21.54511,-999,8.748929,0.1035781,False,-99,0.003214852
3791153613469911032,0,7.95363394259791,GALEX J004522.1+141400,11.342362048398,14.2333511645354,1,-999,22.75607,-999,2.867962,0.102858,False,-99,0.00348279
6380943375621688652,0,7.96357953441957,GALEX J004547.6+141118,11.4485531417581,14.1885546017472,1,-999,22.5853,-999,3.356451,0.1053142,False,-99,0.00195901
3791153613469911097,0,7.96470766056693,GALEX J004536.4+141319,11.4017084267942,14.2220196191375,1,-999,20.21222,-999,29.86149,0.1035781,False,-99,0.009763584
3791153613469911061,0,7.97542896768612,GALEX J004525.3+141400,11.3554131937297,14.2334322200231,1,-999,23.13033,-999,2.031733,0.102858,False,-99,0.004411192
6380943365958010113,0,7.9758715513616,GALEX J004515.3+141348,11.3141003796743,14.2301547535214,1,-999,22.4736,-999,3.720147,0.1033636,False,-99,0.001762758
6380943365960107169,0,7.9768244572678,GALEX J004502.5+141217,11.2606265509034,14.2049908341003,3,21.22385,21.01943,11.76145,14.19804,0.1005418,False,0.003316498,0.005961934
3791153613469911025,0,7.98462489336907,GALEX J004521.0+141401,11.3376696131904,14.2336748017656,1,-999,23.53206,-999,1.403379,0.1038407,False,-99,0.001136332
3791153613469911049,0,7.98957886169839,GALEX J004526.3+141359,11.359695585832,14.2333129198575,1,-999,21.9257,-999,6.161978,0.1038499,False,-99,0.004899757
3791153613469909598,0,7.99193138361938,GALEX J004513.0+135825,11.3044144978031,13.9738398510705,1,-999,21.26329,-999,11.34182,0.09124552,False,-99,0.002635983
3791153613469909686,0,7.99351788206459,GALEX J004542.5+135937,11.4274641822486,13.9936980616132,1,-999,22.73911,-999,2.913107,0.08406522,False,-99,0.006360443
3791153613469910863,0,7.99430128816973,GALEX J004502.5+141218,11.2604978223277,14.2052636291141,1,-999,21.09807,-999,13.20601,0.1005418,False,-99,0.006481002
6380943375623785540,0,7.99589248629336,GALEX J004513.1+135825,11.3047401502797,13.9736711366729,3,21.4169,21.17975,9.845588,12.24895,0.09124552,False,0.003416279,0.00296846
6380943365960106413,0,8.00761207246254,GALEX J004513.1+135824,11.3045910318995,13.973511826116,3,20.76837,21.00677,17.89185,14.36459,0.09124552,False,0.002508009,0.004148896
3791153613469910474,0,8.00910902149012,GALEX J004554.0+140848,11.4750704047342,14.1467745534152,1,-999,23.72723,-999,1.17249,0.102952,False,-99,0.002697588
6380943365958009328,0,8.01177939962352,GALEX J004542.0+135930,11.4251905083803,13.9917298305569,1,-999,22.77388,-999,2.821296,0.08406522,False,-99,0.002535731
3791153613469911101,0,8.01962630619133,GALEX J004529.0+141356,11.3708797378219,14.2322691211084,1,-999,21.21651,-999,11.84119,0.1038499,False,-99,0.006501997
3791153613469910792,0,8.03571845813492,GALEX J004500.8+141201,11.2534431416437,14.2003878335068,1,-999,23.8807,-999,1.017933,0.1005418,False,-99,0.002170342
6380943365958009644,0,8.03707259937676,GALEX J004556.0+140521,11.4834339306698,14.0893471676245,1,-999,22.51397,-999,3.584375,0.09170669,False,-99,0.002947369
3791153613469910375,0,8.03776809778079,GALEX J004555.3+140748,11.4806044303709,14.130211360055,1,-999,24.21953,-999,0.7450522,0.09621945,False,-99,0.001327373
3791153613469910187,0,8.04077060457222,GALEX J004556.0+140524,11.4835656612183,14.0901379743779,1,-999,22.58669,-999,3.352155,0.09170669,False,-99,0.005147502
3791153613469911030,0,8.04944501793261,GALEX J004528.1+141400,11.367310453776,14.2333647532369,1,-999,23.06243,-999,2.162866,0.1038499,False,-99,0.002590504
6380943365958010101,0,8.08853691684496,GALEX J004535.1+141334,11.3966219742216,14.2263260072811,1,-999,22.50706,-999,3.607225,0.1038499,False,-99,0.002910643
3791153613469909561,0,8.09128560965693,GALEX J004534.4+135826,11.3934461789249,13.974136058819,1,-999,23.74319,-999,1.155379,0.08485696,False,-99,0.002991629
3791153613469911009,0,8.10708645443068,GALEX J004514.2+141352,11.3091542781776,14.231187193878,1,-999,23.73881,-999,1.160047,0.1033636,False,-99,0.003157615
6380943365959061287,0,8.11988280622363,GALEX J004449.8+140713,11.2077437516727,14.1203066454368,2,22.0662,-999,5.414051,-999,0.09624148,False,0.002153338,-99
6380943365958009877,0,8.12810082165885,GALEX J004552.8+140945,11.4701970811187,14.1625364926521,1,-999,22.52246,-999,3.556425,0.102952,False,-99,0.002765643
3791153613469911207,0,8.13921664897915,GALEX J004530.3+141359,11.3762292965021,14.2332468247552,1,-999,21.44699,-999,9.576464,0.1038499,False,-99,0.01096946
6380943375621688384,0,8.14218724488248,GALEX J004529.6+135804,11.3736691139681,13.9678443381414,1,-999,22.94747,-999,2.404432,0.08663449,False,-99,0.002363599
6380943365958009653,0,8.14503842112097,GALEX J004556.5+140558,11.485794025333,14.0994769696158,1,-999,19.59553,-999,52.69704,0.09621945,False,-99,0.001604354
6380943365959061200,0,8.14655691111773,GALEX J004508.2+135843,11.2844987979245,13.9787899617244,2,22.00722,-999,5.71627,-999,0.09124552,False,0.002168163,-99
3791153613469910282,0,8.15202887028613,GALEX J004556.6+140558,11.4859154086506,14.0996003943945,1,-999,19.64481,-999,50.35881,0.09621945,False,-99,0.001324045
3791153613469911089,0,8.15425142594287,GALEX J004517.7+141406,11.3237326739628,14.2350375522739,1,-999,23.31201,-999,1.718676,0.1038407,False,-99,0.004804848
6380943375621688819,0,8.15491942479409,GALEX J004556.6+140558,11.4859637236774,14.0994666892278,1,-999,19.54069,-999,55.42746,0.09621945,False,-99,0.002118976
6380943365958009244,0,8.18582781649957,GALEX J004524.0+135752,11.3502108616419,13.9644689856764,1,-999,22.51355,-999,3.585758,0.08663449,False,-99,0.00280592
3791153613469910510,0,8.18617314408996,GALEX J004554.2+140910,11.4758317994493,14.1530057389087,1,-999,23.61489,-999,1.300296,0.102952,False,-99,0.003092097
6380943375621688312,0,8.22129256246629,GALEX J004528.3+135756,11.3683092943892,13.9655579188193,1,-999,22.94076,-999,2.419333,0.08663449,False,-99,0.002889371
3791153613469911075,0,8.22829009851711,GALEX J004515.5+141404,11.3146599640169,14.2345992336249,1,-999,22.16141,-999,4.959485,0.1038407,False,-99,0.003046683
6380943365958010133,0,8.22911031803644,GALEX J004515.5+141404,11.314649065748,14.2346108609092,1,-999,22.85078,-999,2.628382,0.1038407,False,-99,0.001371372
3791153613469909535,0,8.23509644691553,GALEX J004532.6+135809,11.3861978361679,13.9692866252977,1,-999,23.63598,-999,1.275285,0.08485696,False,-99,0.003119339
3791153613469909606,0,8.24440136130022,GALEX J004540.4+135858,11.4184182437162,13.9828410068119,1,-999,24.08085,-999,0.8465625,0.0816393,False,-99,0.002195547
3791153613469909627,0,8.24985779333436,GALEX J004503.7+135914,11.2656218032701,13.9874728761747,1,-999,23.93077,-999,0.9720599,0.09864714,False,-99,0.003482992
6380943365958010125,0,8.25334431879877,GALEX J004512.5+141354,11.3024171512659,14.2317895085634,1,-999,23.07869,-999,2.130703,0.1033636,False,-99,0.001902295
3791153613469911115,0,8.25495016432722,GALEX J004524.4+141417,11.3520471487349,14.2382838600907,1,-999,22.34752,-999,4.178214,0.102858,False,-99,0.004689974
6380943365958009467,0,8.25533136176144,GALEX J004451.7+140246,11.2156726780217,14.0461463669815,1,-999,22.60144,-999,3.306918,0.1014141,False,-99,0.001692213
3791153613469911196,0,8.27390795827178,GALEX J004531.4+141404,11.3810252228255,14.2344436318453,1,-999,21.04753,-999,13.83531,0.1038499,False,-99,0.009611255
3791153613469910799,0,8.27486832781581,GALEX J004458.3+141146,11.243155756854,14.1962672797582,1,-999,22.24751,-999,4.581361,0.09475646,False,-99,0.005499551
3791153613469910672,0,8.28318148746674,GALEX J004551.0+141047,11.4625185764673,14.1799268729196,1,-999,24.35378,-999,0.6583962,0.1053142,False,-99,0.001010024
3791153613469910056,0,8.28454780035612,GALEX J004449.2+140442,11.2053663978543,14.0783995253189,1,-999,24.35091,-999,0.66014,0.1014141,False,-99,0.001332873
6380943375622738194,0,8.28478321555252,GALEX J004549.4+141118,11.4559837098253,14.1883402109521,2,22.26229,-999,4.519431,-999,0.1053142,False,0.001244001,-99
3791153613469911122,0,8.28772041056782,GALEX J004526.0+141418,11.35847340597,14.2384172466701,1,-999,21.12322,-999,12.90358,0.1038499,False,-99,0.008903785
3791153613469909515,0,8.28910180400375,GALEX J004518.3+135750,11.3262875782606,13.963989204169,1,-999,23.89298,-999,1.006487,0.08831742,False,-99,0.00252949
3791153613469909710,0,8.29092237128564,GALEX J004548.2+140027,11.4508875399782,14.0075128211391,1,-999,24.05605,-999,0.8661249,0.08138902,False,-99,0.002612014
3791153613469910899,0,8.31518405942927,GALEX J004502.5+141243,11.2604209810843,14.2119516675508,1,-999,23.35767,-999,1.647898,0.1005418,False,-99,0.003676786
3791153613469909853,0,8.31520429264991,GALEX J004452.3+140220,11.2179669869649,14.039004829679,1,-999,23.98473,-999,0.9249256,0.1015873,False,-99,0.002816807
6380943365958009257,0,8.31861577158796,GALEX J004511.8+135811,11.2992511346522,13.9697617079277,1,-999,22.85788,-999,2.61124,0.09124552,False,-99,0.002282947
6380943365958010148,0,8.31876028898439,GALEX J004519.6+141419,11.3319034710159,14.2388199330333,1,-999,22.73061,-999,2.936006,0.1038407,False,-99,0.002621966
6380943375621688367,0,8.32207372636861,GALEX J004525.7+135745,11.3572902361812,13.962578182857,1,-999,21.72433,-999,7.417668,0.08663449,False,-99,0.00437949
3791153613469910091,0,8.32771264466057,GALEX J004448.9+140459,11.2038914177647,14.0831982179539,1,-999,24.05426,-999,0.867549,0.1014141,False,-99,0.001734208
3791153613469910668,0,8.32967208638837,GALEX J004551.7+141036,11.4656967288698,14.1767492005691,1,-999,23.80194,-999,1.094515,0.1053142,False,-99,0.002979355
3791153613469909523,0,8.33025397272649,GALEX J004525.8+135744,11.357854283169,13.9624864454524,1,-999,21.75693,-999,7.198283,0.08663449,False,-99,0.002674369
6380943375621688497,0,8.33562627436235,GALEX J004548.3+140025,11.4515751357936,14.0071382421738,1,-999,22.76748,-999,2.837974,0.08138902,False,-99,0.00234425
6380943365958009237,0,8.34151089168721,GALEX J004525.9+135744,11.3580711712333,13.9623160403738,1,-999,21.95451,-999,6.000593,0.08663449,False,-99,0.002512115
3791153613469910256,0,8.35336258982875,GALEX J004448.6+140642,11.2027225555035,14.1117339927226,1,-999,23.98965,-999,0.9207458,0.09774307,False,-99,0.002270778
3791153613469910852,0,8.35610322093112,GALEX J004459.3+141208,11.2473681481453,14.2022228100288,1,-999,22.45156,-999,3.796425,0.1005418,False,-99,0.006564467
6380943365958009371,0,8.35960820268442,GALEX J004457.8+140019,11.2411982794831,14.0053921812351,1,-999,22.96346,-999,2.369271,0.09864714,False,-99,0.001591106
6380943365958009775,0,8.36070342263976,GALEX J004449.1+140739,11.2048595048696,14.127763527842,1,-999,22.63593,-999,3.203519,0.09624148,False,-99,0.0023562
3791153613469909582,0,8.3746770314459,GALEX J004508.6+135826,11.2859098804948,13.9739379270524,1,-999,21.22269,-999,11.77394,0.09124552,False,-99,0.002102109
6380943375621688393,0,8.3748386680843,GALEX J004508.6+135825,11.2860217735763,13.9738852939666,1,-999,21.22532,-999,11.7455,0.09124552,False,-99,0.002797049
3791153613469911041,0,8.38157187996318,GALEX J004513.0+141404,11.3042645222227,14.2345855301574,1,-999,23.57894,-999,1.344075,0.1033636,False,-99,0.00343553
3791153613469911044,0,8.38183733081801,GALEX J004536.9+141343,11.404059160966,14.2286148108067,1,-999,21.72925,-999,7.384113,0.1038499,False,-99,0.004931582
6380943365958009235,0,8.38700501972732,GALEX J004523.1+135739,11.34637571431,13.9610509067494,1,-999,22.48408,-999,3.684421,0.08663449,False,-99,0.001934262
6380943365958009265,0,8.39131707731539,GALEX J004508.6+135825,11.2859281270003,13.9736248677687,1,-999,21.26739,-999,11.29907,0.09124552,False,-99,0.002035852
3791153613469911098,0,8.3919159366492,GALEX J004517.7+141420,11.3238565504562,14.2390659526467,1,-999,22.38783,-999,4.025953,0.1038407,False,-99,0.004120212
3791153613469911086,0,8.41501852522127,GALEX J004527.4+141423,11.3644148810326,14.2399216781446,1,-999,23.01719,-999,2.254869,0.1038499,False,-99,0.003064649
3791153613469909837,0,8.41599657612549,GALEX J004553.3+140159,11.4724608671147,14.0331026159766,1,-999,23.30541,-999,1.729166,0.08431947,False,-99,0.003757532
6380943375621688370,0,8.4201511827718,GALEX J004513.1+135758,11.3046039612906,13.9663184791407,1,-999,22.5086,-999,3.602122,0.09124552,False,-99,0.003417013
6380943375621688403,0,8.45055777432437,GALEX J004538.9+135831,11.4120957921459,13.975516607551,1,-999,22.67112,-999,3.101354,0.08194251,False,-99,0.003235251
3791153613469909549,0,8.45681659800859,GALEX J004510.5+135808,11.2941097364284,13.9691213132425,1,-999,22.91058,-999,2.487524,0.09124552,False,-99,0.004060949
6380943375621688378,0,8.46174471129593,GALEX J004533.7+135759,11.3905987761812,13.9666577202573,1,-999,22.85845,-999,2.609874,0.08485696,False,-99,0.002180756
3791153613469909765,0,8.46185052289942,GALEX J004454.3+140114,11.2262648537042,14.0206028286112,1,-999,23.59216,-999,1.327812,0.1015873,False,-99,0.003222546
3791153613469911168,0,8.47300384361371,GALEX J004533.3+141408,11.3888183700608,14.2357598107555,1,-999,20.96567,-999,14.91879,0.1038499,False,-99,0.01010297
3791153613469909533,0,8.48677910471035,GALEX J004533.5+135757,11.3898991877429,13.9660021762752,1,-999,22.80194,-999,2.749298,0.08485696,False,-99,0.003116193
3791153613469911116,0,8.48945906461402,GALEX J004524.7+141431,11.3531004559166,14.2421487715766,1,-999,23.27659,-999,1.775669,0.1038499,False,-99,0.003429818
3791153613469910625,0,8.49939107734306,GALEX J004452.5+141014,11.2187700841211,14.1707222023547,1,-999,22.84958,-999,2.63128,0.09475646,False,-99,0.003510422
6380943365958010151,0,8.50581564140854,GALEX J004516.0+141423,11.3167031531624,14.2397549074581,1,-999,22.72409,-999,2.95367,0.1038407,False,-99,0.002064178
6380943375621688473,0,8.5062887217552,GALEX J004458.6+135955,11.2444002407246,13.9987703853551,1,-999,22.62078,-999,3.24853,0.09864714,False,-99,0.002504511
6380943365958009641,0,8.50938863603142,GALEX J004557.9+140519,11.4915180420772,14.0886489196696,1,-999,22.01323,-999,5.684695,0.09621945,False,-99,0.002383677
3791153613469909554,0,8.51431580737694,GALEX J004512.7+135754,11.3032973469192,13.9650608190496,1,-999,22.9161,-999,2.474919,0.09124552,False,-99,0.00477265
3791153613469909585,0,8.52092437682286,GALEX J004505.2+135841,11.2718840692278,13.9782702514635,1,-999,23.77279,-999,1.124299,0.09466568,False,-99,0.002859954
6380943375621688421,0,8.52679823457165,GALEX J004505.2+135841,11.2718400439954,13.9781818242372,1,-999,22.86757,-999,2.58805,0.09466568,False,-99,0.002374674
3791153613469910869,0,8.52947298526864,GALEX J004545.1+141240,11.4381303633585,14.2112853296945,1,-999,23.01563,-999,2.258116,0.106113,False,-99,0.003649988
3791153613469911059,0,8.5342526232517,GALEX J004513.5+141416,11.3065319355046,14.2378715565572,1,-999,23.18944,-999,1.924076,0.1033636,False,-99,0.00363236
3791153613469910848,0,8.53468728465061,GALEX J004546.3+141226,11.4430348063967,14.20737163557,1,-999,22.4017,-999,3.974843,0.106113,False,-99,0.003513291
3791153613469909601,0,8.53970238360887,GALEX J004504.6+135845,11.2694694651979,13.979304994776,1,-999,22.59992,-999,3.311537,0.09466568,False,-99,0.006159228
3791153613469911303,0,8.54900200200874,GALEX J004534.8+141406,11.3951820182324,14.2350425592641,1,-999,19.86292,-999,41.19357,0.1038499,False,-99,0.01520027
6380943365958009868,0,8.54924157266541,GALEX J004450.9+140936,11.2122757939547,14.160231663252,1,-999,22.65696,-999,3.142077,0.09279225,False,-99,0.001996051
3791153613469910214,0,8.55328127986385,GALEX J004447.7+140608,11.1988584983317,14.1024289624095,1,-999,24.03789,-999,0.8807347,0.09774307,False,-99,0.002510246
6380943375621688826,0,8.58096766886016,GALEX J004557.1+140817,11.4881939870417,14.1381576459462,1,-999,22.40232,-999,3.972579,0.102952,False,-99,0.003176513
3791153613469911129,0,8.58573757278875,GALEX J004520.0+141436,11.3337166965803,14.2434459067153,1,-999,22.751,-999,2.881375,0.1038407,False,-99,0.003976951
6380943375621688443,0,8.5891132257644,GALEX J004501.0+135918,11.2545122351863,13.9883875352443,1,-999,22.71882,-999,2.96805,0.09864714,False,-99,0.002536715
3791153613469911135,0,8.58920553545397,GALEX J004521.9+141438,11.3415190913181,14.2439256334506,1,-999,23.49236,-999,1.455643,0.1038407,False,-99,0.003874219
3791153613469911119,0,8.59770389581079,GALEX J004527.3+141435,11.3638271260287,14.2430623999903,1,-999,23.0365,-999,2.215141,0.1038499,False,-99,0.004509968
3791153613469910720,0,8.59820711308332,GALEX J004551.4+141111,11.4642581726948,14.1865586376889,1,-999,24.21971,-999,0.7449301,0.1053142,False,-99,0.002413207
6380943375621688577,0,8.601326641519,GALEX J004557.0+140339,11.4878403555386,14.0611036964153,1,-999,22.28322,-999,4.433144,0.08712573,False,-99,0.002823714
6380943365958009513,0,8.62320869774983,GALEX J004556.8+140324,11.4869054452284,14.0568812769004,1,-999,22.4775,-999,3.70682,0.08712573,False,-99,0.001153028
6380943375621688376,0,8.63369801085058,GALEX J004535.5+135758,11.3980834257599,13.9661625433927,1,-999,23.0096,-999,2.270703,0.08194251,False,-99,0.002085374
3791153613469909997,0,8.63712626640085,GALEX J004557.1+140333,11.4879435294265,14.0593346145611,1,-999,22.61832,-999,3.255911,0.08712573,False,-99,0.007221333
3791153613469910987,0,8.63740582091088,GALEX J004507.0+141346,11.2791797256042,14.2294681169826,1,-999,24.12096,-999,0.8158616,0.1033636,False,-99,0.002615568
6380943365960106379,0,8.63925367346649,GALEX J004518.3+135729,11.3264242561597,13.958082346353,3,22.2205,22.73714,4.696803,2.918399,0.08831742,False,0.001349366,0.002080513
3791153613469910860,0,8.64606537036568,GALEX J004547.1+141225,11.4462854618922,14.2070305790119,1,-999,22.34989,-999,4.169131,0.1053142,False,-99,0.003745525
3791153613469910015,0,8.64715287228379,GALEX J004448.2+140409,11.2008292769247,14.0693776749783,1,-999,23.81468,-999,1.081753,0.1014141,False,-99,0.003706635
3791153613469911005,0,8.6476108850859,GALEX J004539.0+141346,11.4126311136945,14.2295882187221,1,-999,23.85377,-999,1.043501,0.106113,False,-99,0.002780596
6380943365958009403,0,8.65120744064719,GALEX J004551.8+140056,11.4658398954323,14.0157567759063,1,-999,23.02196,-999,2.244991,0.08138902,False,-99,0.001485551
6380943375621688840,0,8.65533538754228,GALEX J004452.4+140133,11.2186532204275,14.0260672158852,1,-999,22.12291,-999,5.138481,0.1015873,False,-99,0.00279073
6380943365958009239,0,8.65929193001318,GALEX J004531.1+135737,11.379626207021,13.9602848801584,1,-999,22.44315,-999,3.825958,0.08663449,False,-99,0.002272932
3791153613469910916,0,8.66056674026996,GALEX J004543.8+141305,11.4325396993434,14.2181650141638,1,-999,23.24517,-999,1.827807,0.106113,False,-99,0.002680809
3791153613469910549,0,8.66079132607281,GALEX J004555.5+140938,11.4812373523361,14.1607869987181,1,-999,23.73057,-999,1.168882,0.102952,False,-99,0.002808264
6380943365958009238,0,8.66203555049092,GALEX J004514.5+135738,11.3105447831759,13.9605841988711,1,-999,22.84928,-999,2.632013,0.09124552,False,-99,0.002622997
6380943375621688703,0,8.66695116773883,GALEX J004556.4+140906,11.4852282077798,14.15174548539,1,-999,22.18508,-999,4.85253,0.102952,False,-99,0.003759543
3791153613469910717,0,8.67488752320709,GALEX J004453.9+141106,11.2247677938207,14.1852253061063,1,-999,23.44996,-999,1.513615,0.09475646,False,-99,0.003232811
3791153613469909645,0,8.6753953588865,GALEX J004459.4+135930,11.2477860116906,13.9919331056812,1,-999,23.63688,-999,1.274229,0.09864714,False,-99,0.003035772
6380943365958009890,0,8.67552046482309,GALEX J004451.1+140959,11.2129516729866,14.1664242068483,1,-999,22.70401,-999,3.008823,0.09279225,False,-99,0.002556815
6380943365958009733,0,8.67747378248641,GALEX J004447.4+140700,11.1976338970402,14.1169041015676,1,-999,22.53657,-999,3.510509,0.09774307,False,-99,0.001594233
6380943365958010097,0,8.68104341850816,GALEX J004504.4+141328,11.268412614558,14.2245198229671,1,-999,22.83323,-999,2.671206,0.1005418,False,-99,0.001205855
3791153613469911109,0,8.68196587481485,GALEX J004531.6+141428,11.381858926955,14.2412536655991,1,-999,21.80731,-999,6.871863,0.1038499,False,-99,0.007423493
3791153613469910983,0,8.68820989463413,GALEX J004504.4+141329,11.2687161562785,14.2248374975539,1,-999,22.92883,-999,2.446072,0.1005418,False,-99,0.003999802
3791153613469910873,0,8.69277677829346,GALEX J004500.0+141244,11.2503533822827,14.2122738483422,1,-999,24.08734,-999,0.8415206,0.1005418,False,-99,0.003334508
3791153613469911014,0,8.70028586123531,GALEX J004539.5+141345,11.4149265332812,14.2294350619214,1,-999,23.59381,-999,1.325794,0.106113,False,-99,0.00351966
3791153613469910316,0,8.70123701199484,GALEX J004447.3+140701,11.197233130345,14.1169923351098,1,-999,22.29617,-999,4.380591,0.09774307,False,-99,0.002355145
6380943365958009558,0,8.70633907348301,GALEX J004447.9+140410,11.1997492581414,14.0695441368649,1,-999,22.72374,-999,2.954625,0.1014141,False,-99,0.002520508
6380943365958009276,0,8.70969499136163,GALEX J004504.3+135836,11.2680663594625,13.9768169588649,1,-999,22.86021,-999,2.605657,0.09466568,False,-99,0.002897641
3791153613469911022,0,8.70997721505696,GALEX J004538.5+141353,11.4108095679165,14.2316164207758,1,-999,22.45825,-999,3.773109,0.106113,False,-99,0.003550498
3791153613469910636,0,8.71209714089358,GALEX J004451.7+141021,11.21576213355,14.1727653973709,1,-999,22.24297,-999,4.60056,0.09475646,False,-99,0.002332917
3791153613469911017,0,8.71219748929392,GALEX J004508.1+141359,11.2841040171311,14.233127498009,1,-999,23.46663,-999,1.490552,0.1033636,False,-99,0.003674772
3791153613469910434,0,8.71231307442434,GALEX J004557.6+140824,11.4900124507292,14.1400015732584,1,-999,23.46848,-999,1.488021,0.102952,False,-99,0.003894045
6380943365959061230,0,8.71235125227689,GALEX J004554.7+140157,11.4780054584136,14.0326624501481,2,22.0973,-999,5.261183,-999,0.08712573,False,0.002193556,-99
6380943365958010029,0,8.7215885502691,GALEX J004548.1+141217,11.4505952743287,14.2048071467882,1,-999,22.77548,-999,2.817142,0.1053142,False,-99,0.001724125
3791153613469910436,0,8.7226341281892,GALEX J004448.1+140814,11.200766117645,14.1374710977006,1,-999,23.02839,-999,2.231732,0.09279225,False,-99,0.004624293
3791153613469910508,0,8.7244644126984,GALEX J004556.7+140906,11.4863087208186,14.1516810946875,1,-999,23.00262,-999,2.285345,0.102952,False,-99,0.002779309
6380943365958009902,0,8.72954063221064,GALEX J004451.7+141022,11.2154355319968,14.1727968034111,1,-999,22.33809,-999,4.214685,0.09475646,False,-99,0.003193775
3791153613469910600,0,8.73153264924264,GALEX J004450.9+141001,11.2121839552668,14.1670196015983,1,-999,24.17451,-999,0.7766002,0.09279225,False,-99,0.003807886
3791153613469911096,0,8.73967141405268,GALEX J004514.7+141433,11.3114084614494,14.2426188962997,1,-999,23.6366,-999,1.274552,0.1038407,False,-99,0.00265609
6380943365958010110,0,8.75764130023498,GALEX J004540.5+141342,11.418743290115,14.2285321677763,1,-999,22.67463,-999,3.091362,0.106113,False,-99,0.001355631
3791153613469910464,0,8.75851269881952,GALEX J004557.4+140839,11.4895341170219,14.1442871111976,1,-999,24.01367,-999,0.9006013,0.102952,False,-99,0.002483744
6380943365958010035,0,8.75974624076521,GALEX J004458.1+141224,11.2422343176737,14.2067755544037,1,-999,22.46197,-999,3.760209,0.1005418,False,-99,0.002143538
3791153613469910786,0,8.76894177304922,GALEX J004456.2+141157,11.234496668429,14.1993447094806,1,-999,23.81393,-999,1.082496,0.09475646,False,-99,0.00295389
3791153613469909478,0,8.77178930140659,GALEX J004519.7+135718,11.3324563877703,13.9552140193498,1,-999,23.59262,-999,1.32725,0.08831742,False,-99,0.002395939
6380943365958009316,0,8.77277534293878,GALEX J004547.0+135929,11.4458613996279,13.9914624601701,1,-999,22.42503,-999,3.890328,0.0816393,False,-99,0.00297631
6380943375621688381,0,8.77364313370286,GALEX J004538.0+135804,11.4085584193695,13.9678694654461,1,-999,22.71208,-999,2.98654,0.08194251,False,-99,0.00333063
3791153613469909810,0,8.77428963003431,GALEX J004553.9+140131,11.474962574383,14.0253630241364,1,-999,23.34594,-999,1.665809,0.08138902,False,-99,0.004336146
6380943365958010044,0,8.77463447457812,GALEX J004459.1+141238,11.2464200455784,14.2108123307679,1,-999,22.19178,-999,4.822676,0.1005418,False,-99,0.002593371
3791153613469911127,0,8.78355510393964,GALEX J004530.4+141438,11.376874820682,14.2440987488897,1,-999,22.81784,-999,2.709339,0.1038499,False,-99,0.003198339
3791153613469910388,0,8.79209277072401,GALEX J004558.4+140752,11.4936622909495,14.1311469703264,1,-999,23.8186,-999,1.077854,0.09621945,False,-99,0.002650627
3791153613469911174,0,8.79382756968147,GALEX J004518.4+141446,11.326860640716,14.2462381631802,1,-999,21.68435,-999,7.695913,0.1038407,False,-99,0.005461735
3791153613469910179,0,8.79532462813518,GALEX J004446.7+140543,11.1947992925504,14.0953172489944,1,-999,23.61116,-999,1.304778,0.09774307,False,-99,0.002078671
3791153613469910570,0,8.79619817672337,GALEX J004555.6+140954,11.4816985131211,14.1651275078723,1,-999,23.88002,-999,1.018576,0.102952,False,-99,0.002772524
3791153613469910654,0,8.82172242730461,GALEX J004554.3+141031,11.4764200680097,14.1755460251765,1,-999,23.11345,-999,2.063578,0.102952,False,-99,0.003591688
6380943375621688721,0,8.84071525647672,GALEX J004558.9+140728,11.4957955705855,14.1244757618315,1,-999,22.89126,-999,2.532184,0.09621945,False,-99,0.002294765
3791153613469910909,0,8.84368240824127,GALEX J004546.0+141253,11.4420116218585,14.2149751445786,1,-999,22.48131,-999,3.69382,0.106113,False,-99,0.005197798
6380943365958010036,0,8.85424988674608,GALEX J004548.4+141224,11.4517888800396,14.2067665403903,1,-999,22.70949,-999,2.993661,0.1053142,False,-99,0.001552535
6380943375622738172,0,8.85425612020347,GALEX J004451.9+140122,11.2166430027458,14.0229081659785,2,22.33912,-999,4.210676,-999,0.1015873,False,0.002502385,-99
6380943375621688323,0,8.8624211847654,GALEX J004525.8+135712,11.357649477855,13.9535718477092,1,-999,22.43164,-999,3.86672,0.08663449,False,-99,0.002954967
3791153613469911144,0,8.86597665740914,GALEX J004531.4+141440,11.3809015155509,14.2446346572243,1,-999,22.52307,-999,3.554456,0.1038499,False,-99,0.004145654
6380943365958009817,0,8.87524983854159,GALEX J004448.0+140842,11.2002803343207,14.1450627853088,1,-999,22.69509,-999,3.033627,0.09279225,False,-99,0.002710935
3791153613469910950,0,8.87542104825981,GALEX J004548.5+141225,11.4521232662384,14.2069436078533,1,-999,21.56272,-999,8.608228,0.1053142,False,-99,0.007404853
3791153613469910337,0,8.87701417935042,GALEX J004446.7+140718,11.1948333224713,14.1218953429274,1,-999,23.66458,-999,1.24213,0.09774307,False,-99,0.002997641
3791153613469909632,0,8.88236759504485,GALEX J004459.0+135919,11.2460173917288,13.9888545895534,1,-999,23.95323,-999,0.952151,0.09864714,False,-99,0.002122026
3791153613469911239,0,8.88655278121605,GALEX J004525.3+141455,11.3557783972178,14.2486283456109,1,-999,20.02205,-999,35.57775,0.1029156,False,-99,0.01308962
3791153613469910068,0,8.89658251119589,GALEX J004446.7+140442,11.1947053070835,14.0784782023306,1,-999,23.71751,-999,1.18303,0.1014141,False,-99,0.002989402
6380943365958009879,0,8.89837584195151,GALEX J004556.3+140947,11.4845989039088,14.1631772076703,1,-999,22.58668,-999,3.352186,0.102952,False,-99,0.002045832
3791153613469910257,0,8.9121760830734,GALEX J004559.7+140607,11.498978372676,14.1021867475954,1,-999,23.60601,-999,1.310982,0.09621945,False,-99,0.003719971
6380943375621688442,0,8.91744566443884,GALEX J004547.3+135922,11.4474318257636,13.9895911491778,1,-999,23.00323,-999,2.284065,0.0816393,False,-99,0.00227267
3791153613469910815,0,8.92088818850556,GALEX J004550.8+141152,11.4619878894526,14.1978927170951,1,-999,24.25453,-999,0.7214162,0.1053142,False,-99,0.002190371
3791153613469910623,0,8.92735797991129,GALEX J004555.2+141020,11.4803478341535,14.1724115162402,1,-999,23.52827,-999,1.408292,0.102952,False,-99,0.002779064
3791153613469910144,0,8.95732888716667,GALEX J004446.1+140525,11.1922852030871,14.0904156558743,1,-999,23.54772,-999,1.383284,0.09774307,False,-99,0.001881868
6380943365958010021,0,8.95791719449061,GALEX J004455.8+141208,11.2328714152733,14.2022849457168,1,-999,22.86848,-999,2.585866,0.09475646,False,-99,0.002057223
3791153613469910298,0,8.97131346062901,GALEX J004559.9+140635,11.4997234768541,14.1098421905632,1,-999,20.05912,-999,34.38376,0.09621945,False,-99,0.001508292
3791153613469909933,0,8.97208334172409,GALEX J004558.4+140330,11.4937257606929,14.058609113641,1,-999,23.83218,-999,1.064457,0.08712573,False,-99,0.001711531
6380943365958009692,0,8.97260337190342,GALEX J004559.9+140634,11.4997653427148,14.1095186951416,1,-999,20.27299,-999,28.23591,0.09621945,False,-99,0.002673955
6380943375621688815,0,8.97781685375376,GALEX J004559.9+140635,11.4998338514107,14.1098678305718,1,-999,20.03758,-999,35.0727,0.09621945,False,-99,0.002291663
3791153613469909924,0,8.98090852826292,GALEX J004558.3+140319,11.4929036877197,14.0555039872958,1,-999,23.74022,-999,1.158543,0.08712573,False,-99,0.003006018
3791153613469911111,0,8.98160328660941,GALEX J004512.5+141439,11.3021767775878,14.2444177077427,1,-999,23.7337,-999,1.165525,0.1033636,False,-99,0.002247529
6380943365958009752,0,8.9901015475113,GALEX J004446.2+140719,11.1928856298286,14.1220010870211,1,-999,22.13917,-999,5.062125,0.09774307,False,-99,0.003047374
3791153613469909650,0,9.00273175453675,GALEX J004457.1+135935,11.2381567652049,13.9931186257639,1,-999,24.4323,-999,0.6124612,0.09864714,False,-99,0.00255381
3791153613469911171,0,9.01587241652688,GALEX J004529.2+141456,11.3718284817454,14.2489691077764,1,-999,22.36732,-999,4.102716,0.1038499,False,-99,0.003836276
3791153613469909543,0,9.01635465804318,GALEX J004505.4+135805,11.2727945217999,13.9683157376149,1,-999,23.59439,-999,1.325086,0.09466568,False,-99,0.001677596
3791153613469911211,0,9.02004123156484,GALEX J004520.3+141502,11.3347614680289,14.2507836041511,1,-999,22.32802,-999,4.253925,0.1038407,False,-99,0.005130638
3791153613469911274,0,9.02123345084832,GALEX J004537.6+141420,11.4069312632606,14.2390253733556,1,-999,20.71355,-999,18.81831,0.1044217,False,-99,0.009055502
6380943375621688325,0,9.02406164695888,GALEX J004525.5+135702,11.3565233355818,13.9507903217618,1,-999,22.72012,-999,2.964495,0.08663449,False,-99,0.002955575
3791153613469910590,0,9.02409270957152,GALEX J004449.7+141004,11.2070849489023,14.1680457448544,1,-999,23.86726,-999,1.030609,0.09279225,False,-99,0.002617662
3791153613469910932,0,9.02509526772501,GALEX J004546.0+141307,11.4420036755176,14.218860409752,1,-999,23.17529,-999,1.949313,0.106113,False,-99,0.003197575
3791153613469909463,0,9.03174007440419,GALEX J004524.3+135701,11.3514349405305,13.9504024679541,1,-999,23.97416,-999,0.9339737,0.08663449,False,-99,0.002839583
3791153613469911203,0,9.03221705153725,GALEX J004527.7+141500,11.3656550304213,14.2501385150103,1,-999,21.85032,-999,6.604997,0.1038499,False,-99,0.006916655
3791153613469911170,0,9.03649008825976,GALEX J004530.2+141454,11.3760384334996,14.2485668181724,1,-999,22.69491,-999,3.034151,0.1038499,False,-99,0.003968803
3791153613469911215,0,9.03969355865289,GALEX J004521.2+141504,11.3386389389354,14.2513333351998,1,-999,21.75358,-999,7.220535,0.1038407,False,-99,0.00601061
6380943365958009246,0,9.04159360369277,GALEX J004537.6+135744,11.407012076523,13.962321111583,1,-999,23.07142,-999,2.145014,0.08194251,False,-99,0.002236036
3791153613469911179,0,9.04832222403097,GALEX J004518.2+141501,11.3259357807471,14.250399678623,1,-999,22.48096,-999,3.695025,0.1038407,False,-99,0.004038577
6380943375621688968,0,9.05622758707296,GALEX J004550.8+141204,11.4619324030059,14.2013752249779,1,-999,22.4031,-999,3.969718,0.1053142,False,-99,0.001300171
6380943365958009949,0,9.05640115026644,GALEX J004553.8+141110,11.4741769906856,14.1862400790952,1,-999,20.78461,-999,17.62611,0.1053142,False,-99,0.001991002
3791153613469911237,0,9.06099941061904,GALEX J004516.5+141458,11.3187847171689,14.2495554875346,1,-999,21.41613,-999,9.852519,0.1038407,False,-99,0.007672719
3791153613469911035,0,9.06770753842303,GALEX J004542.8+141343,11.4286193902288,14.2288829418648,1,-999,22.4835,-999,3.686386,0.106113,False,-99,0.003550762
3791153613469911146,0,9.06889915459544,GALEX J004532.8+141447,11.3869372843792,14.2466331327897,1,-999,22.38344,-999,4.04224,0.1038499,False,-99,0.005341402
3791153613469910763,0,9.07714404254117,GALEX J004553.8+141111,11.4744357878327,14.1864854579194,1,-999,20.81019,-999,17.21565,0.1053142,False,-99,0.001620747
6380943365959061279,0,9.07838925022068,GALEX J004600.4+140611,11.5018217596636,14.1032329577179,2,21.86927,-999,6.490713,-999,0.09621945,False,0.001243569,-99
6380943375621688869,0,9.08274190322817,GALEX J004553.8+141111,11.4745002539426,14.1865592602989,1,-999,20.84289,-999,16.70493,0.1053142,False,-99,0.003695393
6380943375621688517,0,9.08855988135178,GALEX J004556.9+140954,11.4872426209267,14.1651808792552,1,-999,22.42397,-999,3.894145,0.102952,False,-99,0.002797704
6380943375621688636,0,9.10670390441641,GALEX J004557.7+140234,11.4904665038382,14.0429146432386,1,-999,22.85147,-999,2.626694,0.08712573,False,-99,0.0009545684
3791153613469909562,0,9.12080320197389,GALEX J004502.2+135827,11.2591845568819,13.97417715205,1,-999,23.64471,-999,1.265073,0.09864714,False,-99,0.002932853
3791153613469911138,0,9.12766235325909,GALEX J004512.7+141449,11.3029591356622,14.2471715089116,1,-999,23.70163,-999,1.200463,0.1033636,False,-99,0.001564351
3791153613469910975,0,9.13115753453282,GALEX J004545.4+141322,11.4395240768892,14.2229319005517,1,-999,22.88919,-999,2.537021,0.106113,False,-99,0.004581182
3791153613469911176,0,9.13348283759055,GALEX J004527.1+141507,11.3629144538739,14.2521545126524,1,-999,23.22673,-999,1.859122,0.1029156,False,-99,0.002382475
3791153613469910624,0,9.13603754234078,GALEX J004449.7+141020,11.2072483030332,14.1724235676002,1,-999,23.64466,-999,1.265135,0.09279225,False,-99,0.00254644
3791153613469909461,0,9.14206823467458,GALEX J004525.1+135655,11.3549331908744,13.9487215206941,1,-999,23.72832,-999,1.171313,0.08663449,False,-99,0.003440711
6380943365958009673,0,9.14306009023491,GALEX J004445.2+140559,11.1887193049247,14.0997257699268,1,-999,22.8269,-999,2.686819,0.09774307,False,-99,0.002629957
3791153613469910980,0,9.15189980518424,GALEX J004543.9+141339,11.4331023511413,14.2277430115018,1,-999,22.8821,-999,2.553643,0.106113,False,-99,0.003492776
3791153613469910437,0,9.15271818924475,GALEX J004446.3+140815,11.1931651934267,14.1375684262803,1,-999,22.84875,-999,2.633291,0.09279225,False,-99,0.004048852
3791153613469910681,0,9.16519019038217,GALEX J004450.8+141051,11.2117723735758,14.1810449131482,1,-999,23.62312,-999,1.290484,0.09475646,False,-99,0.002052774
3791153613469910578,0,9.17071265242932,GALEX J004557.2+140957,11.4884141367321,14.1659830960657,1,-999,24.05444,-999,0.8674068,0.1030034,False,-99,0.002195631
6380943375622738175,0,9.17689484671248,GALEX J004557.0+140202,11.4877237195852,14.0341269208933,2,22.41845,-999,3.914017,-999,0.08236219,False,0.00220463,-99
6380943375621688836,0,9.17837094105851,GALEX J004558.5+140910,11.4941275592478,14.1529825478432,1,-999,22.27114,-999,4.482738,0.102952,False,-99,0.003128425
3791153613469909486,0,9.18924704330751,GALEX J004513.1+135710,11.3048406750977,13.9529330139097,1,-999,22.22411,-999,4.68119,0.08831742,False,-99,0.005749565
6380943375621688784,0,9.19872763560402,GALEX J004451.0+140106,11.212513243581,14.0184966366425,1,-999,21.89252,-999,6.35318,0.1015873,False,-99,0.003939875
3791153613469911069,0,9.20113296395791,GALEX J004541.5+141404,11.4232598700234,14.2345538483692,1,-999,22.64657,-999,3.172286,0.106113,False,-99,0.003832479
6380943365958010169,0,9.20207625545809,GALEX J004535.1+141446,11.3964089228885,14.2461509030316,1,-999,22.63775,-999,3.198159,0.1044217,False,-99,0.003217457
3791153613469911036,0,9.20785203567304,GALEX J004542.4+141357,11.4267616875253,14.232720315416,1,-999,23.44559,-999,1.519721,0.106113,False,-99,0.003685784
6380943365958010196,0,9.20807453102246,GALEX J004522.6+141515,11.3443225737066,14.2542942520512,1,-999,22.28546,-999,4.424009,0.1038407,False,-99,0.002656406
3791153613469909949,0,9.20953804050584,GALEX J004446.3+140337,11.1932098594188,14.0602786236709,1,-999,23.1846,-999,1.932674,0.1014141,False,-99,0.00393418
6380943365958010144,0,9.20990160983333,GALEX J004540.4+141413,11.4185022454558,14.2372056033799,1,-999,22.82731,-999,2.685806,0.106113,False,-99,0.002076289
3791153613469910940,0,9.21140345366997,GALEX J004459.4+141316,11.2477914636768,14.2213843581866,1,-999,23.04859,-999,2.190601,0.1022565,False,-99,0.001874245
3791153613469911137,0,9.22240214898156,GALEX J004511.3+141449,11.2971622734412,14.2471170200463,1,-999,23.62799,-999,1.284702,0.1033636,False,-99,0.001559369
6380943365958009365,0,9.22319301237576,GALEX J004552.5+140014,11.4689601504906,14.0040687207439,1,-999,22.77397,-999,2.82105,0.08138902,False,-99,0.002399858
6380943365958009935,0,9.22770042282665,GALEX J004450.4+141049,11.2101241136748,14.1804267505909,1,-999,22.68429,-999,3.063971,0.09475646,False,-99,0.002336479
6380943375623785696,0,9.22965529478634,GALEX J004600.5+140428,11.5021288898731,14.0747192958524,3,20.89328,20.59501,15.94744,20.9893,0.09042072,False,0.002548246,0.006634432
6380943365960106715,0,9.23243348570937,GALEX J004600.5+140427,11.5020872290149,14.0742177423583,3,20.94418,20.60567,15.21706,20.78416,0.09042072,False,0.002346581,0.005468018
3791153613469910094,0,9.23462180083352,GALEX J004600.5+140427,11.5021574895983,14.0743952497932,1,-999,20.67573,-999,19.48539,0.09042072,False,-99,0.00522235
3791153613469911092,0,9.23829780886272,GALEX J004507.8+141431,11.282706088561,14.2421170074007,1,-999,23.43118,-999,1.540032,0.1033636,False,-99,0.002953816
3791153613469909607,0,9.24384789994371,GALEX J004458.2+135900,11.2428199732199,13.9835782733408,1,-999,23.89064,-999,1.008656,0.09864714,False,-99,0.002535061
3791153613469909826,0,9.24413349974949,GALEX J004556.6+140142,11.4859813696516,14.0283370448058,1,-999,22.64427,-999,3.179021,0.08236219,False,-99,0.005422415
3791153613469909772,0,9.26338878891016,GALEX J004450.5+140109,11.2106533529479,14.0193404389009,1,-999,22.25354,-999,4.556014,0.1005261,False,-99,0.004086367
3791153613469910832,0,9.27671606713288,GALEX J004455.1+141224,11.2296959103129,14.206774039317,1,-999,23.87337,-999,1.024832,0.09653225,False,-99,0.00406937
6380943365959061269,0,9.27874499113707,GALEX J004601.1+140519,11.5047804303269,14.0886097863159,2,21.48127,-999,9.278859,-999,0.09042072,False,0.002543618,-99
3791153613469910517,0,9.28621805918413,GALEX J004559.0+140912,11.4958774947979,14.1535758829598,1,-999,23.15195,-999,1.991675,0.1030034,False,-99,0.00214155
3791153613469911189,0,9.28830467173443,GALEX J004539.7+141424,11.4154690674227,14.2401390857571,1,-999,21.33347,-999,10.63188,0.1044217,False,-99,0.006844507
6380943365958009436,0,9.2891079174289,GALEX J004556.8+140141,11.4867874484194,14.0282108397262,1,-999,22.06706,-999,5.409718,0.08236219,False,-99,0.003449488
6380943365958009625,0,9.30051182146388,GALEX J004601.1+140506,11.5048304346225,14.085135119854,1,-999,23.06072,-999,2.166256,0.09042072,False,-99,0.002504806
3791153613469910116,0,9.3065526802245,GALEX J004601.1+140502,11.5048229699568,14.0841066283909,1,-999,23.58355,-999,1.338381,0.09042072,False,-99,0.003286028
6380943365958009756,0,9.30903702969415,GALEX J004601.0+140722,11.5041754982531,14.122967697917,1,-999,22.56831,-999,3.409371,0.09621945,False,-99,0.002594614
3791153613469910704,0,9.30938018952383,GALEX J004555.7+141055,11.4820782254777,14.1821896387204,1,-999,23.68151,-999,1.222916,0.1030034,False,-99,0.002993458
3791153613469909264,0,9.30992571108566,GALEX J004535.9+135717,11.3996675170678,13.9547221811613,1,-999,19.91777,-999,39.16431,0.08194251,False,-99,0.02199149
6380943365958009899,0,9.32431335350886,GALEX J004448.3+141006,11.201598224022,14.168565510938,1,-999,22.79732,-999,2.761044,0.09279225,False,-99,0.002608925
3791153613469910049,0,9.32909033010837,GALEX J004445.0+140429,11.1877708175834,14.0749099380454,1,-999,22.60962,-999,3.282088,0.09774307,False,-99,0.002878895
6380943365958009562,0,9.33066323848752,GALEX J004445.0+140428,11.1878030973897,14.074570447374,1,-999,22.62847,-999,3.225596,0.09774307,False,-99,0.003776258
3791153613469911254,0,9.33594576219431,GALEX J004517.9+141518,11.3247906506306,14.2550891241993,1,-999,21.32101,-999,10.75461,0.1038407,False,-99,0.002004348
3791153613469911287,0,9.34101712095175,GALEX J004533.3+141502,11.3888602318202,14.2508236972948,1,-999,21.6465,-999,7.968933,0.1038499,False,-99,0.007544952
3791153613469911223,0,9.34237381660989,GALEX J004528.0+141518,11.3667240751693,14.2552165897575,1,-999,22.26387,-999,4.512876,0.1029156,False,-99,0.005175847
6380943365958009602,0,9.34276582467547,GALEX J004601.2+140451,11.5050766180333,14.081056385656,1,-999,22.63476,-999,3.206988,0.09042072,False,-99,0.002510699
6380943365958010202,0,9.34473434330776,GALEX J004517.9+141518,11.32469794585,14.2552249729114,1,-999,22.15218,-999,5.0018,0.1038407,False,-99,0.002245693
3791153613469910999,0,9.35184067605582,GALEX J004544.4+141349,11.4350489075275,14.2304900825239,1,-999,23.21416,-999,1.880774,0.106113,False,-99,0.002481687
3791153613469911251,0,9.36079331842283,GALEX J004529.1+141517,11.3712912652703,14.2548817049122,1,-999,21.77851,-999,7.056581,0.1038499,False,-99,0.007546287
6380943365958010120,0,9.36633932711755,GALEX J004544.7+141347,11.4363727673446,14.2299167200893,1,-999,22.75481,-999,2.871284,0.106113,False,-99,0.002415169
3791153613469909591,0,9.37045429662666,GALEX J004458.4+135849,11.2434389575476,13.9803223216313,1,-999,23.9366,-999,0.9668508,0.09864714,False,-99,0.002540342
6380943365958010175,0,9.39242717287701,GALEX J004513.9+141510,11.3080540647246,14.2530281271033,1,-999,20.99007,-999,14.58721,0.1038407,False,-99,0.004736716
3791153613469911278,0,9.39759426706174,GALEX J004521.7+141526,11.3404377665038,14.2573725215774,1,-999,22.51127,-999,3.593277,0.1038407,False,-99,0.005547901
3791153613469909670,0,9.39825013425536,GALEX J004552.0+135949,11.4667261811027,13.9969995058337,1,-999,23.66292,-999,1.244027,0.08138902,False,-99,0.002818158
6380943365958009903,0,9.40141957027726,GALEX J004448.2+141012,11.2009218715688,14.1701511396619,1,-999,23.27808,-999,1.773244,0.09279225,False,-99,0.001289178
3791153613469909857,0,9.40175930323745,GALEX J004558.8+140226,11.4949880838945,14.0406547443352,1,-999,24.01118,-999,0.9026684,0.08712573,False,-99,0.002470464
3791153613469910172,0,9.40500906046097,GALEX J004444.2+140545,11.1842931023659,14.0959622339074,1,-999,23.54579,-999,1.385742,0.09774307,False,-99,0.003091405
3791153613469911220,0,9.40741522959559,GALEX J004513.9+141511,11.3081821541708,14.2533148388473,1,-999,20.94485,-999,15.2075,0.1038407,False,-99,0.001914142
3791153613469910254,0,9.42096383890233,GALEX J004601.7+140636,11.5074505952526,14.110067269038,1,-999,23.80967,-999,1.086752,0.09621945,False,-99,0.002669838
3791153613469909777,0,9.42191248107803,GALEX J004556.7+140122,11.4864554796626,14.0230399332355,1,-999,24.23116,-999,0.7371163,0.08236219,False,-99,0.002168698
6380943365958009267,0,9.42285770684647,GALEX J004500.7+135820,11.2529208102456,13.972229082752,1,-999,22.60251,-999,3.30367,0.09864714,False,-99,0.002282056
3791153613469911010,0,9.42399362095737,GALEX J004501.8+141357,11.2576255737536,14.2325730572862,1,-999,24.46541,-999,0.5940655,0.1022565,False,-99,0.002167952
6380943365958010022,0,9.42804247915002,GALEX J004551.7+141223,11.4657479365651,14.2065280654206,1,-999,22.70719,-999,3.00001,0.1067854,False,-99,0.002162068
3791153613469909559,0,9.42957930831866,GALEX J004500.8+135818,11.2533718074681,13.9717871304085,1,-999,23.9775,-999,0.9311072,0.09864714,False,-99,0.003038183
3791153613469909689,0,9.43705226809336,GALEX J004552.8+135959,11.470132532703,13.9998448934043,1,-999,23.99513,-999,0.9161065,0.08138902,False,-99,0.002683924
3791153613469911084,0,9.4401529351294,GALEX J004542.1+141416,11.4254815596608,14.2379131537739,1,-999,22.71951,-999,2.966175,0.106113,False,-99,0.004048067
3791153613469911210,0,9.44279828737474,GALEX J004516.6+141522,11.3194775107079,14.2561250018692,1,-999,23.88365,-999,1.015169,0.1038407,False,-99,0.001470546
3791153613469911166,0,9.44889992302038,GALEX J004506.8+141438,11.2783573109638,14.2440827829957,1,-999,22.54919,-999,3.469963,0.1051694,False,-99,0.006256175
3791153613469910325,0,9.45425615709578,GALEX J004601.7+140700,11.5074682494516,14.1168076852823,1,-999,23.29815,-999,1.740759,0.09621945,False,-99,0.00437593
6380943365958009615,0,9.46067262116838,GALEX J004444.1+140513,11.1838833960159,14.0870566902681,1,-999,22.35209,-999,4.160656,0.09774307,False,-99,0.003349809
3791153613469909576,0,9.47471766831452,GALEX J004542.9+135754,11.4290210663865,13.9651024356251,1,-999,20.15107,-999,31.59165,0.0816393,False,-99,0.001534414
6380943375621688360,0,9.48286597840623,GALEX J004542.9+135753,11.4288991617551,13.9648743154697,1,-999,20.17414,-999,30.92727,0.0816393,False,-99,0.00121145
6380943365958009234,0,9.48473649026698,GALEX J004542.9+135753,11.429031795056,13.9649144038501,1,-999,20.15236,-999,31.55424,0.0816393,False,-99,0.002010676
3791153613469910591,0,9.48677502506958,GALEX J004558.4+141005,11.4933803739352,14.1681221575974,1,-999,23.98009,-999,0.9288885,0.1030034,False,-99,0.002551632
6380943375621688302,0,9.4867886655545,GALEX J004526.1+135635,11.3591182607661,13.943246409981,1,-999,22.84838,-999,2.634198,0.08340827,False,-99,0.001741247
6380943375621688298,0,9.4954865439958,GALEX J004520.0+135634,11.3333140730246,13.9430420204146,1,-999,22.98254,-999,2.328008,0.08831742,False,-99,0.002489172
3791153613469910122,0,9.49792023307463,GALEX J004602.0+140512,11.5083906799755,14.0866738880832,1,-999,24.02537,-999,0.8909487,0.09042072,False,-99,0.002318501
3791153613469909418,0,9.50329609770795,GALEX J004526.0+135634,11.3585617449531,13.9429272149366,1,-999,24.15943,-999,0.7874621,0.08340827,False,-99,0.002101789
3791153613469911293,0,9.5068393636873,GALEX J004526.3+141531,11.3598807988959,14.258694235253,1,-999,21.98268,-999,5.846931,0.1029156,False,-99,0.004676249
3791153613469911327,0,9.50772076824566,GALEX J004531.6+141519,11.3817977107904,14.2554113804874,1,-999,20.71326,-999,18.8232,0.1038499,False,-99,0.01135029
3791153613469909890,0,9.51367993149741,GALEX J004559.9+140249,11.4996156030036,14.0470638073278,1,-999,24.20186,-999,0.757279,0.08712573,False,-99,0.002559696
6380943375621688322,0,9.52883798098554,GALEX J004535.9+135703,11.3999755643614,13.950957779161,1,-999,22.49231,-999,3.656597,0.08194251,False,-99,0.003123837
6380943365960107369,0,9.53783997815218,GALEX J004524.0+141535,11.3502664700617,14.2597392170958,3,21.9111,21.25626,6.245413,11.41556,0.1029156,False,0.002002464,0.00467039
6380943375621688368,0,9.53801726160163,GALEX J004504.1+135741,11.267090366817,13.9614256093152,1,-999,22.42989,-999,3.872957,0.09466568,False,-99,0.00258026
6380943375621688420,0,9.54844327747789,GALEX J004457.2+135849,11.2387229195943,13.9802995124434,1,-999,22.2324,-999,4.645572,0.09864714,False,-99,0.003046734
3791153613469911288,0,9.54887126733203,GALEX J004519.9+141534,11.3329917472742,14.2594934404245,1,-999,22.1543,-999,4.992035,0.1038407,False,-99,0.005170676
3791153613469909544,0,9.56516415527021,GALEX J004545.5+135812,11.4399749069538,13.970168908457,1,-999,23.68941,-999,1.214052,0.0816393,False,-99,0.00355327
6380943365959061346,0,9.56828853335536,GALEX J004505.2+141435,11.2719242182109,14.2432975222431,2,21.71107,-999,7.508831,-999,0.1051694,False,0.003218983,-99
6380943365958010063,0,9.5690267547384,GALEX J004550.3+141257,11.4596748357806,14.2159445541418,1,-999,21.60641,-999,8.268642,0.1067854,False,-99,0.002125723
3791153613469911255,0,9.57307948148679,GALEX J004527.7+141533,11.3655068834199,14.2592404156832,1,-999,22.38033,-999,4.053843,0.1029156,False,-99,0.004313028
3791153613469911253,0,9.57554489711798,GALEX J004517.1+141531,11.32153341075,14.2586772019262,1,-999,22.78913,-999,2.781942,0.1038407,False,-99,0.003481884
6380943365958010091,0,9.5765020838612,GALEX J004548.3+141323,11.4515477224346,14.2231782524263,1,-999,22.81342,-999,2.720397,0.106113,False,-99,0.002220745
3791153613469910428,0,9.57680127390086,GALEX J004601.4+140812,11.5062160566028,14.1366715898536,1,-999,23.69441,-999,1.208474,0.09928866,False,-99,0.003203586
3791153613469909610,0,9.57789173401918,GALEX J004457.2+135847,11.238349433915,13.9799639348617,1,-999,22.2508,-999,4.567519,0.09864714,False,-99,0.001653913
3791153613469909996,0,9.58122844610474,GALEX J004601.6+140402,11.506812558097,14.0673632481905,1,-999,22.87347,-999,2.574024,0.09042072,False,-99,0.003434931
3791153613469910969,0,9.58261429831438,GALEX J004550.3+141258,11.4596103552875,14.2163179487111,1,-999,22.04756,-999,5.507745,0.1067854,False,-99,0.004713304
3791153613469911173,0,9.58356469468889,GALEX J004541.6+141429,11.4237172461454,14.2415816593615,1,-999,21.17601,-999,12.29126,0.106113,False,-99,0.007773127
3791153613469909694,0,9.58980811880962,GALEX J004453.1+135946,11.22131848101,13.9961658257898,1,-999,23.56262,-999,1.364432,0.09800683,False,-99,0.003594616
3791153613469911256,0,9.59451043186759,GALEX J004537.8+141456,11.4078388823068,14.24901093662,1,-999,21.76021,-999,7.17656,0.1044217,False,-99,0.005742786
3791153613469911830,0,9.60305281299868,GALEX J004535.1+141511,11.3963794963887,14.2531968067787,1,-999,18.61171,-999,130.4116,0.1044217,False,-99,0.03075317
6380943365958009603,0,9.60428905307652,GALEX J004602.3+140451,11.5095939463485,14.0809611198632,1,-999,22.12692,-999,5.11956,0.09042072,False,-99,0.003234626
3791153613469909983,0,9.60906514470008,GALEX J004444.3+140356,11.1847257159598,14.0657682687175,1,-999,23.28961,-999,1.754503,0.1014141,False,-99,0.002385664
6380943365958009552,0,9.61417963575233,GALEX J004601.7+140400,11.5072641488864,14.0667906060486,1,-999,22.49421,-999,3.650202,0.09042072,False,-99,0.002542861
6380943375622738171,0,9.61591037738702,GALEX J004601.0+140317,11.504151199631,14.0549709954533,2,22.06365,-999,5.426758,-999,0.08712573,False,0.002855621,-99
3791153613469911114,0,9.62052074706033,GALEX J004505.3+141439,11.2721134033054,14.2443628898949,1,-999,22.86543,-999,2.593138,0.1051694,False,-99,0.002976351
3791153613469911505,0,9.62311712255275,GALEX J004524.5+141539,11.3522902419716,14.261096399473,1,-999,19.8217,-999,42.78783,0.1029156,False,-99,0.01370409
6380943375621688287,0,9.62359356512714,GALEX J004521.2+135626,11.3383304757048,13.9406053759913,1,-999,22.56398,-999,3.423017,0.08831742,False,-99,0.002674192
6380943365959061352,0,9.62380388618204,GALEX J004516.2+141532,11.3177973441193,14.2589100969305,2,21.98616,-999,5.82823,-999,0.1038407,False,0.001474686,-99
6380943365958009201,0,9.62795672472785,GALEX J004515.1+135636,11.3130071563251,13.9435596101846,1,-999,22.67362,-999,3.094233,0.08831742,False,-99,0.002608399
3791153613469911279,0,9.62895192135326,GALEX J004522.1+141540,11.3421965460546,14.2612771262669,1,-999,22.60704,-999,3.28991,0.1029156,False,-99,0.004551223
3791153613469911055,0,9.63051187321088,GALEX J004500.2+141356,11.2509951453303,14.2323911472639,1,-999,22.26195,-999,4.520838,0.1022565,False,-99,0.005712221
3791153613469909525,0,9.63185986958577,GALEX J004501.1+135800,11.2548957230801,13.966718311925,1,-999,23.76952,-999,1.127697,0.09466568,False,-99,0.00316132
3791153613469910096,0,9.63324179703257,GALEX J004443.5+140455,11.1814290385919,14.0820974144373,1,-999,22.9381,-999,2.425271,0.09774307,False,-99,0.003386731
6380943365958010211,0,9.63705641725065,GALEX J004532.4+141524,11.3851747770275,14.2568561933173,1,-999,22.81987,-999,2.704272,0.1038499,False,-99,0.002644926
3791153613469910546,0,9.64937622347345,GALEX J004600.0+140933,11.5003279420366,14.1592963100535,1,-999,23.69688,-999,1.205727,0.1030034,False,-99,0.002883258
3791153613469910014,0,9.65547730262695,GALEX J004443.8+140414,11.1828532701432,14.0707076425764,1,-999,24.28608,-999,0.7007554,0.1014141,False,-99,0.002092627
3791153613469909488,0,9.6599918511079,GALEX J004540.3+135721,11.4181457384474,13.9559225644514,1,-999,23.64491,-999,1.264837,0.08194251,False,-99,0.002747709
6380943375621688495,0,9.66134443913228,GALEX J004449.9+140040,11.2079591958798,14.0111660480282,1,-999,21.70401,-999,7.557805,0.1005261,False,-99,0.003037466
3791153613469911259,0,9.66587094481693,GALEX J004523.1+141542,11.346380711637,14.2619303082871,1,-999,23.48479,-999,1.465824,0.1029156,False,-99,0.002912147
3791153613469909971,0,9.66667138430517,GALEX J004601.8+140349,11.507491873006,14.0638130240465,1,-999,23.78827,-999,1.108388,0.09042072,False,-99,0.002786084
3791153613469909948,0,9.66873649764038,GALEX J004444.8+140316,11.1866854782793,14.0545905748191,1,-999,23.19851,-999,1.908077,0.1017905,False,-99,0.003440787
3791153613469911276,0,9.67325949046167,GALEX J004526.2+141541,11.3594589487402,14.261512186676,1,-999,23.01306,-999,2.263479,0.1029156,False,-99,0.00342846
6380943365958009588,0,9.67359104125236,GALEX J004602.4+140440,11.5103606280751,14.0778356716018,1,-999,22.24776,-999,4.580332,0.09042072,False,-99,0.003296241
6380943375622738128,0,9.68889140467353,GALEX J004449.6+140042,11.2070065841956,14.0117250137274,2,22.37412,-999,4.077108,-999,0.1005261,False,0.002418886,-99
3791153613469910065,0,9.69853178965065,GALEX J004602.6+140442,11.5108679369093,14.0783416221102,1,-999,23.22485,-999,1.862339,0.09042072,False,-99,0.003810809
3791153613469911277,0,9.70214517487251,GALEX J004515.3+141534,11.3141431144954,14.2595899742916,1,-999,23.07599,-999,2.136012,0.1038407,False,-99,0.004055134
6380943375621688963,0,9.70961710322489,GALEX J004558.0+141045,11.4917257082202,14.1794058288094,1,-999,22.67536,-999,3.089262,0.1030034,False,-99,0.001268114
6380943375621688536,0,9.72499241203523,GALEX J004602.7+140442,11.5113418175356,14.078443611608,1,-999,22.05122,-999,5.48922,0.09042072,False,-99,0.001731877
6380943365958009194,0,9.73353776025182,GALEX J004529.0+135625,11.3708254325662,13.940430055095,1,-999,22.85665,-999,2.614197,0.08340827,False,-99,0.001061182
6380943365959061194,0,9.73978004117227,GALEX J004545.5+135758,11.4395846138896,13.9663772056169,2,21.66196,-999,7.856326,-999,0.0816393,False,0.002355858,-99
3791153613469909462,0,9.74652177513452,GALEX J004508.3+135658,11.284652312966,13.9496243949943,1,-999,23.08137,-999,2.125462,0.09466568,False,-99,0.003963395
3791153613469911318,0,9.74679187843815,GALEX J004521.0+141547,11.3376935782666,14.2630880621819,1,-999,22.39784,-999,3.989012,0.1038407,False,-99,0.005478115
3791153613469909730,0,9.76323655304021,GALEX J004556.9+140047,11.487194468695,14.0132324528515,1,-999,23.47423,-999,1.480152,0.08236219,False,-99,0.003339892
6380943365959061186,0,9.76459166399462,GALEX J004508.3+135657,11.2845691507272,13.9493325473506,2,22.40656,-999,3.957116,-999,0.09466568,False,0.002147066,-99
6380943375621688320,0,9.77156613886803,GALEX J004508.3+135656,11.2847324861586,13.9491456725417,1,-999,22.93754,-999,2.426514,0.09466568,False,-99,0.001547123
3791153613469911224,0,9.77383143343719,GALEX J004511.8+141526,11.2991463846873,14.2573153129304,1,-999,23.45226,-999,1.510418,0.1054166,False,-99,0.003198022
3791153613469909744,0,9.7744337792743,GALEX J004448.4+140102,11.2016920453494,14.0172384106929,1,-999,24.03791,-999,0.8807132,0.1005261,False,-99,0.001978211
3791153613469911268,0,9.78079614850411,GALEX J004532.6+141532,11.3862048185516,14.2590776919588,1,-999,22.2294,-999,4.658438,0.1038499,False,-99,0.007331636
6380943365958009215,0,9.78450819664695,GALEX J004508.2+135656,11.2844496802259,13.9490214628869,1,-999,22.54846,-999,3.472297,0.09466568,False,-99,0.002665567
3791153613469910274,0,9.78539106245327,GALEX J004603.2+140647,11.5135065513296,14.1132495115116,1,-999,23.35542,-999,1.651325,0.09621945,False,-99,0.00277588
3791153613469909443,0,9.78579396614948,GALEX J004510.6+135643,11.2945073774821,13.9455245525958,1,-999,22.35926,-999,4.133299,0.09078226,False,-99,0.002591817
3791153613469910930,0,9.78930447358093,GALEX J004550.4+141314,11.4600145804603,14.2206770527213,1,-999,24.07126,-999,0.8540737,0.1057486,False,-99,0.001337858
3791153613469911234,0,9.78986311301654,GALEX J004510.3+141520,11.2932546465781,14.2558299789336,1,-999,23.52933,-999,1.40691,0.1051694,False,-99,0.003350469
3791153613469909617,0,9.79251419376743,GALEX J004456.1+135844,11.2339953052347,13.978909501882,1,-999,23.86962,-999,1.028374,0.09800683,False,-99,0.004356306
3791153613469909588,0,9.795407098638,GALEX J004548.8+135831,11.4536749665411,13.9755047402896,1,-999,22.42512,-999,3.890025,0.0816393,False,-99,0.006101087
3791153613469909452,0,9.80364466957941,GALEX J004535.6+135644,11.3986360529518,13.9456778965148,1,-999,22.75864,-999,2.861163,0.08194251,False,-99,0.004592975
6380943375621688308,0,9.81245383854788,GALEX J004510.5+135642,11.2940899689958,13.9451880538785,1,-999,23.09081,-999,2.107061,0.09078226,False,-99,0.002397044
3791153613469911284,0,9.812659250788,GALEX J004522.2+141551,11.3427054285755,14.2643495356918,1,-999,22.97785,-999,2.338087,0.1029156,False,-99,0.002622163
3791153613469911257,0,9.81960978838526,GALEX J004516.0+141543,11.3166753572422,14.2620334938337,1,-999,23.46068,-999,1.498742,0.1038407,False,-99,0.003150917
3791153613469911296,0,9.82446431649869,GALEX J004519.2+141549,11.3303628597577,14.2638859948547,1,-999,22.62015,-999,3.250414,0.1038407,False,-99,0.004230095
6380943375621688773,0,9.82585731788528,GALEX J004603.5+140544,11.5146007235857,14.0957061379479,1,-999,20.22515,-999,29.50796,0.09042072,False,-99,0.001986617
3791153613469910219,0,9.82670032386981,GALEX J004603.5+140544,11.5146142353781,14.0956761681802,1,-999,20.35299,-999,26.23035,0.09042072,False,-99,0.001489936
6380943365958010212,0,9.82930896141073,GALEX J004510.1+141522,11.2920768731015,14.2561433777594,1,-999,22.2054,-999,4.762555,0.1051694,False,-99,0.002612287
6380943365958009651,0,9.83058190030166,GALEX J004603.5+140543,11.5146752051813,14.0955034714841,1,-999,20.44811,-999,24.03014,0.09042072,False,-99,0.002877569
6380943365958009205,0,9.83371165860845,GALEX J004510.5+135641,11.2941432784976,13.9447992068885,1,-999,22.71073,-999,2.990252,0.09078226,False,-99,0.002566913
6380943365958010239,0,9.83751807191304,GALEX J004517.4+141547,11.322830435894,14.2632681298584,1,-999,22.66435,-999,3.120745,0.1038407,False,-99,0.0007401149
3791153613469910266,0,9.85130254572572,GALEX J004603.6+140604,11.5151221692338,14.1012916492068,1,-999,21.6568,-999,7.893708,0.09042072,False,-99,0.006687581
3791153613469909879,0,9.86489256090901,GALEX J004601.2+140241,11.5052515143445,14.0449700218598,1,-999,23.78589,-999,1.11082,0.08236219,False,-99,0.00264981
3791153613469911315,0,9.86685740025901,GALEX J004529.5+141547,11.3732292623937,14.2631217689328,1,-999,21.4884,-999,9.21806,0.1029156,False,-99,0.007965763
6380943365958010173,0,9.87724546847497,GALEX J004541.7+141449,11.4237920297996,14.2470757614759,1,-999,22.07603,-999,5.365219,0.1044217,False,-99,0.002282179
3791153613469910425,0,9.89088838543973,GALEX J004602.7+140817,11.5113709485817,14.138289122065,1,-999,23.56482,-999,1.361672,0.09928866,False,-99,0.002761476
3791153613469909487,0,9.89089198570729,GALEX J004502.8+135726,11.2619056006855,13.9574980466367,1,-999,24.0719,-999,0.8535746,0.09466568,False,-99,0.001141634
3791153613469909397,0,9.89210280340687,GALEX J004528.1+135614,11.3672559988958,13.9372803337795,1,-999,23.4783,-999,1.474624,0.08340827,False,-99,0.002167732
3791153613469909468,0,9.89989259543973,GALEX J004541.0+135710,11.4209020241137,13.9527787604724,1,-999,24.09558,-999,0.8351548,0.08194251,False,-99,0.002430357
3791153613469910313,0,9.90065433227444,GALEX J004603.6+140658,11.5152259291112,14.1163158767477,1,-999,23.75509,-999,1.14278,0.09621945,False,-99,0.003583875
3791153613469911290,0,9.90402207557225,GALEX J004527.2+141554,11.3633444877266,14.2650249728866,1,-999,23.08019,-999,2.127766,0.1029156,False,-99,0.002926976
6380943365958009277,0,9.90830905395977,GALEX J004456.1+135835,11.23376001818,13.9765377284762,1,-999,22.59273,-999,3.333552,0.09800683,False,-99,0.003111765
3791153613469910879,0,9.91203797760478,GALEX J004554.5+141221,11.4773020105473,14.2059077806416,1,-999,22.84824,-999,2.634544,0.1067854,False,-99,0.004967894
6380943365958009745,0,9.91610796564987,GALEX J004603.5+140716,11.514925091744,14.121355247611,1,-999,22.51421,-999,3.583578,0.09928866,False,-99,0.002611745
3791153613469910977,0,9.92066116145771,GALEX J004549.4+141337,11.4560728247181,14.2269827627478,1,-999,23.92276,-999,0.9792554,0.1057486,False,-99,0.002561247
6380943365960106358,0,9.92503193222657,GALEX J004541.3+135710,11.4223422800018,13.9530053359237,3,22.00264,22.47076,5.74044,3.729889,0.08194251,False,0.001691104,0.003562958
3791153613469911148,0,9.92851914735268,GALEX J004542.0+141450,11.424982710636,14.2474385702822,1,-999,24.01201,-999,0.901977,0.1044217,False,-99,0.003126731
6380943375621688973,0,9.93018979624304,GALEX J004554.6+141221,11.4776625243671,14.2059591815273,1,-999,22.43044,-999,3.870988,0.1067854,False,-99,0.003100971
3791153613469910709,0,9.93247003219224,GALEX J004558.3+141103,11.4932546567748,14.1843096563384,1,-999,23.38403,-999,1.608379,0.1030034,False,-99,0.00157843
3791153613469909814,0,9.94647651899414,GALEX J004445.8+140151,11.190913376849,14.0308429943706,1,-999,23.6787,-999,1.226078,0.1017905,False,-99,0.002681353
3791153613469911589,0,9.94795455157134,GALEX J004539.1+141512,11.4129216506156,14.2533408264624,1,-999,19.5135,-999,56.83261,0.1044217,False,-99,0.02225173
3791153613469909509,0,9.96151912869999,GALEX J004544.1+135730,11.4339959081983,13.9585358741097,1,-999,23.00348,-999,2.283545,0.0816393,False,-99,0.004961318
3791153613469909404,0,9.96528579834103,GALEX J004530.0+135614,11.3753634875704,13.9372350472969,1,-999,23.00043,-999,2.289949,0.08340827,False,-99,0.004380923
3791153613469910117,0,9.9695705245702,GALEX J004442.0+140506,11.1752936969114,14.0850348191644,1,-999,23.47833,-999,1.474574,0.09774307,False,-99,0.00242153
3791153613469910597,0,9.97492338521737,GALEX J004600.6+141006,11.5025016326214,14.1683418246013,1,-999,24.04124,-999,0.8780173,0.1030034,False,-99,0.002251683
6380943365959061344,0,9.97694605952889,GALEX J004544.8+141430,11.4367543380511,14.241825206467,2,21.76256,-999,7.161056,-999,0.106113,False,0.002730251,-99
6380943365958010140,0,9.97940615561135,GALEX J004502.0+141438,11.258660562013,14.2440811699122,1,-999,20.44962,-999,23.99678,0.1022565,False,-99,0.003296641
3791153613469911295,0,9.9831319096086,GALEX J004515.3+141551,11.3140506192125,14.2643406575467,1,-999,22.45464,-999,3.785664,0.1038407,False,-99,0.004071315
6380943365958009842,0,9.98489510215055,GALEX J004602.0+140913,11.5085112926001,14.1538085915411,1,-999,22.77819,-999,2.810104,0.1030034,False,-99,0.002449217
6380943375621688983,0,9.9919842925865,GALEX J004556.3+141156,11.4846223680132,14.1989251301399,1,-999,22.60728,-999,3.289189,0.1067854,False,-99,0.002553775
3791153613469911193,0,9.99203523734458,GALEX J004506.3+141511,11.2762299183441,14.2530815450106,1,-999,23.40805,-999,1.573184,0.1051694,False,-99,0.003190415
6380943375622738119,0,9.99303701127689,GALEX J004449.6+140010,11.2069985430744,14.0028521364963,2,22.71526,-999,2.977807,-999,0.1005261,False,0.002150392,-99
6380943375621688319,0,9.99361057874385,GALEX J004500.1+135743,11.2507440521246,13.9621543732206,1,-999,21.99149,-999,5.799679,0.09466568,False,-99,0.004899551
3791153613469911230,0,9.99720530476374,GALEX J004502.1+141440,11.2587318800989,14.2444662235559,1,-999,20.47904,-999,23.35518,0.1022565,False,-99,0.001398583
6380943375621688346,0,10.0025030655929,GALEX J004544.4+135730,11.435034320591,13.9583465365287,1,-999,22.88614,-999,2.544158,0.0816393,False,-99,0.00113276
6380943365958009241,0,10.0136455701334,GALEX J004500.2+135742,11.2508297118953,13.9616984739123,1,-999,22.30789,-999,4.333539,0.09466568,False,-99,0.001431016
3791153613469909413,0,10.0186663485957,GALEX J004535.7+135631,11.3991428809323,13.942067793593,1,-999,22.39753,-999,3.990139,0.08194251,False,-99,0.003678008
